세부사업 코드,세부사업명,기관,지역,구분,분야(추정),성격,예산현액(억 원),집행액(억 원),온통청년 대응,대응 정책번호,대응 정책명,가장 가까운 후보,후보 유사도
086-239-2600-2645-300,맞춤형 국가장학금 지원,교육부,중앙,중앙,교육·역량,대상자 지원,51160.57,51160.57,찾지 못함,,,국가근로장학금,0.667
019-110-1000-1043-301,청년일자리창출지원,고용노동부,중앙,중앙,취업·일경험,대상자 지원,9251.26,6612.0,있음,20260716005400113260,청년일자리도약장려금,방위산업 전문인력 양성 지원사업,0.8
079-110-1800-1831-891,청년미래적금,금융위원회,중앙,중앙,금융·생활안정,대상자 지원,7446.51,1552.79,있음,20260605005400113228,청년미래적금,청년미래적금,1.0
019-110-1000-1051-305,청년취업진로 및 일경험 지원,고용노동부,중앙,중앙,취업·일경험,대상자 지원,3011.77,2390.05,있음,20250123005400110394,미래내일 일경험 사업,청년장병 취·창업 지원 강화,0.571
61100002017307C8,청년 매입임대,서울본청,서울,지방,주거,대상자 지원,1491.66,1491.66,있음,,,청년 매입임대주택 사업,1.02
095-110-1000-1034-311,청년월세지원,국토교통부,중앙,중앙,주거,대상자 지원,1299.89,921.53,있음,20260319005400112218,(국토부) 26년 청년월세 지원사업,(국토부) 26년 청년월세 지원사업,0.8
079-110-1800-1831-882,서민금융진흥원 출연(청년도약계좌),금융위원회,중앙,중앙,금융·생활안정,대상자 지원,1241.85,371.33,있음,20250618005400111001,청년 자산형성 지원(청년도약계좌),,
6110000201730102,청년안심주택 매입,서울본청,서울,지방,주거,기타,1232.09,1101.91,있음,,,청년안심주택 공급(매입),0.87
019-110-1000-1032-303,청년고용지원인프라 운영,고용노동부,중앙,중앙,취업·일경험,대상자 지원,1074.1,1062.22,있음,20260907005400213379,대학일자리플러스센터 지원 사업,공공기관 청년인턴 운영,0.476
089-236-1100-1120-300,청년농업인영농정착지원(자율),농림축산식품부,중앙,중앙,창업·농어업,대상자 지원,961.18,947.94,있음,20250724005400111489,청년농업인 영농정착지원사업,해외취업정착지원금,0.5
6110000202030001,신혼부부청년등 임차보증금 이자지원,서울본청,서울,지방,주거,대상자 지원,712.86,469.84,있음,,,신혼부부 청년 임차보증금 지원사업,1.0
162-110-2200-2240-300,우수학생 국가장학금지원,과학기술정보통신부,중앙,중앙,교육·역량,대상자 지원,697.86,568.97,찾지 못함,,,국가근로장학금,0.625
64100002019301C6,경기도 청년기본소득(자체/지원),경기본청,경기,지방,금융·생활안정,대상자 지원,605.75,436.14,있음,20250515005400210826,경기도 청년기본소득,경기도 청년기본소득,1.12
611000020223034D,국토부 청년월세 지원,서울본청,서울,지방,주거,대상자 지원,596.0,232.27,있음,,,(국토부) 26년 청년월세 지원사업,0.9
6110000201630534,서울 청년수당,서울본청,서울,지방,금융·생활안정,대상자 지원,581.11,382.97,있음,,,서울 청년수당,0.92
61100002026302C4,청년안심주택 SH 선매입,서울본청,서울,지방,주거,기타,501.24,501.24,있음,,,청년안심주택 공급(매입),0.752
61100002021300DF,청년취업사관학교 조성 및 운영,서울본청,서울,지방,교육·역량,기반·운영,457.63,341.67,찾지 못함,,,청년예술청 운영,0.52
019-110-1000-1051-304,해외취업지원,고용노동부,중앙,중앙,취업·일경험,대상자 지원,441.28,401.03,있음,20250122005400110355,해외취업정착지원금,청년장병 취·창업 지원 강화,0.667
6410000201830207,청년 노동자 지원사업(자체/직접),경기본청,경기,지방,정책기반,대상자 지원,393.5,256.0,있음,,,청년 노동자 통장 운영,1.02
3780000200830975,청소년청년재단 운영비 지원,경기성남시,경기,지방,정책기반,기반·운영,362.96,369.32,찾지 못함,,,경기청년 재기격려지원사업,0.575
61100002020303C4,청년 월세 지원,서울본청,서울,지방,주거,대상자 지원,347.56,222.54,찾지 못함,,,서울청년문화패스 지원,0.691
075-110-1300-1331-303,자립준비청년 자립수당 지급,보건복지부,중앙,중앙,금융·생활안정,대상자 지원,340.68,276.36,있음,20250609005400110892,자립준비청년 자립수당 지급,자립준비청년 자립수당 지급,1.0
089-236-4100-4140-300,청년농촌보금자리조성(자율),농림축산식품부,중앙,중앙,창업·농어업,기반·운영,334.0,319.73,있음,20260922005400113549,청년농촌보금자리조성,청년농촌보금자리조성,1.0
6410000202230377,청년월세 한시 특별지원(국비/지원),경기본청,경기,지방,주거,대상자 지원,322.95,170.0,있음,,,(국토부) 26년 청년월세 지원사업,0.9
64600002022302D6,전남 청년비전센터 건립 (전남),전남광주본청,전남,지방,정책기반,기반·운영,267.32,99.3,있음,,,광주청년센터 운영,0.787
019-110-1000-1049-301,한국잡월드운영지원,고용노동부,중앙,중앙,취업·일경험,대상자 지원,263.63,205.59,찾지 못함,,,청년 채무조정 제공,0.625
630000020243016C,청년부부 결혼장려금 지원,대전본청,대전,지방,금융·생활안정,대상자 지원,247.0,160.0,있음,20260128005400212083,대전광역시 청년부부 결혼장려금 지원사업,대전광역시 청년부부 결혼장려금 지원사업,1.12
6110000202130504,청년안심주택 SH 선매입,서울본청,서울,지방,주거,기타,237.79,237.79,있음,,,청년안심주택 공급(매입),0.752
6260000202330151,청년월세 한시 특별지원,부산본청,부산,지방,주거,대상자 지원,214.12,161.19,있음,,,부산 청년 월세 지원,1.02
3740000200930587,수원시청소년청년재단 운영,경기수원시,경기,지방,정책기반,기타,212.97,199.55,찾지 못함,,,경기도 청년참여기구 운영,0.52
64700002018300FB,청년농업인영농정착지원(지원),경북본청,경북,지방,창업·농어업,대상자 지원,199.38,166.84,찾지 못함,,,청년스타트업 지원,0.646
646000020183014C,청년농업인영농정착지원 (전남),전남광주본청,전남,지방,창업·농어업,대상자 지원,188.53,176.78,있음,20260513005400213183,2026년 청년농업인(청년창업형 후계농업경영인) 영농정착지원사업(2차),2026년 청년농업인(청년창업형 후계농업경영인) 영농정착지원사업(2차),1.12
5710000202330570,지역 전략 특화산업과 연계한 서원 청년문화특구 조성,충북청주시,충북,지방,문화·건강,기반·운영,183.9,49.25,찾지 못함,,,청년 농촌보금자리 조성사업,0.37
64500002018300BC,청년창업농 영농정착지원(지원),전북본청,전북,지방,창업·농어업,대상자 지원,181.86,123.25,있음,20250718005400211410,청년창업농 영농정착지원사업,청년창업농 영농정착지원사업,1.12
6270000202230068,청년월세 지원,대구본청,대구,지방,주거,대상자 지원,180.76,127.54,있음,,,(국토부) 26년 청년월세 지원사업,0.8
072-110-1600-1633-303,K-Art 청년 창작자 지원,문화체육관광부,중앙,중앙,교육·역량,대상자 지원,180.0,180.0,있음,20260304005400112099,케이-아트(K-Art) 청년 창작자 지원,케이-아트(K-Art) 청년 창작자 지원,0.636
075-110-1300-1331-304,자립준비청년 자립지원 체계 구축,보건복지부,중앙,중앙,금융·생활안정,대상자 지원,175.74,155.71,있음,20250617005400110944,자립준비청년 자립지원 사업,자립준비청년 자립지원 사업,0.9
64600002022302DD,청년 공공임대주택 건립 지원 (전남),전남광주본청,전남,지방,주거,기반·운영,160.0,160.0,있음,,,상무지구 광주형 통합공공임대주택 건립,0.76
101-110-3100-3131-306,사회연대경제 청년 일경험 시범사업,행정안전부,중앙,중앙,취업·일경험,대상자 지원,156.42,155.53,있음,20260922005400113540,사회연대경제 청년 일경험 시범 지원,사회연대경제 청년 일경험 시범 지원,1.0
3740000201830347,청년기본소득(도비),경기수원시,경기,지방,금융·생활안정,기타,139.98,62.72,있음,20250515005400210826,경기도 청년기본소득,경기도 청년기본소득,1.12
64500002019302FB,청년 지역정착 지원 활성화,전북본청,전북,지방,정책기반,대상자 지원,135.94,100.85,있음,,,전북청년 지역정착 지원사업,1.02
611000020213014A,청년안심주택 위탁관리,서울본청,서울,지방,주거,기타,134.65,120.49,있음,,,청년안심주택 공급(매입),0.787
6260000202330163,청년 자산형성지원,부산본청,부산,지방,금융·생활안정,대상자 지원,131.34,131.34,있음,20260513005400213197,부산 청년 자산형성 지원(부산청년 기쁨두배통장),부산 청년 자산형성 지원(부산청년 기쁨두배통장),1.12
6410000201530568,청년 노동자 통장 운영(자체/직접),경기본청,경기,지방,금융·생활안정,기타,122.93,113.89,있음,20251231005400212060,청년 노동자 통장 운영,청년 노동자 통장 운영,1.12
6410000202630083,청년 농업인 영농정착 지원(균특/지원),경기본청,경기,지방,창업·농어업,대상자 지원,119.28,111.42,있음,20251107005400211815,청년농업인 영농정착지원,청년농업인 영농정착지원,1.12
4930000202230186,청년공공임대주택 건립(소멸대응기금),전남광주해남군,전남,지방,주거,기반·운영,118.55,63.94,찾지 못함,,,청년 소모임 활동 지원,0.473
630000020223018D,청년월세 한시 특별지원,대전본청,대전,지방,주거,대상자 지원,116.62,54.66,있음,,,(국토부) 26년 청년월세 지원사업,0.9
094-110-3100-3161-335,한미첨단분야청년교류지원,산업통상부,중앙,중앙,참여·권리,대상자 지원,116.25,110.04,있음,20250610005400110903,첨단분야 글로벌 인재육성(한미첨단분야청년교류지원),KF 한베청년교류,0.556
4860000202430008,청년 하우징타운 조성(2025년),전남광주곡성군,전남,지방,정책기반,기반·운영,111.7,110.3,찾지 못함,,,전남형 청년마을 조성사업,0.62
64700002022301AE,청년월세지원사업,경북본청,경북,지방,주거,대상자 지원,107.5,49.56,있음,,,청년 신혼부부 월세 지원사업,0.92
6440000202230079,청년농업인 영농정착 지원,충남본청,충남,지방,창업·농어업,대상자 지원,105.94,99.03,있음,,,청년후계농업인 영농정착 지원,1.037
648000020193000F,청년 농업인 영농정착 지원(지원),경남본청,경남,지방,창업·농어업,대상자 지원,105.9,99.01,있음,20260408005400212643,청년농업인 영농정착지원,청년농업인 영농정착지원,1.12
44200002024300F5,청년농촌보금자리 조성사업,충북보은군,충북,지방,창업·농어업,기반·운영,101.78,56.86,있음,20251121005400211919,청년 농촌보금자리 조성사업,청년 농촌보금자리 조성사업,1.12
629000020213022E,청년월세지원(보조) (광주),전남광주본청,광주,지방,주거,대상자 지원,101.49,61.69,있음,,,청년월세지원,0.92
648000020223028A,청년 월세 지원사업(국토부),경남본청,경남,지방,주거,대상자 지원,99.83,69.89,있음,,,청년 월세 지원,0.92
010-110-7000-7035-316,청년정책총괄 조정 및 지원,국무조정실 및 국무총리비서실,중앙,중앙,정책기반,대상자 지원,93.54,47.63,있음,20260918005400113432,청년정책조정위원회 전문위원회 설치,청년정책조정위원회 전문위원회 설치,0.519
075-110-2500-2537-303,청년정책 개발 및 지원체계 기반 구축,보건복지부,중앙,중앙,정책기반,대상자 지원,92.88,78.18,찾지 못함,,,청년정책 지역협력 체계 강화,0.56
628000020223028C,청년월세 지원사업(19~34세),인천본청,인천,지방,주거,대상자 지원,92.11,54.08,있음,,,(검단구) 인천시 청년월세 지원사업,0.92
089-213-2200-2220-380,스마트팜 청년창업 보육센터,농림축산식품부,중앙,중앙,창업·농어업,대상자 지원,91.6,91.6,있음,20260921005400113498,스마트팜 청년창업 보육센터,스마트팜청년창업보육센터,1.0
5130000202230043,(국비보조)청년월세 지원사업,경북경산시,경북,지방,주거,대상자 지원,91.4,23.31,있음,,,청년 신혼부부 월세 지원사업,0.92
53100002022301AF,산업단지 휴·폐업공장 청년창업공간 리모델링 사업,경남진주시,경남,지방,창업·농어업,기반·운영,91.03,15.17,찾지 못함,,,진주시 중소기업 취업청년  복지지원금 지원사업,0.436
6110000202330410,서울 청년문화패스 지원,서울본청,서울,지방,문화·건강,대상자 지원,90.81,59.65,있음,20250227005400210572,서울청년문화패스,서울청년문화패스,1.12
37400002022301F3,청년월세 지원(국비),경기수원시,경기,지방,주거,대상자 지원,90.37,23.73,있음,,,(국토부) 26년 청년월세 지원사업,0.8
086-239-2200-2232-323,대학생 AI 기본 교육 지원,교육부,중앙,중앙,교육·역량,대상자 지원,88.4,88.4,찾지 못함,,,(청년 금융교육 지원) 대학생 금융교육봉사단,0.526
4550000202530030,신혼청년 공공임대주택 조성(지방소멸대응기금),충남금산군,충남,지방,주거,기반·운영,88.0,4.57,찾지 못함,,,청년 생활공구 대여사업,0.52
57100002022301C9,청년월세 지원 사업,충북청주시,충북,지방,주거,대상자 지원,87.28,22.89,있음,,,신 취약청년(가족돌봄·고립은둔) 지원사업,0.826
544000020243012B,청년농촌보금자리조성사업(이전재원),경남하동군,경남,지방,창업·농어업,기반·운영,87.03,0.18,있음,20250917005400211728,청년 농촌보금자리 조성,청년 농촌보금자리 조성,1.12
4050000201930130,청년기본소득,경기용인시,경기,지방,금융·생활안정,기타,86.74,51.23,있음,20250515005400210826,경기도 청년기본소득,경기도 청년기본소득,1.12
4010000201930355,시흥시청소년청년재단  운영,경기시흥시,경기,지방,정책기반,기타,86.47,70.46,찾지 못함,,,경기도 청년참여기구 운영,0.591
47400002024300A2,고랭지 청년 임대형 스마트팜 단지 조성(2026기금)(전환사업),전북무주군,전북,지방,창업·농어업,기반·운영,82.74,20.42,찾지 못함,,,청년창업 스마트팜 패키지 지원,0.639
096-236-3300-3347-363,청년어촌정착지원,해양수산부,중앙,중앙,창업·농어업,대상자 지원,80.64,53.63,있음,20250113005400110171,청년어업인 정착지원 사업,청년어업인 정착지원 사업,0.769
64400002022301A5,청년월세 지원사업,충남본청,충남,지방,주거,대상자 지원,78.27,54.8,있음,,,청년농 지원사업 홍보,0.826
64600002024301A7,청년농촌보금자리조성사업 (전남),전남광주본청,전남,지방,창업·농어업,기반·운영,78.0,67.33,있음,,,청년농촌보금자리조성,1.0
386000020203002B,청년기본소득,경기부천시,경기,지방,금융·생활안정,기타,77.58,34.75,있음,20250515005400210826,경기도 청년기본소득,경기도 청년기본소득,1.12
62900002022300D0,광주청년일경험드림(2026) (광주),전남광주본청,광주,지방,취업·일경험,대상자 지원,77.0,77.0,있음,,,광주청년 일경험드림 제18기,1.02
4470000202430130,음성군 산업단지 청년복합문화센터 건립사업,충북음성군,충북,지방,문화·건강,기반·운영,76.62,0.4,찾지 못함,,,충북청년희망센터 운영,0.52
61100002019303A9,자립준비청년 자립수당 지원,서울본청,서울,지방,금융·생활안정,대상자 지원,76.6,50.92,있음,20250519005400210856,자립준비청년 자립수당 지원,자립준비청년 자립수당 지원,1.12
63000002017301B8,청년자립기반 조성,대전본청,대전,지방,금융·생활안정,기반·운영,76.48,62.0,찾지 못함,,,청년 네트워크 활성화 지원사업,0.473
449000020223012D,청년월세 지원,충남천안시,충남,지방,주거,대상자 지원,75.06,22.33,있음,,,(국토부) 26년 청년월세 지원사업,0.8
461000020223013B,청년스마트빌리지조성사업,충남예산군,충남,지방,정책기반,기반·운영,73.24,28.51,있음,,,청년자립형 스마트팜 지원사업,0.76
6450000202330678,청년농촌보금자리조성사업,전북본청,전북,지방,창업·농어업,기반·운영,72.8,72.8,있음,20250716005400211289,청년농촌보금자리 조성사업,청년농촌보금자리 조성사업,1.12
6410000201930352,자립준비청년 자립수당 지원(국비/지원),경기본청,경기,지방,금융·생활안정,대상자 지원,71.97,53.97,있음,,,자립준비청년 자립수당 지급,0.917
54300002025300EA,청년정착거점 루트 남해,경남남해군,경남,지방,정책기반,기타,70.46,0.16,찾지 못함,,,청년정책네트워크 운영,0.62
5530000201930104,청년기본소득 지원,경기화성시,경기,지방,금융·생활안정,대상자 지원,70.43,40.11,있음,20250515005400210826,경기도 청년기본소득,경기도 청년기본소득,1.12
4640000202230259,청년월세 지원사업,전북전주시,전북,지방,주거,대상자 지원,68.73,24.96,있음,,,(국토부) 26년 청년월세 지원사업,0.8
64300002022301B1,청년월세 지원사업,충북본청,충북,지방,주거,대상자 지원,68.73,48.12,있음,,,신 취약청년(가족돌봄·고립은둔) 지원사업,0.826
6410000201930027,경기도 청년 면접수당(자체/직접),경기본청,경기,지방,금융·생활안정,대상자 지원,66.55,44.05,있음,20260908005400213381,경기도 청년 면접수당,경기도 청년 면접수당,1.12
5070000202530180,[국]청년창업임대형 양식단지 조성사업,경북안동시,경북,지방,창업·농어업,기반·운영,66.09,4.52,있음,20260918005400113451,청년 창업 임대형 양식단지 조성,청년 창업 임대형 양식단지 조성,1.12
49200002023302CA,"천년문화 강진, 청년 글로컬 플랫폼(전환사업)",전남광주강진군,전남,지방,문화·건강,기타,65.72,27.78,찾지 못함,,,청년 글로벌셀러 육성 지원,0.501
50000002026300ED,청년 공공임대주택 2호 조성(지방소멸대응기금),전남광주진도군,전남,지방,주거,기반·운영,65.0,0.0,찾지 못함,,,전남형 청년마을 조성사업,0.541
5310000202230170,청년월세 지원 사업(국토부),경남진주시,경남,지방,주거,대상자 지원,64.84,14.84,있음,,,청년 월세 지원,0.92
5710000202430021,대현지하상가 청년특화지역 조성,충북청주시,충북,지방,정책기반,기반·운영,64.34,64.25,찾지 못함,,,청년 농촌보금자리 조성사업,0.453
345000020223006B,청년월세 한시 특별지원사업,대구북구,대구,지방,주거,대상자 지원,64.1,22.19,있음,,,(국토부) 26년 청년월세 지원사업,0.9
5670000202230206,국토부 청년월세 지원사업,경남창원시,경남,지방,주거,대상자 지원,63.48,14.64,있음,,,청년 월세 지원,1.02
64200002021301CD,청년농업인 영농정착 지원(지원)(국고),강원본청,강원,지방,창업·농어업,대상자 지원,63.2,59.98,있음,20250430005400210740,청년농업인 영농정착 지원,청년농업인 영농정착 지원,1.12
5680000202530072,청년자립형 스마트팜 지원사업(스마트원예단지),충남당진시,충남,지방,창업·농어업,대상자 지원,61.27,21.43,있음,20251111005400211844,청년자립형 스마트팜 지원사업,청년자립형 스마트팜 지원사업,1.12
3290000202230069,청년월세 특별지원사업,부산부산진구,부산,지방,주거,대상자 지원,60.8,22.45,있음,,,부산 청년 월세 지원,1.02
507000020243000C,안동지역대학 대학생 학업장려금 지원,경북안동시,경북,지방,교육·역량,대상자 지원,60.77,54.48,찾지 못함,,,지역산업 연계형 대학 특성화학과 혁신지원사업,0.532
62600002022302D1,시설물 안전진단 및 보강공사(청년산학국),부산본청,부산,지방,정책기반,기반·운영,59.34,44.93,찾지 못함,,,부산 전세사기 피해주택 시설개선 지원사업,0.334
39300002022300C1,청년월세지원,경기안산시,경기,지방,주거,대상자 지원,57.38,10.97,있음,,,(국토부) 26년 청년월세 지원사업,0.8
64200002022301FE,청년월세 지원사업(국고),강원본청,강원,지방,주거,대상자 지원,57.34,46.64,있음,,,청년월세 한시 특별지원,0.8
39300002019300F5,청년기본소득,경기안산시,경기,지방,금융·생활안정,기타,57.34,34.32,있음,20250515005400210826,경기도 청년기본소득,경기도 청년기본소득,1.12
51300002024300F5,(자체사업)산업단지 환경조성사업(청년문화센터),경북경산시,경북,지방,문화·건강,기반·운영,56.86,0.06,찾지 못함,,,지역산업 연계형 대학 특성화학과 혁신지원사업,0.453
482000020223013C,전남청년 문화복지카드 지원사업,전남광주순천시,전남,지방,문화·건강,대상자 지원,56.26,45.0,있음,20250516005400210831,전남청년 문화복지카드,전남청년 문화복지카드,1.12
4540000202330183,청년농 맞춤형 스마트팜 보급 지원,충남논산시,충남,지방,창업·농어업,대상자 지원,56.13,20.55,있음,,,청년자립형 스마트팜 지원사업,0.787
4700000202430008,청년 농촌보금자리 조성사업(대산면),전북남원시,전북,지방,주거,기반·운영,56.06,0.54,있음,,,청년농촌보금자리조성,1.0
3740000202530193,근로능력 있는 수급자의 탈수급 지원(청년)(국비),경기수원시,경기,지방,취업·일경험,대상자 지원,55.58,52.04,찾지 못함,,,중증장애인근로자 출퇴근 비용 지원,0.333
447000020233019F,청년 농촌보금자리 조성사업,충북음성군,충북,지방,주거,기반·운영,55.45,8.05,있음,20251121005400211919,청년 농촌보금자리 조성사업,청년 농촌보금자리 조성사업,1.12
630000020193019B,미래두배 청년통장 지원,대전본청,대전,지방,금융·생활안정,대상자 지원,55.24,55.24,찾지 못함,,,청년도전지원사업,0.564
629000020173020B,청년역량강화및자립지원 (광주),전남광주본청,광주,지방,교육·역량,대상자 지원,55.03,52.73,있음,,,광주청년센터 운영,0.92
405000020223004F,청년월세 지원,경기용인시,경기,지방,주거,대상자 지원,55.0,12.14,있음,,,(국토부) 26년 청년월세 지원사업,0.8
5080000202230031,(국토부)청년월세지원사업,경북구미시,경북,지방,주거,대상자 지원,53.17,11.86,있음,,,청년 신혼부부 월세 지원사업,0.92
3990000201930204,청년기본소득 운영,경기남양주시,경기,지방,금융·생활안정,기타,53.02,33.27,있음,20250515005400210826,경기도 청년기본소득,경기도 청년기본소득,1.12
62800002014302E3,청년정책 추진 및 일자리 지원,인천본청,인천,지방,취업·일경험,대상자 지원,52.5,50.0,찾지 못함,,,항공정비 청년일자리 맞춤지원,0.68
464000020193036E,전북 청년지역정착 지원사업,전북전주시,전북,지방,정책기반,대상자 지원,52.21,39.23,있음,20250113005400210206,전북청년 지역정착 지원사업,전북청년 지역정착 지원사업,1.12
433100020243007E,청년농촌보금자리 조성사업[국비],강원인제군,강원,지방,창업·농어업,기반·운영,51.82,5.15,있음,,,청년농촌보금자리조성,1.0
6430000201830163,청년 농업인 영농정착 지원,충북본청,충북,지방,창업·농어업,대상자 지원,51.56,48.3,있음,,,청년후계농 영농정착 지원,0.938
4180000202230147,청년월세 지원,강원춘천시,강원,지방,주거,대상자 지원,51.08,15.04,있음,,,청년월세 한시 특별지원,0.8
6420000202330524,청년 농촌보금자리조성(국고),강원본청,강원,지방,주거,기반·운영,51.0,51.0,있음,,,청년농촌보금자리조성,1.0
34800002024301A8,구지농공단지 청년문화센터 건립,대구달성군,대구,지방,문화·건강,기반·운영,50.89,1.88,찾지 못함,,,청년문화예술패스,0.484
6110000202030089,지역별 서울청년센터 설치 운영,서울본청,서울,지방,정책기반,기타,50.71,49.55,있음,,,지역별 서울청년센터 설치 운영,1.0
4640000202230124,근로 능력있는 수급자의 탈수급지원(청년내일저축계좌),전북전주시,전북,지방,금융·생활안정,대상자 지원,50.46,42.51,찾지 못함,,,중증장애인근로자 출퇴근 비용 지원,0.333
6410000202630355,경기도 청년 전·월세 보증금 이자 지원(자체/직접),경기본청,경기,지방,주거,대상자 지원,50.0,0.0,찾지 못함,,,2025년 상반기 경기도 학자금 대출이자 지원,0.537
47410002026300FD,청년 디딤돌 스마트팜 조성 지원,전북무주군,전북,지방,창업·농어업,기반·운영,50.0,9.0,있음,,,청년창업 스마트팜 패키지 지원,0.735
47110002026300A8,청년 디딤돌 스마트팜 조성 지원사업(보조),전북김제시,전북,지방,창업·농어업,기반·운영,50.0,50.0,있음,,,청년희망 스마트팜 확산사업,0.713
511000020213009F,청년정책 활성화,경북상주시,경북,지방,정책기반,기타,49.7,17.78,찾지 못함,,,청년성장프로젝트,0.52
5200000202530084,청년농촌보금자리조성사업,경북고령군,경북,지방,창업·농어업,기반·운영,48.92,0.05,있음,,,청년농촌보금자리조성,1.0
3310000202230054,청년 월세 특별 지원,부산남구,부산,지방,주거,대상자 지원,48.91,18.88,있음,,,부산 청년 월세 지원,1.02
6500000201930191,청년 취업 지원,제주본청,제주,지방,취업·일경험,대상자 지원,48.58,25.98,있음,,,청년 취업지원 희망프로젝트 사업,0.92
4780000202330094,청년창업농 스마트팜 단지 조성,전북고창군,전북,지방,창업·농어업,기반·운영,48.39,48.36,있음,,,청년창업 스마트팜 패키지 지원,0.87
33500002022300B8,청년월세 지원사업,부산금정구,부산,지방,주거,대상자 지원,48.21,14.69,있음,,,부산 청년 월세 지원,0.92
643000020193028E,청년 농촌보금자리 조성사업,충북본청,충북,지방,주거,기반·운영,48.0,48.0,있음,20251121005400211919,청년 농촌보금자리 조성사업,청년 농촌보금자리 조성사업,1.12
6310000202230119,청년월세 지원,울산본청,울산,지방,주거,대상자 지원,47.98,33.6,있음,,,청년월세 한시 특별지원사업,0.92
36600002022300A4,청년월세 지원사업,대전서구,대전,지방,주거,대상자 지원,47.84,17.44,있음,,,청년도전지원사업,0.87
44000002025300B6,청년농촌보금자리 조성사업(보조),충북제천시,충북,지방,창업·농어업,기반·운영,47.65,0.03,있음,20251121005400211919,청년 농촌보금자리 조성사업,청년 농촌보금자리 조성사업,1.12
394000020223026E,청년월세 한시 특별지원,경기고양시,경기,지방,주거,대상자 지원,47.5,10.03,있음,,,(국토부) 26년 청년월세 지원사업,0.9
394000020253017C,근로능력있는 수급자의 탈수급지원(청년),경기고양시,경기,지방,취업·일경험,대상자 지원,47.25,37.25,찾지 못함,,,중증장애인근로자 출퇴근 비용 지원,0.333
5160000202430005,청송 공공임대주택 청년빌리지 건립사업,경북청송군,경북,지방,주거,기반·운영,47.13,38.19,찾지 못함,,,2025년 청년도전 지원사업,0.555
44400002025300DF,청년농촌보금자리 조성(보조),충북영동군,충북,지방,창업·농어업,기반·운영,47.08,4.34,있음,20251121005400211919,청년 농촌보금자리 조성사업,청년 농촌보금자리 조성사업,1.12
3620000202230074,청년월세지원,전남광주북구,광주,지방,주거,대상자 지원,46.56,15.33,있음,,,청년월세지원,0.92
6410000202230322,청년기회금융 지원,경기본청,경기,지방,금융·생활안정,대상자 지원,46.26,46.26,있음,,,경기청년 기회사다리금융,0.92
4680000202130094,익산형 근로청년수당,전북익산시,전북,지방,금융·생활안정,대상자 지원,45.5,33.4,있음,20250716005400211325,익산형 근로청년수당,익산형 근로청년수당,1.12
37800002022301BF,청년월세 지원사업,경기성남시,경기,지방,주거,대상자 지원,45.0,10.05,있음,,,(국토부) 26년 청년월세 지원사업,0.8
647000020193027B,청년농촌보금자리조성사업,경북본청,경북,지방,창업·농어업,기반·운영,45.0,41.41,있음,,,청년농촌보금자리조성,1.0
6410000202330418,경기청년 갭이어 프로그램(자체/직접),경기본청,경기,지방,정책기반,기타,44.85,40.85,있음,,,경기청년 사다리 프로그램,0.787
47010002025300A3,청년스마트 미꾸리 양식창업 사관학교조성(2026),전북남원시,전북,지방,창업·농어업,기반·운영,44.84,18.35,찾지 못함,,,청년희망 스마트팜 확산사업,0.52
429100020243009A,청년농촌보금자리 조성사업,강원정선군,강원,지방,창업·농어업,기반·운영,44.62,36.05,있음,,,청년농촌보금자리조성,1.0
6310000202330315,방어동 청년희망주택 건립,울산본청,울산,지방,주거,기반·운영,44.58,37.01,있음,20250714005400111215,방어동 청년희망주택 건립,방어동 청년희망주택 건립,1.12
6460000202230174,청년월세 한시 특별지원 사업 (전남),전남광주본청,전남,지방,주거,대상자 지원,44.19,30.11,있음,,,청년월세지원,1.02
499000020243007A,청년공공임대주택 건립,전남광주완도군,전남,지방,주거,기반·운영,44.1,0.96,찾지 못함,,,청년 취업자 주거비 지원사업,0.453
488000020253012D,청년 창업 임대형 양식단지 조성(공모),전남광주고흥군,전남,지방,창업·농어업,기반·운영,44.03,14.03,있음,20260918005400113451,청년 창업 임대형 양식단지 조성,청년 창업 임대형 양식단지 조성,1.12
3930000201730231,청년예술창작소 A-빌리지 조성,경기안산시,경기,지방,문화·건강,기반·운영,44.03,0.0,찾지 못함,,,청년 융합기술 창업지원,0.555
6110000202030410,서울시 고립·은둔청년 지원,서울본청,서울,지방,정책기반,대상자 지원,43.91,28.98,있음,20250519005400210859,서울시 고립·은둔청년 지원사업,서울시 고립·은둔청년 지원사업,1.12
019-110-1000-1051-306,직업정보제공및직업지도,고용노동부,중앙,중앙,취업·일경험,대상자 지원,43.27,38.27,있음,20250123005400110396,청년층직업지도프로그램(CAP@),청년장병 취·창업 지원 강화,0.667
39100002019300E4,경기도 청년기본소득(도비),경기평택시,경기,지방,금융·생활안정,기타,43.07,24.96,있음,20250515005400210826,경기도 청년기본소득,경기도 청년기본소득,1.12
48100002022300B5,전남청년 문화복지카드 사업,전남광주여수시,전남,지방,문화·건강,대상자 지원,43.0,38.12,있음,20250516005400210831,전남청년 문화복지카드,전남청년 문화복지카드,1.12
548000020253009F,청년 공공임대주택 건립(2025년 기금),경남합천군,경남,지방,주거,기반·운영,43.0,0.0,찾지 못함,,,청년후계농 농지 임대료 지원,0.52
526000020243008D,울릉섬청년보금자리사업(지방소멸대응기금),경북울릉군,경북,지방,주거,기타,42.74,15.2,있음,,,경북 산촌어촌 청년일자리사업,0.72
547000020243001D,청년창업지원센터 신축,경남거창군,경남,지방,창업·농어업,대상자 지원,42.62,1.59,있음,,,청년 창업농 맞춤형 지원,0.72
626000020193017E,자립준비청년 자립수당 지급,부산본청,부산,지방,금융·생활안정,대상자 지원,42.6,35.11,있음,,,부산 자립준비청년 자립수당 지원,1.037
5080000202330475,청년주거복지지원,경북구미시,경북,지방,주거,대상자 지원,42.21,24.8,찾지 못함,,,2025년 청년도전 지원사업,0.62
4510000202430200,보령시 청년센터 조성,충남보령시,충남,지방,정책기반,기반·운영,42.11,40.65,있음,,,충청남도 청년센터 운영,1.02
6460000202530236,청년창업 임대형 양식단지 조성 (전남),전남광주본청,전남,지방,창업·농어업,기반·운영,42.0,28.0,있음,20260918005400113451,청년 창업 임대형 양식단지 조성,청년 창업 임대형 양식단지 조성,1.12
370000020223006D,청년월세 한시 특별지원,울산남구,울산,지방,주거,대상자 지원,41.92,7.85,있음,20250714005400111222,청년월세 한시 특별지원사업,청년월세 한시 특별지원사업,1.12
53600002023302AD,밀양아리나 청년연극인 쉼터 조성,경남밀양시,경남,지방,정책기반,기반·운영,41.84,7.95,찾지 못함,,,경남 청년 보금자리 조성,0.484
36700002022300CC,청년월세 지원(국비),대전유성구,대전,지방,주거,대상자 지원,41.38,18.8,있음,,,(국토부) 26년 청년월세 지원사업,0.8
471000020183002C,청년농업인 영농정착지원(보조),전북김제시,전북,지방,창업·농어업,대상자 지원,41.09,21.38,있음,,,청년창업농 영농정착지원사업,0.92
65000002024300A4,청년 주거지원 및 주거행정관리,제주본청,제주,지방,주거,대상자 지원,40.9,3.22,찾지 못함,,,청년월세 지원,0.541
3860000202230182,청년월세 지원사업,경기부천시,경기,지방,주거,대상자 지원,40.82,7.68,있음,,,(국토부) 26년 청년월세 지원사업,0.8
019-110-1000-1051-308,청년미래플러스,고용노동부,중앙,중앙,취업·일경험,대상자 지원,40.6,40.6,있음,20260718005400113261,청년미래플러스,청년미래플러스,1.0
3470000202230040,청년월세 한시 특별지원,대구달서구,대구,지방,주거,대상자 지원,40.56,16.35,있음,,,(국토부) 26년 청년월세 지원사업,0.9
464100020243030D,전주산업단지 청년문화센터 건립,전북전주시,전북,지방,문화·건강,기반·운영,40.35,0.94,찾지 못함,,,전북특별자치도 청년마음건강센터 운영,0.52
38300002019300F7,청년기본소득,경기안양시,경기,지방,금융·생활안정,기타,40.23,25.8,있음,20250515005400210826,경기도 청년기본소득,경기도 청년기본소득,1.12
4940000202430033,청년창업지원센터 조성,전남광주영암군,전남,지방,창업·농어업,기반·운영,40.04,15.03,있음,,,청년 창업농장 조성,0.87
6110000202230120,청년 마음건강 지원,서울본청,서울,지방,문화·건강,대상자 지원,40.01,22.18,있음,,,청년참여 활성화 및 서울청년참여기구 운영 지원,0.8
4681000202430170,신혼부부·청년 주택구입 대출이자 지원,전북익산시,전북,지방,주거,대상자 지원,40.0,19.66,있음,20260325005400212264,신혼부부·청년 주택구입 대출이자 지원사업,신혼부부·청년 주택구입 대출이자 지원사업,1.12
3820000201930085,경기 청년기본소득 지원사업,경기의정부시,경기,지방,금융·생활안정,대상자 지원,39.74,22.62,있음,20250515005400210826,경기도 청년기본소득,경기도 청년기본소득,1.12
6110000202130310,서울형 청년인턴 직무캠프,서울본청,서울,지방,취업·일경험,대상자 지원,39.26,34.29,있음,20250315005400210613,서울형 청년인턴 직무캠프,서울형 청년인턴 직무캠프,1.12
6500000202230273,청년월세 한시 특별지원 사업,제주본청,제주,지방,주거,대상자 지원,39.21,8.23,있음,20250716005400111306,청년월세 한시 특별지원,청년월세 한시 특별지원,1.12
40100002019300F8,청년기본소득,경기시흥시,경기,지방,금융·생활안정,기타,38.88,23.73,있음,20250515005400210826,경기도 청년기본소득,경기도 청년기본소득,1.12
4440000202330001,청년센터 건립(보조),충북영동군,충북,지방,정책기반,기반·운영,38.68,20.17,있음,,,충북청년희망센터 운영,0.787
54400002025301BF,딸기청년주거단지 조성(청년일자리연계주거지원),경남하동군,경남,지방,주거,기반·운영,38.43,0.16,찾지 못함,,,청년 일자리 연계 주거 지원,0.596
086-239-2200-2256-311,청년정책총괄지원,교육부,중앙,중앙,정책기반,대상자 지원,38.23,34.68,찾지 못함,,,청년정책 지역협력 체계 강화,0.556
4960000202530129,빛그린산단 종합비즈니스센터(청년문화센터) 건립사업,전남광주함평군,전남,지방,문화·건강,기반·운영,38.01,20.59,찾지 못함,,,전남 콘텐츠기업지원센터 운영,0.302
6440000202030040,청년 보금자리 조성,충남본청,충남,지방,주거,기반·운영,38.0,30.88,있음,,,청년 농촌보금자리 조성사업,1.009
3780000202330401,청년 취업 ALL-Pass 사업,경기성남시,경기,지방,취업·일경험,대상자 지원,37.87,17.06,찾지 못함,,,청년농업인 경쟁력제고 사업,0.52
3780000202330086,성남하이테크밸리 청년친화형 아름다운 거리 조성사업,경기성남시,경기,지방,정책기반,기반·운영,37.7,15.29,찾지 못함,,,경기청년 사다리 프로그램,0.428
65000002026300DE,청년농업인 영농정착 지원사업(성인지예산),제주본청,제주,지방,창업·농어업,대상자 지원,37.66,24.62,있음,20250102005400210027,청년농업인 영농정착지원,청년농업인 영농정착지원,1.12
627000020223005F,청년 주거안정,대구본청,대구,지방,주거,대상자 지원,37.57,15.66,있음,,,대구형 청년희망주택(공공임대주택) 임대보증금 이자 지원 사업,0.92
480000020223005F,전남청년 문화복지카드,전남광주목포시,전남,지방,문화·건강,대상자 지원,37.54,34.21,있음,20250516005400210831,전남청년 문화복지카드,전남청년 문화복지카드,1.12
63100002020301CA,청년정책 추진,울산본청,울산,지방,정책기반,기타,37.35,34.12,있음,,,청년정책 제안 경연대회,0.92
6110000201230225,청년 미래투자 금융 지원,서울본청,서울,지방,금융·생활안정,대상자 지원,37.3,19.26,찾지 못함,,,자립준비청년 자립수당 지원,0.575
4060000201930124,청년기본소득 지급,경기파주시,경기,지방,금융·생활안정,기타,37.23,22.92,있음,,,경기도 청년기본소득,1.02
486000020253000D,"청년농부 자립을 위한 ""All-Care 스마트팜 캠퍼스"" 운영(2025)",전남광주곡성군,전남,지방,창업·농어업,기타,37.0,7.17,찾지 못함,,,청년농업인 스마트팜 자립기반 구축,0.488
493000020243000C,청년문화센터 건립사업(공모),전남광주해남군,전남,지방,문화·건강,기반·운영,36.81,2.62,찾지 못함,,,전남청년 문화복지카드,0.62
334000020243013C,청년문화센터 건립,부산사하구,부산,지방,문화·건강,기반·운영,36.79,2.67,있음,,,부산청년센터 운영,0.787
3860000202530188,근로능력있는수급자의탈수급지원(청년),경기부천시,경기,지방,취업·일경험,대상자 지원,36.4,32.86,찾지 못함,,,중증장애인근로자 출퇴근 비용 지원,0.333
61100002026302E6,K-아트 청년창작자 지원,서울본청,서울,지방,정책기반,대상자 지원,36.3,36.3,찾지 못함,,,서울 청년 밀키트 창업지원,0.646
525000020253010E,울진 청년 스타트업(26년 소멸대응기금),경북울진군,경북,지방,창업·농어업,기타,35.84,0.02,있음,,,청년스타트업 지원,1.02
4710000202330017,청년창업 스마트팜패키지 지원사업,전북김제시,전북,지방,창업·농어업,대상자 지원,35.67,17.19,있음,20250718005400211416,청년창업 스마트팜 패키지 지원,청년창업 스마트팜 패키지 지원,1.12
469000020223006E,보전지출(청년발전기금),전북정읍시,전북,지방,정책기반,기타,35.53,0.0,찾지 못함,,,청년창업농 정책자금 이차보전,0.355
45700002022300F6,청년농 맞춤형 스마트팜 보급 지원,충남부여군,충남,지방,창업·농어업,대상자 지원,35.17,15.92,있음,,,청년자립형 스마트팜 지원사업,0.787
611000020243000D,서울광역청년센터 운영,서울본청,서울,지방,정책기반,기반·운영,35.16,26.95,있음,20250522005400210872,서울광역청년센터 운영,서울광역청년센터 운영,1.12
6260000202530137,평생함께 청년모두가 주거비 지원사업,부산본청,부산,지방,주거,대상자 지원,35.0,15.77,있음,20260429005400212904,부산 평생함께 청년모두가 주거비 지원사업,부산 평생함께 청년모두가 주거비 지원사업,1.12
50200002025300BE,대잠동 청년징검다리주택 건립 사업,경북포항시,경북,지방,주거,기반·운영,35.0,0.02,찾지 못함,,,경북 산촌어촌 청년일자리사업,0.505
51410002024300D3,군위농공단지 청년문화센터 건립사업,대구군위군,대구,지방,문화·건강,기반·운영,34.77,0.03,찾지 못함,,,청년문화예술패스,0.484
4270000202330044,청년창업 상상허브 조성,강원영월군,강원,지방,창업·농어업,기반·운영,34.51,17.05,찾지 못함,,,청년농업인 육성지원,0.591
4540000201930007,청소년청년재단운영,충남논산시,충남,지방,정책기반,기타,34.42,34.42,찾지 못함,,,충청남도 청년센터 운영,0.653
36400002022300CD,청년월세 지원사업(국비),대전동구,대전,지방,주거,대상자 지원,34.39,14.49,있음,,,청년도전지원사업,0.87
4050000202530115,근로능력있는수급자의탈수급지원(청년),경기용인시,경기,지방,취업·일경험,대상자 지원,34.3,29.4,찾지 못함,,,중증장애인근로자 출퇴근 비용 지원,0.333
611000020223047F,청년 부동산 중개보수 및 이사비 지원,서울본청,서울,지방,주거,대상자 지원,34.14,14.13,있음,20250316005400210631,청년 부동산 중개보수 및 이사비 지원사업,청년 부동산 중개보수 및 이사비 지원사업,1.12
489000020243016D,벌교 농공단지 청년문화센터 건립사업,전남광주보성군,전남,지방,문화·건강,기반·운영,34.07,2.63,찾지 못함,,,전남형 청년공동체 활성화 사업,0.49
6260000202430249,정관일반산업단지 청년문화센터 건립,부산본청,부산,지방,문화·건강,기반·운영,33.95,2.48,찾지 못함,,,부산청년센터 운영,0.52
6110000202630404,사회연대경제 청년 일경험 사업,서울본청,서울,지방,취업·일경험,대상자 지원,33.46,0.75,있음,,,사회연대경제 청년일경험,1.0
418100020243020A,창촌농공단지 청년문화센터 건립,강원춘천시,강원,지방,문화·건강,기반·운영,33.0,0.54,찾지 못함,,,강원청년센터 운영,0.564
45800002025300B0,청년바다마을 조성 사업,충남서천군,충남,지방,정책기반,기반·운영,33.0,33.0,찾지 못함,,,청년 농촌보금자리 조성사업,0.665
52000002022300C0,지역개발사업추진(청년복합타운),경북고령군,경북,지방,정책기반,기타,32.88,8.13,찾지 못함,,,2026 지역대학 글로벌 무역전문가 양성 사업,0.453
47910002025300BF,청년 임대주택 조성,전북부안군,전북,지방,주거,기반·운영,32.64,28.47,찾지 못함,,,어선청년임대,0.571
50200002025300BC,장성동 청년징검다리주택 건립 사업,경북포항시,경북,지방,주거,기반·운영,32.6,0.0,찾지 못함,,,경북 산촌어촌 청년일자리사업,0.505
49700002017301A3,청년발전기금 예치금,전남광주영광군,전남,지방,정책기반,기타,32.54,0.0,찾지 못함,,,전남 청년 근속장려금,0.495
3930000202230068,근로능력있는수급자의탈수급지원(청년),경기안산시,경기,지방,취업·일경험,대상자 지원,32.47,28.44,찾지 못함,,,중증장애인근로자 출퇴근 비용 지원,0.333
5400000202430116,파수농공단지 청년문화센터 건립,경남함안군,경남,지방,문화·건강,기반·운영,32.42,2.74,있음,,,함안산인농공단지 청년문화센터 건립,0.977
4860000202530034,청년농부 인큐베이팅 허브센터 구축(2023),전남광주곡성군,전남,지방,창업·농어업,기타,32.31,28.99,찾지 못함,,,청년농업인 스마트팜 자립기반 구축,0.52
3510500202230103,청년월세 지원사업,인천미추홀구,인천,지방,주거,대상자 지원,32.05,12.13,있음,,,(미추홀구) 인천시 청년월세 지원사업,0.92
540000020243010C,산인농공단지 청년문화센터 건립사업,경남함안군,경남,지방,문화·건강,기반·운영,32.02,0.6,있음,20250908005400211674,함안산인농공단지 청년문화센터 건립,함안산인농공단지 청년문화센터 건립,1.12
64600002021300E0,청년부부 결혼축하금 지원 (전남),전남광주본청,전남,지방,금융·생활안정,대상자 지원,32.0,26.0,찾지 못함,,,청년내일저축계좌 지원,0.596
6410000201130151,경기도 대학생 학자금 대출이자 지원(자체/직접),경기본청,경기,지방,교육·역량,대상자 지원,31.91,11.8,있음,,,2026년 상반기 경기도 대학생 학자금 대출이자 지원,1.02
51500002024300A0,농공단지패키지(청년문화센터건립)(봉양)(국비),경북의성군,경북,지방,문화·건강,기반·운영,31.55,1.66,찾지 못함,,,창업성공패키지(청년창업사관학교),0.571
3600000202230158,청년월세지원,전남광주서구,광주,지방,주거,대상자 지원,31.54,9.52,있음,,,청년월세지원,0.92
3930000202530054,청년문화센터 조성 사업,경기안산시,경기,지방,문화·건강,기반·운영,31.46,0.25,찾지 못함,,,경기청년 해외진출(일본) 사업,0.564
54400002026300C9,하동 청년가족 맞춤주택 조성사업(2026년 지방소멸대응기금),경남하동군,경남,지방,주거,기반·운영,31.2,5.74,찾지 못함,,,청년 창업농 맞춤형 지원,0.564
6290000201930088,자립준비청년자립수당 (광주),전남광주본청,광주,지방,금융·생활안정,대상자 지원,31.2,26.76,있음,,,자립준비청년 자립수당 지급,0.909
3630000202230068,청년월세지원사업,전남광주광산구,광주,지방,주거,대상자 지원,31.14,7.86,있음,,,청년월세지원,0.92
6410000201830488,군복무 경기청년 상해보험 가입 지원(자체/직접),경기본청,경기,지방,금융·생활안정,대상자 지원,31.11,30.96,있음,20251231005400212063,군복무 경기청년 상해보험 가입지원,군복무 경기청년 상해보험 가입지원,1.12
5440000202530089,하동 청년가족 맞춤주택 조성사업(2025년 지방소멸대응기금),경남하동군,경남,지방,주거,기반·운영,31.0,7.64,찾지 못함,,,청년 창업농 맞춤형 지원,0.564
511000020263006A,[지]청년농업인 영농정착지원,경북상주시,경북,지방,창업·농어업,대상자 지원,30.93,4.72,찾지 못함,,,청년스타트업 지원,0.646
6480000202230289,청년매입 임대주택사업,경남본청,경남,지방,주거,대상자 지원,30.9,27.08,찾지 못함,,,어선청년임대,0.571
5360000202230108,청년행복누림센터 건립,경남밀양시,경남,지방,정책기반,기반·운영,30.83,24.49,찾지 못함,,,함안산인농공단지 청년문화센터 건립,0.62
37800002019300A6,청년 희망 인턴 사업,경기성남시,경기,지방,취업·일경험,대상자 지원,30.78,17.51,찾지 못함,,,청년농업인 경쟁력제고 사업,0.62
4570000202530117,청년기금,충남부여군,충남,지방,정책기반,기타,30.53,0.0,찾지 못함,,,충청남도 청년센터 운영,0.62
3990000202530148,근로능력있는 수급자의 탈수급 지원(청년),경기남양주시,경기,지방,취업·일경험,대상자 지원,30.49,26.63,찾지 못함,,,중증장애인근로자 출퇴근 비용 지원,0.333
6410000202330445,경기청년 사다리 프로그램 운영(자체/직접),경기본청,경기,지방,정책기반,기타,30.24,30.11,있음,20260908005400213386,경기청년 사다리 프로그램,경기청년 사다리 프로그램,1.12
4580000202430039,장항원수농공단지 청년문화센터 건립,충남서천군,충남,지방,문화·건강,기반·운영,30.15,1.93,있음,,,산업단지 청년문화센터 건립,0.834
568000020263008C,청년농촌보금자리 조성사업(옥금리),충남당진시,충남,지방,창업·농어업,기반·운영,30.0,26.0,있음,20251211005400211971,청년 농촌보금자리 조성사업,청년 농촌보금자리 조성사업,1.12
6460000202430108,청년 창업 지식산업 센터 건립 (전남),전남광주본청,전남,지방,창업·농어업,기반·운영,30.0,0.0,찾지 못함,,,광주청년센터 운영,0.62
4960000202530101,청년농촌보금자리 조성사업,전남광주함평군,전남,지방,창업·농어업,기반·운영,30.0,0.05,있음,,,청년농촌보금자리조성,1.0
162-110-1700-1744-413,지역 이공계 대학생 기초 역량 강화 지원,과학기술정보통신부,중앙,중앙,교육·역량,대상자 지원,30.0,30.0,찾지 못함,,,이공계 대학원생 청년창업 탐색지원,0.552
5480000202630083,청년 공공임대주택 건립(2026년 기금),경남합천군,경남,지방,주거,기반·운영,30.0,30.0,찾지 못함,,,청년후계농 농지 임대료 지원,0.52
515000020243009D,청년기업융자지원,경북의성군,경북,지방,정책기반,대상자 지원,30.0,6.6,있음,20250902005400211589,청년기업 융자지원사업,청년기업 융자지원사업,1.12
5070000202430144,[국]풍산농공단지 청년문화센터 건립,경북안동시,경북,지방,문화·건강,기반·운영,30.0,1.29,찾지 못함,,,2026 경북청년창업지원센터 입주기업 모집공고,0.406
65400002026300A8,청년 디딤돌 스마트팜 조성 지원(소멸기금),전북본청,전북,지방,창업·농어업,기반·운영,30.0,30.0,있음,,,청년창업 스마트팜 패키지 지원,0.735
440000020263007F,청년농촌보금자리조성사업(지방소멸대응기금)(보조),충북제천시,충북,지방,창업·농어업,기반·운영,30.0,0.0,있음,20251121005400211919,청년 농촌보금자리 조성사업,청년 농촌보금자리 조성사업,1.12
62600002024301C4,부산 청년잡(JOB) 성장프로젝트 사업,부산본청,부산,지방,취업·일경험,기타,29.92,26.4,있음,20260429005400212912,부산 청년잡(JOB) 성장프로젝트,부산 청년잡(JOB) 성장프로젝트,1.12
409000020193018B,청년기본소득 지원,경기김포시,경기,지방,금융·생활안정,대상자 지원,29.74,16.79,있음,20250515005400210826,경기도 청년기본소득,경기도 청년기본소득,1.12
62600002026301E6,사회연대경제 활성화 사업(청년 일경험 시범사업),부산본청,부산,지방,취업·일경험,대상자 지원,29.28,10.25,찾지 못함,,,사회연대경제 청년일경험,0.6
4190000202230098,청년월세 지원,강원원주시,강원,지방,주거,대상자 지원,29.26,8.51,있음,,,청년월세 한시 특별지원,0.8
472100020253017A,노후공장 청년친화 리뉴얼,전북완주군,전북,지방,정책기반,기타,29.2,26.31,찾지 못함,,,청년친화 친구기업 지원사업,0.541
47410002024300E8,청년안정기금 예치,전북무주군,전북,지방,정책기반,기타,29.16,0.0,찾지 못함,,,전북청년 지역정착 지원사업,0.549
5000000202430134,고군농공단지 '24 산단환경조성 공모사업(청년문화센터 건립),전남광주진도군,전남,지방,문화·건강,기반·운영,29.09,9.37,찾지 못함,,,전남형 청년마을 조성사업,0.44
3780000202130001,청년 주거복지 지원,경기성남시,경기,지방,주거,대상자 지원,28.98,14.91,있음,,,경기도 청년 복지포인트,0.735
390000020193010D,청년기본소득 지원사업,경기광명시,경기,지방,금융·생활안정,대상자 지원,28.93,14.56,있음,20250515005400210826,경기도 청년기본소득,경기도 청년기본소득,1.12
47700002023301C1,청년농촌보금자리조성사업,전북순창군,전북,지방,창업·농어업,기반·운영,28.8,0.0,있음,,,청년농촌보금자리조성,1.0
5460000202530186,청년 일자리 연계 주거지원 사업,경남함양군,경남,지방,주거,대상자 지원,28.5,1.53,있음,20250917005400211727,청년 일자리 연계 주거 지원,청년 일자리 연계 주거 지원,1.12
62800002019300B2,자립준비청년 자립수당 지급,인천본청,인천,지방,금융·생활안정,대상자 지원,28.5,23.77,있음,20260406005400212489,자립준비청년 자립수당 지급,자립준비청년 자립수당 지급,1.12
4890000202330253,미력농공단지 청년문화센터 건립사업,전남광주보성군,전남,지방,문화·건강,기반·운영,28.31,4.62,찾지 못함,,,전남형 청년공동체 활성화 사업,0.49
4311000202530066,청년농촌보금자리 조성,강원화천군,강원,지방,창업·농어업,기반·운영,28.08,2.9,있음,,,청년농촌보금자리조성,1.0
47510002025300CF,청년농촌보금자리조성,전북장수군,전북,지방,창업·농어업,기반·운영,28.05,3.24,있음,,,청년농촌보금자리조성,1.0
5530000202230172,근로능력있는수급자의탈수급지원(청년),경기화성시,경기,지방,취업·일경험,대상자 지원,27.65,23.84,찾지 못함,,,중증장애인근로자 출퇴근 비용 지원,0.333
4840000202330050,전남청년 문화복지카드 지원사업,전남광주광양시,전남,지방,문화·건강,대상자 지원,27.5,23.45,있음,20250516005400210831,전남청년 문화복지카드,전남청년 문화복지카드,1.12
4820000202430020,전남 청년비전센터 기반시설 설치,전남광주순천시,전남,지방,정책기반,기반·운영,27.4,27.39,찾지 못함,,,청년정책 서포터즈 2기,0.484
3070000202230020,(가)성북 청년 스마트 창업센터 건립,서울성북구,서울,지방,창업·농어업,기반·운영,27.19,15.99,찾지 못함,,,서울 청년 밀키트 창업지원,0.676
6310000202330076,달동 청년희망주택 건립,울산본청,울산,지방,주거,기반·운영,27.12,23.28,있음,20250714005400111213,달동 청년희망주택 건립,달동 청년희망주택 건립,1.12
5400000202630013,청년 함안채 건립(2026),경남함안군,경남,지방,정책기반,기반·운영,27.0,2.52,찾지 못함,,,자립준비청년 자립프로그램 운영,0.582
62900002024301BF,2026년청년성장프로젝트 (광주),전남광주본청,광주,지방,취업·일경험,기타,27.0,27.0,있음,,,청년성장프로젝트(청년카페),1.0
3820000202230077,근로능력있는 수급자의 탈수급지원(청년),경기의정부시,경기,지방,취업·일경험,대상자 지원,26.96,19.07,찾지 못함,,,중증장애인근로자 출퇴근 비용 지원,0.333
50200002025301BC,청년농촌보금자리 조성사업<보조>,경북포항시,경북,지방,창업·농어업,기반·운영,26.73,1.92,있음,,,청년농촌보금자리조성,1.0
5440000202530051,청년농촌보금자리조성사업,경남하동군,경남,지방,창업·농어업,기반·운영,26.56,0.31,있음,20250917005400211728,청년 농촌보금자리 조성,청년 농촌보금자리 조성,1.12
509000020253005A,청년농업인 허브센터 구축(지방소멸대응기금),경북영주시,경북,지방,창업·농어업,기타,26.56,0.0,찾지 못함,,,청년농부 창농기반 구축,0.596
452000020243022F,청년문화센터 건립,충남아산시,충남,지방,문화·건강,기반·운영,26.44,0.0,있음,,,산업단지 청년문화센터 건립,1.02
42100002022300FB,논골담길 청년도담센터,강원동해시,강원,지방,정책기반,기타,26.34,0.74,찾지 못함,,,강원청년센터 운영,0.691
5360000201830070,청년농업인 영농정착 지원,경남밀양시,경남,지방,창업·농어업,대상자 지원,26.3,13.15,있음,20260408005400212643,청년농업인 영농정착지원,청년농업인 영농정착지원,1.12
62700002025300A5,청년성장프로젝트,대구본청,대구,지방,취업·일경험,기타,26.25,21.5,있음,,,청년성장프로젝트(청년카페),1.0
6110000202230089,청년의 건강한 재정출발지원(영테크),서울본청,서울,지방,문화·건강,대상자 지원,26.18,8.11,찾지 못함,,,서울청년문화패스 지원,0.52
650000020213012A,청년농업인 영농정착 지원(성인지예산),제주본청,제주,지방,창업·농어업,대상자 지원,26.14,16.44,있음,20250102005400210027,청년농업인 영농정착지원,청년농업인 영농정착지원,1.12
5010000202530194,청년바다마을조성(보조),전남광주신안군,전남,지방,정책기반,기반·운영,26.0,0.36,있음,,,전남형 청년마을 조성사업,0.92
4680000201730222,청년농업인 영농정착지원금,전북익산시,전북,지방,창업·농어업,대상자 지원,25.71,16.0,있음,,,청년창업농 영농정착지원사업,0.92
51500002024300D9,청년마을공유주거조성사업,경북의성군,경북,지방,주거,기반·운영,25.68,24.16,찾지 못함,,,청년농마중물 지원사업,0.575
010-110-7000-7035-324,청년정책통합플랫폼 구축(정보화),국무조정실 및 국무총리비서실,중앙,중앙,정책기반,대상자 지원,25.58,20.13,있음,20260917005400113419,온라인 통합 청년정책플랫폼(온통청년) 고도화,온라인 통합 청년정책플랫폼(온통청년) 고도화,0.538
4140000202230234,청년 다목적 주거공간 조성사업(지방소멸대응기금),경기연천군,경기,지방,주거,기반·운영,25.57,0.0,찾지 못함,,,자립준비청년 주거비 지원사업,0.582
6450000202030056,청년정책 활성화,전북본청,전북,지방,정책기반,기타,25.51,25.49,있음,,,청년공동체 활성화 지원,0.787
344000020223000E,청년월세 한시 특별지원,대구남구,대구,지방,주거,대상자 지원,25.38,8.78,있음,,,(국토부) 26년 청년월세 지원사업,0.9
5600000202630032,포천시 청년·신혼부부 공공임대주택 주거비 지원 사업,경기포천시,경기,지방,주거,대상자 지원,25.3,14.27,찾지 못함,,,자립준비청년 주거비 지원사업,0.682
3280000202230076,청년기금 예치,부산영도구,부산,지방,정책기반,기타,25.29,0.0,찾지 못함,,,부산 청년 프로그램 지원,0.62
506000020183005C,청년농업인영농정착지원(보조),경북김천시,경북,지방,창업·농어업,대상자 지원,25.24,13.02,찾지 못함,,,청년스타트업 지원,0.646
4820000202230055,청년월세 지원 사업,전남광주순천시,전남,지방,주거,대상자 지원,25.23,5.69,있음,,,청년월세지원,0.92
6260000202330139,청년 임차보증금 대출이자 지원,부산본청,부산,지방,주거,대상자 지원,25.0,13.34,있음,,,부산 청년 임차보증금 대출 및 대출이자 지원(머물자리론),1.043
489000020263002F,율포 청년활력 온(ON) 플랫폼 조성사업,전남광주보성군,전남,지방,정책기반,기반·운영,25.0,25.0,찾지 못함,,,전남형 청년마을 조성사업,0.642
6110000202430054,자립준비청년 자립정착금 지원,서울본청,서울,지방,금융·생활안정,대상자 지원,25.0,14.3,있음,,,자립준비청년 자립수당 지원,0.92
648000020253010C,청년 일자리연계 주거지원 사업,경남본청,경남,지방,주거,대상자 지원,25.0,25.0,있음,20250917005400211727,청년 일자리 연계 주거 지원,청년 일자리 연계 주거 지원,1.12
6110000202330396,자립준비청년 자립지원,서울본청,서울,지방,금융·생활안정,대상자 지원,24.76,14.44,있음,,,자립준비청년 자립수당 지원,1.029
42900002022300E0,웰니스 하우징 사업_청년·일자리케어(2026),강원정선군,강원,지방,취업·일경험,기타,24.7,23.29,찾지 못함,,,지역주도형 청년일자리 사업(지역혁신형),0.435
6260000202130236,디지털 산업 맞춤형 청년일자리 창출,부산본청,부산,지방,취업·일경험,기타,24.5,24.5,찾지 못함,,,부산청년 머물자리론,0.484
5540000202230029,청년기본소득 지원,경기광주시,경기,지방,금융·생활안정,대상자 지원,24.5,15.48,있음,20250515005400210826,경기도 청년기본소득,경기도 청년기본소득,1.12
4700000202330236,청년농업인 영농 정착지원금 지원(균특),전북남원시,전북,지방,창업·농어업,대상자 지원,24.46,7.59,있음,,,청년창업농 영농정착지원사업,0.92
469000020183007F,청년농업인 영농정착지원사업,전북정읍시,전북,지방,창업·농어업,대상자 지원,24.42,19.3,있음,,,청년창업농 영농정착지원사업,0.966
52000002024300E4,천년건축시범마을조성사업(청년활력귀농타운),경북고령군,경북,지방,창업·농어업,기반·운영,24.32,0.66,찾지 못함,,,새마을 해외봉사활동,0.406
6430000202430249,청년성장프로젝트(청년카페),충북본청,충북,지방,취업·일경험,기타,24.1,16.84,있음,,,청년성장프로젝트(청년카페),1.0
302000020193013B,청년기업지원,서울용산구,서울,지방,정책기반,대상자 지원,24.05,17.11,있음,,,서울 청년 밀키트 창업지원,0.787
63000002019300B5,자립준비청년 자립수당 지급,대전본청,대전,지방,금융·생활안정,대상자 지원,24.0,14.95,있음,,,자립준비청년 자립수당 지급,1.0
39100002022301DB,청년월세 지원(국비),경기평택시,경기,지방,주거,대상자 지원,23.84,6.41,있음,,,2026년 평택시 청년 월세 지원,0.92
64100002022302F2,자립준비청년 자립지원 체계 구축_자립지원 사업비(국비/직접),경기본청,경기,지방,금융·생활안정,대상자 지원,23.72,20.97,있음,,,자립준비청년 자립지원 사업,0.9
6110000202330415,자립준비청년 자립지원 체계 구축(자립지원 사업비),서울본청,서울,지방,금융·생활안정,대상자 지원,23.52,17.72,있음,,,자립준비청년 자립지원 사업,0.9
3900000202230070,청년 일자리사업,경기광명시,경기,지방,취업·일경험,기타,23.43,14.8,있음,,,기후미래직업 청년일자리 전문교육 지원,1.02
40600002022300C1,근로능력있는 수급자의 탈수급 지원(청년),경기파주시,경기,지방,취업·일경험,대상자 지원,23.42,22.33,찾지 못함,,,중증장애인근로자 출퇴근 비용 지원,0.333
6470000202530321,청년창업임대형양식단지조성,경북본청,경북,지방,창업·농어업,기반·운영,23.4,15.6,있음,20260918005400113451,청년 창업 임대형 양식단지 조성,청년 창업 임대형 양식단지 조성,1.12
6310000202330078,삼산동 청년희망주택 건립,울산본청,울산,지방,주거,기반·운영,22.81,18.86,있음,20250714005400111212,삼산동 청년희망주택 건립,삼산동 청년희망주택 건립,1.12
64600002019301B2,보호종료아동 자립수당 지원 (전남),전남광주본청,전남,지방,금융·생활안정,대상자 지원,22.75,17.06,찾지 못함,,,(2차)2025 광주 청년구직활동수당 지원사업,0.537
5210000201830062,청년농업인영농정착지원,경북성주군,경북,지방,창업·농어업,대상자 지원,22.71,14.0,찾지 못함,,,청년스타트업 지원,0.646
464000020233052C,전북형 청년활력수당,전북전주시,전북,지방,금융·생활안정,대상자 지원,22.7,7.61,있음,20250113005400210207,전북형 청년활력수당,전북형 청년활력수당,1.12
53900002025300DD,청년 일자리 연계 주거지원 사업,경남의령군,경남,지방,주거,대상자 지원,22.69,5.07,있음,20250917005400211727,청년 일자리 연계 주거 지원,청년 일자리 연계 주거 지원,1.12
475000020233014D,청년농업인 유치 임대 스마트팜 건립사업(동부권발전사업)(전환사업),전북장수군,전북,지방,창업·농어업,기반·운영,22.69,11.77,있음,20250718005400211421,청년농업인 유치 임대스마트팜 건립,청년농업인 유치 임대스마트팜 건립,1.12
6310000202230062,청년가구 주거비 지원,울산본청,울산,지방,주거,대상자 지원,22.65,11.12,있음,20260409005400212656,울산 청년가구 주거비 지원사업,울산 청년가구 주거비 지원사업,1.12
5350000202230196,청년월세 지원 사업,경남김해시,경남,지방,주거,대상자 지원,22.64,6.65,있음,,,청년 월세 지원,0.92
629000020253004D,광주청년센터운영 (광주),전남광주본청,광주,지방,정책기반,기타,22.61,20.52,있음,,,청년예술센터 운영,0.92
6310000202330074,태화동 청년희망주택 건립,울산본청,울산,지방,주거,기반·운영,22.38,18.47,있음,20250714005400111211,태화동 청년희망주택 건립,태화동 청년희망주택 건립,1.12
4790000201830089,청년창업농업인 영농정착 지원(보조),전북부안군,전북,지방,창업·농어업,대상자 지원,22.37,6.97,있음,,,청년창업농 영농정착지원사업,1.02
64800002019301F5,자립준비청년 자립수당  지급,경남본청,경남,지방,금융·생활안정,대상자 지원,22.28,16.71,있음,,,자립준비청년 자립프로그램 운영,1.02
4610000202330189,청년자립형스마트팜지원사업,충남예산군,충남,지방,창업·농어업,대상자 지원,22.05,0.0,있음,20251111005400211844,청년자립형 스마트팜 지원사업,청년자립형 스마트팜 지원사업,1.12
628000020193001B,청년활동 지원사업,인천본청,인천,지방,정책기반,대상자 지원,22.0,21.56,있음,,,청년도전지원사업,0.87
47800002018300BB,청년농업인영농정착지원(지원금),전북고창군,전북,지방,창업·농어업,대상자 지원,21.99,6.81,있음,,,청년창업농 영농정착지원사업,0.92
408000020233044B,청년월세지원,경기안성시,경기,지방,주거,대상자 지원,21.91,5.39,있음,,,(국토부) 26년 청년월세 지원사업,0.8
4390000202230164,청년월세 지원사업,충북충주시,충북,지방,주거,대상자 지원,21.9,4.32,있음,,,신 취약청년(가족돌봄·고립은둔) 지원사업,0.826
5070000202230087,[국]청년월세지원사업,경북안동시,경북,지방,주거,대상자 지원,21.86,4.69,있음,,,청년 신혼부부 월세 지원사업,0.92
62600002022301AF,자립준비청년 자립지원 체계 구축,부산본청,부산,지방,금융·생활안정,대상자 지원,21.84,17.4,있음,,,자립준비청년 자립지원 사업,0.9
5530000202230251,국토부 청년 월세 지원,경기화성시,경기,지방,주거,대상자 지원,21.8,4.42,있음,,,(국토부) 26년 청년월세 지원사업,0.9
4281000202430023,그린바이오 청년 리빙하우스 조성,강원평창군,강원,지방,정책기반,기반·운영,21.7,0.07,찾지 못함,,,청년농업인 육성지원,0.406
650000020253009C,제주청년센터 운영(성인지예산),제주본청,제주,지방,정책기반,기반·운영,21.7,19.42,있음,,,제주청년센터 운영,0.92
6270000201930168,보호종료아동 자립수당 지급,대구본청,대구,지방,금융·생활안정,대상자 지원,21.6,17.93,찾지 못함,,,자립준비청년 자립수당 지급,0.5
4680000201930112,전북청년 지역정착 지원사업,전북익산시,전북,지방,정책기반,대상자 지원,21.56,15.1,있음,20250113005400210206,전북청년 지역정착 지원사업,전북청년 지역정착 지원사업,1.12
3590000202130161,청년월세지원사업,전남광주동구,광주,지방,주거,대상자 지원,21.4,6.97,있음,,,청년월세지원,0.92
62700002026301C4,사회연대경제 청년 일경험 시범사업,대구본청,대구,지방,취업·일경험,대상자 지원,21.38,10.69,있음,,,사회연대경제 청년 일경험 시범 지원,1.0
452000020223016D,청년월세 지원사업,충남아산시,충남,지방,주거,대상자 지원,21.33,4.5,있음,,,청년농 지원사업 홍보,0.826
6260000202330140,부산 청년 일하는 기쁨카드 지원,부산본청,부산,지방,정책기반,대상자 지원,21.3,21.3,있음,20250515005400210823,부산청년 일하는 기쁨카드,부산청년 일하는 기쁨카드,1.12
5020000202230102,청년월세지원사업<보조>,경북포항시,경북,지방,주거,대상자 지원,21.27,5.75,있음,,,청년 신혼부부 월세 지원사업,0.92
54800002025301A7,청년 일자리 연계 주거지원 사업,경남합천군,경남,지방,주거,대상자 지원,21.0,21.0,있음,20250917005400211727,청년 일자리 연계 주거 지원,청년 일자리 연계 주거 지원,1.12
5020000202530038,청년친화형 중소기업 연구타운 조성사업<보조>,경북포항시,경북,지방,정책기반,기반·운영,21.0,0.0,찾지 못함,,,경북청년 예비창업가 육성사업,0.549
6450000202330217,신혼부부 및 청년 임대주택 임대보증금 지원,전북본청,전북,지방,주거,대상자 지원,21.0,19.47,찾지 못함,,,청년창업농 영농기반 임차지원,0.443
4770000202330018,순창군 대학생 생활지원금 지원,전북순창군,전북,지방,교육·역량,대상자 지원,21.0,9.0,찾지 못함,,,2025년 순창군 대학 진학 축하금 지원,0.646
56700002022301D4,청년지원 추진,경남창원시,경남,지방,정책기반,대상자 지원,20.71,16.83,있음,,,청년 월세 지원,0.787
6310000202330079,양정동 청년희망주택 건립,울산본청,울산,지방,주거,기반·운영,20.7,16.98,있음,20250714005400111216,양정동 청년희망주택 건립,양정동 청년희망주택 건립,1.12
3310000202330082,보전지출(청년기금),부산남구,부산,지방,정책기반,기타,20.59,0.0,찾지 못함,,,,
391000020223019A,근로능력있는수급자의탈수급지원(청년)(국비),경기평택시,경기,지방,취업·일경험,대상자 지원,20.5,18.07,찾지 못함,,,중증장애인근로자 출퇴근 비용 지원,0.333
096-213-3100-3145-303,어선청년임대,해양수산부,중앙,중앙,주거,대상자 지원,20.45,16.36,있음,20260922005400113522,어선청년임대,어선청년임대,1.0
55900002019300EB,청년기본소득,경기양주시,경기,지방,금융·생활안정,기타,20.24,12.44,있음,20250515005400210826,경기도 청년기본소득,경기도 청년기본소득,1.12
6310000202330313,백합 청년희망주택 건립,울산본청,울산,지방,주거,기반·운영,20.23,15.93,있음,20250714005400111214,백합 청년희망주택 건립,백합 청년희망주택 건립,1.12
510000020183009B,지)청년후계농영농정착지원,경북영천시,경북,지방,창업·농어업,대상자 지원,20.19,10.41,찾지 못함,,,자립준비청년 자립정착금 지원,0.6
3390000202230083,청년월세 지원사업,부산사상구,부산,지방,주거,대상자 지원,20.16,7.47,있음,,,부산 청년 월세 지원,0.92
493000020253014B,청년·다문화 복합문화공간 '눙눙길' 조성(소멸대응기금),전남광주해남군,전남,지방,문화·건강,기반·운영,20.15,0.65,찾지 못함,,,전남청년 문화복지카드,0.537
40400002019300CC,청년기본소득 지급,경기하남시,경기,지방,금융·생활안정,기타,20.07,11.61,있음,,,경기도 청년기본소득,1.02
382000020263005C,청년월세 지원사업,경기의정부시,경기,지방,주거,대상자 지원,20.06,0.85,있음,,,(국토부) 26년 청년월세 지원사업,0.8
464000020193006A,청년매입임대주택 공급,전북전주시,전북,지방,주거,대상자 지원,20.04,19.87,찾지 못함,,,청년공동체 활성화 지원,0.453
64100002022303AC,자립준비청년 자립지원 체계 구축_자립지원 전담인력 배치(국비/직접),경기본청,경기,지방,금융·생활안정,대상자 지원,20.01,17.81,있음,,,자립준비청년 자립지원 사업,0.9
4870000202230138,청년하우스 건립,전남광주구례군,전남,지방,정책기반,기반·운영,20.0,18.31,찾지 못함,,,청년농업인 스타트업(초기창업) 지원사업,0.495
6480000202430260,청년창업농 맞춤형 지원사업,경남본청,경남,지방,창업·농어업,대상자 지원,20.0,20.0,있음,20250918005400211773,청년 창업농 맞춤형 지원,청년 창업농 맞춤형 지원,1.12
62700002026302D2,청년창업펀드 조성,대구본청,대구,지방,창업·농어업,기반·운영,20.0,0.0,찾지 못함,,,청년 정착 워라밸 기업문화 조성,0.596
49300002018300AE,청년 농업인 영농정착 지원,전남광주해남군,전남,지방,창업·농어업,대상자 지원,19.98,15.03,있음,,,청년농업인 연구동아리 지원,0.729
4701000202630020,남원형 청년 및 신혼부부 만원임대주택 지원,전북남원시,전북,지방,주거,대상자 지원,19.88,19.87,찾지 못함,,,전북형 청년취업 지원,0.52
645000020173007B,청년 일자리 창출(성인지예산),전북본청,전북,지방,취업·일경험,기타,19.86,19.76,있음,,,사회적경제 청년혁신가 지원사업,0.92
6260000202030144,청년 사회진입 활동 지원,부산본청,부산,지방,정책기반,대상자 지원,19.82,19.82,있음,,,부산 미취업 청년 사회진입 활동비 지원(청년디딤돌플러스+ 카드),1.02
6420000202330066,청년창업자금 무이자 대출 지원,강원본청,강원,지방,창업·농어업,대상자 지원,19.8,19.8,찾지 못함,,,청년농업인 정책자금 이차보전 지원,0.691
45400002022300F2,청년농업인 영농정착지원 균특,충남논산시,충남,지방,창업·농어업,대상자 지원,19.73,9.98,있음,,,청년후계농업인 영농정착 지원,0.966
628000020243010F,인천형 청년월세 지원사업,인천본청,인천,지방,주거,대상자 지원,19.72,4.72,있음,,,(검단구) 인천시 청년월세 지원사업,1.009
40200002019300B6,청년기본소득(도시),경기군포시,경기,지방,금융·생활안정,기타,19.59,13.18,있음,20250515005400210826,경기도 청년기본소득,경기도 청년기본소득,1.12
4670000201930156,전북 청년지역정착 지원사업,전북군산시,전북,지방,정책기반,대상자 지원,19.52,13.75,있음,20250113005400210206,전북청년 지역정착 지원사업,전북청년 지역정착 지원사업,1.12
6440000201630190,청년정책 추진,충남본청,충남,지방,정책기반,기타,19.49,13.38,있음,,,충청남도 청년정책 조정위원회 운영,0.92
3130000202430037,청년정책 활성화,서울마포구,서울,지방,정책기반,기타,19.45,0.43,있음,,,청년정책 지역협력 체계 강화,0.8
4590000202330193,청년쉐어하우스 함께살아U 조성사업,충남청양군,충남,지방,정책기반,기반·운영,19.37,13.92,찾지 못함,,,청년 농촌보금자리 조성사업,0.549
645000020233064F,청년도전 지원사업,전북본청,전북,지방,취업·일경험,대상자 지원,19.37,19.37,있음,,,청년도전지원사업 참여자 모집(전북),0.92
40100002025300C8,청년내일저축계좌,경기시흥시,경기,지방,금융·생활안정,대상자 지원,19.35,16.89,있음,,,청년내일저축계좌 운영,1.0
3410000202230061,청년월세한시특별지원,대구중구,대구,지방,주거,대상자 지원,19.34,6.66,있음,,,(국토부) 26년 청년월세 지원사업,0.9
64400002018301E4,청년일자리 사업,충남본청,충남,지방,취업·일경험,기타,19.33,19.33,있음,,,찾아가는 청년일자리버스(소통공간),1.02
4680000202330280,청년월세 한시특별지원,전북익산시,전북,지방,주거,대상자 지원,19.28,5.84,있음,,,(국토부) 26년 청년월세 지원사업,0.9
4610000202330070,청년문화스페이스그래조성,충남예산군,충남,지방,문화·건강,기반·운영,19.26,0.0,찾지 못함,,,청년문화예술패스,0.62
334000020223006D,청년월세 지원사업,부산사하구,부산,지방,주거,대상자 지원,19.23,7.82,있음,,,부산 청년 월세 지원,0.92
6260000202630202,서부산스마트밸리 노후공장 청년친화 리뉴얼,부산본청,부산,지방,정책기반,기타,19.2,0.0,찾지 못함,,,부산 청년문화육성 지원,0.381
4701000202630071,청년 농촌보금자리 조성사업(신규),전북남원시,전북,지방,주거,기반·운영,19.2,9.71,있음,,,청년농촌보금자리조성,1.0
4070000201830098,청년 농업인 영농정착 지원,경기이천시,경기,지방,창업·농어업,대상자 지원,19.18,9.84,있음,20251107005400211815,청년농업인 영농정착지원,청년농업인 영농정착지원,1.12
48800002018300B3,청년농업인 영농정착 지원(균특),전남광주고흥군,전남,지방,창업·농어업,대상자 지원,19.11,0.05,있음,,,청년농업인 연구동아리 지원,0.729
3830000202630059,청년월세 지원(보조),경기안양시,경기,지방,주거,대상자 지원,19.04,2.11,있음,,,(국토부) 26년 청년월세 지원사업,0.8
49500002018300CF,청년 농업인 영농정착 지원,전남광주무안군,전남,지방,창업·농어업,대상자 지원,19.0,18.59,있음,,,청년농업인 연구동아리 지원,0.729
4390000202530065,주민과 청년이 다시 엮어가는 충주 서쪽 첫마을 봉계,충북충주시,충북,지방,정책기반,기타,18.95,2.27,찾지 못함,,,청년농부 선진농업국가 벤치마킹,0.362
4520000202330155,청년자립형 스마트팜 지원,충남아산시,충남,지방,창업·농어업,대상자 지원,18.9,6.18,있음,20251111005400211844,청년자립형 스마트팜 지원사업,청년자립형 스마트팜 지원사업,1.12
611000020223034C,청년 골목창업 지원,서울본청,서울,지방,창업·농어업,대상자 지원,18.86,13.62,있음,,,서울 청년 밀키트 창업지원,0.826
35300002022300D5,청년월세 지원사업(19세~34세),인천남동구,인천,지방,주거,대상자 지원,18.86,6.18,있음,,,청년월세 한시 지원사업,0.92
4950000202230088,청년월세 한시 특별지원 사업,전남광주무안군,전남,지방,주거,대상자 지원,18.78,2.54,있음,,,청년월세지원,1.02
630000020113008B,대전청년내일재단 운영,대전본청,대전,지방,정책기반,기타,18.65,15.41,찾지 못함,,,청년 행정체험연수 운영,0.62
45300002025300A4,수석농공단지 청년문화센터 건립사업,충남서산시,충남,지방,문화·건강,기반·운영,18.63,2.14,찾지 못함,,,충청남도 청년센터 운영,0.564
646000020203014A,보육운영비(스마트팜 청년창업 보육센터) (전남),전남광주본청,전남,지방,창업·농어업,기반·운영,18.5,10.94,찾지 못함,,,2026 농식품가공창업보육센터 이용자 모집 공고(공유주방 창업팀 1기),0.31
4820000202130081,청년부부 결혼축하금 지원사업,전남광주순천시,전남,지방,금융·생활안정,대상자 지원,18.5,16.92,찾지 못함,,,순천시 청년창업 성장지원사업,0.642
4880000202330100,스마트팜 청년창업 보육센터 교육 운영,전남광주고흥군,전남,지방,창업·농어업,대상자 지원,18.5,10.07,있음,,,스마트팜청년창업보육센터,0.923
64800002020301F9,스마트팜 혁신밸리 청년창업 보육센터 운영,경남본청,경남,지방,창업·농어업,기반·운영,18.5,10.61,있음,,,청년 소규모 스마트팜 조성,0.92
6470000201130146,스마트팜청년창업보육사업,경북본청,경북,지방,창업·농어업,대상자 지원,18.5,18.5,있음,,,스마트팜청년창업보육센터,0.909
5110000202230034,[국]스마트팜 청년창업 보육사업,경북상주시,경북,지방,창업·농어업,대상자 지원,18.5,9.15,있음,,,스마트팜청년창업보육센터,0.909
645000020193024A,스마트팜 혁신밸리 청년창업 보육사업,전북본청,전북,지방,창업·농어업,대상자 지원,18.5,13.05,있음,,,스마트팜청년창업보육센터,0.769
64400002023303CE,청년도전지원사업,충남본청,충남,지방,취업·일경험,대상자 지원,18.48,18.48,있음,,,청년농 지원사업 홍보,0.826
64800002023305BC,청년일자리 도전 지원사업,경남본청,경남,지방,취업·일경험,대상자 지원,18.48,18.48,있음,20260408005400212579,청년일자리 도전 지원사업,청년일자리 도전 지원사업,1.12
645000020223033C,청년창업 스마트팜 패키지 지원(소멸기금),전북본청,전북,지방,창업·농어업,대상자 지원,18.48,18.48,있음,20250718005400211416,청년창업 스마트팜 패키지 지원,청년창업 스마트팜 패키지 지원,1.12
470000020233018C,청년창업 스마트팜 패키지 지원사업,전북남원시,전북,지방,창업·농어업,대상자 지원,18.45,3.02,있음,20250718005400211416,청년창업 스마트팜 패키지 지원,청년창업 스마트팜 패키지 지원,1.12
481000020253005D,여수오천산단 청년문화센터 건립,전남광주여수시,전남,지방,문화·건강,기반·운영,18.44,0.0,찾지 못함,,,전남청년 문화복지카드,0.52
553000020183017C,청년후계농 영농정착 지원,경기화성시,경기,지방,창업·농어업,대상자 지원,18.43,9.54,있음,,,청년농업인 영농정착지원,0.938
40900002022300F4,청년내일저축계좌(차상위 이하),경기김포시,경기,지방,금융·생활안정,대상자 지원,18.36,16.14,있음,,,청년내일저축계좌 운영,1.0
3830000202530095,근로능력있는 수급자의 탈수급지원(청년),경기안양시,경기,지방,취업·일경험,대상자 지원,18.36,16.23,찾지 못함,,,중증장애인근로자 출퇴근 비용 지원,0.333
3090000202430070,청년기금 예탁,서울도봉구,서울,지방,정책기반,기타,18.16,0.0,있음,,,청년예술지원사업,0.72
6410000202330491,경기청년 역량강화 기회지원(자체/지원),경기본청,경기,지방,교육·역량,대상자 지원,18.15,12.71,있음,20251107005400211812,경기청년 역량강화 기회지원,경기청년 역량강화 기회지원,1.12
64600002017304C1,청년 생활안정 지원 (전남),전남광주본청,전남,지방,금융·생활안정,대상자 지원,18.1,18.1,있음,,,청년정신건강지원(마인드링크),0.745
42000002022300CB,청년월세 지원사업,강원강릉시,강원,지방,주거,대상자 지원,18.04,4.8,있음,,,청년월세 한시 특별지원,0.8
4860000202430057,청년농촌보금자리조성,전남광주곡성군,전남,지방,창업·농어업,기반·운영,18.01,18.01,있음,,,청년농촌보금자리조성,1.0
64800002022302EA,청년 농촌보금자리 조성사업,경남본청,경남,지방,주거,기반·운영,18.0,18.0,있음,20250917005400211728,청년 농촌보금자리 조성,청년 농촌보금자리 조성,1.12
54800002022300BC,청년신혼부부 행복주택 건립사업(지방소멸대응기금사업),경남합천군,경남,지방,주거,기반·운영,18.0,18.0,찾지 못함,,,신혼부부 주택구입 대출이자 지원사업,0.653
5410000202530060,청년경영실습 임대농장 운영,경남창녕군,경남,지방,주거,대상자 지원,17.99,0.0,찾지 못함,,,청년 영상콘텐츠 제작 운영,0.555
3450000201930066,"청년문화와 기술의 융합놀이터, 경북대 혁신타운",대구북구,대구,지방,문화·건강,기타,17.94,13.62,찾지 못함,,,청년문화예술패스,0.505
569000020223016D,청년월세 지원사업,세종본청,세종,지방,주거,대상자 지원,17.83,4.22,있음,,,청년도전지원사업 『도전캠퍼스』,0.87
477000020233013C,청년근로자 종자통장 지원사업,전북순창군,전북,지방,금융·생활안정,대상자 지원,17.8,13.91,있음,,,청년나래 일자리 지원사업,0.703
4850000201830046,청년농업인 영농정착 지원사업,전남광주담양군,전남,지방,창업·농어업,대상자 지원,17.73,11.46,있음,,,청년농업인 스타트업(초기창업) 지원사업,0.812
4000000201930072,경기도 청년기본소득 지원 사업,경기오산시,경기,지방,금융·생활안정,대상자 지원,17.62,11.4,있음,20250515005400210826,경기도 청년기본소득,경기도 청년기본소득,1.12
498000020243003C,청년센터 건립(지역사회 활성화 기반조성),전남광주장성군,전남,지방,정책기반,기반·운영,17.59,16.66,찾지 못함,,,광주청년센터 운영,0.55
650000020243022B,청년성장프로젝트,제주본청,제주,지방,취업·일경험,기타,17.55,17.55,있음,20260413005400212723,청년성장프로젝트,청년성장프로젝트,1.12
648000020263024B,사회연대경제 청년 일경험 시범사업,경남본청,경남,지방,취업·일경험,대상자 지원,17.54,8.56,있음,,,청년 일경험 지원,1.02
6260000202430245,서부산스마트밸리 청년문화센터 건립,부산본청,부산,지방,문화·건강,기반·운영,17.46,17.46,찾지 못함,,,부산청년센터 운영,0.564
6460000201930323,청년농업인 경영실습 임대농장 운영(도) (전남),전남광주본청,전남,지방,창업·농어업,대상자 지원,17.3,16.68,있음,,,「2026년 청년농업인 경영실습 임대농장」 임차인 모집,0.92
4090000202230186,청년월세 지원,경기김포시,경기,지방,주거,대상자 지원,17.24,2.83,있음,,,(국토부) 26년 청년월세 지원사업,0.8
64400002019300CA,자립준비청년 자립수당 지원,충남본청,충남,지방,금융·생활안정,대상자 지원,17.16,12.87,있음,,,"자립준비청년 자립 지원 (자립수당, 자립정착금, 대학생활안정자금)",1.029
64500002019301CA,자립준비청년 자립수당 지급,전북본청,전북,지방,금융·생활안정,대상자 지원,17.16,12.87,있음,,,자립준비청년 자립수당 지급,1.0
647000020193012F,보호종료아동자립수당지급,경북본청,경북,지방,금융·생활안정,대상자 지원,17.06,12.64,찾지 못함,,,자립준비청년 자립수당지원,0.537
45400002026300CB,청소년 생활문화 기반 조성사업(청소년청년재단),충남논산시,충남,지방,문화·건강,기반·운영,17.0,0.0,찾지 못함,,,청년 생활공구 대여사업,0.642
4910000202630069,청년 커뮤니티 센터 조성(지방소멸대응기금),전남광주장흥군,전남,지방,참여·권리,기반·운영,16.97,0.81,찾지 못함,,,전남형 청년마을 조성사업,0.591
40800002018300C2,청년농업인 영농정착 지원사업,경기안성시,경기,지방,창업·농어업,대상자 지원,16.88,15.87,있음,20251107005400211815,청년농업인 영농정착지원,청년농업인 영농정착지원,1.12
6420000201930175,자립준비청년 자립수당 지급(국고),강원본청,강원,지방,금융·생활안정,대상자 지원,16.87,12.65,있음,,,자립준비청년 자립수당 지원,1.037
541000020183006C,청년후계농 영농정착지원,경남창녕군,경남,지방,창업·농어업,대상자 지원,16.82,7.12,있음,,,청년농업인 영농정착지원,0.938
6460000201830158,청년어촌정착지원 (전남),전남광주본청,전남,지방,창업·농어업,대상자 지원,16.71,15.72,있음,,,청년어업인 정착지원 사업,0.769
406000020183005D,청년농업인 영농정착지원,경기파주시,경기,지방,창업·농어업,대상자 지원,16.7,6.49,있음,20251107005400211815,청년농업인 영농정착지원,청년농업인 영농정착지원,1.12
3050000202530002,서울청년센터 동대문 운영,서울동대문구,서울,지방,정책기반,기타,16.69,14.95,있음,,,서울광역청년센터 운영,0.826
019-110-1000-1044-301,청년내일채움공제(일반),고용노동부,중앙,중앙,정책기반,기타,16.65,12.5,찾지 못함,,,청년 자산형성 지원(청년도약계좌),0.8
57100002024301F4,청년성장프로젝트,충북청주시,충북,지방,취업·일경험,기타,16.63,16.63,있음,,,청년성장프로젝트(청년카페),1.0
4010000202330242,청소년청년시설 사업 운영,경기시흥시,경기,지방,정책기반,기반·운영,16.62,16.0,찾지 못함,,,경기청년 해외진출(일본) 사업,0.541
51500002025300B9,농공단지패키지(청년문화센터건립)(다인)(국비),경북의성군,경북,지방,문화·건강,기반·운영,16.61,1.25,찾지 못함,,,창업성공패키지(청년창업사관학교),0.571
3170000201930107,청년미래기금 예치,서울금천구,서울,지방,정책기반,기타,16.56,0.0,찾지 못함,,,청년예술지원사업,0.62
457000020223009E,청년농업인 영농정착 지원(영농정착지원금),충남부여군,충남,지방,창업·농어업,대상자 지원,16.54,0.0,있음,,,청년후계농업인 영농정착 지원,1.037
6300000202630152,사회연대경제 청년 일경험 시범사업,대전본청,대전,지방,취업·일경험,대상자 지원,16.42,5.0,있음,,,사회연대경제 청년 일경험 시범 지원,1.0
4830000201830070,청년창업농 영농정착지원사업,전남광주나주시,전남,지방,창업·농어업,대상자 지원,16.38,8.45,있음,,,청년 창업농장 조성,0.708
48100002021300B0,청년부부 결혼축하금 지원,전남광주여수시,전남,지방,금융·생활안정,대상자 지원,16.24,16.24,찾지 못함,,,청년월세지원,0.591
5080000202530238,청년문화센터조성,경북구미시,경북,지방,문화·건강,기반·운영,16.23,0.0,찾지 못함,,,2025년 경북청년CEO 심화육성 지원사업,0.591
513000020243016A,(도비보조)산업단지 환경조성사업(청년문화센터),경북경산시,경북,지방,문화·건강,기반·운영,16.22,0.0,찾지 못함,,,지역산업 연계형 대학 특성화학과 혁신지원사업,0.453
61100002022302F2,자립준비청년 자립지원 체계 구축(자립지원 전담인력 배치),서울본청,서울,지방,금융·생활안정,대상자 지원,16.21,12.43,있음,,,자립준비청년 자립지원 사업,0.9
43010002025300D4,청년문화센터 건립사업(노후 산업단지 환경조성사업),강원철원군,강원,지방,문화·건강,기반·운영,16.2,2.17,있음,,,강원청년센터 운영,0.787
53100002018300D5,청년농업인 영농정착 지원,경남진주시,경남,지방,창업·농어업,대상자 지원,16.08,4.94,있음,20260408005400212643,청년농업인 영농정착지원,청년농업인 영농정착지원,1.12
4241000202630016,청년 농촌보금자리 조성,강원삼척시,강원,지방,주거,기반·운영,16.0,0.0,찾지 못함,,,청년농업인 육성지원,0.591
444000020263007F,청년 임대 일라이트 스마트팜 단지 조성(2026),충북영동군,충북,지방,창업·농어업,기반·운영,16.0,15.95,찾지 못함,,,청년농업인 스마트팜 기반 조성,0.672
52300002025300B6,청년센터 조성(지역활력타운),경북예천군,경북,지방,정책기반,기반·운영,15.98,0.36,찾지 못함,,,오프라인 지역 청년지원센터 활성화,0.526
408000020233044A,청년기본소득 지원사업,경기안성시,경기,지방,금융·생활안정,대상자 지원,15.68,8.96,있음,20250515005400210826,경기도 청년기본소득,경기도 청년기본소득,1.12
4930000202330210,청년 일자리사업,전남광주해남군,전남,지방,취업·일경험,기타,15.6,9.91,있음,,,광주형 청년일자리 공제(추가모집_마감),1.02
37300002022300AA,청년월세 한시 특별지원,울산울주군,울산,지방,주거,대상자 지원,15.56,2.37,있음,20250714005400111222,청년월세 한시 특별지원사업,청년월세 한시 특별지원사업,1.12
407000020193025D,경기도 청년기본소득,경기이천시,경기,지방,금융·생활안정,기타,15.55,9.71,있음,20250515005400210826,경기도 청년기본소득,경기도 청년기본소득,1.12
378000020243019C,소규모 점포 청년창업 지원 사업,경기성남시,경기,지방,창업·농어업,대상자 지원,15.54,5.15,찾지 못함,,,청년 융합기술 창업지원,0.642
6420000202330256,청년 디딤돌 2배 적금 지원사업,강원본청,강원,지방,금융·생활안정,대상자 지원,15.51,15.51,있음,20250425005400210723,2025년 청년 디딤돌 2배 적금 지원사업,2025년 청년 디딤돌 2배 적금 지원사업,1.12
643000020193013A,자립준비청년 자립수당 지급,충북본청,충북,지방,금융·생활안정,대상자 지원,15.5,11.62,있음,20250219005400210472,자립준비청년 자립수당 지급,자립준비청년 자립수당 지급,1.12
4680000202230175,청년창업스마트팜 패키지 지원사업,전북익산시,전북,지방,창업·농어업,대상자 지원,15.4,6.16,있음,20250718005400211416,청년창업 스마트팜 패키지 지원,청년창업 스마트팜 패키지 지원,1.12
4720000201830096,청년농업인 영농정착 지원사업,전북완주군,전북,지방,창업·농어업,대상자 지원,15.34,9.52,있음,,,청년창업농 영농정착지원사업,0.966
501000020253018C,청년창업임대형양식단지조성(보조),전남광주신안군,전남,지방,창업·농어업,기반·운영,15.28,1.69,있음,20260918005400113451,청년 창업 임대형 양식단지 조성,청년 창업 임대형 양식단지 조성,1.12
570000020183003F,청년농업인 영농정착 지원사업(보조),경기여주시,경기,지방,창업·농어업,대상자 지원,15.25,7.8,있음,20251107005400211815,청년농업인 영농정착지원,청년농업인 영농정착지원,1.12
547000020223000D,청년 생활안정 지원,경남거창군,경남,지방,금융·생활안정,대상자 지원,15.2,10.12,있음,,,자립준비청년 대학생활안정자금 지원,0.787
644000020213041D,자립준비청년 자립지원 체계 구축,충남본청,충남,지방,금융·생활안정,대상자 지원,15.17,13.94,있음,,,"자립준비청년 자립 지원 (자립수당, 자립정착금, 대학생활안정자금)",1.02
5150000201830081,청년농업인영농정착지원(지특),경북의성군,경북,지방,창업·농어업,대상자 지원,15.14,13.63,있음,,,청년농업인 스마트팜 영농정착 컨설팅 지원,0.879
6440000202330186,청년창업 지원,충남본청,충남,지방,창업·농어업,대상자 지원,15.13,13.27,있음,,,청년 창업‧창직 지원사업,0.92
37800002025301F3,근로능력있는수급자의탈수급지원(청년내일저축계좌),경기성남시,경기,지방,금융·생활안정,대상자 지원,15.1,10.85,찾지 못함,,,중증장애인근로자 출퇴근 비용 지원,0.333
393000020093032A,청년인턴사업,경기안산시,경기,지방,취업·일경험,대상자 지원,15.09,7.34,찾지 못함,,,경기청년 해외진출(일본) 사업,0.691
346000020223007E,청년월세 지원사업,대구수성구,대구,지방,주거,대상자 지원,15.03,5.9,있음,,,(국토부) 26년 청년월세 지원사업,0.8
64600002010303F5,청년 근속장려금 지원 (전남),전남광주본청,전남,지방,취업·일경험,대상자 지원,15.0,15.0,있음,20250710005400211181,전남 청년 근속장려금,전남 청년 근속장려금,1.12
4930000202630134,제조환경 개선 청년친화형 일자리 증대(2026 소멸기금),전남광주해남군,전남,지방,취업·일경험,기타,15.0,15.0,찾지 못함,,,전남 청년 희망 일자리 지원사업,0.555
641000020263000B,경기청년 결혼 축하 복지포인트 지원사업(주민참여예산)(자체/직접),경기본청,경기,지방,금융·생활안정,대상자 지원,15.0,0.31,있음,,,경기도 청년 복지포인트,0.898
6430000202630230,청년 주택자금 대출이자 지원사업,충북본청,충북,지방,주거,대상자 지원,15.0,0.0,찾지 못함,,,청년 학자금 대출 부실채무자 신용회복 지원,0.682
5590000202230084,청년내일저축계좌,경기양주시,경기,지방,금융·생활안정,대상자 지원,14.93,14.74,있음,,,청년내일저축계좌 운영,1.0
48100002024300FF,여수형 청년 임대주택 지원,전남광주여수시,전남,지방,주거,대상자 지원,14.88,14.07,찾지 못함,,,청년월세지원,0.653
4000000201730104,청년 일자리 창출 지원사업,경기오산시,경기,지방,취업·일경험,대상자 지원,14.83,11.43,찾지 못함,,,경기청년 재기격려지원사업,0.691
39900002026300DC,청년월세 지원사업,경기남양주시,경기,지방,주거,대상자 지원,14.82,1.7,있음,,,(국토부) 26년 청년월세 지원사업,0.8
3380000202230053,청년월세 지원 사업(보조사업),부산수영구,부산,지방,주거,대상자 지원,14.73,7.13,있음,,,부산 청년 월세 지원,0.92
46100002022300E6,청년후계농영농정착지원사업,충남예산군,충남,지방,창업·농어업,대상자 지원,14.61,2.42,있음,,,청년후계농업인 영농정착 지원,1.02
64100002026301D4,경기청년 일자리 매치업 플러스(자체/직접),경기본청,경기,지방,취업·일경험,기타,14.5,7.5,있음,20260429005400212945,경기청년 일자리 매치업 플러스,경기청년 일자리 매치업 플러스,1.12
641000020263029F,K-아트 청년창작자 지원(자체/직접),경기본청,경기,지방,정책기반,대상자 지원,14.4,14.4,찾지 못함,,,청년 융합기술 창업지원,0.62
6110000202130197,서울시 청년쿡 비즈니스센터 운영,서울본청,서울,지방,정책기반,기반·운영,14.33,9.07,있음,,,청년쿡 비즈니스센터 식품제조 스타트업 지원,0.92
42600002019300A3,청년농업인 영농정착지원(균특),강원횡성군,강원,지방,창업·농어업,대상자 지원,14.26,5.72,있음,20250430005400210740,청년농업인 영농정착 지원,청년농업인 영농정착 지원,1.12
4510000202330390,보령형 청년아파트 임대사업(대응기금),충남보령시,충남,지방,주거,대상자 지원,14.2,8.65,찾지 못함,,,청년 생활공구 대여사업,0.575
495000020243006D,전남청년 문화복지카드 지원사업,전남광주무안군,전남,지방,문화·건강,대상자 지원,14.2,11.39,있음,20250516005400210831,전남청년 문화복지카드,전남청년 문화복지카드,1.12
6440000202630218,사회연대경제 청년 일경험 시범사업,충남본청,충남,지방,취업·일경험,대상자 지원,14.18,7.27,있음,,,사회연대경제 청년 일경험 시범 지원,1.0
4670000201930033,청년농업인 영농정착 지원,전북군산시,전북,지방,창업·농어업,대상자 지원,14.17,7.28,있음,,,청년창업농 영농정착지원사업,0.92
626000020213020B,청년도전 지원사업,부산본청,부산,지방,취업·일경험,대상자 지원,14.09,14.09,있음,,,부산 청년도전 지원사업,0.92
6270000202230193,청년도전 지원사업,대구본청,대구,지방,취업·일경험,대상자 지원,14.09,10.34,있음,,,청년도전지원사업 젊핑(대구시),0.92
6300000201830062,청년공간 활성화,대전본청,대전,지방,정책기반,기타,14.02,12.52,있음,,,청년 네트워크 활성화 지원사업,0.745
4320000202330076,대학생 등록금 지원,강원양구군,강원,지방,교육·역량,대상자 지원,14.0,6.22,찾지 못함,,,SW중심대학 지원,0.62
4850000202330083,청년농 창업형 영농시설 지원(2026),전남광주담양군,전남,지방,창업·농어업,기반·운영,14.0,7.83,찾지 못함,,,청년 창업농장 조성,0.676
54700002026300B1,청년드림하우스 운영,경남거창군,경남,지방,정책기반,기타,14.0,0.0,찾지 못함,,,청년일자리 위드유 운영,0.646
48300002022300DD,청년 문화복지 카드 지원,전남광주나주시,전남,지방,문화·건강,대상자 지원,13.83,10.0,있음,20250516005400210831,전남청년 문화복지카드,전남청년 문화복지카드,1.12
64700002026301D6,사회연대경제청년일경험시범사업,경북본청,경북,지방,취업·일경험,대상자 지원,13.82,13.82,있음,,,사회연대경제 청년 일경험 시범 지원,1.0
64300002023303DB,청년도전 지원사업,충북본청,충북,지방,취업·일경험,대상자 지원,13.8,13.8,있음,,,신 취약청년(가족돌봄·고립은둔) 지원사업,0.826
3740000202630271,2026년 공공건축물 그린리모델링(영통청소년청년센터)(국비),경기수원시,경기,지방,정책기반,기반·운영,13.69,0.0,찾지 못함,,,경기도 공공기숙사 운영,0.37
40100002022301FE,청년월세 지원사업,경기시흥시,경기,지방,주거,대상자 지원,13.69,3.04,있음,,,(국토부) 26년 청년월세 지원사업,0.8
393000020163000C,청년 사업가 육성을 위한 인큐베이팅,경기안산시,경기,지방,정책기반,기타,13.58,13.58,찾지 못함,,,경기청년 해외진출(일본) 사업,0.468
57100002022302A9,청년도전 지원사업,충북청주시,충북,지방,취업·일경험,대상자 지원,13.57,13.57,있음,,,신 취약청년(가족돌봄·고립은둔) 지원사업,0.826
6410000202330838,경기청년 해외 취·창업 기회 확충(자체/직접),경기본청,경기,지방,창업·농어업,대상자 지원,13.5,13.5,찾지 못함,,,경기청년 해외진출(일본) 사업,0.646
3540000202430051,청년월세 지원사업(19세 ~ 34세),인천부평구,인천,지방,주거,대상자 지원,13.46,5.2,있음,,,(부평구) 인천시 청년월세 지원사업,0.92
3980000201930104,경기도 청년배당지원사업,경기구리시,경기,지방,정책기반,대상자 지원,13.44,8.52,있음,,,경기청년 재기격려지원사업,0.787
37400002024302DE,장안 청소년청년센터 환경개선,경기수원시,경기,지방,정책기반,기타,13.42,0.55,찾지 못함,,,청년농업인 경쟁력제고 사업,0.381
35200002022300D5,청년월세 지원사업(만19~34세),인천연수구,인천,지방,주거,대상자 지원,13.36,3.68,있음,,,(연수구) 인천시 청년월세 지원사업,0.92
3370000202230061,청년월세 지원,부산연제구,부산,지방,주거,대상자 지원,13.31,4.65,있음,,,부산 청년 월세 지원,0.92
642000020213004F,청년 취업준비 쿠폰 지원사업,강원본청,강원,지방,취업·일경험,대상자 지원,13.3,13.3,있음,,,강원 고성군 청년 취업수당 지원,0.72
44900002022300D0,청년농업인영농정착지원,충남천안시,충남,지방,창업·농어업,대상자 지원,13.21,6.89,있음,,,청년후계농업인 영농정착 지원,1.037
4490000202230138,청년도전 지원사업,충남천안시,충남,지방,취업·일경험,대상자 지원,13.2,13.2,있음,,,천안형 청년도전 프로젝트,0.92
61100002020300EA,지역연계형 청년 창업 지원,서울본청,서울,지방,창업·농어업,대상자 지원,13.2,6.38,있음,20250316005400210620,지역연계형 청년 창업 지원사업(넥스트로컬),지역연계형 청년 창업 지원사업(넥스트로컬),1.12
6310000201030129,청년일자리창출,울산본청,울산,지방,취업·일경험,기타,13.2,13.2,찾지 못함,,,청년일자리 강소기업 선정 지원사업,0.676
508000020233043A,청년도전지원사업,경북구미시,경북,지방,취업·일경험,대상자 지원,13.2,13.2,있음,,,2025년 청년도전 지원사업,0.92
464000020233052D,전북청년 함께 두배적금,전북전주시,전북,지방,금융·생활안정,대상자 지원,13.2,8.28,있음,20250113005400210211,전북청년 함께 두배적금 사업,전북청년 함께 두배적금 사업,1.12
63000002025300BD,대전청년내일재단 출연사업,대전본청,대전,지방,정책기반,기타,13.18,13.18,찾지 못함,,,청년도전지원사업,0.564
6430000202530291,일하는 기쁨 청년·여성  일자리 지원,충북본청,충북,지방,취업·일경험,대상자 지원,13.17,10.54,있음,,,충북 청년여성 일자리 플랫폼 운영,0.756
51500002026300AE,보전지출(청년발전기금),경북의성군,경북,지방,정책기반,기타,13.05,0.0,찾지 못함,,,,
62600002025301E0,부산청년 취업성공풀(Full)패키지 지원(국가직접지원),부산본청,부산,지방,취업·일경험,대상자 지원,13.0,13.0,있음,20260429005400212911,부산청년 취업성공풀(Full) 패키지 지원,부산청년 취업성공풀(Full) 패키지 지원,1.12
6460000202530235,청년바다마을 조성사업 (전남),전남광주본청,전남,지방,정책기반,기반·운영,13.0,10.4,있음,,,전남형 청년마을 조성사업,0.962
646000020263015D,에너지 분야 청년에너지 플러스 사업(전환사업) (전남),전남광주본청,전남,지방,정책기반,기타,13.0,13.0,찾지 못함,,,2026년 서구 청년 플러스 데이,0.62
48300002026300A3,나주형 청년 에너지 창업 사관학교(직주락비),전남광주나주시,전남,지방,창업·농어업,대상자 지원,13.0,13.0,있음,,,전남형 청년창업사관학교,0.903
63000002018301FD,대전형 코업 청년뉴리더 양성,대전본청,대전,지방,정책기반,기타,13.0,13.0,찾지 못함,,,우수기업 청년채용 지원사업,0.453
54400002026300DC,청년가족 맞춤주택 조성사업,경남하동군,경남,지방,주거,기반·운영,12.98,2.31,찾지 못함,,,청년 창업농 맞춤형 지원,0.564
450000020203009C,청년후계농 영농정착 지원,충남공주시,충남,지방,창업·농어업,대상자 지원,12.9,8.34,있음,,,청년후계농업인 영농정착 지원,1.037
37400002019301E7,자립준비청년 자립수당(국비),경기수원시,경기,지방,금융·생활안정,대상자 지원,12.9,7.75,있음,,,자립준비청년 자립수당 지급,0.909
3420000202230040,청년월세 지원사업,대구동구,대구,지방,주거,대상자 지원,12.87,5.33,있음,,,(국토부) 26년 청년월세 지원사업,0.8
4970000202030057,청년농업인 영농정착금 지원,전남광주영광군,전남,지방,창업·농어업,대상자 지원,12.84,4.5,있음,,,청년농업인 연구동아리 지원,0.703
64100002026303D6,사회연대경제 청년 일경험 시범사업(국비/지원),경기본청,경기,지방,취업·일경험,대상자 지원,12.83,12.83,있음,,,사회연대경제 청년 일경험 시범 지원,1.0
5600000201830097,청년농업인 영농정착 지원사업,경기포천시,경기,지방,창업·농어업,대상자 지원,12.83,12.83,있음,20251107005400211815,청년농업인 영농정착지원,청년농업인 영농정착지원,1.12
57100002018301DD,청년 농업인 영농정착 지원사업,충북청주시,충북,지방,창업·농어업,대상자 지원,12.81,6.62,있음,,,청년후계농 영농정착 지원,0.898
56800002023301E5,청년후계농 영농정착지원,충남당진시,충남,지방,창업·농어업,대상자 지원,12.75,11.8,있음,,,청년후계농업인 영농정착 지원,1.037
4020000202430051,청년공간 플라잉 운영,경기군포시,경기,지방,정책기반,기타,12.73,12.73,찾지 못함,,,경기도 청년참여기구 운영,0.591
453000020223010C,청년후계농 영농정착지원사업,충남서산시,충남,지방,창업·농어업,대상자 지원,12.62,1.62,있음,,,청년후계농업인 영농정착 지원,1.02
50500002018300B9,청년농업인 영농정착 지원,경북경주시,경북,지방,창업·농어업,대상자 지원,12.62,4.69,찾지 못함,,,청년스타트업 지원,0.646
509000020183007E,(국)청년농업인 영농정착 지원,경북영주시,경북,지방,창업·농어업,대상자 지원,12.62,10.56,찾지 못함,,,청년스타트업 지원,0.646
507000020173017B,[지]청년농업인영농정착지원(지원),경북안동시,경북,지방,창업·농어업,대상자 지원,12.62,6.51,찾지 못함,,,청년스타트업 지원,0.646
5120000201830069,[지특]청년농업인영농정착지원,경북문경시,경북,지방,창업·농어업,대상자 지원,12.62,12.62,찾지 못함,,,청년스타트업 지원,0.646
519000020183007F,청년농업인영농정착지원,경북청도군,경북,지방,창업·농어업,대상자 지원,12.62,6.51,찾지 못함,,,청년스타트업 지원,0.646
4490000202130189,청년센터 운영,충남천안시,충남,지방,정책기반,기반·운영,12.61,10.16,있음,,,충청남도 청년센터 운영,0.92
567000020173016B,청년정책 추진,경남창원시,경남,지방,정책기반,기타,12.61,11.2,있음,,,매체 활용 청년정책 홍보,0.92
4540000202530149,청년생활문화 허브 조성(2025)(지방소멸대응기금),충남논산시,충남,지방,문화·건강,기반·운영,12.59,4.87,찾지 못함,,,청년 생활공구 대여사업,0.564
6470000201930077,청년농업인육성,경북본청,경북,지방,창업·농어업,기타,12.59,12.04,있음,,,경북청년 예비창업가 육성사업,0.745
45400002023301E1,청년결혼축하금 지원사업,충남논산시,충남,지방,금융·생활안정,대상자 지원,12.53,7.34,있음,,,청년농 지원사업 홍보,0.72
5540000202230074,청년내일저축(통합),경기광주시,경기,지방,정책기반,기타,12.52,10.92,있음,,,청년내일저축계좌 운영,0.9
56800002017301F3,청년 일자리 창출,충남당진시,충남,지방,취업·일경험,기타,12.42,11.93,있음,,,힘쎈 충남과 함께 성장하는 지역특화 일자리 지원사업,0.92
64700002024301D2,청년성장프로젝트,경북본청,경북,지방,취업·일경험,기타,12.42,9.01,있음,20251114005400211892,청년성장프로젝트,청년성장프로젝트,1.12
47500002023301E5,청년복합공간 조성사업,전북장수군,전북,지방,정책기반,기반·운영,12.34,11.53,찾지 못함,,,청년공동체 활성화 지원,0.62
62900002023302B2,2026년청년도전지원 (광주),전남광주본청,광주,지방,취업·일경험,대상자 지원,12.33,12.33,있음,,,청년도전지원사업 단기 3기·4기 프로그램 참여자 모집,0.92
644000020263003C,논산 청년 로컬브랜드 복합공간 조성사업,충남본청,충남,지방,정책기반,기반·운영,12.2,0.0,찾지 못함,,,청년 농촌보금자리 조성사업,0.534
63000002022301EA,청년도전 지원사업,대전본청,대전,지방,취업·일경험,대상자 지원,12.2,12.2,있음,,,청년도전지원사업,0.92
36200002022300E4,청년도전지원사업(보조),전남광주북구,광주,지방,취업·일경험,대상자 지원,12.2,12.2,있음,,,[북구]2026년 청년도전지원사업,0.92
6110000202330420,자립준비청년 자립지원 체계 구축(자체),서울본청,서울,지방,금융·생활안정,대상자 지원,12.15,9.85,있음,,,자립준비청년 자립수당 지원,0.889
40400002022300AF,근로능력있는수급자의탈수급지원(청년),경기하남시,경기,지방,취업·일경험,대상자 지원,12.15,10.64,찾지 못함,,,중증장애인근로자 출퇴근 비용 지원,0.333
383000020183012F,청년지원 추진,경기안양시,경기,지방,정책기반,대상자 지원,12.1,7.96,찾지 못함,,,경기청년 역량강화 기회지원,0.691
46000002022300F5,청년농업인 영농정착 지원(국비),충남홍성군,충남,지방,창업·농어업,대상자 지원,12.01,6.24,있음,,,청년후계농업인 영농정착 지원,1.037
4890000202530093,보성 청년자람터 조성(2026),전남광주보성군,전남,지방,정책기반,기반·운영,12.01,0.0,찾지 못함,,,전남형 청년마을 조성사업,0.62
48400002021300B2,청년부부 결혼축하금 지원사업,전남광주광양시,전남,지방,금융·생활안정,대상자 지원,11.96,11.36,찾지 못함,,,(광양시)청년단체 활동 지원사업,0.642
6440000202330163,청년 주택임차보증금 이자 지원,충남본청,충남,지방,주거,대상자 지원,11.94,3.86,찾지 못함,,,청년농업인 농지임차료 지원,0.6
61100002018304D0,청년 인생설계 학교,서울본청,서울,지방,교육·역량,기타,11.9,8.11,찾지 못함,,,서울청년 예비인턴,0.549
3630000202330171,청년도전지원사업,전남광주광산구,광주,지방,취업·일경험,대상자 지원,11.88,11.88,있음,,,청년도전지원사업 단기 3기·4기 프로그램 참여자 모집,0.92
62800002021302DF,청년도전지원사업,인천본청,인천,지방,취업·일경험,대상자 지원,11.88,11.88,있음,,,청년도전지원사업,0.92
475000020233018F,청년발전기금 예치금,전북장수군,전북,지방,정책기반,기타,11.86,0.0,찾지 못함,,,청년창업더하기 지원사업,0.495
6410000202430453,청년문화예술패스 지원(자체/지원),경기본청,경기,지방,문화·건강,대상자 지원,11.79,11.79,찾지 못함,,,청년 융합기술 창업지원,0.62
4670000202230103,청년월세 한시 특별지원 사업,전북군산시,전북,지방,주거,대상자 지원,11.76,3.34,있음,,,(국토부) 26년 청년월세 지원사업,0.9
627000020163003B,청년센터 운영,대구본청,대구,지방,정책기반,기반·운영,11.73,8.38,있음,,,대구광역시 청년마음건강센터 운영,0.87
3570000201830083,청년농업인 영농정착 지원금(보조),인천강화군,인천,지방,창업·농어업,대상자 지원,11.72,11.72,있음,,,청년농업인 영농정착지원,1.077
54700002018300B7,청년농업인 영농정착 지원,경남거창군,경남,지방,창업·농어업,대상자 지원,11.7,6.02,있음,20260408005400212643,청년농업인 영농정착지원,청년농업인 영농정착지원,1.12
39100002018300F4,청년농업인 영농정착 지원(국비),경기평택시,경기,지방,창업·농어업,대상자 지원,11.69,3.6,있음,20251107005400211815,청년농업인 영농정착지원,청년농업인 영농정착지원,1.12
62800002023308BF,인천 청년도약기지(취업 아카데미),인천본청,인천,지방,교육·역량,대상자 지원,11.69,11.69,있음,20260406005400212404,2026년 인천 청년도약기지(취업아카데미),2026년 인천 청년도약기지(취업아카데미),1.12
425100020233020C,청년마을 공유주거 조성 사업,강원홍천군,강원,지방,주거,기반·운영,11.65,10.56,찾지 못함,,,청년마을 만들기 지원,0.591
4800000202230065,청년월세 한시 특별지원,전남광주목포시,전남,지방,주거,대상자 지원,11.64,2.51,있음,,,청년월세지원,1.02
49100002018300BC,청년농업인 영농정착지원(국비),전남광주장흥군,전남,지방,창업·농어업,대상자 지원,11.61,5.74,있음,,,청년농업인 연구동아리 지원,0.729
361000020223003A,청년월세 지원(보조),전남광주남구,광주,지방,주거,대상자 지원,11.61,4.62,있음,,,청년월세지원,0.92
4030000201930099,경기도 청년기본소득 지원,경기의왕시,경기,지방,금융·생활안정,대상자 지원,11.6,7.62,있음,20250515005400210826,경기도 청년기본소득,경기도 청년기본소득,1.12
488000020213002A,청년 능력개발 및 생활안정 지원,전남광주고흥군,전남,지방,금융·생활안정,대상자 지원,11.52,3.1,찾지 못함,,,청년월세지원,0.541
57100002019301A1,자립준비청년 자립수당,충북청주시,충북,지방,금융·생활안정,대상자 지원,11.52,6.55,있음,,,자립준비청년 자립수당 지급,1.029
019-110-1000-1051-307,공정채용문화 확산,고용노동부,중앙,중앙,문화·건강,대상자 지원,11.5,9.27,찾지 못함,,,청년장병 취·창업 지원 강화,0.667
648000020263011E,모다드림 청년통장 지원사업,경남본청,경남,지방,금융·생활안정,대상자 지원,11.5,11.5,있음,20250916005400211693,모다드림 청년통장 지원,모다드림 청년통장 지원,1.12
497000020183007A,청년활력사업 지원,전남광주영광군,전남,지방,정책기반,대상자 지원,11.48,5.78,찾지 못함,,,청년월세지원,0.691
48300002023303CF,나주시 취업 청년 임대주택 지원사업,전남광주나주시,전남,지방,주거,대상자 지원,11.47,8.85,찾지 못함,,,청년 취업자 주거비 지원사업,0.639
475000020183009C,청년농업인 영농정착지원,전북장수군,전북,지방,창업·농어업,대상자 지원,11.37,7.67,있음,,,청년창업농 영농정착지원사업,0.92
5380000202230241,청년월세 한시 특별지원,경남양산시,경남,지방,주거,대상자 지원,11.32,3.56,있음,,,청년 월세 지원,1.02
4840000201830010,청년 주택자금 대출이자 지원사업,전남광주광양시,전남,지방,주거,대상자 지원,11.3,8.18,있음,20260318005400212188,(광양시)청년 주택자금 대출이자 지원사업,(광양시)청년 주택자금 대출이자 지원사업,1.12
37800002025301EE,근로능력있는수급자의탈수급지원(청년내일저축계좌),경기성남시,경기,지방,금융·생활안정,대상자 지원,11.29,10.86,찾지 못함,,,중증장애인근로자 출퇴근 비용 지원,0.333
6280000201830183,청년농업인 영농정착 지원(지원),인천본청,인천,지방,창업·농어업,대상자 지원,11.28,10.54,있음,20260506005400213147,청년농업인 영농정착지원,청년농업인 영농정착지원,1.12
6440000202330164,청년농업인 스마트팜 육성,충남본청,충남,지방,창업·농어업,기타,11.27,11.27,있음,,,청년자립형 스마트팜 지원사업,0.72
402000020223006B,근로능력있는 수급자의 탈수급지원(청년)(국도시),경기군포시,경기,지방,취업·일경험,대상자 지원,11.14,9.68,찾지 못함,,,중증장애인근로자 출퇴근 비용 지원,0.333
4220000200730168,중고등학생 및 대학생 장학금 지원,강원태백시,강원,지방,교육·역량,대상자 지원,11.12,11.11,찾지 못함,,,SW중심대학 지원,0.575
627000020183019B,청년 농업인 영농정착지원,대구본청,대구,지방,창업·농어업,대상자 지원,11.09,10.36,있음,20250724005400111489,청년농업인 영농정착지원사업,청년농업인 영농정착지원사업,1.12
567000020243026D,청년 창업농 맞춤형 지원사업,경남창원시,경남,지방,창업·농어업,대상자 지원,11.0,0.0,있음,20250918005400211773,청년 창업농 맞춤형 지원,청년 창업농 맞춤형 지원,1.12
46800002021300B3,신혼부부·청년 주택 전세보증금 대출이자 지원(지방소멸대응기금 2026년),전북익산시,전북,지방,주거,대상자 지원,11.0,7.04,찾지 못함,,,신혼부부·청년 주택구입 대출이자 지원사업,0.594
4420000202630111,청년 창업공간 조성사업(2026년 지방소멸대응기금_광역),충북보은군,충북,지방,창업·농어업,기반·운영,11.0,0.0,찾지 못함,,,청년 농촌보금자리 조성사업,0.665
3330000202530073,청년월세,부산해운대구,부산,지방,주거,대상자 지원,10.97,4.03,있음,,,부산 청년 월세 지원,0.92
3300000202230043,청년월세 한시 특별지원 사업,부산동래구,부산,지방,주거,대상자 지원,10.97,4.63,있음,,,부산 청년 월세 지원,1.02
6410000201830439,경기 청년공간 조성(자체/지원),경기본청,경기,지방,정책기반,기반·운영,10.97,10.77,찾지 못함,,,청년공동체 연구지원 사업,0.582
440000020263004A,청년정책 업무 추진,충북제천시,충북,지방,정책기반,기타,10.89,3.0,찾지 못함,,,충청북도 청년정책조정위원회 운영,0.653
6110000201730104,청년안심주택 종합지원센터 운영,서울본청,서울,지방,주거,기반·운영,10.84,10.84,있음,,,청년안심주택 공급(매입),0.787
4170000201830069,청년농업인 영농정착 지원사업(보조),경기양평군,경기,지방,창업·농어업,대상자 지원,10.82,5.13,있음,20251107005400211815,청년농업인 영농정착지원,청년농업인 영농정착지원,1.12
4960000202530094,함평엑스포공원 청년상회 조성사업(2025),전남광주함평군,전남,지방,정책기반,기반·운영,10.8,0.0,찾지 못함,,,전남형 청년마을 조성사업,0.665
482000020263005C,청년고용 이어드림,전남광주순천시,전남,지방,취업·일경험,기타,10.8,1.23,찾지 못함,,,청년드림은행(청년재무상담소),0.691
568000020263008D,청년농촌보금자리 조성사업(슬항지구),충남당진시,충남,지방,창업·농어업,기반·운영,10.75,1.21,있음,20251211005400211971,청년 농촌보금자리 조성사업,청년 농촌보금자리 조성사업,1.12
304000020243004A,청년복지관 조성 운영,서울광진구,서울,지방,정책기반,기반·운영,10.73,7.71,찾지 못함,,,청년예술청 운영,0.62
569000020223016B,청년희망내일센터 운영,세종본청,세종,지방,정책기반,기반·운영,10.73,10.73,있음,,,세종 청년센터 운영,0.87
3930000202330289,청년도전 지원사업,경기안산시,경기,지방,취업·일경험,대상자 지원,10.71,10.56,있음,,,청년도전지원사업,0.8
5350000202430196,청년 창업농 맞춤형 지원사업,경남김해시,경남,지방,창업·농어업,대상자 지원,10.68,4.5,있음,20250918005400211773,청년 창업농 맞춤형 지원,청년 창업농 맞춤형 지원,1.12
44900002019300F3,자립준비청년 자립지원,충남천안시,충남,지방,금융·생활안정,대상자 지원,10.65,6.29,있음,20250715005400211284,"자립준비청년 자립 지원 (자립수당, 자립정착금, 대학생활안정자금)","자립준비청년 자립 지원 (자립수당, 자립정착금, 대학생활안정자금)",1.12
356000020223016E,인천형 청년월세 지원사업(만19~34세)(서구공통),인천서해구,인천,지방,주거,대상자 지원,10.53,4.9,있음,,,(서해구) 인천시 청년월세 지원사업,1.009
481000020223009C,청년월세 한시 특별지원,전남광주여수시,전남,지방,주거,대상자 지원,10.52,3.14,있음,,,청년월세지원,1.02
49400002017300C8,청년 농업인 영농정착지원,전남광주영암군,전남,지방,창업·농어업,대상자 지원,10.51,0.09,있음,,,청년농업인 연구동아리 지원,0.729
4890000202430147,청년이 아이키우기 좋은 돌봄환경 조성(지방소멸대응기금),전남광주보성군,전남,지방,정책기반,기반·운영,10.45,10.45,찾지 못함,,,전남형 청년마을 조성사업,0.468
3860000200831068,경기 청년뉴딜사업,경기부천시,경기,지방,정책기반,기타,10.45,7.32,찾지 못함,,,경기청년 해외진출(일본) 사업,0.691
49500002025300F2,청년 농촌보금자리조성 사업,전남광주무안군,전남,지방,주거,기반·운영,10.41,0.0,있음,,,청년농촌보금자리조성,1.0
6110000202330A00,대학생 천원의 아침밥 지원,서울본청,서울,지방,교육·역량,대상자 지원,10.4,7.07,찾지 못함,,,대학생 동아리 사회기여활동 지원,0.48
39300002023302E7,안산 청년창업펀드 조성,경기안산시,경기,지방,창업·농어업,기반·운영,10.4,7.6,찾지 못함,,,청년 융합기술 창업지원,0.564
37800002022300AE,다자녀가구 대학생 등록금 지원,경기성남시,경기,지방,교육·역량,대상자 지원,10.35,5.53,찾지 못함,,,2026년 상반기 경기도 대학생 학자금 대출이자 지원,0.549
404000020223014C,청년월세 지원,경기하남시,경기,지방,주거,대상자 지원,10.35,2.11,있음,,,(국토부) 26년 청년월세 지원사업,0.8
4920000201830078,청년농업인 영농정착 지원사업,전남광주강진군,전남,지방,창업·농어업,대상자 지원,10.34,5.27,있음,,,청년농업인 스타트업(초기창업) 지원사업,0.812
6430000202630252,사회연대경제 청년 일경험 시범사업,충북본청,충북,지방,취업·일경험,대상자 지원,10.27,10.27,있음,,,사회연대경제 청년 일경험 시범 지원,1.0
464000020193028E,보호종료아동 자립수당,전북전주시,전북,지방,금융·생활안정,대상자 지원,10.26,7.47,찾지 못함,,,퇴소아동 자립정착금,0.541
6110000202430006,서울시 청년해외봉사단,서울본청,서울,지방,정책기반,기타,10.23,0.0,있음,20250522005400210870,서울시 청년해외봉사단 사업,서울시 청년해외봉사단 사업,1.12
64600002025302CD,보전지출(청년희망기금 예치금) (전남),전남광주본청,전남,지방,정책기반,기타,10.22,0.0,찾지 못함,,,,
3260000202230070,청년월세 특별지원 사업,부산서구,부산,지방,주거,대상자 지원,10.17,3.32,있음,,,부산 청년 월세 지원,1.02
654000020263021D,사회연대경제 청년 일경험 시범사업,전북본청,전북,지방,취업·일경험,대상자 지원,10.11,5.21,있음,,,사회연대경제 청년 일경험 시범 지원,1.0
50800002016300CF,청년농산업창업지원(지특도자율),경북구미시,경북,지방,창업·농어업,대상자 지원,10.1,3.75,있음,,,청년스타트업 지원,0.708
5130000201830070,(국비보조)청년농업인 영농정착 지원,경북경산시,경북,지방,창업·농어업,대상자 지원,10.1,3.13,찾지 못함,,,청년스타트업 지원,0.646
5200000201830049,청년농업인 영농정착지원,경북고령군,경북,지방,창업·농어업,대상자 지원,10.1,3.13,찾지 못함,,,청년스타트업 지원,0.646
5230000201830069,청년농업인 영농정착지원,경북예천군,경북,지방,창업·농어업,대상자 지원,10.1,1.55,있음,20250905005400211659,청년농업인 영농정착 지원,청년농업인 영농정착 지원,1.12
6440000202030088,청년농업인 육성,충남본청,충남,지방,창업·농어업,기타,10.07,9.98,있음,,,청년농업인 육성을 위한 충남형 사회적 농업 지원,1.02
6500000202330200,청년층 주거 지원,제주본청,제주,지방,주거,대상자 지원,10.07,1.3,있음,,,청년월세 한시 특별지원,0.92
5010000202530113,청년농촌보금자리조성(보조),전남광주신안군,전남,지방,창업·농어업,기반·운영,10.02,0.01,있음,,,청년농촌보금자리조성,1.0
490000020263000C,전남 청년 문화복지카드 지원,전남광주화순군,전남,지방,문화·건강,대상자 지원,10.01,7.0,있음,20250516005400210831,전남청년 문화복지카드,전남청년 문화복지카드,1.12
6440000202530203,청년바다마을 조성,충남본청,충남,지방,정책기반,기반·운영,10.0,0.0,찾지 못함,,,청년마을기업 육성 지원,0.625
4590000202630101,로컬푸드마켓 및 청년창업센터 조성사업,충남청양군,충남,지방,창업·농어업,기반·운영,10.0,0.0,찾지 못함,,,청년 창업‧창직 지원사업,0.564
457000020253010F,청년기금 전출금,충남부여군,충남,지방,정책기반,기타,10.0,10.0,찾지 못함,,,충청남도 청년센터 운영,0.484
62600002025300B4,부산청년만원문화패스 사업,부산본청,부산,지방,문화·건강,대상자 지원,10.0,10.0,있음,,,부산청년 만원플러스 문화패스,0.962
6460000202330276,전남형 지역연계 청년 창업지원 (전남),전남광주본청,전남,지방,창업·농어업,대상자 지원,10.0,4.04,있음,,,지역자원 연계 청년창업 지원,0.87
481000020203016F,신혼부부·청년 주택 전세자금 대출이자 지원사업,전남광주여수시,전남,지방,주거,대상자 지원,10.0,0.0,있음,,,2026년 신혼부부 전세자금 대출이자 지원 안내,0.92
61100002026303F6,지역아동센터 청년인턴 운영,서울본청,서울,지방,취업·일경험,대상자 지원,10.0,4.78,찾지 못함,,,서울광역청년센터 운영,0.62
162-110-2100-2137-358,자립준비청년디지털진로지원,과학기술정보통신부,중앙,중앙,금융·생활안정,대상자 지원,10.0,10.0,찾지 못함,,,자립준비청년 주거지원,0.696
648000020213000D,청년 월세 지원사업(경남),경남본청,경남,지방,주거,대상자 지원,10.0,10.0,있음,,,청년 월세 지원,0.92
6410000202630210,경기청년 메디케어 플러스사업(주민참여예산)(자체/직접),경기본청,경기,지방,참여·권리,기타,10.0,10.0,찾지 못함,,,경기청년 일자리 매치업 플러스,0.62
64700002017302B4,청년근로자행복카드지원,경북본청,경북,지방,취업·일경험,대상자 지원,10.0,10.0,있음,20250828005400211530,2025 청년근로자 행복카드 지원사업,2025 청년근로자 행복카드 지원사업,1.12
5050000202430074,청년 주택자금 대출이자 지원,경북경주시,경북,지방,주거,대상자 지원,10.0,6.86,찾지 못함,,,자립준비청년 자립정착금 지원,0.6
512000020263004F,[지특]청년농촌보금자리 조성사업(농촌협약),경북문경시,경북,지방,창업·농어업,기반·운영,10.0,0.0,있음,,,청년농촌보금자리조성,1.0
5170000202130021,지역특화청년창업지원사업(2026기금),경북영양군,경북,지방,창업·농어업,대상자 지원,10.0,10.0,있음,20250901005400211572,지역특화 청년창업 지원사업,지역특화 청년창업 지원사업,1.12
5210000202630051,청년농업인생활지원(2026기금),경북성주군,경북,지방,창업·농어업,대상자 지원,10.0,0.24,있음,,,청년스타트업 지원,0.708
62700002026302D1,AI 활용 청년 기술창업 지원 사업,대구본청,대구,지방,창업·농어업,대상자 지원,10.0,0.0,찾지 못함,,,청년농업인 영농정착지원사업,0.639
344000020263004B,청년 창업 지원 사업(3차),대구남구,대구,지방,창업·농어업,대상자 지원,10.0,10.0,있음,,,청년농업인 영농정착지원사업,0.787
496000020183006B,청년농업인 영농정착지원(보조),전남광주함평군,전남,지방,창업·농어업,대상자 지원,9.99,5.09,있음,,,청년농업인 연구동아리 지원,0.729
64500002021301DD,청년소통 및 활성화 지원,전북본청,전북,지방,참여·권리,대상자 지원,9.95,8.95,있음,,,청년공동체 활성화 지원,0.82
4670000201830126,청년센터 지원사업,전북군산시,전북,지방,정책기반,대상자 지원,9.95,8.29,있음,,,전북특별자치도 청년마음건강센터 운영,0.787
48100002022300A9,"근로능력있는 수급자의 탈수급 지원(희망저축Ⅰ.Ⅱ,청년내일저축계좌 통장사업)",전남광주여수시,전남,지방,금융·생활안정,대상자 지원,9.94,8.7,찾지 못함,,,중증장애인근로자 출퇴근 비용 지원,0.333
490000020183002C,청년농업인 영농정착지원,전남광주화순군,전남,지방,창업·농어업,대상자 지원,9.9,0.04,있음,,,청년농업인 연구동아리 지원,0.729
56000002019300D4,경기도 청년기본소득,경기포천시,경기,지방,금융·생활안정,기타,9.9,5.7,있음,20250515005400210826,경기도 청년기본소득,경기도 청년기본소득,1.12
40500002018300F5,청년농업인 영농정착 지원,경기용인시,경기,지방,창업·농어업,대상자 지원,9.89,4.04,있음,20251107005400211815,청년농업인 영농정착지원,청년농업인 영농정착지원,1.12
42500002018300DA,청년농업인 영농정착금 지원,강원홍천군,강원,지방,창업·농어업,대상자 지원,9.85,0.12,있음,,,청년농업인 영농정착 지원,1.077
4830000202330367,취업 청년 공동주택 무상임대 지원사업,전남광주나주시,전남,지방,주거,대상자 지원,9.8,9.8,찾지 못함,,,청년 취업자 주거비 지원사업,0.62
4500000202330396,청년농촌보금자리조성사업,충남공주시,충남,지방,창업·농어업,기반·운영,9.77,0.0,있음,20251211005400211971,청년 농촌보금자리 조성사업,청년 농촌보금자리 조성사업,1.12
37800002025301EC,근로능력있는수급자의탈수급지원(청년내일저축계좌),경기성남시,경기,지방,금융·생활안정,대상자 지원,9.77,9.77,찾지 못함,,,중증장애인근로자 출퇴근 비용 지원,0.333
4930000202530193,청년·다문화 복합문화공간 '눙눙길' 조성(2022 소멸기금),전남광주해남군,전남,지방,문화·건강,기반·운영,9.75,7.79,찾지 못함,,,전남청년 문화복지카드,0.537
5670000201830155,청년후계농 영농정착 지원사업,경남창원시,경남,지방,창업·농어업,대상자 지원,9.69,9.15,있음,,,청년농업인 영농정착지원,0.898
469100020263006D,청년 및 신혼부부 주택자금 대출이자 지원,전북정읍시,전북,지방,주거,대상자 지원,9.65,8.01,찾지 못함,,,대학생 학자금 대출이자 지원,0.672
312000020193002F,청년 공간 운영 및 지원,서울서대문구,서울,지방,정책기반,기반·운영,9.62,1.31,찾지 못함,,,청년예술청 운영,0.62
4430000201730019,청년 일자리사업,충북옥천군,충북,지방,취업·일경험,기타,9.62,7.87,있음,,,충북경제자유구역 바이오헬스 청년일자리 지원,1.02
366000020193001B,자립준비청년 자립수당,대전서구,대전,지방,금융·생활안정,대상자 지원,9.6,5.5,있음,,,자립준비청년 자립수당 지급,0.909
4700000202130113,청년 주거 정착 지원,전북남원시,전북,지방,주거,대상자 지원,9.6,4.74,있음,,,전북청년 지역정착 지원사업,0.787
505000020223010C,청년월세지원사업,경북경주시,경북,지방,주거,대상자 지원,9.59,2.61,있음,,,청년 신혼부부 월세 지원사업,0.92
32400002016300A6,청년 활동 플랫폼 운영(성인지예산),서울강동구,서울,지방,정책기반,기타,9.58,8.84,찾지 못함,,,청년예술청 운영,0.62
543000020243012A,청년 거점공간 조성사업,경남남해군,경남,지방,정책기반,기반·운영,9.54,8.84,찾지 못함,,,경남 청년 보금자리 조성,0.62
3080000202230007,강북청년창업마루 운영,서울강북구,서울,지방,창업·농어업,대상자 지원,9.52,7.87,찾지 못함,,,서울 청년 밀키트 창업지원,0.653
39000002022300A0,근로능력있는수급자의탈수급지원(청년통장),경기광명시,경기,지방,금융·생활안정,대상자 지원,9.46,8.62,찾지 못함,,,중증장애인근로자 출퇴근 비용 지원,0.333
4500000202330312,청년농 맞춤형 스마트팜 보급,충남공주시,충남,지방,창업·농어업,기타,9.45,3.1,있음,,,청년자립형 스마트팜 지원사업,0.787
4520000202030022,청년농업인 영농정착지원사업(영농정착지원금),충남아산시,충남,지방,창업·농어업,대상자 지원,9.45,5.86,있음,,,청년후계농업인 영농정착 지원,1.02
63100002026300F0,사회연대경제 청년 일경험 지원사업,울산본청,울산,지방,취업·일경험,대상자 지원,9.45,3.31,있음,,,사회연대경제 청년일경험,1.0
6430000202630067,청년농업인 스마트팜 창업 지원사업,충북본청,충북,지방,창업·농어업,대상자 지원,9.45,8.51,있음,,,청년농업인 스마트팜 기반 조성,0.87
40500002019300D9,청년(공공)인턴 사업,경기용인시,경기,지방,취업·일경험,대상자 지원,9.28,6.88,찾지 못함,,,경기청년 해외진출(일본) 사업,0.691
4070000202230246,청년월세 지원,경기이천시,경기,지방,주거,대상자 지원,9.25,1.65,있음,,,(국토부) 26년 청년월세 지원사업,0.8
4800000202430046,2026년 청년도전 지원사업,전남광주목포시,전남,지방,취업·일경험,대상자 지원,9.24,7.92,있음,,,청년도전지원사업,0.8
648000020243029A,청년일자리 성장 프로젝트 사업,경남본청,경남,지방,취업·일경험,기타,9.24,9.24,있음,,,청년 장인프로젝트,0.857
6260000202230051,도심형 청년 창업·주거 복합공간 조성,부산본청,부산,지방,창업·농어업,기반·운영,9.2,9.2,찾지 못함,,,부산 동네 청년활동공간 활성화 지원,0.505
5710000202630051,"일하는 기쁨 청년, 여성 일자리 지원사업",충북청주시,충북,지방,취업·일경험,대상자 지원,9.18,7.35,있음,,,충북 청년여성 일자리 플랫폼 운영,0.756
498000020183003A,청년농업인영농정착지원,전남광주장성군,전남,지방,창업·농어업,대상자 지원,9.17,9.17,있음,,,청년농업인 연구동아리 지원,0.729
452000020183006B,청년경제 운영,충남아산시,충남,지방,정책기반,기타,9.15,6.77,있음,,,충청남도 청년센터 운영,0.787
4820000201830124,청년후계농 영농정착 지원사업,전남광주순천시,전남,지방,창업·농어업,대상자 지원,9.14,0.0,찾지 못함,,,청년농업인 스타트업(초기창업) 지원사업,0.658
62800002026301F0,사회연대경제 청년 일경험 시범사업,인천본청,인천,지방,취업·일경험,대상자 지원,9.14,3.2,있음,,,사회연대경제 청년 일경험 시범 지원,1.0
430000020183009C,청년농업인 영농정착 지원,강원철원군,강원,지방,창업·농어업,대상자 지원,9.1,3.65,있음,20250430005400210740,청년농업인 영농정착 지원,청년농업인 영농정착 지원,1.12
62600002018300A8,청년문화 육성,부산본청,부산,지방,문화·건강,기타,9.05,9.05,있음,20250517005400210847,부산 청년문화육성 지원,부산 청년문화육성 지원,1.12
64800002022301D1,자립준비청년 자립지원 사업비,경남본청,경남,지방,금융·생활안정,대상자 지원,9.05,8.06,있음,,,자립준비청년 자립프로그램 운영,1.061
4510000201930003,청년활동 지원,충남보령시,충남,지방,정책기반,대상자 지원,9.04,2.63,찾지 못함,,,고립·은둔청년 지원,0.691
5540000202230027,청년지원센터 운영,경기광주시,경기,지방,정책기반,기반·운영,9.04,8.81,찾지 못함,,,경기청년 역량강화 기회지원,0.62
4251000202630015,농촌지도기반조성(청년농 도약 실습형 스마트팜 구축),강원홍천군,강원,지방,창업·농어업,기반·운영,9.0,3.58,찾지 못함,,,청년농촌보금자리조성,0.444
6500000202330131,청년 희망이음 일자리(청년인턴)사업,제주본청,제주,지방,취업·일경험,대상자 지원,9.0,4.58,있음,20260421005400212822,청년 희망이음 일자리(청년인턴)사업,청년 희망이음 일자리(청년인턴)사업,1.12
3160000202330107,청년창업기금 조성,서울구로구,서울,지방,창업·농어업,기반·운영,9.0,1.0,찾지 못함,,,서울 청년 밀키트 창업지원,0.653
5710000202630332,사회연대경제 청년 일경험 시범사업,충북청주시,충북,지방,취업·일경험,대상자 지원,8.99,4.09,있음,,,사회연대경제 청년 일경험 시범 지원,1.0
5350000201830185,청년농업인 영농정착 지원사업,경남김해시,경남,지방,창업·농어업,대상자 지원,8.94,8.54,있음,20260408005400212643,청년농업인 영농정착지원,청년농업인 영농정착지원,1.12
4060000202230113,청년월세 지원(국비),경기파주시,경기,지방,주거,대상자 지원,8.9,1.98,있음,,,(국토부) 26년 청년월세 지원사업,0.8
3210000202330076,청년센터 운영,서울서초구,서울,지방,정책기반,기반·운영,8.89,6.69,있음,,,서울광역청년센터 운영,0.92
4070000202330065,청년일자리 공공인턴사업,경기이천시,경기,지방,취업·일경험,대상자 지원,8.84,6.41,찾지 못함,,,경기청년 일자리 매치업 플러스,0.665
5690000202030089,청년센터 운영,세종본청,세종,지방,정책기반,기반·운영,8.82,6.68,있음,,,세종 청년센터 운영,0.92
62600002019300C2,청년두드림센터 운영,부산본청,부산,지방,정책기반,기반·운영,8.8,8.8,있음,20260513005400213203,부산 청년두드림센터 운영,부산 청년두드림센터 운영,1.12
6310000202430104,가족돌봄청년 지원 시범사업,울산본청,울산,지방,정책기반,대상자 지원,8.78,8.78,있음,,,가족돌봄청년 전담지원 시범사업,1.043
654000020243029D,위기청년 전담지원(가족돌봄),전북본청,전북,지방,정책기반,대상자 지원,8.78,7.44,있음,,,위기청년 자립지원(시설퇴소청소년 자립지원수당 지원),0.75
62800002024302F2,新취약청년(가족돌봄) 전담지원 사업(보조),인천본청,인천,지방,정책기반,대상자 지원,8.78,8.78,있음,,,청년도전지원사업,0.898
64300002024302AA,가족돌봄청년 지원,충북본청,충북,지방,정책기반,대상자 지원,8.78,8.78,있음,,,가족돌봄청년 전담지원 시범사업,1.02
360000020193003E,자립준비청년자립수당지원,전남광주서구,광주,지방,금융·생활안정,대상자 지원,8.76,6.36,있음,,,자립준비청년 자립수당 지급,0.917
4500000202230157,청년월세 지원사업,충남공주시,충남,지방,주거,대상자 지원,8.75,2.8,있음,,,청년농 지원사업 홍보,0.826
6460000202330109,자립준비청년 자립지원 체계 구축( 자립지원 사업비) (전남),전남광주본청,전남,지방,금융·생활안정,대상자 지원,8.75,7.79,있음,,,자립준비청년 자립지원 사업,0.9
61100002013300FB,청년 정책 추진을 위한 민관협력,서울본청,서울,지방,정책기반,기타,8.75,2.25,찾지 못함,,,가족돌봄청년을 위한 사회서비스 지원,0.52
4940000201930013,청년정책 추진,전남광주영암군,전남,지방,정책기반,기타,8.73,5.72,있음,,,청년정책 서포터즈 2기,0.92
019-541-1000-1061-350,청년내일채움공제(고보),고용노동부,중앙,중앙,정책기반,기타,8.72,5.88,찾지 못함,,,청년 자산형성 지원(청년도약계좌),0.8
486000020193004C,청년농업인 영농정착 지원사업,전남광주곡성군,전남,지방,창업·농어업,대상자 지원,8.66,5.36,있음,,,청년농업인 스타트업(초기창업) 지원사업,0.812
45800002020300C3,청년기금운용,충남서천군,충남,지방,정책기반,기타,8.64,4.67,찾지 못함,,,충청남도 청년센터 운영,0.62
6410000200832060,자립준비청년 자립지원정착금 지원(자체/지원),경기본청,경기,지방,금융·생활안정,대상자 지원,8.57,6.42,있음,,,자립준비청년 주거비 지원사업,0.72
65300002026301BA,사회연대경제 청년 일경험 시범사업(국고),강원본청,강원,지방,취업·일경험,대상자 지원,8.56,3.69,있음,,,사회연대경제 청년 일경험 시범 지원,1.0
369000020223008B,청년월세 한시 특별지원,울산중구,울산,지방,주거,대상자 지원,8.56,1.39,있음,20250714005400111222,청년월세 한시 특별지원사업,청년월세 한시 특별지원사업,1.12
54500002018300C5,청년 농업인 영농정착 지원,경남산청군,경남,지방,창업·농어업,대상자 지원,8.53,5.31,있음,20260408005400212643,청년농업인 영농정착지원,청년농업인 영농정착지원,1.12
3190000202530047,10.청년 신혼부부 주거안정 지원,서울동작구,서울,지방,주거,대상자 지원,8.52,5.3,찾지 못함,,,청년과 어르신 주거공유(한지붕세대공감),0.575
5150000202430098,청년농부인큐베이팅허브구축(2026)(도비)(지방소멸대응기금)(전환사업),경북의성군,경북,지방,창업·농어업,기타,8.5,2.86,찾지 못함,,,청년농부 창농기반 구축,0.642
41900002018300FE,청년농업인 영농정착 지원,강원원주시,강원,지방,창업·농어업,대상자 지원,8.47,3.41,있음,20250430005400210740,청년농업인 영농정착 지원,청년농업인 영농정착 지원,1.12
5540000202230127,청년월세 한시 특별지원,경기광주시,경기,지방,주거,대상자 지원,8.47,1.58,있음,,,(국토부) 26년 청년월세 지원사업,0.9
483000020223007F,청년월세 지원사업,전남광주나주시,전남,지방,주거,대상자 지원,8.44,1.66,있음,,,청년월세지원,0.92
61100002026300DC,서울시 가족돌봄청년 지원,서울본청,서울,지방,정책기반,대상자 지원,8.43,3.67,있음,,,가족돌봄청년을 위한 사회서비스 지원,0.92
39300002023302BA,국도비보조금집행잔액반환(청년정책관),경기안산시,경기,지방,정책기반,기타,8.42,0.26,찾지 못함,,,,
3290000201930056,자립준비청년 자립수당 지원,부산부산진구,부산,지방,금융·생활안정,대상자 지원,8.4,5.46,있음,20260430005400212954,부산 자립준비청년 자립수당 지원,부산 자립준비청년 자립수당 지원,1.12
56700002019302B5,자립준비청년 자립수당 지원,경남창원시,경남,지방,금융·생활안정,대상자 지원,8.4,4.98,있음,,,자립준비청년 자립프로그램 운영,1.02
40000002022300A1,청년월세 한시 특별지원,경기오산시,경기,지방,주거,대상자 지원,8.36,1.94,있음,,,(국토부) 26년 청년월세 지원사업,0.9
44700002018300B1,청년 농업인 영농정착 지원사업,충북음성군,충북,지방,창업·농어업,대상자 지원,8.31,4.3,있음,,,청년후계농 영농정착 지원,0.898
4240000200730428,대학생 아르바이트 운영,강원삼척시,강원,지방,교육·역량,기타,8.3,8.27,있음,20260522005400213219,대학생 아르바이트 운영,대학생 아르바이트 운영,1.12
62800002024302EB,청년 문화예술패스 지원,인천본청,인천,지방,문화·건강,대상자 지원,8.24,7.41,있음,20250718005400211459,청년 문화예술패스 지원,청년 문화예술패스 지원,1.12
5400000201830056,청년농업인 영농정착 지원,경남함안군,경남,지방,창업·농어업,대상자 지원,8.23,0.8,있음,20260408005400212643,청년농업인 영농정착지원,청년농업인 영농정착지원,1.12
5420000202530205,청년 소규모 스마트팜 조성사업,경남고성군,경남,지방,창업·농어업,기반·운영,8.18,5.62,있음,20250918005400211768,청년 소규모 스마트팜 조성,청년 소규모 스마트팜 조성,1.12
45700002023301BF,청년농업인  육성,충남부여군,충남,지방,창업·농어업,기타,8.14,5.68,있음,,,청년농업인 육성을 위한 충남형 사회적 농업 지원,1.02
36800002022300BB,청년월세한시특별지원사업(국비),대전대덕구,대전,지방,주거,대상자 지원,8.14,2.88,있음,,,(국토부) 26년 청년월세 지원사업,0.9
6260000202030324,청년활력 및 자립지원 사업,부산본청,부산,지방,금융·생활안정,대상자 지원,8.1,8.1,있음,,,부산 청년도전 지원사업,0.752
332000020223003A,청년월세 특별지원 사업,부산북구,부산,지방,주거,대상자 지원,8.08,2.52,있음,,,부산 청년 월세 지원,1.02
49700002022300B1,전남청년 문화복지 카드,전남광주영광군,전남,지방,문화·건강,대상자 지원,8.06,8.06,있음,20250516005400210831,전남청년 문화복지카드,전남청년 문화복지카드,1.12
485000020263008B,청년농 스마트팜 인프라 구축(2026),전남광주담양군,전남,지방,창업·농어업,기타,8.0,0.0,있음,,,청년농업인 스마트팜 자립기반 구축,0.787
647000020213013A,청년애꿈수당,경북본청,경북,지방,금융·생활안정,대상자 지원,8.0,8.0,있음,20250827005400211527,2025 경북 청년애꿈 수당 사업(근속장려수당),2025 경북 청년애꿈 수당 사업(근속장려수당),1.12
4710000202330195,청년농촌보금자리 조성사업(보조),전북김제시,전북,지방,창업·농어업,기반·운영,8.0,0.0,있음,20250716005400211289,청년농촌보금자리 조성사업,청년농촌보금자리 조성사업,1.12
366000020183000E,청년활동공간 조성,대전서구,대전,지방,정책기반,기반·운영,7.99,7.95,찾지 못함,,,청년 네트워크 활성화 지원사업,0.591
4890000201830045,청년 농업인 영농정착 지원,전남광주보성군,전남,지방,창업·농어업,대상자 지원,7.97,4.07,있음,,,청년농업인 연구동아리 지원,0.729
62800002018300BD,인천 청년공간 유유기지 운영,인천본청,인천,지방,정책기반,기타,7.97,7.97,찾지 못함,,,2026년 인천 청년도약기지(취업아카데미),0.691
44000002022300BD,청년월세 한시 특별지원 사업(보조),충북제천시,충북,지방,주거,대상자 지원,7.97,1.6,있음,20250220005400210504,청년월세한시특별지원,청년월세한시특별지원,1.12
5020000201830106,청년농업인영농정착지원<보조>,경북포항시,경북,지방,창업·농어업,대상자 지원,7.95,4.1,찾지 못함,,,청년스타트업 지원,0.646
64600002018300EA,청년센터 활성화 (전남),전남광주본청,전남,지방,정책기반,기타,7.93,7.71,있음,,,광주청년센터 운영,1.02
481000020173000C,전남 청년 근속장려금 지원사업,전남광주여수시,전남,지방,취업·일경험,대상자 지원,7.93,3.83,있음,20250710005400211181,전남 청년 근속장려금,전남 청년 근속장려금,1.12
4820000202530103,청년도전지원사업,전남광주순천시,전남,지방,취업·일경험,대상자 지원,7.92,7.92,있음,,,청년도전지원사업,0.8
4010000202530165,청년도전지원사업,경기시흥시,경기,지방,취업·일경험,대상자 지원,7.92,6.72,있음,,,청년도전지원사업,0.8
3980000202230054,근로능력있는수급자의탈수급지원(청년),경기구리시,경기,지방,취업·일경험,대상자 지원,7.92,6.96,찾지 못함,,,중증장애인근로자 출퇴근 비용 지원,0.333
50500002025302CC,청년도전 지원사업,경북경주시,경북,지방,취업·일경험,대상자 지원,7.92,3.96,있음,,,2025년 청년도전 지원사업,0.92
344000020243005D,청년 도전 지원사업,대구남구,대구,지방,정책기반,대상자 지원,7.92,7.92,있음,,,청년도전지원사업 젊핑(대구시),0.92
347000020223009A,청년도전 지원사업,대구달서구,대구,지방,취업·일경험,대상자 지원,7.92,7.92,있음,,,청년도전지원사업 젊핑(대구시),0.92
6410000201930172,경기도 대학생 드림링크 직무실습(자체/직접),경기본청,경기,지방,교육·역량,기타,7.9,5.92,찾지 못함,,,대학생 장학금 지원,0.473
45800002016300A6,청년 농업인 영농 정착 지원,충남서천군,충남,지방,창업·농어업,대상자 지원,7.89,7.81,있음,,,청년후계농업인 영농정착 지원,1.037
62600002018301B2,청년농업인영농정착지원,부산본청,부산,지방,창업·농어업,대상자 지원,7.85,4.9,찾지 못함,,,부산 청년고용 우수기업 인증·지원,0.642
3650000202230075,청년월세 한시 특별지원사업,대전중구,대전,지방,주거,대상자 지원,7.82,3.28,있음,,,(국토부) 26년 청년월세 지원사업,0.9
62600002024301F2,청년문화예술패스 사업(국가직접지원),부산본청,부산,지방,문화·건강,대상자 지원,7.81,7.81,있음,20260513005400213192,부산 청년문화예술패스,부산 청년문화예술패스,1.12
418000020193023B,청년창업 활성화 지원,강원춘천시,강원,지방,창업·농어업,대상자 지원,7.8,7.05,있음,,,청년농업인 육성지원,0.787
4690000202230011,청년창업ㆍ일자리육성,전북정읍시,전북,지방,창업·농어업,대상자 지원,7.8,2.7,있음,,,청년나래 일자리 지원사업,0.745
5150000201930084,청년농업인육성(도비),경북의성군,경북,지방,창업·농어업,기타,7.78,1.69,있음,,,경북청년 예비창업가 육성사업,0.745
526000020263004A,울릉섬청년보금자리사업(자체),경북울릉군,경북,지방,주거,기타,7.77,7.77,있음,,,경북 산촌어촌 청년일자리사업,0.72
4680000202330409,신혼부부 및 청년 공공임대주택 임대보증금 지원사업,전북익산시,전북,지방,주거,대상자 지원,7.71,7.16,있음,,,신혼부부·청년 주택구입 대출이자 지원사업,0.77
62600002026300A1,부산청년 잡(JOB)매칭 인턴사업,부산본청,부산,지방,취업·일경험,대상자 지원,7.7,7.7,있음,20260429005400212910,부산청년 잡(JOB)매칭 인턴사업,부산청년 잡(JOB)매칭 인턴사업,1.12
5710000201930002,청년농업인 창업 지원사업,충북청주시,충북,지방,창업·농어업,대상자 지원,7.7,1.51,있음,,,충북 창업인재 지원사업,0.752
49300002022300B6,전남청년 문화복지카드,전남광주해남군,전남,지방,문화·건강,대상자 지원,7.68,6.15,있음,20250516005400210831,전남청년 문화복지카드,전남청년 문화복지카드,1.12
40000002023300B9,청년내일저축계좌(국비),경기오산시,경기,지방,금융·생활안정,대상자 지원,7.62,5.8,있음,,,청년내일저축계좌 운영,1.0
537000020223015C,청년월세 한시 특별지원,경남거제시,경남,지방,주거,대상자 지원,7.6,1.24,있음,,,청년 월세 지원,1.02
4720000202030106,전북청년 지역정착 지원사업,전북완주군,전북,지방,정책기반,대상자 지원,7.58,2.71,있음,20250113005400210206,전북청년 지역정착 지원사업,전북청년 지역정착 지원사업,1.12
53500002020301F2,청년센터 운영,경남김해시,경남,지방,정책기반,기반·운영,7.57,7.05,찾지 못함,,,새일센터 지정 운영,0.691
408000020253008C,근로능력 있는 수급자의 탈 수급 지원(청년),경기안성시,경기,지방,취업·일경험,대상자 지원,7.57,6.75,찾지 못함,,,중증장애인근로자 출퇴근 비용 지원,0.333
5160000201830063,청년농업인영농정착지원,경북청송군,경북,지방,창업·농어업,대상자 지원,7.57,3.09,찾지 못함,,,청년스타트업 지원,0.646
643000020163029C,청년지원 네트워크 강화운영,충북본청,충북,지방,참여·권리,대상자 지원,7.57,7.57,있음,,,청년농부 네트워크 지원,0.977
54200002024301B3,청년창업농 맞춤형 지원,경남고성군,경남,지방,창업·농어업,대상자 지원,7.56,0.82,있음,20250918005400211773,청년 창업농 맞춤형 지원,청년 창업농 맞춤형 지원,1.12
4710000202430042,청년창업·정착지원 앵커센터 운영(26년 지방소멸대응기금),전북김제시,전북,지방,창업·농어업,기반·운영,7.56,6.55,있음,,,청년창업농 영농정착지원사업,0.752
3100000202030018,노원 청년일삶센터 운영,서울노원구,서울,지방,정책기반,기반·운영,7.55,3.56,있음,,,서울광역청년센터 운영,0.787
459000020233018F,인구청년정책 운영,충남청양군,충남,지방,정책기반,기타,7.53,5.43,있음,,,충청남도 청년정책 조정위원회 운영,0.752
611000020253048D,청년 친화도시 조성,서울본청,서울,지방,정책기반,기반·운영,7.5,5.25,있음,,,청년친화도시 확산,0.75
3110000202130105,청년도전 지원사업,서울은평구,서울,지방,취업·일경험,대상자 지원,7.49,7.49,있음,,,청년예술지원사업,0.87
406000020243013D,청년도전지원사업,경기파주시,경기,지방,취업·일경험,대상자 지원,7.49,6.6,있음,,,청년도전지원사업,0.8
3130000201930018,마포청년창업취업지원센터 나루 운영,서울마포구,서울,지방,창업·농어업,대상자 지원,7.48,5.48,찾지 못함,,,서울광역청년센터 운영,0.62
30300002025300CC,성동청년 창업이룸센터 운영,서울성동구,서울,지방,창업·농어업,기반·운영,7.43,5.73,있음,,,서울광역청년센터 운영,0.72
43900002018300CD,청년농업인 영농정착지원,충북충주시,충북,지방,창업·농어업,대상자 지원,7.4,1.2,있음,,,청년후계농 영농정착 지원,0.938
40900002018300BF,청년농업인 영농정착 지원,경기김포시,경기,지방,창업·농어업,대상자 지원,7.38,3.8,있음,20251107005400211815,청년농업인 영농정착지원,청년농업인 영농정착지원,1.12
310000020213016F,공릉동 청년 · 문화 복합시설 건립,서울노원구,서울,지방,문화·건강,기반·운영,7.31,0.0,찾지 못함,,,서울청년문화패스,0.541
48300002021300FB,청년부부 결혼축하금 지원,전남광주나주시,전남,지방,금융·생활안정,대상자 지원,7.3,7.3,찾지 못함,,,청년월세지원,0.591
301000020263000E,청년센터 운영,서울중구,서울,지방,정책기반,기반·운영,7.3,2.72,있음,,,서울광역청년센터 운영,0.92
3250000202230042,청년월세 한시 특별지원사업,부산중구,부산,지방,주거,대상자 지원,7.29,2.15,있음,,,부산 청년 월세 지원,1.02
3040000201930042,서울청년센터 광진 운영,서울광진구,서울,지방,정책기반,기타,7.27,5.55,있음,,,서울광역청년센터 운영,0.87
5690000202130075,청년농업인 영농정착지원,세종본청,세종,지방,창업·농어업,대상자 지원,7.26,3.58,있음,20250909005400211682,청년농업인(후계농) 영농정착 지원,청년농업인(후계농) 영농정착 지원,1.12
5080000202430023,청년농업인육성,경북구미시,경북,지방,창업·농어업,기타,7.25,7.16,있음,,,경북청년 예비창업가 육성사업,0.745
43400002023300EF,봉포리 청년 상상마당 조성(자체),강원고성군,강원,지방,정책기반,기반·운영,7.22,1.09,찾지 못함,,,강원 고성군 청년 취업수당 지원,0.473
494000020223008A,청년 문화복지 카드 사업,전남광주영암군,전남,지방,문화·건강,대상자 지원,7.22,7.22,있음,20250516005400210831,전남청년 문화복지카드,전남청년 문화복지카드,1.12
3730000202530005,청년 주택 임차비용 지원,울산울주군,울산,지방,주거,대상자 지원,7.22,3.67,있음,,,청년 주택임차보증금 이자지원,0.816
343000020223001F,청년월세 한시 특별지원,대구서구,대구,지방,주거,대상자 지원,7.22,2.65,있음,,,청년월세 특별지원(2차),1.009
393000020193009C,자립준비청년 자립수당 지원,경기안산시,경기,지방,금융·생활안정,대상자 지원,7.2,4.51,있음,,,자립준비청년 자립수당 지급,0.917
4870000201830069,청년 농업인 영농정착 지원사업,전남광주구례군,전남,지방,창업·농어업,대상자 지원,7.13,3.64,있음,,,청년농업인 스타트업(초기창업) 지원사업,0.812
48100002019301BC,청년 희망 디딤돌 통장사업,전남광주여수시,전남,지방,금융·생활안정,기타,7.13,7.13,있음,20250119005400210340,청년 희망디딤돌 통장 운영,청년 희망디딤돌 통장 운영,1.12
6500000201930197,청년 취·창업지원,제주본청,제주,지방,창업·농어업,대상자 지원,7.13,4.34,있음,,,혁신인재 플랫폼 제주더큰내일센터 운영,0.92
3030000202330061,사회적고립청년 지원 사업(보조),서울성동구,서울,지방,정책기반,대상자 지원,7.09,7.05,있음,,,서울시 고립·은둔청년 지원사업,0.92
56700002024301F3,청년도전지원사업,경남창원시,경남,지방,취업·일경험,대상자 지원,7.09,6.6,있음,,,청년일자리 도전 지원사업,0.92
53400002023302E7,청년도전 지원사업,경남사천시,경남,지방,취업·일경험,대상자 지원,7.09,6.6,있음,,,청년일자리 도전 지원사업,0.92
402000020223009E,청년월세 지원사업(국도시),경기군포시,경기,지방,주거,대상자 지원,7.09,1.41,있음,,,(국토부) 26년 청년월세 지원사업,0.8
3940000201830108,청년농업인 영농정착 지원사업,경기고양시,경기,지방,창업·농어업,대상자 지원,7.08,1.05,있음,20251107005400211815,청년농업인 영농정착지원,청년농업인 영농정착지원,1.12
473000020183007B,청년 농업인 영농정착 지원,전북진안군,전북,지방,창업·농어업,대상자 지원,7.08,7.08,있음,,,청년창업농 영농정착지원사업,0.92
3480000201830101,청년 농업인 영농정착지원,대구달성군,대구,지방,창업·농어업,대상자 지원,7.06,3.93,있음,20250724005400111489,청년농업인 영농정착지원사업,청년농업인 영농정착지원사업,1.12
4271000202530192,청년창업 상상허브 조성(특교세),강원영월군,강원,지방,창업·농어업,기반·운영,7.0,4.26,찾지 못함,,,청년농업인 육성지원,0.591
4580000201930129,청년기금 전출금,충남서천군,충남,지방,정책기반,기타,7.0,7.0,찾지 못함,,,충청남도 청년센터 운영,0.484
3170000201630011,청년활동공간(서울청년센터금천 청춘삘딩) 운영,서울금천구,서울,지방,정책기반,기타,7.0,6.98,찾지 못함,,,청년예술청 운영,0.653
51300002016300B5,(도비보조)대학일자리플러스센터 지원사업(국가직접지원),경북경산시,경북,지방,취업·일경험,대상자 지원,7.0,7.0,있음,,,대학일자리플러스센터 지원,0.787
344000020263004F,청년둥지(N.E.S.T) 프로젝트(창업성장 지원),대구남구,대구,지방,창업·농어업,대상자 지원,7.0,7.0,찾지 못함,,,대구청년정책네트워크,0.495
42800002018300A6,청년농업인 영농정착지원(보조),강원평창군,강원,지방,창업·농어업,대상자 지원,6.99,2.79,있음,20250430005400210740,청년농업인 영농정착 지원,청년농업인 영농정착 지원,1.12
4950000202430054,청년부부 결혼축하금 지원 사업,전남광주무안군,전남,지방,금융·생활안정,대상자 지원,6.96,6.96,찾지 못함,,,전남 청년 희망 일자리 지원사업,0.62
3110000202030138,서울청년센터 은평 운영,서울은평구,서울,지방,정책기반,기타,6.93,5.99,있음,,,서울광역청년센터 운영,0.92
650000020243020D,청년도전지원사업,제주본청,제주,지방,취업·일경험,대상자 지원,6.92,6.92,있음,,,청년도전지원사업,0.92
3170000202430095,청년도전 지원사업,서울금천구,서울,지방,취업·일경험,대상자 지원,6.92,6.6,있음,,,청년예술지원사업,0.87
3120000201730023,청년 활동 지원,서울서대문구,서울,지방,정책기반,대상자 지원,6.92,6.76,찾지 못함,,,서울청년문화패스 지원,0.691
4770000201830024,청년농업인 영농정착 지원사업,전북순창군,전북,지방,창업·농어업,대상자 지원,6.92,4.3,있음,,,청년창업농 영농정착지원사업,0.966
54000002024300F1,청년 창업농 맞춤형 지원,경남함안군,경남,지방,창업·농어업,대상자 지원,6.9,3.9,있음,20250918005400211773,청년 창업농 맞춤형 지원,청년 창업농 맞춤형 지원,1.12
3180000201930016,4차산업 청년취업지원,서울영등포구,서울,지방,취업·일경험,대상자 지원,6.85,6.63,찾지 못함,,,서울 청년 밀키트 창업지원,0.646
626000020243001E,청년 로컬크리에이터 레벨업,부산본청,부산,지방,창업·농어업,기타,6.83,6.83,있음,20260513005400213189,부산 청년 로컬크리에이터 레벨업,부산 청년 로컬크리에이터 레벨업,1.12
3900000202130106,청년동 운영,경기광명시,경기,지방,정책기반,기타,6.81,6.47,있음,,,청년 노동자 통장 운영,0.834
6280000202330040,자립준비청년 자립정착금 지원,인천본청,인천,지방,금융·생활안정,대상자 지원,6.8,5.05,있음,20250718005400211453,자립준비청년 자립정착금 지원,자립준비청년 자립정착금 지원,1.12
509000020223009C,(국)청년월세지원사업,경북영주시,경북,지방,주거,대상자 지원,6.78,1.5,있음,,,청년 신혼부부 월세 지원사업,0.92
4190000201930091,보호종료아동 자립수당 지원,강원원주시,강원,지방,금융·생활안정,대상자 지원,6.77,3.96,찾지 못함,,,자립준비청년 자립수당 지원,0.62
32000002019300C6,으뜸관악 청년통장 지원,서울관악구,서울,지방,금융·생활안정,대상자 지원,6.77,4.14,찾지 못함,,,서울청년문화패스 지원,0.564
50200002025301EC,청년도전지원사업<보조>,경북포항시,경북,지방,취업·일경험,대상자 지원,6.76,6.6,있음,,,2025년 청년도전 지원사업,0.92
4181000202430110,청년도전지원사업 운영,강원춘천시,강원,지방,취업·일경험,대상자 지원,6.75,6.6,있음,,,청년도전지원사업,0.8
4200000202230185,청년도전 지원사업,강원강릉시,강원,지방,취업·일경험,대상자 지원,6.75,6.75,있음,,,청년도전지원사업,0.8
64500002019301C8,자립준비청년 자립지원 체계 구축(성인지예산),전북본청,전북,지방,금융·생활안정,대상자 지원,6.75,5.3,있음,20250729005400111501,자립준비청년 자립지원 체계 구축,자립준비청년 자립지원 체계 구축,1.12
305000020233007F,청년도전 지원사업,서울동대문구,서울,지방,취업·일경험,대상자 지원,6.73,6.6,있음,,,청년예술지원사업,0.87
3620000201930051,자립준비청년자립수당지원,전남광주북구,광주,지방,금융·생활안정,대상자 지원,6.72,4.12,있음,,,자립준비청년 자립수당 지급,0.917
4590000201330076,청년 일자리사업,충남청양군,충남,지방,취업·일경험,기타,6.71,3.78,있음,,,찾아가는 청년일자리버스(소통공간),1.02
45500002022300B3,청년후계농 영농정착 지원(균특),충남금산군,충남,지방,창업·농어업,대상자 지원,6.68,4.17,있음,,,청년후계농업인 영농정착 지원,1.037
6500000201630238,대학일자리플러스센터 사업 지원(성인지예산),제주본청,제주,지방,취업·일경험,대상자 지원,6.68,6.68,찾지 못함,,,,
3160000202630017,청년도전지원사업,서울구로구,서울,지방,취업·일경험,대상자 지원,6.67,6.6,있음,,,청년예술지원사업,0.87
46800002023303CE,청년도전 지원사업,전북익산시,전북,지방,취업·일경험,대상자 지원,6.67,6.6,있음,,,청년도전지원사업 참여자 모집(전북),0.92
45000002021301EC,청년센터 운영,충남공주시,충남,지방,정책기반,기반·운영,6.66,6.38,있음,,,충청남도 청년센터 운영,0.92
61100002020304C0,청년 시정체험 아르바이트 운영,서울본청,서울,지방,정책기반,기타,6.66,6.26,찾지 못함,,,청년예술청 운영,0.52
611000020253031B,대학생 동아리 사회기여활동 지원,서울본청,서울,지방,교육·역량,대상자 지원,6.66,3.77,있음,,,대학생 동아리 사회기여활동 지원,1.0
567000020263016A,사회연대경제 청년 일경험,경남창원시,경남,지방,취업·일경험,대상자 지원,6.66,0.0,있음,,,청년 일경험 지원,1.02
3630000201930049,자립준비청년자립수당,전남광주광산구,광주,지방,금융·생활안정,대상자 지원,6.66,4.16,있음,,,자립준비청년 자립수당 지급,0.909
46700002023302CF,신혼부부 및 청년 공공임대주택 임대보증금 지원사업,전북군산시,전북,지방,주거,대상자 지원,6.66,6.51,찾지 못함,,,2025년 군산시 신혼부부 주택 전세자금 대출이자 지원사업,0.67
57000002019300C2,청년기본소득 지급,경기여주시,경기,지방,금융·생활안정,기타,6.64,4.07,있음,,,경기도 청년기본소득,1.02
34500002025300CA,청년도전지원사업,대구북구,대구,지방,취업·일경험,대상자 지원,6.64,6.64,있음,,,청년도전지원사업 젊핑(대구시),0.92
3100000202330153,청년도전 지원사업,서울노원구,서울,지방,취업·일경험,대상자 지원,6.63,6.63,있음,,,청년예술지원사업,0.87
3200000202230015,관악청년청 운영,서울관악구,서울,지방,정책기반,기타,6.63,5.49,있음,,,청년예술청 운영,0.834
650000020263023C,사회연대경제 청년 일경험 시범사업,제주본청,제주,지방,취업·일경험,대상자 지원,6.62,4.34,있음,,,청년 일 경험(기업탐방형) 프로그램 운영,1.02
3130000202330072,청년도전 지원사업,서울마포구,서울,지방,취업·일경험,대상자 지원,6.61,6.61,있음,,,청년예술지원사업,0.87
4190000202230136,청년도전지원,강원원주시,강원,지방,취업·일경험,대상자 지원,6.6,6.6,있음,,,2025년 청년도전지원사업(원주시),0.92
330000020243008A,청년도전 지원사업,부산동래구,부산,지방,취업·일경험,대상자 지원,6.6,6.6,있음,,,부산 청년도전 지원사업,0.92
4800000201930026,자립준비청년 자립수당,전남광주목포시,전남,지방,금융·생활안정,대상자 지원,6.6,3.41,있음,,,자립준비청년 자립수당 지급,0.909
484000020243015C,청년도전지원사업,전남광주광양시,전남,지방,취업·일경험,대상자 지원,6.6,5.89,있음,,,청년도전지원사업,0.8
31400002024300C1,청년도전지원사업 운영,서울양천구,서울,지방,취업·일경험,대상자 지원,6.6,6.6,있음,,,청년도전지원사업,0.8
30800002023300BC,청년도전 지원사업(고용노동부 공모사업),서울강북구,서울,지방,취업·일경험,대상자 지원,6.6,6.6,있음,,,청년예술지원사업,0.87
3040000202430073,청년도전지원사업,서울광진구,서울,지방,취업·일경험,대상자 지원,6.6,6.6,있음,,,청년예술지원사업,0.87
320000020243008D,청년도전지원사업,서울관악구,서울,지방,취업·일경험,대상자 지원,6.6,5.8,있음,,,청년예술지원사업,0.87
5350000202530130,청년도전지원사업,경남김해시,경남,지방,취업·일경험,대상자 지원,6.6,6.6,있음,,,청년일자리 도전 지원사업,0.92
5330000202430104,청년도전지원사업,경남통영시,경남,지방,취업·일경험,대상자 지원,6.6,6.6,있음,,,청년일자리 도전 지원사업,0.92
399000020253005A,청년 주거 지원사업,경기남양주시,경기,지방,주거,대상자 지원,6.6,2.64,있음,,,자립준비청년 주거비 지원사업,0.92
37400002024301BD,청년도전 지원 사업(국비),경기수원시,경기,지방,취업·일경험,대상자 지원,6.6,6.6,있음,,,청년도전지원사업,0.8
38300002023301B9,청년도전 지원사업,경기안양시,경기,지방,취업·일경험,대상자 지원,6.6,6.6,있음,,,청년도전지원사업,0.8
3990000202430269,청년도전지원사업,경기남양주시,경기,지방,취업·일경험,대상자 지원,6.6,6.6,있음,,,청년도전지원사업,0.8
3420000202330189,청년도전 지원사업,대구동구,대구,지방,취업·일경험,대상자 지원,6.6,6.6,있음,,,청년도전지원사업 젊핑(대구시),0.92
34600002022300DA,청년도전 지원사업,대구수성구,대구,지방,취업·일경험,대상자 지원,6.6,6.6,있음,,,청년도전지원사업 젊핑(대구시),0.92
449000020223007F,청년 행정체험 프로그램,충남천안시,충남,지방,취업·일경험,기타,6.59,6.43,있음,20260504005400213047,청년 행정체험 프로그램,청년 행정체험 프로그램,1.12
54700002025300F1,청년친화도시 사업 운영,경남거창군,경남,지방,정책기반,기타,6.58,1.57,있음,,,청년친화도시 확산,0.9
442000020183005F,청년 농업인 영농정착 지원사업,충북보은군,충북,지방,창업·농어업,대상자 지원,6.58,3.44,있음,,,청년후계농 영농정착 지원,0.898
6500000201930102,보호종료아동자립수당 자치단체경상보조,제주본청,제주,지방,금융·생활안정,대상자 지원,6.57,3.77,있음,,,보호종료아동 자립지원,1.02
31600002017300C3,구로청년공간 청년이룸 운영,서울구로구,서울,지방,정책기반,기타,6.56,6.56,찾지 못함,,,청년예술청 운영,0.646
497000020263010B,청년 자립형 스마트팜 조성(2026년 소멸대응기금),전남광주영광군,전남,지방,창업·농어업,기반·운영,6.54,0.37,찾지 못함,,,전남형 청년마을 조성사업,0.676
6410000202530318,경기도 청년기본소득 운영 지원(자체/직접),경기본청,경기,지방,금융·생활안정,대상자 지원,6.53,4.93,있음,20250515005400210826,경기도 청년기본소득,경기도 청년기본소득,1.12
6460000202330375,자립준비청년 자립지원 체계 구축(자립지원 전담인력 배치) (전남),전남광주본청,전남,지방,금융·생활안정,대상자 지원,6.51,4.95,있음,,,자립준비청년 자립지원 사업,0.9
6500000202630198,청년 일자리 지원사업(성인지예산),제주본청,제주,지방,취업·일경험,대상자 지원,6.5,3.47,있음,20250115005400210305,2025년 청년 일자리 지원 프로그램,2025년 청년 일자리 지원 프로그램,1.12
6410000202530004,경기 고립은둔청년 지원(자체/직접),경기본청,경기,지방,정책기반,대상자 지원,6.5,6.5,있음,20251231005400212062,경기 고립은둔청년 지원,경기 고립은둔청년 지원,1.12
513000020233009D,(자체사업)경산청년지식놀이터 운영,경북경산시,경북,지방,정책기반,기타,6.5,6.5,있음,20250901005400211564,경산청년지식놀이터 운영,경산청년지식놀이터 운영,1.12
344000020263004D,청년둥지(N.E.S.T) 프로젝트(정착 통합 지원),대구남구,대구,지방,정책기반,대상자 지원,6.5,6.5,찾지 못함,,,대구청년정책네트워크,0.495
41400002018300F7,청년농업인 영농정착 지원사업(국비),경기연천군,경기,지방,창업·농어업,대상자 지원,6.48,6.49,있음,20251107005400211815,청년농업인 영농정착지원,청년농업인 영농정착지원,1.12
4680000201130103,대학생 행정인턴 사업,전북익산시,전북,지방,교육·역량,대상자 지원,6.47,6.3,찾지 못함,,,학예사 인턴 운영,0.62
4840000201630012,전남 청년 근속장려금 지원사업,전남광주광양시,전남,지방,취업·일경험,대상자 지원,6.45,2.91,있음,20250710005400211181,전남 청년 근속장려금,전남 청년 근속장려금,1.12
5360000202130014,청년 아르바이트,경남밀양시,경남,지방,정책기반,기타,6.44,5.19,찾지 못함,,,청년 창업아카데미 운영,0.52
46900002019300F6,전북청년 지역정착 지원사업(전북형 청년수당),전북정읍시,전북,지방,금융·생활안정,대상자 지원,6.44,4.7,있음,20250113005400210206,전북청년 지역정착 지원사업,전북청년 지역정착 지원사업,1.12
5670000202230230,보전지출(청년정책담당관),경남창원시,경남,지방,정책기반,기타,6.42,0.0,찾지 못함,,,,
3550000202330011,청년월세 한시 특별지원(국토부형),인천계양구,인천,지방,주거,대상자 지원,6.42,2.45,있음,,,(국토부) 26년 청년월세 지원사업,0.9
4820000201930280,청년 희망디딤돌 통장사업,전남광주순천시,전남,지방,금융·생활안정,기타,6.41,4.27,있음,20250119005400210340,청년 희망디딤돌 통장 운영,청년 희망디딤돌 통장 운영,1.12
6410000202030347,말산업 청년인턴 취업지원(자체/지원),경기본청,경기,지방,취업·일경험,대상자 지원,6.41,6.35,찾지 못함,,,청년 융합기술 창업지원,0.596
489000020243006E,청년농업인 스마트팜 자립기반 구축 지원(도비),전남광주보성군,전남,지방,창업·농어업,대상자 지원,6.4,6.4,있음,20250119005400210335,청년농업인 스마트팜 자립기반 구축,청년농업인 스마트팜 자립기반 구축,1.12
4930000202530166,청년농업인 스마트팜 자립기반 구축 지원,전남광주해남군,전남,지방,창업·농어업,대상자 지원,6.4,6.4,있음,20250119005400210335,청년농업인 스마트팜 자립기반 구축,청년농업인 스마트팜 자립기반 구축,1.12
496000020233020F,청년농업인 스마트팜 자립기반 구축,전남광주함평군,전남,지방,창업·농어업,기타,6.4,6.4,있음,20250119005400210335,청년농업인 스마트팜 자립기반 구축,청년농업인 스마트팜 자립기반 구축,1.12
3020000202030033,용산청년지음 운영(보조),서울용산구,서울,지방,정책기반,기타,6.4,5.54,찾지 못함,,,,
643000020263019D,충청북도 청년인턴,충북본청,충북,지방,취업·일경험,대상자 지원,6.39,5.65,있음,,,충청북도 현장형 청년인턴,0.92
5010000202330143,청년생활안정(보조),전남광주신안군,전남,지방,금융·생활안정,기타,6.35,5.05,찾지 못함,,,생활안정자금 융자사업,0.571
468000020183009A,청년농업인 육성,전북익산시,전북,지방,창업·농어업,기타,6.33,5.07,있음,,,청년농업인 특화작목 성공모델 육성,0.756
6440000202630211,위기청년 전담지원사업,충남본청,충남,지방,정책기반,대상자 지원,6.32,2.36,있음,,,청년도전지원사업,0.778
62700002022301CE,자립준비청년 자립지원 체계구축(자립지원 사업비),대구본청,대구,지방,금융·생활안정,대상자 지원,6.32,4.74,있음,,,자립준비청년 자립지원 사업,0.9
455000020243012F,청년자립형 스마트팜 지원사업(도비),충남금산군,충남,지방,창업·농어업,대상자 지원,6.3,0.0,있음,20251111005400211844,청년자립형 스마트팜 지원사업,청년자립형 스마트팜 지원사업,1.12
533000020213000F,청년 일자리 환경조성,경남통영시,경남,지방,취업·일경험,기반·운영,6.3,3.2,있음,,,경남 청년 보금자리 조성,0.826
378000020193014E,자립준비청년 자립수당 지원,경기성남시,경기,지방,금융·생활안정,대상자 지원,6.3,3.53,있음,,,자립준비청년 자립수당 지급,0.917
3930000202530050,안산시 청년센터 운영,경기안산시,경기,지방,정책기반,기반·운영,6.3,6.15,찾지 못함,,,경기도 청년참여기구 운영,0.591
3510500201930058,자립준비청년 자립수당 지급,인천미추홀구,인천,지방,금융·생활안정,대상자 지원,6.3,4.24,있음,20260406005400212489,자립준비청년 자립수당 지급,자립준비청년 자립수당 지급,1.12
44000002026300E5,청년농업인 스마트팜 창업 지원사업(보조),충북제천시,충북,지방,창업·농어업,대상자 지원,6.3,0.0,있음,,,청년농업인 스마트팜 기반 조성,0.87
4420000202630109,청년농업인 스마트팜 창업 지원사업,충북보은군,충북,지방,창업·농어업,대상자 지원,6.3,0.0,있음,,,청년농업인 스마트팜 기반 조성,0.87
4440000202630082,청년농업인 스마트팜 창업 지원사업(보조),충북영동군,충북,지방,창업·농어업,대상자 지원,6.3,0.0,있음,,,청년농업인 스마트팜 기반 조성,0.87
44800002026300A1,청년농업인 스마트팜 창업 지원사업,충북단양군,충북,지방,창업·농어업,대상자 지원,6.3,0.0,있음,,,청년농업인 스마트팜 기반 조성,0.87
4530000202230145,청년월세 지원사업,충남서산시,충남,지방,주거,대상자 지원,6.28,0.93,있음,,,청년농 지원사업 홍보,0.826
54400002018300DA,청년농업인 영농정착 지원,경남하동군,경남,지방,창업·농어업,대상자 지원,6.25,3.41,있음,20260408005400212643,청년농업인 영농정착지원,청년농업인 영농정착지원,1.12
630000020223016C,자립준비청년 자립지원 사업,대전본청,대전,지방,금융·생활안정,대상자 지원,6.25,5.56,있음,,,자립준비청년 자립지원 사업,1.0
65000002018300B9,청년활동 지원(성인지예산),제주본청,제주,지방,정책기반,대상자 지원,6.23,5.75,있음,,,청년활동 인큐베이팅 사업,0.92
5670000202530033,청년월세 지원사업,경남창원시,경남,지방,주거,대상자 지원,6.2,3.78,있음,,,청년 월세 지원,0.92
3830000202030231,반환금(청년정책관),경기안양시,경기,지방,정책기반,기타,6.19,0.0,찾지 못함,,,,
4170000201930117,경기 청년기본소득 지원(보조),경기양평군,경기,지방,금융·생활안정,대상자 지원,6.18,3.82,있음,20250515005400210826,경기도 청년기본소득,경기도 청년기본소득,1.12
374000020243003B,청년활동 지원,경기수원시,경기,지방,정책기반,대상자 지원,6.17,4.48,있음,,,청년공동체 연구지원 사업,0.708
4730000202230134,청년창업 스마트팜 패키지 지원,전북진안군,전북,지방,창업·농어업,대상자 지원,6.16,0.0,있음,20250718005400211416,청년창업 스마트팜 패키지 지원,청년창업 스마트팜 패키지 지원,1.12
4750000202330172,청년 창업 스마트팜 패키지 지원사업,전북장수군,전북,지방,창업·농어업,대상자 지원,6.16,2.96,있음,20250718005400211416,청년창업 스마트팜 패키지 지원,청년창업 스마트팜 패키지 지원,1.12
505000020203028A,청년센터 운영,경북경주시,경북,지방,정책기반,기반·운영,6.14,5.74,찾지 못함,,,2025년 청년도전 지원사업,0.62
399000020213005B,남양주시 청년 공간 운영,경기남양주시,경기,지방,정책기반,기반·운영,6.12,5.92,찾지 못함,,,경기도 청년참여기구 운영,0.564
467000020233024A,전북형 청년활력수당,전북군산시,전북,지방,금융·생활안정,대상자 지원,6.12,3.01,있음,20250113005400210207,전북형 청년활력수당,전북형 청년활력수당,1.12
397000020193005D,청년기본소득(도비),경기과천시,경기,지방,금융·생활안정,기타,6.11,3.49,있음,20250515005400210826,경기도 청년기본소득,경기도 청년기본소득,1.12
483000020253014E,청년 활력소득 지원,전남광주나주시,전남,지방,정책기반,대상자 지원,6.1,2.3,찾지 못함,,,청년월세지원,0.691
4460000201830020,청년농업인 영농정착 지원,충북괴산군,충북,지방,창업·농어업,대상자 지원,6.1,3.14,있음,,,청년후계농 영농정착 지원,0.938
4980000202230071,청년 문화복지카드,전남광주장성군,전남,지방,문화·건강,대상자 지원,6.08,3.5,있음,20250516005400210831,전남청년 문화복지카드,전남청년 문화복지카드,1.12
65000002018302C0,청년농업인 육성 지원(성인지예산),제주본청,제주,지방,창업·농어업,대상자 지원,6.06,1.38,있음,20251111005400211847,청년농업인 육성,청년농업인 육성,1.12
462000020223013A,청년 후계농 영농정착 지원,충남태안군,충남,지방,창업·농어업,대상자 지원,6.04,3.53,있음,,,청년후계농업인 영농정착 지원,1.037
371000020223005C,청년월세한시특별지원,울산동구,울산,지방,주거,대상자 지원,6.04,0.8,있음,20250714005400111222,청년월세 한시 특별지원사업,청년월세 한시 특별지원사업,1.12
6310000202430105,고립·은둔 청년 지원 시범사업,울산본청,울산,지방,정책기반,대상자 지원,6.03,5.93,있음,20250609005400110894,고립은둔청년 지원 시범사업,고립은둔청년 지원 시범사업,1.12
6540000202430327,위기청년 전담지원(은둔지원),전북본청,전북,지방,정책기반,대상자 지원,6.03,5.29,있음,,,위기청년 자립지원(시설퇴소청소년 자립지원수당 지원),0.75
628000020243035E,新취약청년(고립은둔) 전담지원 사업(보조),인천본청,인천,지방,정책기반,대상자 지원,6.03,5.67,있음,,,청년도전지원사업,0.898
64300002024302AD,고립·은둔청년 지원,충북본청,충북,지방,정책기반,대상자 지원,6.03,5.93,있음,,,고립은둔청년 지원 시범사업,1.02
4860000201530083,청년정책 발굴 지원,전남광주곡성군,전남,지방,정책기반,대상자 지원,6.02,4.75,있음,,,전라남도 청년의 목소리 운영,0.92
3380000201930042,자립준비청년 자립수당 지원(보조사업),부산수영구,부산,지방,금융·생활안정,대상자 지원,6.0,4.68,있음,20260430005400212954,부산 자립준비청년 자립수당 지원,부산 자립준비청년 자립수당 지원,1.12
3360000201830057,청년 농업인 영농정착 지원,부산강서구,부산,지방,창업·농어업,대상자 지원,6.0,1.93,찾지 못함,,,부산 청년고용 우수기업 인증·지원,0.642
534000020253002F,청년 창업농 맞춤형 지원사업,경남사천시,경남,지방,창업·농어업,대상자 지원,6.0,5.6,있음,20250918005400211773,청년 창업농 맞춤형 지원,청년 창업농 맞춤형 지원,1.12
54700002024300C8,청년 창업농 맞춤형 지원,경남거창군,경남,지방,창업·농어업,대상자 지원,6.0,3.0,있음,20250918005400211773,청년 창업농 맞춤형 지원,청년 창업농 맞춤형 지원,1.12
64800002022301D0,자립준비청년 자립지원 전담인력 배치,경남본청,경남,지방,금융·생활안정,대상자 지원,6.0,5.34,있음,,,자립준비청년 자립프로그램 운영,1.02
6300000202030022,청년 인턴 지원,대전본청,대전,지방,취업·일경험,대상자 지원,6.0,6.0,찾지 못함,,,청년도전지원사업,0.691
6470000202430077,경북청년센터구축및운영,경북본청,경북,지방,정책기반,기타,6.0,6.0,찾지 못함,,,청년농부 창농기반 구축,0.591
515000020263002C,청년정착로컬링크(Local-Link)통합플랫폼구축(2026),경북의성군,경북,지방,정책기반,기타,6.0,6.0,있음,,,청년 지역정착 통합 플랫폼 구축,0.786
47100002021301ED,취업청년정착수당,전북김제시,전북,지방,금융·생활안정,대상자 지원,6.0,3.1,찾지 못함,,,전북청년 지역정착 지원사업,0.691
40700002022301E0,근로능력있는수급자의 탈수급지원(청년내일저축계좌),경기이천시,경기,지방,금융·생활안정,대상자 지원,5.98,5.3,찾지 못함,,,중증장애인근로자 출퇴근 비용 지원,0.333
38600002019300AB,보호종료아동 자립수당 지원,경기부천시,경기,지방,금융·생활안정,대상자 지원,5.97,3.53,찾지 못함,,,자립준비청년 주거비 지원사업,0.44
392000020193006F,청년기본소득,경기동두천시,경기,지방,금융·생활안정,기타,5.96,3.48,있음,20250515005400210826,경기도 청년기본소득,경기도 청년기본소득,1.12
4260000200830145,대학생 아르바이트 지원,강원횡성군,강원,지방,교육·역량,대상자 지원,5.93,5.72,찾지 못함,,,SW중심대학 지원,0.564
48400002022300C6,청년월세 지원사업,전남광주광양시,전남,지방,주거,대상자 지원,5.9,0.86,있음,,,청년월세지원,0.92
50200002021301A6,청년한부모자녀양육비지원<보조>,경북포항시,경북,지방,정책기반,대상자 지원,5.9,3.88,있음,20260317005400212183,청년한부모 자녀양육비 지원,청년한부모 자녀양육비 지원,1.12
3180000202330015,서울청년센터 영등포 운영,서울영등포구,서울,지방,정책기반,기타,5.89,4.41,있음,,,서울광역청년센터 운영,0.826
3090000202330043,서울청년센터 도봉 운영,서울도봉구,서울,지방,정책기반,기타,5.89,5.81,있음,,,서울광역청년센터 운영,0.87
303000020203010F,서울청년센터 성동 운영(보조)(0:50:50),서울성동구,서울,지방,정책기반,기타,5.88,4.71,있음,,,서울광역청년센터 운영,0.87
307000020253001C,서울청년센터 성북 운영,서울성북구,서울,지방,정책기반,기타,5.88,5.88,있음,,,서울광역청년센터 운영,0.92
4800000202130066,청년부부 결혼축하금 지원,전남광주목포시,전남,지방,금융·생활안정,대상자 지원,5.87,5.66,찾지 못함,,,청년월세지원,0.591
50700002025301C3,[국]남후농공단지 노후공장 청년친화 리뉴얼 사업,경북안동시,경북,지방,정책기반,기타,5.84,5.84,찾지 못함,,,경북 산촌어촌 청년일자리사업,0.453
34800002026301A4,옥포농공단지 노후공장 청년친화 리뉴얼 사업,대구달성군,대구,지방,정책기반,기타,5.84,5.84,찾지 못함,,,지역주도형 청년일자리 사업,0.507
648000020203014A,청년 주택 임차보증금 이자 지원,경남본청,경남,지방,주거,대상자 지원,5.82,5.02,있음,20250917005400211732,청년 주택 임차보증금 이자 지원,청년 주택 임차보증금 이자 지원,1.12
354000020193004E,자립준비청년 자립수당 지급,인천부평구,인천,지방,금융·생활안정,대상자 지원,5.82,3.73,있음,20260406005400212489,자립준비청년 자립수당 지급,자립준비청년 자립수당 지급,1.12
4970000202330001,청년 자립형 스마트팜 조성(지방소멸대응기금),전남광주영광군,전남,지방,창업·농어업,기반·운영,5.81,4.79,찾지 못함,,,전남형 청년마을 조성사업,0.676
319000020263004F,청년도전지원사업(국고보조),서울동작구,서울,지방,취업·일경험,대상자 지원,5.8,3.92,있음,,,청년예술지원사업,0.87
37400002018302BA,청년일자리 지원,경기수원시,경기,지방,취업·일경험,대상자 지원,5.8,4.61,있음,,,기후미래직업 청년일자리 전문교육 지원,1.02
3900000202430143,제2청년동 청춘곳간 운영,경기광명시,경기,지방,정책기반,기타,5.8,5.8,찾지 못함,,,청년 노동자 통장 운영,0.62
501000020183007B,청년농업인영농정착(보조),전남광주신안군,전남,지방,창업·농어업,기타,5.79,2.8,찾지 못함,,,청년농업인 스타트업(초기창업) 지원사업,0.676
4430000201830042,청년농업인 영농정착 지원사업(보조),충북옥천군,충북,지방,창업·농어업,대상자 지원,5.79,4.65,있음,,,청년후계농 영농정착 지원,0.898
6470000201830211,청년근로자사랑채움사업,경북본청,경북,지방,취업·일경험,기타,5.78,5.78,있음,20250904005400211652,청년근로자 사랑채움사업,청년근로자 사랑채움사업,1.12
54200002018300DA,청년 농업인 영농정착지원,경남고성군,경남,지방,창업·농어업,대상자 지원,5.77,5.56,있음,20260408005400212643,청년농업인 영농정착지원,청년농업인 영농정착지원,1.12
3590000202130059,"빈집 청년창업 채움 프로젝트 지원(2026 기금, 주민참여예산 연계 추진)",전남광주동구,광주,지방,창업·농어업,대상자 지원,5.76,2.08,있음,,,2026년 빈집(빈점포) 청년창업 채움 프로젝트 (예비)청년창업자 모집,1.02
4180000201830171,청년농업인 영농정착 지원,강원춘천시,강원,지방,창업·농어업,대상자 지원,5.75,2.3,있음,20250430005400210740,청년농업인 영농정착 지원,청년농업인 영농정착 지원,1.12
39000002022300ED,청년월세 지원사업,경기광명시,경기,지방,주거,대상자 지원,5.74,1.05,있음,,,(국토부) 26년 청년월세 지원사업,0.8
45100002022300C6,청년 농업인(후계농) 영농정착 지원,충남보령시,충남,지방,창업·농어업,대상자 지원,5.73,3.56,있음,,,청년후계농업인 영농정착 지원,1.037
3110000202330064,자립준비청년 지원,서울은평구,서울,지방,금융·생활안정,대상자 지원,5.72,4.29,있음,,,자립준비청년 자립수당 지원,1.02
57100002018302EC,청년뜨락5959 운영,충북청주시,충북,지방,정책기반,기타,5.72,5.72,찾지 못함,,,충북 청년카페 운영,0.62
45900002022300D2,청년후계농 영농정착 지원사업,충남청양군,충남,지방,창업·농어업,대상자 지원,5.7,0.88,있음,,,청년후계농업인 영농정착 지원,1.02
31300002020300A4,서울청년센터 마포 운영,서울마포구,서울,지방,정책기반,기타,5.7,4.1,있음,,,서울광역청년센터 운영,0.87
5141000202630060,군위읍 전통시장 청년 커뮤니티 공간 조성사업,대구군위군,대구,지방,참여·권리,기반·운영,5.7,0.29,찾지 못함,,,청년도전지원사업 젊핑(대구시),0.416
4300000200830172,대학생 지원,강원철원군,강원,지방,교육·역량,대상자 지원,5.68,5.12,있음,,,SW중심대학 지원,0.735
309000020243004F,청년 창업 활성화 지원,서울도봉구,서울,지방,창업·농어업,대상자 지원,5.68,4.04,있음,,,캠퍼스타운 혁신 및 청년희망·지역경제 활성화,0.92
48800002022300B3,전남청년 문화복지카드 지원,전남광주고흥군,전남,지방,문화·건강,대상자 지원,5.66,5.66,있음,20250516005400210831,전남청년 문화복지카드,전남청년 문화복지카드,1.12
394000020223006F,청년 행정체험 연수,경기고양시,경기,지방,취업·일경험,기타,5.64,3.66,찾지 못함,,,청년공동체 연구지원 사업,0.582
46400002018300F5,청년농업인 영농정착지원,전북전주시,전북,지방,창업·농어업,대상자 지원,5.64,1.87,있음,,,청년창업농 영농정착지원사업,0.92
46400002023305DA,신혼부부 및 청년 공공임대주택 임대보증금 지원사업(도비직접지원),전북전주시,전북,지방,주거,대상자 지원,5.58,5.58,찾지 못함,,,전북청년 지역정착 지원사업,0.495
3920000202230037,근로능력있는수급자의탈수급지원(청년통장),경기동두천시,경기,지방,금융·생활안정,대상자 지원,5.55,4.02,찾지 못함,,,중증장애인근로자 출퇴근 비용 지원,0.333
512000020213000B,청년정책추진,경북문경시,경북,지방,정책기반,기타,5.55,5.11,찾지 못함,,,2025년 청년도전 지원사업,0.62
44400002024300B3,청년보금자리 임대주택 조성(보조),충북영동군,충북,지방,주거,기반·운영,5.55,0.93,있음,,,청년 농촌보금자리 조성사업,0.847
545000020263005A,산청시장 청년몰 조성사업(2026기금),경남산청군,경남,지방,정책기반,기반·운영,5.52,1.08,있음,,,경남 청년 보금자리 조성,0.735
483000020193015C,전남 청년근속장려금 지원(보조),전남광주나주시,전남,지방,취업·일경험,대상자 지원,5.51,2.22,있음,20250710005400211181,전남 청년 근속장려금,전남 청년 근속장려금,1.12
506000020223006C,청년월세 한시 특별지원 사업(보조),경북김천시,경북,지방,주거,대상자 지원,5.51,1.43,있음,,,(국토부) 26년 청년월세 지원사업,0.9
471000020193013D,전북 청년지역정착 지원사업(보조),전북김제시,전북,지방,정책기반,대상자 지원,5.51,3.06,있음,20250113005400210206,전북청년 지역정착 지원사업,전북청년 지역정착 지원사업,1.12
476000020183002F,청년농업인 영농정착 지원,전북임실군,전북,지방,창업·농어업,대상자 지원,5.51,3.73,있음,,,청년창업농 영농정착지원사업,0.92
4990000202530083,청년 블루푸드 창업패키지(지방소멸대응기금),전남광주완도군,전남,지방,창업·농어업,대상자 지원,5.5,5.0,찾지 못함,,,2026년도 청년창업특례보증 지원,0.596
62900002024301C0,광주형청년일자리공제지원 (광주),전남광주본청,광주,지방,취업·일경험,대상자 지원,5.5,5.5,있음,20250305005400210594,광주형 청년일자리 공제,광주형 청년일자리 공제,1.12
6280000202330119,인천 청년 자격증 응시료 지원,인천본청,인천,지방,교육·역량,대상자 지원,5.5,5.5,있음,20260722005400213266,(검단구) 청년 자격증 응시료 지원,(검단구) 청년 자격증 응시료 지원,1.12
320000020253002E,청년친화도시 기반 조성,서울관악구,서울,지방,정책기반,기반·운영,5.42,3.47,찾지 못함,,,청년친화도시 확산,0.667
6300000202630154,가족돌봄 및 고립은둔청년 지원사업,대전본청,대전,지방,정책기반,대상자 지원,5.42,0.0,있음,,,고립은둔청년 지원 시범사업,0.741
4950000202530002,삼향농공단지 노후공장 청년친화 리뉴얼 사업,전남광주무안군,전남,지방,정책기반,기타,5.4,5.4,찾지 못함,,,전남 청년 희망 일자리 지원사업,0.453
627000020263011B,K-아트 청년창작자 지원(국가직접지원),대구본청,대구,지방,정책기반,대상자 지원,5.4,5.4,찾지 못함,,,청년농업인 맞춤 지원,0.541
362000020253008D,청년카페운영,전남광주북구,광주,지방,정책기반,기타,5.4,5.4,있음,,,광주청년센터 운영,0.787
64400002024301B8,청년성장프로젝트,충남본청,충남,지방,취업·일경험,기타,5.38,5.38,있음,20250715005400211260,청년성장 프로젝트,청년성장 프로젝트,1.12
6500000202430135,청년이어드림 지원금 지원,제주본청,제주,지방,정책기반,대상자 지원,5.35,4.78,있음,20250718005400211411,청년이어드림(Dream)지원금,청년이어드림(Dream)지원금,1.12
5360000202430121,청년창업농 맞춤형지원사업,경남밀양시,경남,지방,창업·농어업,대상자 지원,5.35,0.91,있음,20250918005400211773,청년 창업농 맞춤형 지원,청년 창업농 맞춤형 지원,1.12
470000020223016B,남원 청년마루 운영,전북남원시,전북,지방,정책기반,기타,5.35,5.35,찾지 못함,,,전북특별자치도 청년마음건강센터 운영,0.676
3530000201930069,자립준비청년 자립수당 지급,인천남동구,인천,지방,금융·생활안정,대상자 지원,5.34,3.02,있음,20260406005400212489,자립준비청년 자립수당 지급,자립준비청년 자립수당 지급,1.12
4440000201830056,청년농업인 영농정착지원(보조),충북영동군,충북,지방,창업·농어업,대상자 지원,5.34,5.11,있음,,,청년후계농 영농정착 지원,0.938
64400002024300A9,스마트팜 청년 창업 교육(도),충남본청,충남,지방,창업·농어업,대상자 지원,5.31,3.84,있음,20251214005400211983,스마트팜 청년 창업 교육,스마트팜 청년 창업 교육,1.12
418000020193017A,자립준비청년 자립수당 지원,강원춘천시,강원,지방,금융·생활안정,대상자 지원,5.3,2.9,있음,20250618005400211057,자립준비청년 자립수당 지원,자립준비청년 자립수당 지원,1.12
3270000202530083,청년도전지원사업,부산동구,부산,지방,취업·일경험,대상자 지원,5.3,5.3,있음,,,부산 청년도전 지원사업,0.92
494000020103055C,전남 청년 근속장려금 지원,전남광주영암군,전남,지방,취업·일경험,대상자 지원,5.3,2.46,있음,20250710005400211181,전남 청년 근속장려금,전남 청년 근속장려금,1.12
404000020233021E,청년도전 지원사업,경기하남시,경기,지방,취업·일경험,대상자 지원,5.3,5.3,있음,,,청년도전지원사업,0.8
39800002022300B5,청년월세 특별지원사업,경기구리시,경기,지방,주거,대상자 지원,5.3,1.22,있음,,,(국토부) 26년 청년월세 지원사업,0.9
4020000202630014,군포시 공공형 청년주택 조성 운영,경기군포시,경기,지방,주거,기반·운영,5.3,0.0,찾지 못함,,,경기도 공공기숙사 운영,0.564
421100020243009D,청년도전지원 사업,강원동해시,강원,지방,취업·일경험,대상자 지원,5.28,5.28,있음,,,청년도전지원사업,0.8
49400002024300DA,청년도전 지원사업,전남광주영암군,전남,지방,취업·일경험,대상자 지원,5.28,5.28,있음,,,청년도전지원사업,0.8
3690000202430049,청년도전 지원사업,울산중구,울산,지방,취업·일경험,대상자 지원,5.28,5.28,있음,,,울산 중구 2025년 청년도전지원사업 (중기),0.92
370000020233009C,청년도전 지원사업,울산남구,울산,지방,취업·일경험,대상자 지원,5.28,5.28,있음,,,청년성장지원사업,0.87
372000020243004A,청년도전지원사업,울산북구,울산,지방,취업·일경험,대상자 지원,5.28,5.28,있음,,,청년성장지원사업,0.87
3710000202330055,청년도전지원사업,울산동구,울산,지방,취업·일경험,대상자 지원,5.28,3.04,있음,,,청년 작가 전시 지원사업,0.898
53800002024301B4,청년도전지원사업,경남양산시,경남,지방,취업·일경험,대상자 지원,5.28,5.28,있음,,,청년일자리 도전 지원사업,0.92
378000020173026C,대학생 지방행정 체험 연수,경기성남시,경기,지방,교육·역량,기타,5.28,5.17,찾지 못함,,,대학일자리센터 지원,0.453
40700002024302AC,청년도전 지원사업,경기이천시,경기,지방,취업·일경험,대상자 지원,5.28,5.28,있음,,,청년도전지원사업,0.8
4000000202530087,청년도전지원 사업,경기오산시,경기,지방,취업·일경험,대상자 지원,5.28,5.28,있음,,,청년도전지원사업,0.8
366000020233011A,청년도전 지원사업,대전서구,대전,지방,취업·일경험,대상자 지원,5.28,5.28,있음,,,청년도전지원사업,0.92
4690000202330188,청년도전 지원사업,전북정읍시,전북,지방,취업·일경험,대상자 지원,5.28,5.28,있음,,,청년도전지원사업 참여자 모집(전북),0.92
4721000202430153,청년도전 지원사업,전북완주군,전북,지방,취업·일경험,대상자 지원,5.28,5.28,있음,,,청년도전지원사업 참여자 모집(전북),0.92
3520000202530074,청년도전지원사업,인천연수구,인천,지방,취업·일경험,대상자 지원,5.28,5.28,있음,,,청년도전지원사업,0.92
35400002022300A6,청년도전 지원사업,인천부평구,인천,지방,취업·일경험,대상자 지원,5.28,5.28,있음,,,(부평구) 청년도전 지원사업,0.92
356000020253004F,청년창업지원센터 구축(검단),인천서해구,인천,지방,창업·농어업,대상자 지원,5.27,4.79,찾지 못함,,,(서해구) 청년센터 서해구1939 운영,0.62
307000020263004C,청년도전지원 사업,서울성북구,서울,지방,취업·일경험,대상자 지원,5.26,5.26,있음,,,청년예술지원사업,0.87
32400002026300A0,청년도전지원사업,서울강동구,서울,지방,취업·일경험,대상자 지원,5.26,5.26,있음,,,청년예술지원사업,0.87
6290000201630059,대학일자리플러스센터운영지원 (광주),전남광주본청,광주,지방,취업·일경험,대상자 지원,5.25,4.8,찾지 못함,,,,
5000000202330084,청년후계농 영농정착 지원사업,전남광주진도군,전남,지방,창업·농어업,대상자 지원,5.23,1.64,찾지 못함,,,청년농업인 스타트업(초기창업) 지원사업,0.658
56000002025300E9,청년내일저축계좌,경기포천시,경기,지방,금융·생활안정,대상자 지원,5.23,3.92,있음,,,청년내일저축계좌 운영,1.0
3140000202330008,서울청년센터 양천 운영 지원,서울양천구,서울,지방,정책기반,대상자 지원,5.22,4.71,있음,,,서울광역청년센터 운영,0.92
631000020183008C,청년 농업인 영농정착 지원,울산본청,울산,지방,창업·농어업,대상자 지원,5.22,5.11,있음,20260402005400212392,청년농업인 영농정착 지원,청년농업인 영농정착 지원,1.12
6290000201930072,광주청년금융복지지원 (광주),전남광주본청,광주,지방,금융·생활안정,대상자 지원,5.22,5.22,찾지 못함,,,전남청년 문화복지카드,0.691
4700000201930003,청년인턴 지원사업,전북남원시,전북,지방,취업·일경험,대상자 지원,5.22,3.38,있음,,,전북 청년 직무인턴 운영,0.92
6460000202630191,청년 잡업 프로젝트 (전남),전남광주본청,전남,지방,취업·일경험,기타,5.2,3.0,있음,,,[22개 시·군] 2026 청년 잡업 프로젝트 자격증 취득 온라인 수강권 지원사업,1.02
49500002021301A6,청년농업인 스마트팜 자립기반 구축지원,전남광주무안군,전남,지방,창업·농어업,대상자 지원,5.2,5.2,있음,20250119005400210335,청년농업인 스마트팜 자립기반 구축,청년농업인 스마트팜 자립기반 구축,1.12
3930000200830814,청년 행정체험연수 운영,경기안산시,경기,지방,취업·일경험,기타,5.16,4.9,찾지 못함,,,경기도 청년참여기구 운영,0.62
38200002022300DB,청년월세 한시 특별지원,경기의정부시,경기,지방,주거,대상자 지원,5.15,5.12,있음,,,(국토부) 26년 청년월세 지원사업,0.9
641000020163039E,경기도 대학생 융합기술 창업지원(자체/직접),경기본청,경기,지방,창업·농어업,대상자 지원,5.15,5.15,있음,,,청년 융합기술 창업지원,0.882
5440000202330326,청년 창업거리 조성(2024년 지방소멸대응기금 기초),경남하동군,경남,지방,창업·농어업,기반·운영,5.13,0.13,있음,,,경남 청년 보금자리 조성,0.745
643000020183017C,청년행복일터지원,충북본청,충북,지방,정책기반,대상자 지원,5.13,5.13,찾지 못함,,,충북청년희망센터 운영,0.62
611000020183001C,청년 몽땅 정보통 운영,서울본청,서울,지방,정책기반,기타,5.12,2.45,있음,,,청년 몽땅 정보통 운영,1.0
42000002018301C3,청년농업인 영농정착 지원,강원강릉시,강원,지방,창업·농어업,대상자 지원,5.11,1.79,있음,20250430005400210740,청년농업인 영농정착 지원,청년농업인 영농정착 지원,1.12
4490000202330339,청년인턴 운영,충남천안시,충남,지방,취업·일경험,대상자 지원,5.11,5.11,있음,,,청년인턴,0.92
5440000202330293,하동형 청년농 키움사업,경남하동군,경남,지방,창업·농어업,기타,5.1,1.66,찾지 못함,,,청년농멘토링 지원,0.62
394000020193018F,보호종료아동 자립수당 지원,경기고양시,경기,지방,금융·생활안정,대상자 지원,5.1,3.16,찾지 못함,,,자립준비청년 주거비 지원사업,0.44
508000020193008B,보호종료아동자립수당지원,경북구미시,경북,지방,금융·생활안정,대상자 지원,5.1,3.82,찾지 못함,,,자립준비청년 자립수당지원,0.62
4680000202330364,전북형 청년활력수당,전북익산시,전북,지방,금융·생활안정,대상자 지원,5.1,2.4,있음,20250113005400210207,전북형 청년활력수당,전북형 청년활력수당,1.12
4920000201530098,청년정책,전남광주강진군,전남,지방,정책기반,기타,5.07,2.66,있음,,,청년정책 서포터즈 2기,0.92
4930000200731077,대학생 지원,전남광주해남군,전남,지방,교육·역량,대상자 지원,5.06,4.69,찾지 못함,,,대학생 현장실습 활성화 지원사업,0.646
5590000202530057,청년센터 이전 및 확대 운영,경기양주시,경기,지방,정책기반,기타,5.06,4.88,찾지 못함,,,경기도 청년참여기구 운영,0.541
4050000201930023,청년공간 운영,경기용인시,경기,지방,정책기반,기반·운영,5.05,3.55,찾지 못함,,,경기도 청년참여기구 운영,0.691
5180000201830063,청년농업인영농정착지원(균특보조),경북영덕군,경북,지방,창업·농어업,대상자 지원,5.05,4.22,찾지 못함,,,청년스타트업 지원,0.646
5240000201830069,청년농업인영농정착지원,경북봉화군,경북,지방,창업·농어업,대상자 지원,5.05,2.6,찾지 못함,,,청년스타트업 지원,0.646
5330000202230137,청년월세 지원사업,경남통영시,경남,지방,주거,대상자 지원,5.03,0.83,있음,,,청년 월세 지원,0.92
57000002022300A6,청년월세 지원,경기여주시,경기,지방,주거,대상자 지원,5.02,1.25,있음,,,(국토부) 26년 청년월세 지원사업,0.8
499000020243002E,전남청년 문화복지카드,전남광주완도군,전남,지방,문화·건강,대상자 지원,5.01,5.01,있음,20250516005400210831,전남청년 문화복지카드,전남청년 문화복지카드,1.12
3730000201830094,청년창업농 영농정착 지원,울산울주군,울산,지방,창업·농어업,대상자 지원,5.01,1.97,있음,,,청년농업인 영농정착 지원,0.938
653000020263016F,청년농업인 R&D 기술창업 통합관리 지원(국고),강원본청,강원,지방,창업·농어업,대상자 지원,5.0,5.0,있음,,,청년농업인 R&D 기술창업 통합관리 지원,1.0
4250000202330021,청년주인수당 지원(일자리),강원홍천군,강원,지방,금융·생활안정,대상자 지원,5.0,1.45,있음,,,청년예술인 지원,0.787
6440000202130117,청년 디지털 인재 양성(국가직접지원),충남본청,충남,지방,정책기반,대상자 지원,5.0,4.92,찾지 못함,,,지역 이공계 여성 인재 양성사업,0.62
64400002026301D6,청년농업인 기술창업 통합관리 지원,충남본청,충남,지방,창업·농어업,대상자 지원,5.0,0.0,있음,,,청년농업인 R&D 기술창업 통합관리 지원,0.938
6440000202630022,김 산지가공 집적화 센터 및 청년 창업지원 플랫폼 구축,충남본청,충남,지방,창업·농어업,대상자 지원,5.0,5.0,찾지 못함,,,다문화청년 취᭼창업지원 사업,0.532
6440000202630046,충남 청년 로컬창업 생태계 구축(지방소멸대응기금),충남본청,충남,지방,창업·농어업,대상자 지원,5.0,5.0,찾지 못함,,,청년 창업‧창직 지원사업,0.591
4580000202630050,김 산지가공 집적화센터 및 청년 창업지원 플랫폼 구축,충남서천군,충남,지방,창업·농어업,대상자 지원,5.0,0.0,찾지 못함,,,다문화청년 취᭼창업지원 사업,0.532
626000020243001B,청끌(청년이 끌리는) 기업 발굴·매칭 지원사업,부산본청,부산,지방,정책기반,대상자 지원,5.0,5.0,있음,20260429005400212909,부산 청끌기업 발굴·매칭 지원사업(청끌기업),부산 청끌기업 발굴·매칭 지원사업(청끌기업),1.12
3250000202430010,청년기금 재원조성,부산중구,부산,지방,정책기반,기반·운영,5.0,0.0,찾지 못함,,,부산 청년문화육성 지원,0.549
328000020223008F,청년기금 전출,부산영도구,부산,지방,정책기반,기타,5.0,5.0,있음,,,부산 청년도전 지원사업,0.72
481000020263005A,오천산단 노후공장 청년친화 리뉴얼사업,전남광주여수시,전남,지방,정책기반,기타,5.0,1.74,찾지 못함,,,전남 청년 희망 일자리 지원사업,0.477
4820000202630111,청년친화도시 조성,전남광주순천시,전남,지방,정책기반,기반·운영,5.0,0.9,있음,,,청년친화도시 확산,0.75
6500000202530098,제주 청년 희망충전 월세 지원사업(성인지예산),제주본청,제주,지방,주거,대상자 지원,5.0,3.42,있음,20250716005400211309,제주 청년 희망충전 월세 지원,제주 청년 희망충전 월세 지원,1.12
6410000201630271,대학일자리플러스센터 사업 지원(자체/직접),경기본청,경기,지방,취업·일경험,대상자 지원,5.0,5.0,찾지 못함,,,대학일자리플러스센터 지원 사업,0.667
38200002026300D5,청년창업지원센터 조성,경기의정부시,경기,지방,창업·농어업,기반·운영,5.0,0.0,있음,,,청년 융합기술 창업지원,0.72
5700000202630031,청년농업인 농기계 지원,경기여주시,경기,지방,창업·농어업,대상자 지원,5.0,5.0,있음,,,청년농업인 영농정착지원,0.882
402000020213011C,군포 청년날개 인턴십,경기군포시,경기,지방,취업·일경험,대상자 지원,5.0,3.06,찾지 못함,,,경기도 청년 복지포인트,0.549
6300000202430133,대전 정착형 청년일자리 종합 프로젝트,대전본청,대전,지방,취업·일경험,기타,5.0,5.0,찾지 못함,,,대전청년챔프,0.453
502000020263004B,동해면 청년농촌보금자리 조성사업<보조>,경북포항시,경북,지방,창업·농어업,기반·운영,5.0,0.13,있음,,,청년농촌보금자리조성,0.952
502000020263004C,송라면 청년농촌보금자리 조성사업<보조>,경북포항시,경북,지방,창업·농어업,기반·운영,5.0,0.13,있음,,,청년농촌보금자리조성,0.9
34800002026301A5,청년 고용 우수기업 근로환경 개선사업,대구달성군,대구,지방,취업·일경험,기타,5.0,5.0,찾지 못함,,,지역 중소기업 청년고용 지원사업,0.52
4690000202230109,청년취업시험준비반 운영,전북정읍시,전북,지방,취업·일경험,대상자 지원,5.0,3.45,찾지 못함,,,전북형 청년취업 지원,0.691
3570000202630072,청년 로컬크리에이터 육성사업(보조)(지방소멸대응기금),인천강화군,인천,지방,창업·농어업,기타,5.0,5.0,찾지 못함,,,청년 인재육성 사업,0.691
4420000202430195,청년 창업공간 조성,충북보은군,충북,지방,창업·농어업,기반·운영,5.0,0.0,찾지 못함,,,청년4-H회원 창업 성공모델 지원 사업,0.62
524000020253011C,유곡농공단지청년문화센터건립,경북봉화군,경북,지방,문화·건강,기반·운영,4.99,0.76,찾지 못함,,,2026 경북청년창업지원센터 입주기업 모집공고,0.406
470000020173001C,대학생 일자리사업,전북남원시,전북,지방,교육·역량,기타,4.97,4.69,찾지 못함,,,전북특별자치도일자리센터 운영,0.665
646000020203003F,청년창업농 육성 지원 (전남),전남광주본청,전남,지방,창업·농어업,대상자 지원,4.95,4.95,있음,,,청년 창업농장 조성,0.92
6310000202630052,청년희망주택 관리 및 운영,울산본청,울산,지방,주거,기타,4.95,3.97,있음,,,달동 청년희망주택 건립,0.752
3480000202330061,달성청년혁신센터 운영 관리,대구달성군,대구,지방,정책기반,기반·운영,4.95,4.95,찾지 못함,,,대구광역시 청년마음건강센터 운영,0.665
45200002019300AF,보호종료아동 자립수당,충남아산시,충남,지방,금융·생활안정,대상자 지원,4.92,2.81,찾지 못함,,,자립지원 사업,0.453
5530000201930193,보호종료아동 자립수당 지원,경기화성시,경기,지방,금융·생활안정,대상자 지원,4.92,3.44,찾지 못함,,,자립준비청년 주거비 지원사업,0.44
327000020223007F,청년월세 지원사업,부산동구,부산,지방,주거,대상자 지원,4.91,1.62,있음,,,부산 청년 월세 지원,0.92
4400000201830064,청년농업인 영농정착 지원사업(보조),충북제천시,충북,지방,창업·농어업,대상자 지원,4.91,2.53,있음,,,청년후계농 영농정착 지원,0.898
4320000200930127,대학생 부업활동,강원양구군,강원,지방,교육·역량,기타,4.9,4.9,찾지 못함,,,대학생 행정체험연수 운영,0.549
5150000201730110,박서생과청년통신사,경북의성군,경북,지방,정책기반,기타,4.9,4.87,찾지 못함,,,청년 화합소통행사 개최지원,0.541
4270000200830251,청년 아르바이트 실습생 운영,강원영월군,강원,지방,정책기반,기타,4.88,4.88,찾지 못함,,,강원청년센터 운영,0.564
64100002023309C8,대학생 천원의 아침밥(자체/직접),경기본청,경기,지방,교육·역량,기타,4.88,4.88,있음,20260407005400212536,대학생 천원의 아침밥,대학생 천원의 아침밥,1.12
64700002026301E8,경북형AI취업도약청년도전지원사업,경북본청,경북,지방,취업·일경험,대상자 지원,4.86,4.86,있음,,,2025년 청년도전 지원사업,1.02
3470000201930058,자립준비청년 자립수당,대구달서구,대구,지방,금융·생활안정,대상자 지원,4.86,3.0,있음,,,자립준비청년 자립수당 지급,0.909
4830000202530149,청년도전지원사업,전남광주나주시,전남,지방,취업·일경험,대상자 지원,4.85,4.85,있음,,,청년도전지원사업,0.8
3100000202030172,서울청년센터 노원 운영,서울노원구,서울,지방,정책기반,기타,4.85,4.76,있음,,,서울광역청년센터 운영,0.87
4641000202630215,국도비보조금반환(청년활력과),전북전주시,전북,지방,정책기반,기타,4.85,0.0,찾지 못함,,,,
64800002018302D3,청년어촌정착지원(사업비),경남본청,경남,지방,창업·농어업,대상자 지원,4.84,4.84,있음,,,청년어업인 정착지원 사업,0.769
55300002026304A2,노후공장 청년친화 리뉴얼 사업,경기화성시,경기,지방,정책기반,기타,4.84,4.66,찾지 못함,,,경기청년 해외진출(일본) 사업,0.501
508000020243017B,청년성장프로젝트,경북구미시,경북,지방,취업·일경험,기타,4.84,3.39,있음,20251114005400211892,청년성장프로젝트,청년성장프로젝트,1.12
5480000201730063,청년농업인 영농정착 지원,경남합천군,경남,지방,창업·농어업,대상자 지원,4.82,2.62,있음,20260408005400212643,청년농업인 영농정착지원,청년농업인 영농정착지원,1.12
62700002026301C5,청년미래센터 설치 운영,대구본청,대구,지방,정책기반,기타,4.82,0.0,있음,,,대구광역시 청년마음건강센터 운영,0.72
500000020183016C,농촌청년 일자리지원(보조),전남광주진도군,전남,지방,취업·일경험,대상자 지원,4.81,3.3,있음,,,전남 청년 희망 일자리 지원사업,0.834
5000000202430089,청년농업인 스마트팜 자립기반 구축지원,전남광주진도군,전남,지방,창업·농어업,대상자 지원,4.81,3.87,있음,20250119005400210335,청년농업인 스마트팜 자립기반 구축,청년농업인 스마트팜 자립기반 구축,1.12
4280000201830011,청년농업인 창업지원,강원평창군,강원,지방,창업·농어업,대상자 지원,4.8,3.2,있음,,,청년농업인 육성지원,0.898
6440000202330228,청년농업인 농지 임차료 지원,충남본청,충남,지방,창업·농어업,대상자 지원,4.8,0.0,있음,20250715005400211277,청년농업인 농지임차료 지원,청년농업인 농지임차료 지원,1.12
6260000201630180,대학일자리(플러스)센터 지원(국가직접지원),부산본청,부산,지방,취업·일경험,대상자 지원,4.8,4.5,있음,,,부산일자리종합센터 운영,0.834
54400002023302BF,하동형 청년 주거비 지원사업,경남하동군,경남,지방,주거,대상자 지원,4.8,2.33,있음,,,하동형 주거비 지원사업,1.009
3650000201930011,자립준비청년 자립수당,대전중구,대전,지방,금융·생활안정,대상자 지원,4.8,2.62,있음,,,자립준비청년 자립수당 지급,0.909
4680000202330365,전북청년 함께 두배적금,전북익산시,전북,지방,금융·생활안정,대상자 지원,4.8,2.95,있음,20250113005400210211,전북청년 함께 두배적금 사업,전북청년 함께 두배적금 사업,1.12
56800002017301F4,청년타운 설치 및 운영,충남당진시,충남,지방,정책기반,기타,4.76,3.8,찾지 못함,,,충청남도 청년센터 운영,0.653
305000020223000F,DDM 청년창업센터 유니콘 운영,서울동대문구,서울,지방,창업·농어업,대상자 지원,4.76,3.43,찾지 못함,,,서울광역청년센터 운영,0.665
3480000202230101,청년월세 지원사업,대구달성군,대구,지방,주거,대상자 지원,4.76,1.84,있음,,,(국토부) 26년 청년월세 지원사업,0.8
4030000202230080,청년내일저축계좌,경기의왕시,경기,지방,금융·생활안정,대상자 지원,4.74,4.0,있음,,,청년내일저축계좌 운영,1.0
464100020253022C,노후공장 청년친화 리뉴얼사업,전북전주시,전북,지방,정책기반,기타,4.74,0.0,찾지 못함,,,청년친화 친구기업 지원사업,0.6
449000020263014C,사회연대경제 청년 일경험 시범사업,충남천안시,충남,지방,취업·일경험,대상자 지원,4.73,0.51,있음,,,사회연대경제 청년 일경험 시범 지원,1.0
3740000202630274,사회연대경제 청년 일경험 시범사업(국비),경기수원시,경기,지방,취업·일경험,대상자 지원,4.73,0.24,있음,,,사회연대경제 청년 일경험 시범 지원,1.0
5360000202330081,청년 정주 환경 개선,경남밀양시,경남,지방,주거,기타,4.72,1.75,찾지 못함,,,청년 일경험 지원,0.582
5390000201830070,청년농업인 영농정착 지원,경남의령군,경남,지방,창업·농어업,대상자 지원,4.71,4.0,있음,20260408005400212643,청년농업인 영농정착지원,청년농업인 영농정착지원,1.12
5060000201930075,청년(창업지원)센터 운영,경북김천시,경북,지방,창업·농어업,기반·운영,4.71,4.17,찾지 못함,,,2025년 청년도전 지원사업,0.62
3640000201930035,자립준비청년 자립수당(국비),대전동구,대전,지방,금융·생활안정,대상자 지원,4.68,2.81,있음,,,자립준비청년 자립수당 지급,0.909
445000020183006D,청년농업인 영농정착지원사업,충북진천군,충북,지방,창업·농어업,대상자 지원,4.67,2.41,있음,,,청년후계농 영농정착 지원,0.898
4540000202430165,청년월세 한시 특별지원사업,충남논산시,충남,지방,주거,대상자 지원,4.66,0.77,있음,,,(국토부) 26년 청년월세 지원사업,0.9
5680000202230145,청년월세 지원사업,충남당진시,충남,지방,주거,대상자 지원,4.66,2.4,있음,,,청년도전지원사업,0.87
31200002017300CB,매장형 창업공간 신촌 청년푸드스토어 운영,서울서대문구,서울,지방,창업·농어업,대상자 지원,4.66,2.72,찾지 못함,,,청년예술청 운영,0.44
3280000202230036,청년월세 지원사업,부산영도구,부산,지방,주거,대상자 지원,4.65,1.88,있음,,,부산 청년 월세 지원,0.92
3730000202030031,청년취업지원,울산울주군,울산,지방,취업·일경험,대상자 지원,4.65,2.16,있음,,,청년 월세 지원,0.787
6450000202230278,자립준비청년 자립지원 전담인력 지원,전북본청,전북,지방,금융·생활안정,대상자 지원,4.64,3.52,있음,,,자립준비청년 자립지원 사업,0.9
647000020173037E,청년농부육성지원,경북본청,경북,지방,창업·농어업,대상자 지원,4.63,4.63,있음,,,청년한부모 자녀양육비 지원,0.72
6460000201930146,보호종료아동 자립정착금 지원 (전남),전남광주본청,전남,지방,금융·생활안정,대상자 지원,4.62,3.49,찾지 못함,,,자립준비청년 자립정착금,0.575
4810000201730219,여수형 청년 맞춤형 인턴사업,전남광주여수시,전남,지방,취업·일경험,대상자 지원,4.62,4.37,있음,20260408005400212646,여수형 청년 맞춤형 인턴 사업,여수형 청년 맞춤형 인턴 사업,1.12
53100002019300AB,보호종료아동 자립수당 지원,경남진주시,경남,지방,금융·생활안정,대상자 지원,4.62,2.15,찾지 못함,,,자립지원전담기관 운영,0.484
511000020223006F,[국]청년월세지원사업,경북상주시,경북,지방,주거,대상자 지원,4.62,1.14,있음,,,청년 신혼부부 월세 지원사업,0.92
6300000201830063,청년정책생태계조성,대전본청,대전,지방,정책기반,기반·운영,4.61,4.45,찾지 못함,,,청년 행정체험연수 운영,0.52
3040000202530049,광진형 청년월세 지원사업 추진,서울광진구,서울,지방,주거,대상자 지원,4.6,1.07,찾지 못함,,,청년예술지원사업,0.691
4270000201830093,청년농업인 영농정착지원 사업(국고),강원영월군,강원,지방,창업·농어업,대상자 지원,4.59,2.37,있음,20250430005400210740,청년농업인 영농정착 지원,청년농업인 영농정착 지원,1.12
48800002019300B0,귀향 청년 유턴 정착 지원,전남광주고흥군,전남,지방,정책기반,대상자 지원,4.59,3.34,찾지 못함,,,청년월세지원,0.62
5530000202630532,사회연대경제 청년 일경험 시범사업,경기화성시,경기,지방,취업·일경험,대상자 지원,4.59,0.0,있음,,,사회연대경제 청년 일경험 시범 지원,1.0
482000020193007F,보호종료아동 자립수당,전남광주순천시,전남,지방,금융·생활안정,대상자 지원,4.56,3.08,찾지 못함,,,시설 퇴소청소년 자립지원수당,0.381
542000020253002B,청년예술과 함께하는 촌캉스(지방소멸대응기금)(2026년),경남고성군,경남,지방,문화·건강,기타,4.55,4.1,찾지 못함,,,청년 문화예술인 활동 지원,0.501
4440000202630074,일하는기쁨 청년여성 일자리 지원사업(보조),충북영동군,충북,지방,취업·일경험,대상자 지원,4.55,1.55,있음,,,충북 청년여성 일자리 플랫폼 운영,0.756
3610000201930049,자립준비청년(보호종료아동) 자립수당(보조),전남광주남구,광주,지방,금융·생활안정,대상자 지원,4.51,2.92,있음,,,자립준비청년 자립수당 지급,0.909
6260000202330162,청년 신용회복지원,부산본청,부산,지방,금융·생활안정,대상자 지원,4.5,4.5,있음,20260513005400213196,부산 청년 신용회복 지원,부산 청년 신용회복 지원,1.12
484000020243003B,청년농업인 임대형 스마트팜 조성사업,전남광주광양시,전남,지방,창업·농어업,기반·운영,4.5,4.5,있음,,,청년농업인 스마트팜 자립기반 구축,0.741
4960000202530111,청년농업인 임대형 스마트팜 조성,전남광주함평군,전남,지방,창업·농어업,기반·운영,4.5,0.0,있음,,,청년농업인 스마트팜 자립기반 구축,0.741
3220000202330025,신혼부부·청년 전월세 대출 이자 지원,서울강남구,서울,지방,주거,대상자 지원,4.5,3.14,찾지 못함,,,학자금 대출이자 지원사업,0.582
5440000202630093,청년 창업 공간 내부 공간 조성,경남하동군,경남,지방,창업·농어업,기반·운영,4.5,0.4,찾지 못함,,,대학 특화 청년창업 활성화 지원,0.555
3910000201930156,자립준비청년 자립수당 지원(국비),경기평택시,경기,지방,금융·생활안정,대상자 지원,4.5,3.17,있음,,,자립준비청년 자립수당 지급,0.917
630000020243015C,청년성장프로젝트,대전본청,대전,지방,취업·일경험,기타,4.5,4.5,있음,,,청년성장프로젝트(청년카페),1.0
4680000202230167,익산형 청년창업 액셀러레이팅 지원(TIPS 연계형)(지방소멸대응기금 2026년),전북익산시,전북,지방,창업·농어업,대상자 지원,4.5,4.5,있음,,,전북형 청년취업 지원,0.72
4440000202530022,청년농업인 자립기반구축 지원,충북영동군,충북,지방,창업·농어업,대상자 지원,4.5,1.91,있음,,,청년농업인 스마트팜 기반 조성,0.703
627000020103006F,대학생 및 대학운영 지원,대구본청,대구,지방,교육·역량,대상자 지원,4.48,2.81,찾지 못함,,,대학생 학자금대출 부담경감 지원,0.62
472100020263005D,청년종합지원센터 운영,전북완주군,전북,지방,정책기반,기반·운영,4.48,3.14,있음,,,전북특별자치도 청년마음건강센터 운영,0.72
5070000202430133,[국]청년도전지원사업,경북안동시,경북,지방,취업·일경험,대상자 지원,4.45,3.96,있음,,,2025년 청년도전 지원사업,0.92
62900002024301B7,청년문화예술패스지원 (광주),전남광주본청,광주,지방,문화·건강,대상자 지원,4.45,4.45,찾지 못함,,,청년예술센터 운영,0.691
493000020243012D,청년·다문화 복합문화공간 '눙눙길' 조성(소멸대응기금),전남광주해남군,전남,지방,문화·건강,기반·운영,4.44,3.77,찾지 못함,,,전남청년 문화복지카드,0.537
46800002022300BB,익산형 위드로컬 청년창업 지원(지방소멸대응기금 2026년),전북익산시,전북,지방,창업·농어업,대상자 지원,4.43,3.85,있음,,,전북형 청년취업 지원,0.787
64100002024300ED,경기도의회 청년행정인턴 운영(자체/직접),경기본청,경기,지방,취업·일경험,대상자 지원,4.4,4.4,찾지 못함,,,경기도 청년참여기구 운영,0.564
344000020263004E,청년둥지(N.E.S.T) 프로젝트(역량강화 지원),대구남구,대구,지방,교육·역량,대상자 지원,4.4,4.4,찾지 못함,,,대구청년정책네트워크,0.495
5140000201830064,청년농업인 영농정착지원,대구군위군,대구,지방,창업·농어업,대상자 지원,4.38,0.0,있음,20250724005400111489,청년농업인 영농정착지원사업,청년농업인 영농정착지원사업,1.12
39100002018300A3,청년층 인턴사업,경기평택시,경기,지방,취업·일경험,대상자 지원,4.37,2.07,찾지 못함,,,2026 대학생 인턴사업(평택시),0.691
42500002019300F2,청년창업 지원,강원홍천군,강원,지방,창업·농어업,대상자 지원,4.35,3.47,있음,,,청년농업인 육성지원,0.787
49700002025300D4,청년도전 지원,전남광주영광군,전남,지방,취업·일경험,대상자 지원,4.35,4.35,있음,,,청년도전지원사업,0.8
4280000202030003,청년 아르바이트 운영,강원평창군,강원,지방,정책기반,기타,4.34,4.09,찾지 못함,,,강원청년센터 운영,0.653
3180000202330112,청년 드림나래 일자리사업,서울영등포구,서울,지방,취업·일경험,기타,4.34,2.78,있음,,,미래 청년 일자리 사업,0.82
4670000202330245,전북청년 함께 두배적금사업,전북군산시,전북,지방,금융·생활안정,대상자 지원,4.32,2.72,있음,20250113005400210211,전북청년 함께 두배적금 사업,전북청년 함께 두배적금 사업,1.12
55900002025300AE,청년월세 지원사업,경기양주시,경기,지방,주거,대상자 지원,4.31,1.12,있음,,,(국토부) 26년 청년월세 지원사업,0.8
6500000202330064,청년주권회의 및 청년자율예산 운영,제주본청,제주,지방,정책기반,기타,4.3,3.17,있음,,,청년주권회의 운영,1.02
5240000202630002,청년브랜딩탐색지원사업(2026),경북봉화군,경북,지방,정책기반,대상자 지원,4.3,4.3,있음,,,2025년 청년도전 지원사업,0.752
4711000202630067,"청년활동 거점공간, 지평선청춘마루 조성(26년 지방소멸대응기금)",전북김제시,전북,지방,정책기반,기반·운영,4.3,0.39,찾지 못함,,,청년공동체 활성화 지원,0.44
39100002021301BE,청년지원센터 운영 지원,경기평택시,경기,지방,정책기반,기반·운영,4.28,3.23,있음,,,2026 평택시 청년지원센터 청년쉼표 운영,0.92
55300002020302FB,말산업 청년인턴 취업지원,경기화성시,경기,지방,취업·일경험,대상자 지원,4.26,0.62,찾지 못함,,,청년 융합기술 창업지원,0.596
53400002018300B2,청년농업인 영농정착 지원,경남사천시,경남,지방,창업·농어업,대상자 지원,4.23,2.17,있음,20260408005400212643,청년농업인 영농정착지원,청년농업인 영농정착지원,1.12
49100002022300D1,전남청년 문화복지카드 지원사업(도비),전남광주장흥군,전남,지방,문화·건강,대상자 지원,4.21,3.87,있음,20250516005400210831,전남청년 문화복지카드,전남청년 문화복지카드,1.12
3830000200730055,대학생 행정체험연수,경기안양시,경기,지방,교육·역량,기타,4.21,4.14,찾지 못함,,,대학생 천원의 아침밥,0.495
4440000202430023,청년 창업농 경영실습 임대농장 운영 및 시설관리,충북영동군,충북,지방,창업·농어업,기반·운영,4.21,4.21,찾지 못함,,,청년후계농 영농정착 지원,0.49
646000020203004B,친환경농산물 계약재배 청년농가 육성 (전남),전남광주본청,전남,지방,창업·농어업,기타,4.2,4.2,있음,20250119005400210342,친환경농산물 계약재배 청년농가 육성,친환경농산물 계약재배 청년농가 육성,1.12
48300002025300D1,청년 창업공간 지원사업,전남광주나주시,전남,지방,창업·농어업,대상자 지원,4.2,4.02,있음,,,청년농업인 창업 스케일업(성장) 지원사업,0.76
5670000202530178,청년 일경험 지원사업,경남창원시,경남,지방,취업·일경험,대상자 지원,4.2,4.2,있음,20250917005400211751,청년 일경험 지원,청년 일경험 지원,1.12
359000020193005D,자립준비청년 자립수당 지급,전남광주동구,광주,지방,금융·생활안정,대상자 지원,4.2,2.83,있음,,,자립준비청년 자립수당 지급,1.0
4690000202130049,청년지원센터 운영,전북정읍시,전북,지방,정책기반,기반·운영,4.19,4.19,있음,,,전북특별자치도 청년마음건강센터 운영,0.787
3740000202330533,경기청년 역량강화 기회 지원(도비),경기수원시,경기,지방,교육·역량,대상자 지원,4.18,1.97,있음,20251107005400211812,경기청년 역량강화 기회지원,경기청년 역량강화 기회지원,1.12
4720000202230101,근로능력이 있는 수급자의 탈수급지원(청년내일저축계좌-차상위이하),전북완주군,전북,지방,금융·생활안정,대상자 지원,4.17,3.39,찾지 못함,,,공공근로사업,0.342
6480000202030486,청년친화기업 선정 지원,경남본청,경남,지방,정책기반,대상자 지원,4.16,2.67,있음,,,청년친화기업 지원,1.02
47110002026300F8,사회연대경제 청년 일경험 시범사업(보조),전북김제시,전북,지방,취업·일경험,대상자 지원,4.14,0.0,있음,,,사회연대경제 청년 일경험 시범 지원,1.0
4641000202630219,국도비보조금반환(청년일자리과),전북전주시,전북,지방,취업·일경험,기타,4.13,0.0,찾지 못함,,,,
439000020253012B,청년센터 운영,충북충주시,충북,지방,정책기반,기반·운영,4.12,4.12,있음,,,충북청년희망센터 운영,0.92
48100002026300F6,청년도전지원사업,전남광주여수시,전남,지방,취업·일경험,대상자 지원,4.11,4.11,있음,,,청년도전지원사업,0.8
626000020243008F,NEXT 10(청년 월드클래스 육성) 운영,부산본청,부산,지방,정책기반,기타,4.1,4.1,있음,20250517005400210835,부산 NEXT10(청년 월드클래스 육성),부산 NEXT10(청년 월드클래스 육성),1.12
5080000202530077,청년근로자결혼장려금지원,경북구미시,경북,지방,금융·생활안정,대상자 지원,4.1,4.01,있음,,,청년일자리 근속장려금 지원사업,0.735
3360000202230079,청년 월세 지원 사업,부산강서구,부산,지방,주거,대상자 지원,4.07,1.28,있음,,,부산 청년 월세 지원,0.92
4740000201830065,청년농업인 영농정착 지원,전북무주군,전북,지방,창업·농어업,대상자 지원,4.07,2.13,있음,,,청년창업농 영농정착지원사업,0.92
6470000201630011,대학일자리플러스센터지원(국가직접지원),경북본청,경북,지방,취업·일경험,대상자 지원,4.05,4.05,있음,,,대학일자리플러스센터 지원,0.92
64700002026301CC,K-Art청년창작자지원(국가직접지원),경북본청,경북,지방,정책기반,대상자 지원,4.05,4.05,찾지 못함,,,청년한부모 자녀양육비 지원,0.555
31000002022300B1,노원구 청년 일자리센터 운영,서울노원구,서울,지방,취업·일경험,기반·운영,4.03,3.02,있음,,,서울광역청년센터 운영,0.72
4680000202230102,익산형 청년월세지원사업,전북익산시,전북,지방,주거,대상자 지원,4.01,1.51,있음,20260326005400212297,익산형 청년월세 지원사업,익산형 청년월세 지원사업,1.12
424100020253024A,청년 농촌복합주거단지 조성사업,강원삼척시,강원,지방,주거,기반·운영,4.0,0.0,찾지 못함,,,삼척형 청년인턴 지원사업,0.555
64200002018300D3,청년 어업인 영어정착자금 지원(국고),강원본청,강원,지방,창업·농어업,대상자 지원,4.0,4.0,있음,,,청년어업인 영어정착 지원,1.037
6260000202030391,청년취업 도전 프로젝트,부산본청,부산,지방,취업·일경험,대상자 지원,4.0,4.0,있음,,,부산 청년잡(JOB) 성장프로젝트,0.752
6260000202230096,청년정책 연구 추진,부산본청,부산,지방,정책기반,기타,4.0,4.0,있음,,,부산 청년 패널조사,0.92
6260000202330160,청년 마음이음 사업,부산본청,부산,지방,문화·건강,기타,4.0,4.0,있음,20250517005400210833,부산 청년마음이음(일대일 상담),부산 청년마음이음(일대일 상담),1.12
62600002025300B1,청년문화 축제 개최,부산본청,부산,지방,문화·건강,기반·운영,4.0,4.0,있음,,,부산 청년문화축제(부산 스텝업댄스페스티벌),1.02
48300002025301D9,노후공장 청년친화 리뉴얼 사업,전남광주나주시,전남,지방,정책기반,기타,4.0,0.0,찾지 못함,,,전남 청년 희망 일자리 지원사업,0.537
488000020263002F,전국 청년농업인 교류행사 개최지원(도비),전남광주고흥군,전남,지방,창업·농어업,기반·운영,4.0,3.0,찾지 못함,,,청년농업인 연구동아리 지원,0.639
650000020263023B,청년농업인 R&D 기술창업 통합관리 지원(기술지원),제주본청,제주,지방,창업·농어업,대상자 지원,4.0,0.0,있음,,,청년농업인 R&D 기술창업 통합관리 지원,1.0
647000020263015C,청년농업인R&D기술창업통합관리지원(농산업교육훈련지원),경북본청,경북,지방,창업·농어업,대상자 지원,4.0,4.0,있음,,,청년농업인 R&D 기술창업 통합관리 지원,1.0
5100000202630064,도)청년농업인지역상생협동모델구축,경북영천시,경북,지방,창업·농어업,기타,4.0,4.0,찾지 못함,,,청년농부 창농기반 구축,0.505
520000020263006E,청년두드림특화거리 조성,경북고령군,경북,지방,정책기반,기반·운영,4.0,0.24,찾지 못함,,,2025년 경북청년CEO 심화육성 지원사업,0.52
62700002020301A5,청년 귀환 채널구축 사업(고향올래),대구본청,대구,지방,정책기반,기타,4.0,4.0,있음,,,청년 귀환 채널구축 사업(고향올래),1.0
628000020243016E,대학일자리플러스센터 운영 지원(고용노동부 직접),인천본청,인천,지방,취업·일경험,기반·운영,4.0,2.6,있음,,,대학일자리플러스센터 운영 지원,0.92
357000020223012F,강화군 대학생 등록금 지원,인천강화군,인천,지방,교육·역량,대상자 지원,4.0,2.0,있음,,,대학생 학자금대출 이자 지원,0.72
3170000202330097,금천 청년꿈터 운영,서울금천구,서울,지방,정책기반,기타,3.99,3.3,있음,,,서울광역청년센터 운영,0.745
42400002022300C8,청년월세 한시 특별지원 사업(국고),강원삼척시,강원,지방,주거,대상자 지원,3.98,1.0,있음,,,청년월세 한시 특별지원,1.0
40300002022300B1,청년 월세 지원,경기의왕시,경기,지방,주거,대상자 지원,3.98,0.93,있음,,,(국토부) 26년 청년월세 지원사업,0.8
4890000202230074,전남청년 문화복지 카드,전남광주보성군,전남,지방,문화·건강,대상자 지원,3.96,2.75,있음,20250516005400210831,전남청년 문화복지카드,전남청년 문화복지카드,1.12
49500002025300EA,청년도전지원사업,전남광주무안군,전남,지방,취업·일경험,대상자 지원,3.96,3.96,있음,,,청년도전지원사업,0.8
38300002019300BD,보호종료아동 자립수당,경기안양시,경기,지방,금융·생활안정,대상자 지원,3.96,2.06,찾지 못함,,,시설 퇴소청소년 자립지원수당,0.381
40600002019300D7,보호종료아동 자립수당 지원,경기파주시,경기,지방,금융·생활안정,대상자 지원,3.96,2.29,찾지 못함,,,자립준비청년 주거비 지원사업,0.44
390000020263012E,청년도전지원사업,경기광명시,경기,지방,취업·일경험,대상자 지원,3.96,3.96,있음,,,청년도전지원사업,0.8
382000020193006A,자립준비청년 자립수당,경기의정부시,경기,지방,금융·생활안정,대상자 지원,3.96,2.87,있음,,,자립준비청년 자립수당 지급,0.909
3670000201930033,보호종료아동 자립수당(국비),대전유성구,대전,지방,금융·생활안정,대상자 지원,3.96,1.93,찾지 못함,,,시설 퇴소청소년 자립지원수당,0.381
3640000202530072,청년도전지원사업(국비),대전동구,대전,지방,취업·일경험,대상자 지원,3.96,3.96,있음,,,청년도전지원사업,0.92
355000020243008A,청년도전지원사업,인천계양구,인천,지방,취업·일경험,대상자 지원,3.96,3.96,있음,,,(계양구) 청년도전지원사업,0.92
33900002026300BA,청년도전지원사업,부산사상구,부산,지방,취업·일경험,대상자 지원,3.94,3.94,있음,,,부산 청년도전 지원사업,0.92
627000020223018A,자립준비청년 자립지원 체계구축(자립지원 전담요원 배치),대구본청,대구,지방,금융·생활안정,대상자 지원,3.94,3.03,있음,,,자립준비청년 자립지원 사업,0.9
360000020263015B,청년도전지원사업,전남광주서구,광주,지방,취업·일경험,대상자 지원,3.94,3.94,있음,,,2026년 서구 청년도전지원사업,0.92
3610000202630066,청년도전지원사업(보조),전남광주남구,광주,지방,취업·일경험,대상자 지원,3.94,3.94,있음,,,[북구]2026년 청년도전지원사업,0.92
46710002026300F2,청년도전 지원사업,전북군산시,전북,지방,취업·일경험,대상자 지원,3.94,1.73,있음,,,청년도전지원사업 참여자 모집(전북),0.92
351050020263005C,청년도전지원사업,인천미추홀구,인천,지방,취업·일경험,대상자 지원,3.94,1.97,있음,,,청년도전지원사업,0.92
44600002025300A7,산촌청년창업지원(2026),충북괴산군,충북,지방,창업·농어업,대상자 지원,3.94,3.94,있음,,,괴산형 청년창업 지원사업,0.847
310000020223002A,노원구 청년창업센터 조성,서울노원구,서울,지방,창업·농어업,기반·운영,3.93,3.34,찾지 못함,,,서울광역청년센터 운영,0.591
61100002019302E6,청년참여 활성화 및 서울청년참여기구 운영 지원,서울본청,서울,지방,참여·권리,대상자 지원,3.93,2.61,있음,,,청년참여 활성화 및 서울청년참여기구 운영 지원,1.0
3450000202130115,청년 창업 육성지원,대구북구,대구,지방,창업·농어업,대상자 지원,3.92,3.85,있음,,,청년예술가 육성 지원,0.826
37200002022300A4,청년월세 한시 특별지원,울산북구,울산,지방,주거,대상자 지원,3.91,0.8,있음,20250714005400111222,청년월세 한시 특별지원사업,청년월세 한시 특별지원사업,1.12
569000020223016E,세종 청년미래적금 운영,세종본청,세종,지방,금융·생활안정,대상자 지원,3.91,3.91,있음,20250904005400211630,청년미래적금 운영,청년미래적금 운영,1.12
4990000202630022,청년어촌정착 지원,전남광주완도군,전남,지방,창업·농어업,대상자 지원,3.9,2.93,있음,,,청년어업인 정착지원 사업,0.769
6300000201830145,자립준비청년 자립정착금 지원,대전본청,대전,지방,금융·생활안정,대상자 지원,3.9,3.6,찾지 못함,,,대전광역시 청년부부 결혼장려금 지원사업,0.505
627000020163013B,대학일자리플러스센터 설치운영 지원(국가직접지원),대구본청,대구,지방,취업·일경험,대상자 지원,3.9,3.6,찾지 못함,,,,
6110000202330249,청년 부상 제대군인 상담센터 운영,서울본청,서울,지방,문화·건강,기반·운영,3.89,3.89,있음,20250519005400210857,청년 부상 제대군인 상담센터 운영,청년 부상 제대군인 상담센터 운영,1.12
52200002018300E2,청년농업인 영농정착지원,경북칠곡군,경북,지방,창업·농어업,대상자 지원,3.89,2.01,찾지 못함,,,청년스타트업 지원,0.646
45100002024300D8,청년농업인 육성(도비),충남보령시,충남,지방,창업·농어업,기타,3.87,3.59,있음,,,청년농업인 육성을 위한 충남형 사회적 농업 지원,1.02
55900002018300A1,청년농업인 영농정착지원 사업,경기양주시,경기,지방,창업·농어업,대상자 지원,3.84,3.84,있음,20251107005400211815,청년농업인 영농정착지원,청년농업인 영농정착지원,1.12
3740000202630205,수원델타플렉스 노후공장 청년친화 리뉴얼 사업,경기수원시,경기,지방,정책기반,기타,3.84,3.84,찾지 못함,,,경기청년 해외진출(일본) 사업,0.406
6430000202330041,청년 소상공인 창업응원금 지원,충북본청,충북,지방,창업·농어업,대상자 지원,3.84,3.84,찾지 못함,,,청년4-H회원 창업 성공모델 지원 사업,0.534
5590000202230078,미래산업 청년인재 양성사업,경기양주시,경기,지방,정책기반,기타,3.83,3.16,찾지 못함,,,경기도 반도체 산업 전문인력 양성사업,0.68
405000020243023E,청년 문화예술패스,경기용인시,경기,지방,문화·건강,대상자 지원,3.8,3.8,찾지 못함,,,청년 융합기술 창업지원,0.495
569000020253015C,청년성장프로젝트,세종본청,세종,지방,취업·일경험,기타,3.8,3.8,있음,,,청년성장프로젝트(청년카페),1.0
4450000202630076,일하는 기쁨 청년 여성 일자리 지원사업,충북진천군,충북,지방,취업·일경험,대상자 지원,3.8,3.8,있음,,,충북 청년여성 일자리 플랫폼 운영,0.756
4470000202630075,일하는기쁨 청년여성 일자리 지원사업,충북음성군,충북,지방,취업·일경험,대상자 지원,3.8,3.04,있음,,,충북 청년여성 일자리 플랫폼 운영,0.756
53100002026301D2,청년허브하우스 시설물 관리,경남진주시,경남,지방,정책기반,기반·운영,3.79,0.0,찾지 못함,,,청년일자리 도전 지원사업,0.436
50000002018300EE,청년업무 추진,전남광주진도군,전남,지방,정책기반,기타,3.78,3.48,찾지 못함,,,청년 취업자 주거비 지원사업,0.62
560000020223002D,청년월세 한시 특별지원사업,경기포천시,경기,지방,주거,대상자 지원,3.78,0.85,있음,,,(국토부) 26년 청년월세 지원사업,0.9
64700002011300AB,청년정책추진활성화,경북본청,경북,지방,정책기반,기타,3.78,2.24,찾지 못함,,,청년성장프로젝트,0.52
345000020193008A,보호종료아동 자립수당,대구북구,대구,지방,금융·생활안정,대상자 지원,3.78,2.36,찾지 못함,,,시설 퇴소청소년 자립지원수당,0.381
6450000202030011,생생 청년농부 농촌정착 프로젝트,전북본청,전북,지방,창업·농어업,기타,3.78,3.78,찾지 못함,,,청년창업농 영농정착지원사업,0.642
546000020183008D,청년농업인 영농정착 지원,경남함양군,경남,지방,창업·농어업,대상자 지원,3.77,3.76,있음,20260408005400212643,청년농업인 영농정착지원,청년농업인 영농정착지원,1.12
4280000202330009,청년 지원,강원평창군,강원,지방,정책기반,대상자 지원,3.76,2.84,있음,,,청년예술인 지원,0.847
340000020253007A,청년 행정체험단 운영,부산기장군,부산,지방,취업·일경험,기타,3.76,2.79,있음,,,부산청년멘토단 운영,0.745
5380000202130236,청년센터 운영,경남양산시,경남,지방,정책기반,기반·운영,3.76,3.76,있음,,,양산시 청년정책단 운영,0.735
4220000200730062,부업대학생 운영,강원태백시,강원,지방,교육·역량,기타,3.75,3.75,있음,,,미래농업대학 운영,0.787
567000020253016F,청년주택 임차보증금 이자 지원,경남창원시,경남,지방,주거,대상자 지원,3.75,0.0,있음,20250917005400211732,청년 주택 임차보증금 이자 지원,청년 주택 임차보증금 이자 지원,1.12
6470000202330199,고졸청년취업정착지원,경북본청,경북,지방,취업·일경험,대상자 지원,3.75,3.75,찾지 못함,,,청년스타트업 지원,0.676
52200002022300A5,청년월세지원사업,경북칠곡군,경북,지방,주거,대상자 지원,3.74,0.93,있음,,,청년 신혼부부 월세 지원사업,0.92
6110000202630395,청년 매입임대 지방채 이자 상환,서울본청,서울,지방,주거,대상자 지원,3.73,0.0,찾지 못함,,,청년 매입임대주택 사업,0.691
3190000202430012,2.청년 권익 향상(성인지),서울동작구,서울,지방,정책기반,기타,3.71,2.25,찾지 못함,,,서울 청년수당,0.484
390000020133003C,청년 아르바이트,경기광명시,경기,지방,정책기반,기타,3.71,3.42,찾지 못함,,,경기도 청년 복지포인트,0.549
3980000202630027,청년내일센터 운영,경기구리시,경기,지방,정책기반,기반·운영,3.71,2.73,찾지 못함,,,경기도 청년참여기구 운영,0.62
64100002016300FD,경기청년 맞춤형 채용지원서비스(자체/직접),경기본청,경기,지방,취업·일경험,대상자 지원,3.71,3.71,있음,20260429005400212944,경기청년 맞춤형 채용지원 서비스,경기청년 맞춤형 채용지원 서비스,1.12
484000020183006C,청년 농업인 영농정착 지원사업,전남광주광양시,전남,지방,창업·농어업,대상자 지원,3.7,3.66,있음,,,청년농업인 스타트업(초기창업) 지원사업,0.812
4700000202230083,"근로능력있는수급자의탈수급지원(청년내일저축계좌-차상위이하,초과)(보조)",전북남원시,전북,지방,금융·생활안정,대상자 지원,3.7,3.24,찾지 못함,,,중증장애인근로자 출퇴근 비용 지원,0.333
5150000202530008,청년농업인육성,경북의성군,경북,지방,창업·농어업,기타,3.69,2.61,있음,,,경북청년 예비창업가 육성사업,0.745
6460000202330095,전남형 청년공동체 활성화 지원 (전남),전남광주본청,전남,지방,참여·권리,대상자 지원,3.68,2.04,있음,20250119005400210341,전남형 청년공동체 활성화 사업,전남형 청년공동체 활성화 사업,1.12
4840000201930088,청년 희망디딤돌 통장사업,전남광주광양시,전남,지방,금융·생활안정,기타,3.68,2.34,있음,20250119005400210340,청년 희망디딤돌 통장 운영,청년 희망디딤돌 통장 운영,1.12
50800002022300C5,청년농부육성지원,경북구미시,경북,지방,창업·농어업,대상자 지원,3.68,3.06,있음,,,청년한부모 자녀양육비 지원,0.72
642000020183010F,청년농업인 육성·지원,강원본청,강원,지방,창업·농어업,대상자 지원,3.66,3.66,있음,20250502005400210766,청년농업인 육성지원,청년농업인 육성지원,1.12
416000020243012A,경기도 청년기본소득 지원(보조),경기가평군,경기,지방,금융·생활안정,대상자 지원,3.65,2.14,있음,20250515005400210826,경기도 청년기본소득,경기도 청년기본소득,1.12
627000020223027D,"유휴공간 활용, 청년 공간 재탄생",대구본청,대구,지방,정책기반,기타,3.65,2.85,찾지 못함,,,2025년 제11회 대구청년주간 개최,0.381
46000002022300F4,청년월세 특별지원 사업,충남홍성군,충남,지방,주거,대상자 지원,3.64,0.61,있음,,,(국토부) 26년 청년월세 지원사업,0.9
3590000202330147,동구 청년센터 운영,전남광주동구,광주,지방,정책기반,기반·운영,3.64,2.84,있음,,,청년예술센터 운영,0.92
32100002019300C7,서리풀청년아트갤러리 운영,서울서초구,서울,지방,정책기반,기타,3.63,3.63,찾지 못함,,,청년예술청 운영,0.541
62900002018300D0,청년농업인영농정착지원 (광주),전남광주본청,광주,지방,창업·농어업,대상자 지원,3.63,3.38,있음,20260513005400213183,2026년 청년농업인(청년창업형 후계농업경영인) 영농정착지원사업(2차),2026년 청년농업인(청년창업형 후계농업경영인) 영농정착지원사업(2차),1.12
6280000200732046,청년 시정체험 확대,인천본청,인천,지방,정책기반,기타,3.63,3.63,찾지 못함,,,(인천교통공사)청년 체험형 인턴 운영,0.653
531000020213015C,중소기업 취업청년 복지지원금 지원사업,경남진주시,경남,지방,취업·일경험,대상자 지원,3.62,2.62,있음,20251127005400211943,진주시 중소기업 취업청년  복지지원금 지원사업,진주시 중소기업 취업청년  복지지원금 지원사업,1.12
54400002023302D6,하동형 청년통장 지원사업,경남하동군,경남,지방,금융·생활안정,대상자 지원,3.62,2.28,있음,,,모다드림 청년통장 지원사업,0.882
40700002024300B3,청년농업인(청년팜) 정착 지원금 지급,경기이천시,경기,지방,창업·농어업,대상자 지원,3.62,3.62,있음,,,청년농업인 영농정착지원,0.903
6260000202330079,청년공간이음 사업,부산본청,부산,지방,정책기반,기타,3.61,3.61,있음,,,부산청년센터 운영,0.92
497000020183007B,청년센터 운영,전남광주영광군,전남,지방,정책기반,기반·운영,3.61,3.61,찾지 못함,,,2026년 서구 청년축제 「무한도ZONE」,0.62
542000020263011F,청년어업인 맞춤형 지원사업,경남고성군,경남,지방,창업·농어업,대상자 지원,3.61,0.72,있음,,,청년 창업농 맞춤형 지원,0.87
570000020223003F,근로능력있는수급자의탈수급지원(청년),경기여주시,경기,지방,취업·일경험,대상자 지원,3.61,3.16,찾지 못함,,,중증장애인근로자 출퇴근 비용 지원,0.333
3370000201930035,보호종료아동 자립수당 지원,부산연제구,부산,지방,금융·생활안정,대상자 지원,3.6,2.29,찾지 못함,,,부산 자립준비청년 자립수당 지원,0.62
48100002019300EB,보호종료아동 자립수당 지원,전남광주여수시,전남,지방,금융·생활안정,대상자 지원,3.6,1.89,찾지 못함,,,자립준비청년 자립수당 지급,0.417
47100002020300F2,청년공간 운영,전북김제시,전북,지방,정책기반,기반·운영,3.6,3.59,찾지 못함,,,전북 청년 직무인턴 운영,0.691
53600002022300C8,국토부 청년월세 지원사업,경남밀양시,경남,지방,주거,대상자 지원,3.58,0.73,있음,,,청년 월세 지원,1.02
62600002019300C6,청년 활동 지원,부산본청,부산,지방,정책기반,대상자 지원,3.57,3.53,있음,,,부산 청년활동 마일리지,0.92
6460000201730151,꿈사다리 청년 학습선생님 지원 (전남),전남광주본청,전남,지방,정책기반,대상자 지원,3.57,3.57,찾지 못함,,,꿈사다리 공부방 사업,0.564
3220000202230017,청년 취업 강남라운지 운영,서울강남구,서울,지방,취업·일경험,대상자 지원,3.55,2.08,찾지 못함,,,청년예술청 운영,0.564
3780000202530273,성남하이테크밸리 노후공장 청년친화 리뉴얼사업,경기성남시,경기,지방,정책기반,기타,3.55,1.78,찾지 못함,,,경기청년 해외진출(일본) 사업,0.396
4470000202330053,청년지원센터 운영,충북음성군,충북,지방,정책기반,기반·운영,3.55,3.55,있음,,,충북청년희망센터 운영,0.92
3730000202630012,대학생 아르바이트 채용,울산울주군,울산,지방,교육·역량,대상자 지원,3.54,3.52,있음,20250714005400211202,대학생 아르바이트 채용사업,대학생 아르바이트 채용사업,1.12
536000020193010A,청년정책,경남밀양시,경남,지방,정책기반,기타,3.54,2.23,있음,,,매체 활용 청년정책 홍보,0.92
3730000202630090,청년도전지원사업,울산울주군,울산,지방,취업·일경험,대상자 지원,3.52,3.41,있음,,,청년성장지원사업,0.87
54000002020300B9,청년정책 추진,경남함안군,경남,지방,정책기반,기타,3.52,2.99,있음,,,매체 활용 청년정책 홍보,0.92
5050000202630104,청년성장프로젝트,경북경주시,경북,지방,취업·일경험,기타,3.52,1.56,있음,,,청년성장프로젝트(청년카페),1.0
470100020243010B,청년도전지원사업,전북남원시,전북,지방,취업·일경험,대상자 지원,3.52,1.16,있음,,,청년도전지원사업 참여자 모집(전북),0.92
45400002023301FE,청년농업인 농지 임차료 지원,충남논산시,충남,지방,창업·농어업,대상자 지원,3.5,0.0,있음,20250715005400211277,청년농업인 농지임차료 지원,청년농업인 농지임차료 지원,1.12
455000020263001B,청년센터 활성화 지원사업(지방소멸대응기금),충남금산군,충남,지방,정책기반,대상자 지원,3.5,2.5,있음,,,충청남도 청년센터 운영,1.02
6260000201830083,청년 정장 대여서비스 지원,부산본청,부산,지방,정책기반,대상자 지원,3.5,3.5,있음,20250515005400210821,부산청년 정장대여서비스(드림옷장),부산청년 정장대여서비스(드림옷장),1.12
6460000202130092,청년 창농타운 운영 (전남),전남광주본청,전남,지방,창업·농어업,기타,3.5,1.88,찾지 못함,,,광주청년센터 운영,0.691
6310000202630020,범서굴화 청년특화주택 건립,울산본청,울산,지방,주거,기반·운영,3.5,0.2,있음,20260409005400212651,범서굴화 청년특화 주택 건립사업,범서굴화 청년특화 주택 건립사업,1.12
5530000201830061,청년 공공인턴 운영,경기화성시,경기,지방,취업·일경험,대상자 지원,3.5,2.58,찾지 못함,,,경기도 공공기숙사 운영,0.653
4730000202130008,대학생 생활안정비 지원,전북진안군,전북,지방,교육·역량,대상자 지원,3.5,0.0,찾지 못함,,,대학생 학자금 대출이자 지원,0.575
4910000202330276,보전지출(인구청년정책과),전남광주장흥군,전남,지방,정책기반,기타,3.49,2.89,찾지 못함,,,,
5710000202630063,청주시 청년창업지원센터 운영,충북청주시,충북,지방,창업·농어업,기반·운영,3.49,3.49,있음,,,충북청년희망센터 운영,0.787
40500002019300B1,보호종료아동 자립수당,경기용인시,경기,지방,금융·생활안정,대상자 지원,3.48,2.23,찾지 못함,,,시설 퇴소청소년 자립지원수당,0.381
5600000200830001,청년 지방행정체험 연수,경기포천시,경기,지방,취업·일경험,기타,3.47,3.47,찾지 못함,,,경기도 청년 복지포인트,0.52
3990000200830310,청년 행정체험 연수 사업,경기남양주시,경기,지방,취업·일경험,기타,3.46,3.46,찾지 못함,,,청년공동체 연구지원 사업,0.646
3470000202430037,청년부부 결혼축하금 지원사업,대구달서구,대구,지방,금융·생활안정,대상자 지원,3.46,2.05,찾지 못함,,,청년도전지원사업 젊핑(대구시),0.642
39300002011300EA,자립준비청년 자립정착금,경기안산시,경기,지방,금융·생활안정,대상자 지원,3.45,2.45,있음,,,자립준비청년 주거비 지원사업,0.72
4800000202030023,청년 희망 디딤돌 통장 사업,전남광주목포시,전남,지방,금융·생활안정,기타,3.44,2.07,있음,20250119005400210340,청년 희망디딤돌 통장 운영,청년 희망디딤돌 통장 운영,1.12
5350000202230216,청년 365 핫플레이스 조성,경남김해시,경남,지방,정책기반,기반·운영,3.44,3.33,있음,20250917005400211705,청년 365 핫플레이스 조성,청년 365 핫플레이스 조성,1.12
3740000202430274,청년 문화예술패스(국가직접지원)(도비),경기수원시,경기,지방,문화·건강,대상자 지원,3.44,3.44,찾지 못함,,,청년 융합기술 창업지원,0.495
3500000202030062,청년공간 운영,인천제물포구,인천,지방,정책기반,기반·운영,3.44,2.0,있음,,,인천 청년공간 운영 및 확대 구축,0.92
33100002024300D8,청년 인턴 일경험 지원 사업,부산남구,부산,지방,취업·일경험,대상자 지원,3.43,2.01,있음,,,부산 청년도전 지원사업,0.752
484000020203001B,청년꿈터 운영,전남광주광양시,전남,지방,정책기반,기타,3.43,1.85,있음,,,(광양시)광양청년꿈터 드림클래스,0.92
5130000201930040,(국비보조)보호종료아동 자립수당 지원,경북경산시,경북,지방,금융·생활안정,대상자 지원,3.42,2.39,찾지 못함,,,자립준비청년 자립수당지원,0.62
35600002019300C2,자립준비청년 자립수당 지급(서구),인천서해구,인천,지방,금융·생활안정,대상자 지원,3.42,2.48,있음,,,자립준비청년 자립수당 지급,1.0
3400000202230038,청년월세 지원,부산기장군,부산,지방,주거,대상자 지원,3.41,1.02,있음,,,부산 청년 월세 지원,0.92
5440000202630074,청년 협력가 양성 및 마을 파견(2026년 지방소멸대응기금 기초),경남하동군,경남,지방,정책기반,기타,3.4,3.1,찾지 못함,,,청년어업인 육성 및 지원,0.52
3440000202230078,남구청년센터 운영,대구남구,대구,지방,정책기반,기반·운영,3.4,3.4,있음,,,대구광역시 청년마음건강센터 운영,0.87
3530000202130042,청년창업지원센터 운영,인천남동구,인천,지방,창업·농어업,기반·운영,3.4,3.4,있음,20250115005400210275,청년창업지원센터 운영,청년창업지원센터 운영,1.12
3160000200730616,청년 행정체험 사업,서울구로구,서울,지방,취업·일경험,기타,3.39,3.29,찾지 못함,,,청년예술지원사업,0.62
342000020193002F,보호종료아동 자립수당 지급,대구동구,대구,지방,금융·생활안정,대상자 지원,3.39,2.16,찾지 못함,,,자립준비청년 자립수당 지급,0.5
3910000201630046,대학생 인턴사업,경기평택시,경기,지방,교육·역량,대상자 지원,3.38,3.3,있음,20260313005400212156,2026 대학생 인턴사업(평택시),2026 대학생 인턴사업(평택시),1.12
3630000202430053,광산청년온가운영,전남광주광산구,광주,지방,정책기반,기타,3.38,3.34,있음,,,광산청년온가 입주자 모집 재공고,0.92
5230000201730109,청년행정도우미사업,경북예천군,경북,지방,정책기반,기타,3.37,1.86,있음,20260413005400212692,청년행정도우미,청년행정도우미,1.12
522000020263011C,청년도전지원사업,경북칠곡군,경북,지방,취업·일경험,대상자 지원,3.37,2.96,있음,,,2025년 청년도전 지원사업,0.92
5020000201930092,보호종료아동자립수당지원<보조>,경북포항시,경북,지방,금융·생활안정,대상자 지원,3.36,2.12,찾지 못함,,,자립준비청년 자립수당지원,0.62
3540000202430050,청년공간 유유기지 부평 운영(성인지예산),인천부평구,인천,지방,정책기반,기타,3.35,3.35,있음,20260506005400213173,(부평구) 청년공간 유유기지부평 운영,(부평구) 청년공간 유유기지부평 운영,1.12
493000020223012F,친환경농산물 계약재배 청년농가 육성,전남광주해남군,전남,지방,창업·농어업,기타,3.34,0.99,있음,20250119005400210342,친환경농산물 계약재배 청년농가 육성,친환경농산물 계약재배 청년농가 육성,1.12
4400000202230146,청년지원거점 청년센터 운영,충북제천시,충북,지방,정책기반,기반·운영,3.33,3.33,있음,,,제천시 청년센터 운영,1.02
4400000202630032,"일하는 기쁨, 청년 여성 일자리 지원사업(보조)",충북제천시,충북,지방,취업·일경험,대상자 지원,3.33,2.33,있음,,,충북 청년여성 일자리 플랫폼 운영,0.756
3190000202430013,4.청년 경쟁력 강화(성인지),서울동작구,서울,지방,정책기반,기타,3.32,2.2,찾지 못함,,,서울 청년수당,0.52
40000002018300B9,청년일자리지원센터 이루잡 운영,경기오산시,경기,지방,취업·일경험,대상자 지원,3.32,1.64,있음,,,대학일자리센터 지원,0.708
647000020243022A,청년신혼부부월세지원사업,경북본청,경북,지방,주거,대상자 지원,3.32,3.32,있음,20250827005400211525,청년 신혼부부 월세 지원사업,청년 신혼부부 월세 지원사업,1.12
4500000202630159,청년친화도시,충남공주시,충남,지방,정책기반,기타,3.3,0.0,있음,,,청년친화도시 확산,1.02
45200002022301AD,청년마음건강센터 운영(인건비),충남아산시,충남,지방,문화·건강,기반·운영,3.3,3.3,있음,,,충청남도 청년센터 운영,0.87
333000020253008D,청년성장프로젝트(청년카페),부산해운대구,부산,지방,취업·일경험,기타,3.3,3.3,있음,,,부산 청년잡(JOB) 성장프로젝트,1.061
331000020193004B,보호종료아동 자립수당 지원,부산남구,부산,지방,금융·생활안정,대상자 지원,3.3,2.13,찾지 못함,,,부산 자립준비청년 자립수당 지원,0.62
3390000201930045,보호종료아동 자립수당 지원,부산사상구,부산,지방,금융·생활안정,대상자 지원,3.3,1.83,찾지 못함,,,부산 자립준비청년 자립수당 지원,0.62
4850000202230163,전남청년 문화복지카드 사업,전남광주담양군,전남,지방,문화·건강,대상자 지원,3.3,3.3,있음,20250516005400210831,전남청년 문화복지카드,전남청년 문화복지카드,1.12
3070000200730447,청년 행정체험단 운영,서울성북구,서울,지방,취업·일경험,기타,3.3,3.22,찾지 못함,,,청년예술청 운영,0.62
399000020193014E,자립준비청년 자립수당 지원,경기남양주시,경기,지방,금융·생활안정,대상자 지원,3.3,2.41,있음,,,자립준비청년 자립수당 지급,0.917
4680000201930146,자립준비청년 자립수당 지원,전북익산시,전북,지방,금융·생활안정,대상자 지원,3.3,2.08,있음,,,자립준비청년 자립수당 지급,0.917
6260000202430034,대학생 「천원의 아침밥」지원사업,부산본청,부산,지방,교육·역량,대상자 지원,3.29,2.64,찾지 못함,,,부산 대학생 학자금 대출이자 지원,0.646
432000020233009B,양구군 청년지킴이 사업(자체),강원양구군,강원,지방,정책기반,기타,3.27,1.08,찾지 못함,,,2025년 청년 디딤돌 2배 적금 지원사업,0.555
4960000202630007,전남청년 문화복지카드 지원사업(보조),전남광주함평군,전남,지방,문화·건강,대상자 지원,3.27,2.61,있음,20250516005400210831,전남청년 문화복지카드,전남청년 문화복지카드,1.12
5020000202630190,사회연대경제청년일경험시범사업<보조>,경북포항시,경북,지방,취업·일경험,대상자 지원,3.25,0.16,있음,,,사회연대경제 청년 일경험 시범 지원,1.0
5350000201930143,보호종료아동 자립수당 지원,경남김해시,경남,지방,금융·생활안정,대상자 지원,3.24,2.1,찾지 못함,,,자립지원전담기관 운영,0.484
629000020263008B,K-ART청년창작자지원 (광주),전남광주본청,광주,지방,정책기반,대상자 지원,3.24,0.0,있음,,,K-Art 청년 창작자 지원사업(2026~2027),0.898
4050000202330306,미취업청년 자격시험 응시료 지원사업,경기용인시,경기,지방,교육·역량,대상자 지원,3.23,1.53,찾지 못함,,,경기청년 재기격려지원사업,0.658
62700002024301A0,청년 문화예술패스(국가직접지원),대구본청,대구,지방,문화·건강,대상자 지원,3.23,3.23,있음,20250218005400210456,청년문화예술패스,청년문화예술패스,1.12
329000020253009F,청년문화창업 지원,부산부산진구,부산,지방,창업·농어업,대상자 지원,3.21,0.09,있음,,,부산 청년문화육성 지원,0.87
6500000201930097,청년정책 기반구축,제주본청,제주,지방,정책기반,기타,3.21,1.73,찾지 못함,,,서귀포시 청년정책협의체 운영,0.653
482000020243009A,청년농업인 스마트팜 자립기반 구축 지원,전남광주순천시,전남,지방,창업·농어업,대상자 지원,3.2,1.01,있음,20250119005400210335,청년농업인 스마트팜 자립기반 구축,청년농업인 스마트팜 자립기반 구축,1.12
48700002025300B2,청년농업인 스마트팜 자립기반 구축 지원,전남광주구례군,전남,지방,창업·농어업,대상자 지원,3.2,3.2,있음,20250119005400210335,청년농업인 스마트팜 자립기반 구축,청년농업인 스마트팜 자립기반 구축,1.12
48400002023302FC,청년농업인 스마트팜 자립기반 구축사업,전남광주광양시,전남,지방,창업·농어업,기타,3.2,2.28,있음,20250119005400210335,청년농업인 스마트팜 자립기반 구축,청년농업인 스마트팜 자립기반 구축,1.12
4940000202430109,청년농업인 스마트팜 자립기반 구축,전남광주영암군,전남,지방,창업·농어업,기타,3.2,3.2,있음,20250119005400210335,청년농업인 스마트팜 자립기반 구축,청년농업인 스마트팜 자립기반 구축,1.12
5010000202230077,청년농업인스마트팜자립기반구축(보조),전남광주신안군,전남,지방,창업·농어업,기타,3.2,3.2,있음,20250119005400210335,청년농업인 스마트팜 자립기반 구축,청년농업인 스마트팜 자립기반 구축,1.12
3100000202530090,노원 청년심리상담센터 운영,서울노원구,서울,지방,문화·건강,기반·운영,3.19,2.62,있음,,,청년 부상 제대군인 상담센터 운영,0.735
5330000201930163,청년센터운영,경남통영시,경남,지방,정책기반,기타,3.19,3.08,찾지 못함,,,새일센터 지정 운영,0.691
393000020253004D,안산시 청년센터 프로그램 운영(도비),경기안산시,경기,지방,정책기반,기타,3.19,3.19,찾지 못함,,,경기청년 사다리 프로그램,0.665
4060000202430158,청년창업지원센터 운영,경기파주시,경기,지방,창업·농어업,기반·운영,3.19,3.19,있음,,,청년 융합기술 창업지원,0.72
427000020223002D,청년 창업육성 지원사업,강원영월군,강원,지방,창업·농어업,대상자 지원,3.18,0.83,있음,,,청년농업인 육성지원,0.889
4010000201930129,자립준비청년 자립수당 지원,경기시흥시,경기,지방,금융·생활안정,대상자 지원,3.18,1.77,있음,,,자립준비청년 자립수당 지급,0.917
5460000202630030,청년 일자리 연계 주거지원 사업(자체),경남함양군,경남,지방,주거,대상자 지원,3.17,3.15,있음,20250917005400211727,청년 일자리 연계 주거 지원,청년 일자리 연계 주거 지원,1.12
55300002023305AC,경기청년역량강화 기회 지원,경기화성시,경기,지방,교육·역량,대상자 지원,3.16,1.51,있음,20251107005400211812,경기청년 역량강화 기회지원,경기청년 역량강화 기회지원,1.12
62800002018300DD,청년발달장애인 자산형성지원,인천본청,인천,지방,금융·생활안정,대상자 지원,3.16,3.16,있음,20260406005400212494,청년발달장애인 자산형성지원(행복씨앗통장),청년발달장애인 자산형성지원(행복씨앗통장),1.12
45000002026300FC,청년농업인 스마트팜 구축 지원,충남공주시,충남,지방,창업·농어업,대상자 지원,3.15,3.15,있음,,,청년농업인 역량강화 지원,0.756
45200002026301A6,청년농업인 스마트팜 구축지원,충남아산시,충남,지방,창업·농어업,대상자 지원,3.15,0.0,있음,,,청년농업인 역량강화 지원,0.756
4590000202630191,청년자립형 스마트팜 지원사업,충남청양군,충남,지방,창업·농어업,대상자 지원,3.15,0.0,있음,20251111005400211844,청년자립형 스마트팜 지원사업,청년자립형 스마트팜 지원사업,1.12
46200002023301A3,청년농 맞춤형 스마트팜 보급,충남태안군,충남,지방,창업·농어업,기타,3.15,0.0,있음,,,청년자립형 스마트팜 지원사업,0.787
46200002026300DB,청년농업인 스마트팜 구축 지원,충남태안군,충남,지방,창업·농어업,대상자 지원,3.15,0.0,있음,,,청년농업인 역량강화 지원,0.756
5350000201730207,보호종료아동 자립정착금 지원,경남김해시,경남,지방,금융·생활안정,대상자 지원,3.15,1.2,찾지 못함,,,자립준비청년 자립정착금 지원,0.658
3450000202630041,청년꿈드림지원센터 운영,대구북구,대구,지방,정책기반,기반·운영,3.15,3.15,찾지 못함,,,대구광역시 청년마음건강센터 운영,0.691
44600002026300F7,청년농업인 스마트팜 창업 지원,충북괴산군,충북,지방,창업·농어업,대상자 지원,3.15,0.0,있음,,,청년농업인 스마트팜 기반 조성,0.87
419100020263007C,청년 4배 통장 지원,강원원주시,강원,지방,금융·생활안정,대상자 지원,3.14,3.14,있음,,,청년 면접 정장 지원,0.745
4940000202330262,보전지출(영암군 청년기금),전남광주영암군,전남,지방,정책기반,기타,3.14,0.0,찾지 못함,,,,
3070000202630030,성북 청년 스마트 창업센터 운영,서울성북구,서울,지방,창업·농어업,기반·운영,3.13,1.63,있음,,,서울광역청년센터 운영,0.752
5370000202630106,청년어업인 맞춤형 지원,경남거제시,경남,지방,창업·농어업,대상자 지원,3.13,0.0,있음,,,청년 창업농 맞춤형 지원,0.92
4700000201930180,전북청년 지역정착 지원사업,전북남원시,전북,지방,정책기반,대상자 지원,3.13,2.91,있음,20250113005400210206,전북청년 지역정착 지원사업,전북청년 지역정착 지원사업,1.12
3440000201930028,보호종료아동 자립수당 지원,대구남구,대구,지방,금융·생활안정,대상자 지원,3.12,1.91,찾지 못함,,,자립준비청년 자립수당 지급,0.417
346000020193007B,자립준비청년 자립수당 지원,대구수성구,대구,지방,금융·생활안정,대상자 지원,3.12,2.08,있음,,,자립준비청년 자립수당 지급,0.917
347000020263008A,사회연대경제 청년 일경험 시범사업,대구달서구,대구,지방,취업·일경험,대상자 지원,3.11,0.1,있음,,,사회연대경제 청년 일경험 시범 지원,1.0
58100002026301BC,사회연대경제청년일경험,전남광주서구,광주,지방,취업·일경험,대상자 지원,3.11,0.49,있음,,,사회연대경제 청년 일경험사업 시범사업(3차),1.037
63100002024300DD,청년문화예술패스 사업(국가직접지원),울산본청,울산,지방,문화·건강,대상자 지원,3.09,3.09,있음,20250716005400111300,청년문화예술패스,청년문화예술패스,1.12
43200002018300A9,청년농업인영농정착지원,강원양구군,강원,지방,창업·농어업,대상자 지원,3.08,0.02,있음,20250430005400210740,청년농업인 영농정착 지원,청년농업인 영농정착 지원,1.12
482000020253006A,청년성장프로젝트(청년카페),전남광주순천시,전남,지방,취업·일경험,기타,3.08,3.08,있음,,,청년성장프로젝트(청년카페),1.0
4710000202230179,청년인재유입 스마트팜육성사업(26년 지방소멸대응기금),전북김제시,전북,지방,창업·농어업,기타,3.08,0.0,있음,,,청년희망 스마트팜 확산사업,0.735
4740000202330124,청년창업 스마트팜 패키지 지원사업,전북무주군,전북,지방,창업·농어업,대상자 지원,3.08,3.08,있음,20250718005400211416,청년창업 스마트팜 패키지 지원,청년창업 스마트팜 패키지 지원,1.12
6280000202330116,청년 주택임차보증금 이자 지원,인천본청,인천,지방,주거,대상자 지원,3.08,1.31,있음,,,청년 주택임차보증금 이자 지원 사업 모집,1.037
3140000202130028,양천 청년 일자리 카페,서울양천구,서울,지방,취업·일경험,기타,3.07,1.76,있음,,,서울시 일자리카페 운영,0.889
3920000202230096,청년월세 지원사업,경기동두천시,경기,지방,주거,대상자 지원,3.07,0.35,있음,,,(국토부) 26년 청년월세 지원사업,0.8
5350000202330240,모다드림 청년통장 지원사업,경남김해시,경남,지방,금융·생활안정,대상자 지원,3.06,1.9,있음,20250916005400211693,모다드림 청년통장 지원,모다드림 청년통장 지원,1.12
5080000202330259,청년근로자사랑채움사업,경북구미시,경북,지방,취업·일경험,기타,3.06,3.06,있음,,,2025 청년근로자 행복카드 지원사업,0.703
5100000202430026,청년창업지원센터운영,경북영천시,경북,지방,창업·농어업,대상자 지원,3.06,3.06,있음,,,2026 경북청년창업지원센터 입주기업 모집공고,1.02
341000020123001E,2030청년창업지원센터운영,대구중구,대구,지방,창업·농어업,대상자 지원,3.06,3.06,있음,,,대구광역시 청년마음건강센터 운영,0.72
493000020183011C,청년어촌정착지원,전남광주해남군,전남,지방,창업·농어업,대상자 지원,3.05,3.05,있음,,,청년어업인 정착지원 사업,0.769
322000020253000C,미취업 청년 어학·자격증 응시료 지원,서울강남구,서울,지방,교육·역량,대상자 지원,3.04,1.94,찾지 못함,,,미래 청년 일자리 사업,0.52
30300002016300A4,성동구 청년지원센터 운영,서울성동구,서울,지방,정책기반,기반·운영,3.04,2.29,있음,,,서울광역청년센터 운영,0.847
3930000202330119,복합청년몰 운영 관리,경기안산시,경기,지방,정책기반,기타,3.04,2.89,찾지 못함,,,경기청년 사다리 프로그램,0.62
648000020193017E,기업 채용연계 청년일자리 지원,경남본청,경남,지방,취업·일경험,대상자 지원,3.03,0.33,있음,20250917005400211750,기업 채용 연계 청년일자리 지원,기업 채용 연계 청년일자리 지원,1.12
4050000202430040,용인청년 대출이자 지원사업,경기용인시,경기,지방,금융·생활안정,대상자 지원,3.03,2.97,있음,,,경기청년 재기격려지원사업,0.72
5540000201830081,청년농업인 영농정착지원,경기광주시,경기,지방,창업·농어업,대상자 지원,3.03,0.45,있음,20251107005400211815,청년농업인 영농정착지원,청년농업인 영농정착지원,1.12
4540000202430127,청년꿈키움광장 운영,충남논산시,충남,지방,정책기반,기타,3.02,3.02,찾지 못함,,,충청남도 청년센터 운영,0.653
5250000200830127,대학생아르바이트활동,경북울진군,경북,지방,교육·역량,기타,3.01,2.06,찾지 못함,,,새마을 해외봉사활동,0.331
42110002026300D2,청년창업 스케일업,강원동해시,강원,지방,창업·농어업,대상자 지원,3.0,0.0,찾지 못함,,,청년농업인 육성지원,0.52
4261000202630064,청년창업 지원(대 2026),강원횡성군,강원,지방,창업·농어업,대상자 지원,3.0,3.0,있음,,,청년농업인 육성지원,0.787
449000020223016C,천안형 청년 채용연계프로그램 운영,충남천안시,충남,지방,취업·일경험,대상자 지원,3.0,3.0,있음,,,천안형 채용연계프로그램,0.995
459000020263018D,매콤한 거리 청년 창업 프로젝트,충남청양군,충남,지방,창업·농어업,대상자 지원,3.0,0.0,있음,,,청년-기업 어울림 프로젝트(희망이음),0.703
3340000201930048,자립준비청년 자립수당 지원,부산사하구,부산,지방,금융·생활안정,대상자 지원,3.0,2.14,있음,20260430005400212954,부산 자립준비청년 자립수당 지원,부산 자립준비청년 자립수당 지원,1.12
646000020243021A,전남 청년 희망 일자리 지원사업 (전남),전남광주본청,전남,지방,취업·일경험,대상자 지원,3.0,3.0,있음,20251124005400211937,전남 청년 희망 일자리 지원사업,전남 청년 희망 일자리 지원사업,1.12
486000020263009C,청년 취·창업 교육 지원(2026기금),전남광주곡성군,전남,지방,창업·농어업,대상자 지원,3.0,0.0,있음,,,2026년도 청년창업특례보증 지원,0.752
65000002018303E4,청년어업인 영어정착 지원,제주본청,제주,지방,창업·농어업,대상자 지원,3.0,1.63,있음,,,청년어업인 정착지원 사업,0.875
019-541-1000-1046-351,청년추가고용장려금,고용노동부,중앙,중앙,취업·일경험,대상자 지원,3.0,1.0,찾지 못함,,,청년일자리 도약장려금,0.526
64800002026301B4,청년농업인 R&D 기술창업 통합관리지원,경남본청,경남,지방,창업·농어업,대상자 지원,3.0,3.0,있음,,,청년농업인 R&D 기술창업 통합관리 지원,1.0
5350000202430201,청년주택 임차보증금 이자지원 사업,경남김해시,경남,지방,주거,대상자 지원,3.0,0.0,있음,20250917005400211732,청년 주택 임차보증금 이자 지원,청년 주택 임차보증금 이자 지원,1.12
54800002024300CA,청년 창업농 맞춤형 지원사업,경남합천군,경남,지방,창업·농어업,대상자 지원,3.0,0.0,있음,20250918005400211773,청년 창업농 맞춤형 지원,청년 창업농 맞춤형 지원,1.12
6410000202630370,청년농업인 R&D 기술창업 통합관리 지원(균특/지원),경기본청,경기,지방,창업·농어업,대상자 지원,3.0,3.0,있음,,,청년농업인 R&D 기술창업 통합관리 지원,1.0
5530000202530171,청년 문화예술패스,경기화성시,경기,지방,문화·건강,대상자 지원,3.0,3.0,찾지 못함,,,청년 융합기술 창업지원,0.495
40700002025301FC,청년창업지원센터 운영,경기이천시,경기,지방,창업·농어업,기반·운영,3.0,2.25,있음,,,청년 융합기술 창업지원,0.72
39800002026300B4,구리전통시장 청년문화공간 조성,경기구리시,경기,지방,문화·건강,기반·운영,3.0,0.0,찾지 못함,,,청년공동체 연구지원 사업,0.436
50200002021300B3,청년스타트업지원,경북포항시,경북,지방,창업·농어업,대상자 지원,3.0,3.0,있음,20250901005400211544,청년스타트업 지원,청년스타트업 지원,1.12
50500002021301EE,청년한부모자녀양육비지원,경북경주시,경북,지방,정책기반,대상자 지원,3.0,1.73,있음,20260317005400212183,청년한부모 자녀양육비 지원,청년한부모 자녀양육비 지원,1.12
5070000202530044,청년창업펀드 조성,경북안동시,경북,지방,창업·농어업,기반·운영,3.0,3.0,있음,,,경북청년 예비창업가 육성사업,0.708
50500002025301C5,경주시 청년 新골든 창업특구 조성사업(Season 5),경북경주시,경북,지방,창업·농어업,기반·운영,3.0,3.0,있음,,,경북청년 예비창업가 육성사업,0.729
50600002019300AB,청년농부창농기반구축(보조),경북김천시,경북,지방,창업·농어업,기타,3.0,2.89,있음,20250903005400211621,청년농부 창농기반 구축,청년농부 창농기반 구축,1.12
5100000202330020,청년근로자근속장려금지원사업,경북영천시,경북,지방,취업·일경험,대상자 지원,3.0,3.0,있음,,,2025 청년근로자 행복카드 지원사업,0.787
5230000202430012,예천군 청년 키움·돋움 사업,경북예천군,경북,지방,정책기반,기타,3.0,3.0,찾지 못함,,,2025년 청년도전 지원사업,0.62
6270000202630102,대구청년 부동산 중개수수료 지원(주민참여예산),대구본청,대구,지방,참여·권리,대상자 지원,3.0,3.0,찾지 못함,,,2025년 청년사회진입 활동지원사업,0.537
62700002026302D8,청년 AI 취업 라운지 조성·운영,대구본청,대구,지방,취업·일경험,기반·운영,3.0,0.0,찾지 못함,,,청년 정착 워라밸 기업문화 조성,0.537
65400002026300DF,신혼부부 및 청년 전세자금 대출이자 지원,전북본청,전북,지방,주거,대상자 지원,3.0,2.36,찾지 못함,,,대학생 학자금 대출이자 지원,0.672
471000020193016E,청년 및 신혼부부 전세자금 대출이자 지원,전북김제시,전북,지방,주거,대상자 지원,3.0,3.0,찾지 못함,,,대학생 학자금 대출이자 지원,0.672
4711000202630055,창업청년 희망로드 프로젝트 운영(26년 지방소멸대응기금),전북김제시,전북,지방,창업·농어업,대상자 지원,3.0,3.0,찾지 못함,,,창업기업 양성 프로젝트,0.665
4781000202630019,고창군 청년특화주택,전북고창군,전북,지방,주거,기타,3.0,2.28,찾지 못함,,,청년문화예술주문배달서비스사업(청년예술 퀵),0.52
44600002026300A2,청년창업지원사업(2026년),충북괴산군,충북,지방,창업·농어업,대상자 지원,3.0,1.61,있음,,,괴산형 청년창업 지원사업,0.92
4840000202330339,청년 복합공간 조성사업,전남광주광양시,전남,지방,정책기반,기반·운영,2.99,1.95,있음,,,(광양시) 청년복합공간 운영,0.9
6460000202230182,청년마을 활성화 (전남),전남광주본청,전남,지방,참여·권리,기타,2.98,2.43,있음,,,전남형 청년마을 조성사업,0.834
6500000202030034,청년활동공간 조성 및 운영,제주본청,제주,지방,정책기반,기반·운영,2.98,2.15,찾지 못함,,,서귀포시 청년지원센터 조성,0.653
61100002021302E8,청년안심주택 공급활성화,서울본청,서울,지방,주거,기타,2.98,2.93,있음,20250316005400210633,청년안심주택 공급활성화(임차보증금 무이자지원),청년안심주택 공급활성화(임차보증금 무이자지원),1.12
44300002017300CF,청년정책 발굴 및 지원,충북옥천군,충북,지방,정책기반,대상자 지원,2.98,1.41,찾지 못함,,,청년후계농 영농정착 지원,0.62
53100002023303A6,모다드림 청년통장 지원사업,경남진주시,경남,지방,금융·생활안정,대상자 지원,2.97,2.97,있음,20250916005400211693,모다드림 청년통장 지원,모다드림 청년통장 지원,1.12
39400002026301FA,사회연대경제 청년 일경험 시범사업,경기고양시,경기,지방,취업·일경험,대상자 지원,2.96,0.0,있음,,,사회연대경제 청년 일경험 시범 지원,1.0
346000020263008F,사회연대경제 청년 일경험 시범사업,대구수성구,대구,지방,취업·일경험,대상자 지원,2.96,0.3,있음,,,사회연대경제 청년 일경험 시범 지원,1.0
43300002018300A5,청년창업농 영농정착 지원[균특],강원인제군,강원,지방,창업·농어업,대상자 지원,2.95,2.91,있음,,,청년농업인 영농정착 지원,0.938
4510000202530033,청년맞춤 임대형 스마트팜 단지조성(자체),충남보령시,충남,지방,창업·농어업,기반·운영,2.95,0.0,있음,,,청년자립형 스마트팜 지원사업,0.703
4970000202330238,대학생 스마트 e-모빌리티 경진대회,전남광주영광군,전남,지방,교육·역량,기반·운영,2.95,2.95,찾지 못함,,,대학생 무한도전 프로젝트(해외),0.428
6480000202630273,가족돌봄청년 지원,경남본청,경남,지방,정책기반,대상자 지원,2.94,0.0,있음,,,가족돌봄청년 전담지원 시범사업,0.9
4080000201930094,보호종료아동 자립수당,경기안성시,경기,지방,금융·생활안정,대상자 지원,2.94,1.57,찾지 못함,,,시설 퇴소청소년 자립지원수당,0.381
65300002026301A8,가족돌봄청년 지원(국고),강원본청,강원,지방,정책기반,대상자 지원,2.93,2.05,있음,,,가족돌봄청년 전담지원 시범사업,0.9
62600002026301CE,가족돌봄청년 지원사업(보조),부산본청,부산,지방,정책기반,대상자 지원,2.93,2.05,있음,,,부산 청년돌봄이음,0.92
49300002016300FF,전남 청년 근속장려금 지원사업,전남광주해남군,전남,지방,취업·일경험,대상자 지원,2.93,1.43,있음,20250710005400211181,전남 청년 근속장려금,전남 청년 근속장려금,1.12
64600002026301F0,가족돌봄 청년 지원 사업 (전남),전남광주본청,전남,지방,정책기반,대상자 지원,2.93,0.0,있음,,,청년자립준비지원사업 [해시태그 멘토링],0.92
64700002026301CE,가족돌봄청년지원,경북본청,경북,지방,정책기반,대상자 지원,2.93,0.0,있음,,,가족돌봄청년 전담지원 시범사업,0.9
62900002026300AE,가족돌봄등위기아동청년지원 (광주),전남광주본청,광주,지방,정책기반,대상자 지원,2.93,0.0,찾지 못함,,,가족돌봄청년 전담지원 시범사업,0.593
454000020263006B,논산 청년 페스티벌,충남논산시,충남,지방,문화·건강,기타,2.9,2.9,찾지 못함,,,전국 청년 페스티벌 개최,0.667
4890000200930146,대학생 아르바이트 인력 운영,전남광주보성군,전남,지방,교육·역량,기타,2.9,2.77,찾지 못함,,,대학생 무한도전 프로젝트(해외),0.501
4830000202630103,행정 체험형 청년인턴 지원사업,전남광주나주시,전남,지방,취업·일경험,대상자 지원,2.9,2.73,찾지 못함,,,청년농업인 스타트업(초기창업) 지원사업,0.658
631000020223006C,청년 울산대장정 행사지원(1단계 전환사업),울산본청,울산,지방,정책기반,기반·운영,2.9,2.9,있음,,,청년성장지원사업,0.708
5670000202630072,청년 365 핫플레이스 조성,경남창원시,경남,지방,정책기반,기반·운영,2.9,2.05,있음,20250917005400211705,청년 365 핫플레이스 조성,청년 365 핫플레이스 조성,1.12
3940000202430202,청년 문화예술패스,경기고양시,경기,지방,문화·건강,대상자 지원,2.9,2.9,찾지 못함,,,청년 융합기술 창업지원,0.495
3420000201930087,청년센터 운영 사업,대구동구,대구,지방,정책기반,기반·운영,2.9,2.9,있음,,,대구광역시 청년마음건강센터 운영,0.787
6260000202130084,지역사회서비스 청년사업단,부산본청,부산,지방,취업·일경험,기타,2.89,2.89,찾지 못함,,,부산청년봉사단,0.591
495000020243001C,청년센터 및 청년상가 운영,전남광주무안군,전남,지방,정책기반,기타,2.89,2.73,찾지 못함,,,청년 예술가 및 청년 창작자 지원,0.62
40300002022300A9,청년공간 추가 조성,경기의왕시,경기,지방,정책기반,기반·운영,2.89,0.14,있음,,,청년공간 운영사업,1.02
5100000202230022,영천청년센터운영,경북영천시,경북,지방,정책기반,기타,2.89,2.79,찾지 못함,,,2025년 청년도전 지원사업,0.52
430100020253003E,철원형 청년 인턴 지원사업,강원철원군,강원,지방,취업·일경험,대상자 지원,2.88,1.81,있음,,,지역 청년 무역인력 인턴십 지원 사업,0.735
3260000202630091,청년도전지원사업,부산서구,부산,지방,취업·일경험,대상자 지원,2.88,2.88,있음,,,부산 청년도전 지원사업,0.92
6480000202630199,청년어업인 맞춤형 지원(주민참여),경남본청,경남,지방,창업·농어업,대상자 지원,2.88,2.88,있음,,,청년 창업농 맞춤형 지원,0.92
46700002019300E3,보호종료아동 자립수당 지급,전북군산시,전북,지방,금융·생활안정,대상자 지원,2.88,1.82,찾지 못함,,,퇴소아동 자립정착금,0.501
56800002025300C3,청년농업인 스마트팜사관학교 운영,충남당진시,충남,지방,창업·농어업,기타,2.87,2.87,있음,,,충남형 스마트팜 사관학교 체계 구축운영,0.787
53300002026300C1,청년어업인 맞춤형 지원,경남통영시,경남,지방,창업·농어업,대상자 지원,2.87,0.0,있음,,,청년 창업농 맞춤형 지원,0.92
41800002017301AD,대학일자리플러스센터 지원(국가직접지원),강원춘천시,강원,지방,취업·일경험,대상자 지원,2.86,2.86,있음,,,대학일자리플러스센터 지원,0.92
41700002019301C9,경기청년공간 프로그램 운영(보조),경기양평군,경기,지방,정책기반,기타,2.86,1.72,있음,,,경기청년 사다리 프로그램,0.752
3630000201930009,청년농업인영농정착지원,전남광주광산구,광주,지방,창업·농어업,대상자 지원,2.86,1.48,있음,20260513005400213183,2026년 청년농업인(청년창업형 후계농업경영인) 영농정착지원사업(2차),2026년 청년농업인(청년창업형 후계농업경영인) 영농정착지원사업(2차),1.12
4680000201930010,청년시청 운영,전북익산시,전북,지방,참여·권리,기타,2.86,1.77,있음,,,청년시청 운영,0.92
319000020193001E,7.청년 일자리센터 운영,서울동작구,서울,지방,취업·일경험,기반·운영,2.85,1.5,있음,,,서울광역청년센터 운영,0.787
318000020183006E,영등포 청년건축학교 운영,서울영등포구,서울,지방,교육·역량,기반·운영,2.83,2.23,찾지 못함,,,청년예술청 운영,0.564
414000020193014B,경기도 청년기본소득(도비),경기연천군,경기,지방,금융·생활안정,기타,2.83,1.88,있음,20250515005400210826,경기도 청년기본소득,경기도 청년기본소득,1.12
4050000202130150,돌봄아동-대학생 매칭 학습지원,경기용인시,경기,지방,교육·역량,대상자 지원,2.83,1.64,찾지 못함,,,대학생 장학금 지원,0.691
4510000202230126,청년월세 한시 특별지원 사업,충남보령시,충남,지방,주거,대상자 지원,2.82,0.27,있음,,,(국토부) 26년 청년월세 지원사업,0.9
49400002025300FA,청년문화벨트 조성사업(2025),전남광주영암군,전남,지방,문화·건강,기반·운영,2.81,1.87,있음,,,전남형 청년마을 조성사업,0.752
34900002022300D6,청년월세 지원사업(19세~34세),인천영종구,인천,지방,주거,대상자 지원,2.81,0.36,있음,,,(영종구) 인천시 청년월세 지원사업,0.92
55700002021300DC,청년월세 지원,충북증평군,충북,지방,주거,대상자 지원,2.81,0.74,있음,,,(국토부) 26년 청년월세 지원사업,0.8
4550000202530107,금산군 청년센터 조성사업(특조),충남금산군,충남,지방,정책기반,기반·운영,2.8,2.32,있음,,,충청남도 청년센터 운영,1.02
5440000202630039,하동 청년타운 운영관리,경남하동군,경남,지방,정책기반,기타,2.8,1.57,찾지 못함,,,청년 소셜미디어 운영,0.591
64100002024304A7,자립준비청년 주거비 지원사업(자체/직접),경기본청,경기,지방,주거,대상자 지원,2.8,2.8,있음,20251231005400212061,자립준비청년 주거비 지원사업,자립준비청년 주거비 지원사업,1.12
630000020263008B,청년 자격증 응시료 지원(주민참여예산),대전본청,대전,지방,교육·역량,대상자 지원,2.8,2.8,찾지 못함,,,청년도전지원사업,0.564
507000020253001D,안동 청년두배드림(Dream)통장 지원,경북안동시,경북,지방,금융·생활안정,대상자 지원,2.8,2.8,찾지 못함,,,청년 화합소통행사 개최지원,0.575
3580000200830791,부업대학생 운영,인천옹진군,인천,지방,교육·역량,기타,2.79,2.79,찾지 못함,,,대학생 학자금대출 이자 지원,0.52
4610000202330013,예산형청년전입근로자정착지원,충남예산군,충남,지방,취업·일경험,대상자 지원,2.78,1.33,찾지 못함,,,청년후계농업인 영농정착 지원,0.564
451000020193005F,청년창업지원(시비)사업 지원,충남보령시,충남,지방,창업·농어업,대상자 지원,2.78,2.78,있음,,,청년 창업‧창직 지원사업,0.92
40400002023301DE,취업교육 청년지원,경기하남시,경기,지방,교육·역량,대상자 지원,2.78,0.5,찾지 못함,,,경기청년 역량강화 기회지원,0.62
3650000202630044,청년도전지원사업,대전중구,대전,지방,취업·일경험,대상자 지원,2.78,2.44,있음,,,청년도전지원사업,0.92
41810002026300B9,청년 행정체험 운영(구 대학생 행정체험),강원춘천시,강원,지방,교육·역량,기타,2.77,2.74,있음,,,대학생 행정체험연수 운영,0.826
4970000202430125,영광청년육아나눔터 운영 관리,전남광주영광군,전남,지방,정책기반,기타,2.77,1.64,찾지 못함,,,청년농업인 연구동아리 지원,0.501
48700002022300C4,전남 청년 문화복지카드 지원사업,전남광주구례군,전남,지방,문화·건강,대상자 지원,2.76,2.21,있음,20250516005400210831,전남청년 문화복지카드,전남청년 문화복지카드,1.12
341000020193004A,보호종료아동자립수당,대구중구,대구,지방,금융·생활안정,대상자 지원,2.76,2.56,찾지 못함,,,시설 퇴소청소년 자립지원수당,0.381
4530000202330256,청년농업인 농지임차료 지원,충남서산시,충남,지방,창업·농어업,대상자 지원,2.75,0.19,있음,20250715005400211277,청년농업인 농지임차료 지원,청년농업인 농지임차료 지원,1.12
5420000202130046,청년일자리,경남고성군,경남,지방,취업·일경험,기타,2.75,2.26,있음,,,청년 일자리 연계 주거 지원,1.02
43900002021300CF,청년후계농업인 육성,충북충주시,충북,지방,창업·농어업,기타,2.74,1.01,찾지 못함,,,청년후계농 영농정착 지원,0.676
6410000202430351,경기청년 사다리 프로그램 운영(자체/지원),경기본청,경기,지방,정책기반,대상자 지원,2.73,2.73,있음,20260908005400213386,경기청년 사다리 프로그램,경기청년 사다리 프로그램,1.12
5690000202330056,대학생 사이버보안 경진대회 추진,세종본청,세종,지방,교육·역량,기반·운영,2.73,2.69,있음,,,대학생 사이버보안 경진대회,1.0
5670000202430218,청년 문화예술패스 사업,경남창원시,경남,지방,문화·건강,대상자 지원,2.72,2.72,있음,20250922005400211784,청년 문화예술패스 사업,청년 문화예술패스 사업,1.12
5530000201930154,청년 고용 지원,경기화성시,경기,지방,취업·일경험,대상자 지원,2.72,2.72,찾지 못함,,,경기청년 역량강화 기회지원,0.691
6270000201830050,청년정책추진 강화,대구본청,대구,지방,정책기반,기타,2.72,1.29,있음,,,제3차 대구광역시 청년정책 기본계획 수립,0.92
3700000202330008,청년창업 점포 희망스타트 지원사업,울산남구,울산,지방,창업·농어업,대상자 지원,2.71,1.64,찾지 못함,,,청년농업인 영농 스타트업 지원,0.691
54500002024300DF,청년 창업농 맞춤형 지원사업,경남산청군,경남,지방,창업·농어업,대상자 지원,2.71,0.99,있음,20250918005400211773,청년 창업농 맞춤형 지원,청년 창업농 맞춤형 지원,1.12
644000020263024A,K-Art 청년창작자 지원사업(국가직접지원),충남본청,충남,지방,정책기반,대상자 지원,2.7,0.0,있음,,,청년 창업‧창직 지원사업,0.729
6500000202330042,보호종료아동 자립정착금 지원,제주본청,제주,지방,금융·생활안정,대상자 지원,2.7,1.05,있음,,,아동복지시설 보호종료아동 자립정착금,1.02
370000020193005D,보호종료아동 자립수당 지원,울산남구,울산,지방,금융·생활안정,대상자 지원,2.7,1.36,있음,20250716005400111291,보호종료아동 자립수당,보호종료아동 자립수당,1.12
5670000200831801,자립준비청년 자립정착금 지원,경남창원시,경남,지방,금융·생활안정,대상자 지원,2.7,1.8,있음,20250916005400211695,자립준비청년 자립정착금 지원,자립준비청년 자립정착금 지원,1.12
64800002024302D8,청년 문화예술패스(국가직접지원),경남본청,경남,지방,문화·건강,대상자 지원,2.7,2.7,있음,,,청년 문화예술인 활동 지원,0.826
4090000201930124,보호종료아동 자립수당,경기김포시,경기,지방,금융·생활안정,대상자 지원,2.7,1.7,찾지 못함,,,시설 퇴소청소년 자립지원수당,0.381
40400002019300B7,보호종료아동 자립수당,경기하남시,경기,지방,금융·생활안정,대상자 지원,2.7,1.25,찾지 못함,,,시설 퇴소청소년 자립지원수당,0.381
6300000202630168,k-art 청년창작자 지원(국가직접지원),대전본청,대전,지방,정책기반,대상자 지원,2.7,0.0,찾지 못함,,,청년도전지원사업,0.541
50900002022300DF,영주청년정주지원센터 운영사업(지방소멸대응기금),경북영주시,경북,지방,주거,기반·운영,2.7,2.7,찾지 못함,,,2025년 청년도전 지원사업,0.665
65400002026301C8,K-Art 청년창작자 지원(국가직접),전북본청,전북,지방,정책기반,대상자 지원,2.7,2.7,찾지 못함,,,청년나래 일자리 지원사업,0.575
469000020233019B,신혼부부 및 청년 공공임대주택 임대보증금 지원사업(도비직접지원),전북정읍시,전북,지방,주거,대상자 지원,2.7,2.7,찾지 못함,,,전북청년 지역정착 지원사업,0.495
3500000202430078,청년도전지원사업,인천제물포구,인천,지방,취업·일경험,대상자 지원,2.7,2.64,있음,,,(동구) 청년도전지원사업,0.92
4580000202630021,청년센터 운영,충남서천군,충남,지방,정책기반,기반·운영,2.69,0.47,있음,,,충청남도 청년센터 운영,0.92
4191000202330402,청년공간 운영,강원원주시,강원,지방,정책기반,기반·운영,2.68,2.46,있음,,,강원청년센터 운영,0.787
483000020213016B,친환경농산물 계약재배 청년농가 육성,전남광주나주시,전남,지방,창업·농어업,기타,2.68,0.45,있음,20250119005400210342,친환경농산물 계약재배 청년농가 육성,친환경농산물 계약재배 청년농가 육성,1.12
43000002022300B7,청년일자리사업(지역혁신형),강원철원군,강원,지방,취업·일경험,기타,2.67,1.92,있음,,,청년일자리 도약장려금,0.9
43400002018300C6,청년농업인 영농정착 지원사업,강원고성군,강원,지방,창업·농어업,대상자 지원,2.66,1.37,있음,20250430005400210740,청년농업인 영농정착 지원,청년농업인 영농정착 지원,1.12
34000002018300D2,청년 농업인 영농정착 지원사업,부산기장군,부산,지방,창업·농어업,대상자 지원,2.66,0.42,찾지 못함,,,부산 청년도전 지원사업,0.691
5310000202030087,청년정책 추진,경남진주시,경남,지방,정책기반,기타,2.66,2.36,있음,,,매체 활용 청년정책 홍보,0.92
506000020263010D,청년도전지원사업(보조),경북김천시,경북,지방,취업·일경험,대상자 지원,2.66,2.66,있음,,,2025년 청년도전 지원사업,0.92
4221000202530042,태백주도형 청년일자리사업,강원태백시,강원,지방,취업·일경험,기타,2.64,1.63,있음,,,지역주도형 청년일자리 사업(지역혁신형),0.833
4260000202330181,청년도전지원사업(국고),강원횡성군,강원,지방,취업·일경험,대상자 지원,2.64,2.64,있음,,,청년도전지원사업,0.8
4860000202630058,청년도전지원사업,전남광주곡성군,전남,지방,취업·일경험,대상자 지원,2.64,1.16,있음,,,곡성군 청년 월세 지원사업,0.87
391000020223001E,청년 전.월세보증금 대출이자 지원,경기평택시,경기,지방,주거,대상자 지원,2.64,1.87,있음,,,2026년 평택시 청년 월세 지원,0.72
559000020263011A,청년도전지원사업(고용노동부 공모사업),경기양주시,경기,지방,취업·일경험,대상자 지원,2.64,2.64,있음,,,청년도전지원사업,0.8
3680000201930058,자립준비청년자립수당지원(국비),대전대덕구,대전,지방,금융·생활안정,대상자 지원,2.64,0.91,있음,,,자립준비청년 자립수당 지급,0.917
5250000202230092,청년월세 지원사업,경북울진군,경북,지방,주거,대상자 지원,2.64,0.67,있음,,,청년 신혼부부 월세 지원사업,0.92
46410002024301F4,청년성장프로젝트,전북전주시,전북,지방,취업·일경험,기타,2.64,1.06,있음,,,청년성장프로젝트(청년카페),1.0
34900002024300E3,청년도전지원사업,인천영종구,인천,지방,취업·일경험,대상자 지원,2.64,2.64,있음,,,(영종구) 인천시 청년월세 지원사업,0.826
353000020253009C,청년도전지원사업,인천남동구,인천,지방,취업·일경험,대상자 지원,2.64,2.05,있음,,,2025년 청년도전지원사업,0.92
56900002023304DE,청년도전 지원사업,세종본청,세종,지방,취업·일경험,대상자 지원,2.64,2.64,있음,,,청년도전지원사업 『도전캠퍼스』,0.92
6440000202530031,자립준비청년 자립 지원,충남본청,충남,지방,금융·생활안정,대상자 지원,2.63,1.75,있음,20250715005400211284,"자립준비청년 자립 지원 (자립수당, 자립정착금, 대학생활안정자금)","자립준비청년 자립 지원 (자립수당, 자립정착금, 대학생활안정자금)",1.12
329000020233008D,청년 행정 인턴,부산부산진구,부산,지방,취업·일경험,대상자 지원,2.63,1.59,있음,20250108005400210071,부산진구 청년 행정인턴,부산진구 청년 행정인턴,1.12
335000020263007C,청년도전지원사업,부산금정구,부산,지방,취업·일경험,대상자 지원,2.63,2.63,있음,,,부산 청년도전 지원사업,0.92
44500002026300E6,청년도전지원사업,충북진천군,충북,지방,취업·일경험,대상자 지원,2.63,2.63,있음,,,신 취약청년(가족돌봄·고립은둔) 지원사업,0.826
46100002009306FA,청년농업인 영농정착 기반조성 지원사업,충남예산군,충남,지방,창업·농어업,기반·운영,2.62,1.76,있음,,,청년농업인 안정정착 기반조성,0.966
3380000202530004,청년커뮤니티 복합공간 운영 및 관리,부산수영구,부산,지방,참여·권리,기반·운영,2.62,1.96,있음,,,부산 청년커뮤니티 운영,1.02
3090000201630098,청년 활동 거점 공간 운영,서울도봉구,서울,지방,정책기반,기반·운영,2.62,2.11,찾지 못함,,,청년예술청 운영,0.591
401000020163005B,청년협업마을 운영,경기시흥시,경기,지방,정책기반,기타,2.62,1.71,찾지 못함,,,경기도 청년참여기구 운영,0.62
498000020263005E,청년센터 운영관리,전남광주장성군,전남,지방,정책기반,기반·운영,2.61,2.14,찾지 못함,,,전남 청년 희망 일자리 지원사업,0.582
32300002020300AC,송파ICT청년창업지원센터 운영,서울송파구,서울,지방,창업·농어업,기반·운영,2.61,1.91,찾지 못함,,,서울광역청년센터 운영,0.642
41700002025300A8,근로능력있는 수급자의 탈수급 지원(청년)(보조),경기양평군,경기,지방,취업·일경험,대상자 지원,2.61,2.2,찾지 못함,,,중증장애인근로자 출퇴근 비용 지원,0.333
347000020223001D,청년창업지원센터 운영,대구달서구,대구,지방,창업·농어업,기반·운영,2.61,2.61,있음,,,대구광역시 청년마음건강센터 운영,0.72
43210002025300A9,지역상생형 청년창업 지원[2026],강원양구군,강원,지방,창업·농어업,대상자 지원,2.6,0.94,찾지 못함,,,청년농업인 육성지원,0.62
424000020203010D,청년몰 활성화,강원삼척시,강원,지방,정책기반,기타,2.6,2.0,찾지 못함,,,삼척중앙시장 청년몰 운영사업,0.665
019-110-1300-1343-300,경계선지능청년지원,고용노동부,중앙,중앙,취업·일경험,대상자 지원,2.6,2.19,있음,20260718005400113262,경계선지능청년지원,경계선지능청년지원,1.0
6480000202130012,인플루언서와 함께하는 경남 청년의 날,경남본청,경남,지방,정책기반,기타,2.6,0.1,찾지 못함,,,청년 월세 지원,0.342
536000020233028F,청년이 부르는 MY(밀양)아리랑 콘서트,경남밀양시,경남,지방,정책기반,기타,2.6,1.9,찾지 못함,,,청년일자리 도전 지원사업,0.406
40500002022300C4,청년공간 프로그램 운영,경기용인시,경기,지방,정책기반,기타,2.6,1.4,있음,,,경기청년 사다리 프로그램,0.752
408000020243011C,안성시 경기청년 사다리프로그램,경기안성시,경기,지방,정책기반,기타,2.6,2.6,있음,20260908005400213386,경기청년 사다리 프로그램,경기청년 사다리 프로그램,1.12
560000020243018B,경기청년 사다리 프로그램,경기포천시,경기,지방,정책기반,기타,2.6,2.6,있음,20260908005400213386,경기청년 사다리 프로그램,경기청년 사다리 프로그램,1.12
37400002021300E3,청년 및 노인정신건강 외래치료비 지원(국비),경기수원시,경기,지방,문화·건강,대상자 지원,2.6,1.67,있음,,,청년층 정신건강 서비스 강화,0.703
643000020193024E,충북 청년여성 희망일터 지원사업,충북본청,충북,지방,정책기반,대상자 지원,2.6,2.6,있음,,,충북청년희망센터 운영,0.834
3220000200730515,방학중 대학생 행정체험연수 운영,서울강남구,서울,지방,교육·역량,기타,2.59,2.37,찾지 못함,,,서울희망대학진로장학금,0.331
402000020193005A,자립준비청년 자립수당(국도시),경기군포시,경기,지방,금융·생활안정,대상자 지원,2.58,1.27,있음,,,자립준비청년 자립수당 지급,0.909
47100002023301D6,청년 및 신혼부부 공공임대주택 임대보증금 지원사업(도직접지원),전북김제시,전북,지방,주거,대상자 지원,2.58,2.58,찾지 못함,,,사회적경제 청년혁신가 지원사업,0.509
3120000202230013,청년벤처 발굴 및 육성,서울서대문구,서울,지방,창업·농어업,기타,2.56,2.27,찾지 못함,,,서울 청년수당,0.428
4710000202430008,청년경영실습 임대농장 운영,전북김제시,전북,지방,주거,대상자 지원,2.56,0.37,찾지 못함,,,청년창업농 영농정착지원사업,0.541
4230000200730268,부업대학생 운영,강원속초시,강원,지방,교육·역량,기타,2.55,2.46,있음,,,미래농업대학 운영,0.787
5380000202530143,청년주택 임차보증금 이자지원,경남양산시,경남,지방,주거,대상자 지원,2.55,0.0,있음,20250917005400211732,청년 주택 임차보증금 이자 지원,청년 주택 임차보증금 이자 지원,1.12
568000020183002A,청년창업농 임대형 스마트팜 운영,충남당진시,충남,지방,창업·농어업,대상자 지원,2.54,1.73,있음,20260430005400212997,청년창업농 임대형 스마트팜 운영,청년창업농 임대형 스마트팜 운영,1.12
483000020193017C,청년 희망 디딤돌 통장 사업,전남광주나주시,전남,지방,금융·생활안정,기타,2.54,1.53,있음,20250119005400210340,청년 희망디딤돌 통장 운영,청년 희망디딤돌 통장 운영,1.12
509000020183000E,청년농업인 육성,경북영주시,경북,지방,창업·농어업,기타,2.54,0.91,있음,,,경북청년 예비창업가 육성사업,0.745
427000020213011D,청년 시책 추진,강원영월군,강원,지방,정책기반,기타,2.53,1.28,찾지 못함,,,청년 맞춤형 교육 추진,0.653
6110000202330876,청년의 날 및 청년 주간 운영,서울본청,서울,지방,정책기반,기타,2.53,1.0,찾지 못함,,,청년예술청 운영,0.676
3120000202530034,청년 문화예술 활성화,서울서대문구,서울,지방,문화·건강,기타,2.52,1.58,있음,,,청년예술지원사업,0.735
55300002023305E4,청년취업끝까지 지원센터 운영,경기화성시,경기,지방,취업·일경험,기반·운영,2.52,1.38,찾지 못함,,,청년 융합기술 창업지원,0.555
5170000201830068,청년후계농영농정착지원(보조),경북영양군,경북,지방,창업·농어업,대상자 지원,2.52,1.3,찾지 못함,,,자립준비청년 자립정착금 지원,0.62
52500002018300F3,청년농업인영농정착지원(지원),경북울진군,경북,지방,창업·농어업,대상자 지원,2.52,2.33,찾지 못함,,,청년스타트업 지원,0.646
5150000202430093,청년센터운영,경북의성군,경북,지방,정책기반,기타,2.52,2.52,있음,,,청년키움지원센터 운영,0.8
5690000202230166,청년 임차보증금 이자지원 사업,세종본청,세종,지방,주거,대상자 지원,2.52,1.05,있음,,,청년 주택임차보증금 이자 지원,1.02
4450000202530008,청년센터 운영,충북진천군,충북,지방,정책기반,기반·운영,2.52,2.52,있음,,,충북청년희망센터 운영,0.92
45200002026301B4,사회연대경제 청년 일경험 시범사업,충남아산시,충남,지방,취업·일경험,대상자 지원,2.51,0.07,있음,,,사회연대경제 청년 일경험 시범 지원,1.0
3320000202630011,도심형 청년창업주거복합공간 조성사업,부산북구,부산,지방,창업·농어업,기반·운영,2.51,2.43,찾지 못함,,,부산 자립청년 주거 다 지원 사업,0.549
4820000201730024,청년 활동 및 참여 확대,전남광주순천시,전남,지방,참여·권리,기타,2.51,1.7,찾지 못함,,,순천시 위원회 청년위원 20% 확대,0.52
53100002026301C9,사회연대경제 청년 일경험 시범사업,경남진주시,경남,지방,취업·일경험,대상자 지원,2.51,0.0,있음,,,청년 일경험 지원,1.02
5380000202630287,사회연대경제 청년 일경험 시범사업,경남양산시,경남,지방,취업·일경험,대상자 지원,2.51,0.0,있음,,,청년 일경험 지원,1.02
341000020263009E,사회연대경제청년일경험시범사업,대구중구,대구,지방,취업·일경험,대상자 지원,2.51,0.49,있음,,,사회연대경제 청년 일경험 시범 지원,1.0
5805000202630088,사회연대경제 청년 일경험 시범사업,전남광주동구,광주,지방,취업·일경험,대상자 지원,2.51,0.95,있음,20260810005400213326,사회연대경제 청년 일경험사업 시범사업(3차),사회연대경제 청년 일경험사업 시범사업(3차),1.12
359000020243002C,동구 청년창작소 운영,전남광주동구,광주,지방,정책기반,기타,2.51,2.51,있음,,,동명청년창작소 창업 인사이트 TALK 프로그램 운영,1.02
430000020193006D,청년창업 공간 지원(2026),강원철원군,강원,지방,창업·농어업,대상자 지원,2.5,2.5,있음,,,청년농업인 육성지원,0.708
48200002019300AB,귀농귀촌(청년) 안정정착 지원,전남광주순천시,전남,지방,창업·농어업,대상자 지원,2.5,1.17,찾지 못함,,,귀농 농업창업 및 주택 구입 사업,0.331
49400002025300D5,청년문화벨트 조성사업(2025),전남광주영암군,전남,지방,문화·건강,기반·운영,2.5,0.0,있음,,,전남형 청년마을 조성사업,0.752
6500000202330146,보호종료아동 자립정착금 지원,제주본청,제주,지방,금융·생활안정,대상자 지원,2.5,1.45,있음,,,아동복지시설 보호종료아동 자립정착금,1.02
6480000202630196,청년마당(교류공간) 조성 사업(주민참여),경남본청,경남,지방,참여·권리,기반·운영,2.5,2.5,있음,,,청년 소규모 스마트팜 조성,0.708
5080000202230124,대학일자리플러스센터운영지원사업(국가직접지원),경북구미시,경북,지방,취업·일경험,대상자 지원,2.5,2.5,찾지 못함,,,대학일자리플러스센터 지원,0.62
6290000202330228,자립준비청년자립지원체계구축 (광주),전남광주본청,광주,지방,금융·생활안정,대상자 지원,2.5,2.5,있음,,,자립준비청년 자립정착금,0.816
65400002026300C9,민간 소공연장 청년인력 지원사업,전북본청,전북,지방,문화·건강,대상자 지원,2.5,2.5,찾지 못함,,,전북청년 지역정착 지원사업,0.62
4400000202530054,청년성장프로젝트(보조),충북제천시,충북,지방,취업·일경험,기타,2.5,2.5,있음,,,청년성장프로젝트(청년카페),1.0
4330000200830372,대학생 실습공무원 운영[자체],강원인제군,강원,지방,교육·역량,기타,2.49,2.19,찾지 못함,,,대학생 행정체험연수 운영,0.646
6410000201930381,청년기본소득 접수심사 시스템 운영(자체/직접),경기본청,경기,지방,금융·생활안정,기타,2.49,1.25,있음,,,경기도 청년기본소득,1.02
4170000201930127,맞춤형 청년일자리 지원,경기양평군,경기,지방,취업·일경험,대상자 지원,2.49,1.53,찾지 못함,,,대학일자리센터 지원,0.646
51300002025300E0,(자체사업)경산시 청년센터 운영,경북경산시,경북,지방,정책기반,기반·운영,2.49,2.45,찾지 못함,,,경산 웹툰 창작소 운영,0.564
64400002018301AB,청년어촌정착지원,충남본청,충남,지방,창업·농어업,대상자 지원,2.48,2.18,있음,,,청년어업인 정착지원 사업,0.769
4880000201830066,청년 어촌정착 지원,전남광주고흥군,전남,지방,창업·농어업,대상자 지원,2.48,1.83,있음,,,청년어업인 정착지원 사업,0.769
57100002024301E5,청년 문화예술패스 사업,충북청주시,충북,지방,문화·건강,대상자 지원,2.48,2.48,찾지 못함,,,충북 청년사회서비스사업단 운영,0.575
3160000202330037,청년 창업 육성 및 지원,서울구로구,서울,지방,창업·농어업,대상자 지원,2.47,2.44,있음,,,서울 청년 밀키트 창업지원,0.787
33500002017300F6,청년창조발전소 운영,부산금정구,부산,지방,정책기반,기타,2.46,1.96,있음,,,청년창조발전소 꿈터+ 운영,1.02
534000020243008F,청년센터 운영,경남사천시,경남,지방,정책기반,기반·운영,2.46,2.41,찾지 못함,,,새일센터 지정 운영,0.691
64700002018300B5,청년어업인영어정착지원,경북본청,경북,지방,창업·농어업,대상자 지원,2.46,2.46,있음,,,청년어업인 정착지원 사업,0.875
4690000202430036,전북형 청년활력수당,전북정읍시,전북,지방,금융·생활안정,대상자 지원,2.46,1.14,있음,20250113005400210207,전북형 청년활력수당,전북형 청년활력수당,1.12
65300002026301AA,위기 아동청년 지원,강원본청,강원,지방,정책기반,대상자 지원,2.45,2.45,찾지 못함,,,청년예술인 지원,0.653
453000020243005B,세계청년대회 대비 해미국제성지 세계명소화,충남서산시,충남,지방,정책기반,기반·운영,2.45,0.0,찾지 못함,,,청년농 미디어커머스 지원,0.387
6460000202330164,청년 취업지원 (전남),전남광주본청,전남,지방,취업·일경험,대상자 지원,2.45,2.45,있음,,,청년 취업자 주거비 지원사업,0.92
5000000201830108,청년어업인 정착지원,전남광주진도군,전남,지방,창업·농어업,대상자 지원,2.45,2.45,있음,,,청년어업인 정착지원 사업,1.0
31100002016300B1,청년 일자리사업,서울은평구,서울,지방,취업·일경험,기타,2.45,1.69,있음,,,청년 일자리사업 참여청년 모집,1.02
54300002018300A9,청년후계농 영농정착지원,경남남해군,경남,지방,창업·농어업,대상자 지원,2.45,1.61,있음,,,청년농업인 영농정착지원,0.938
3780000202630148,청년문화예술패스 사업,경기성남시,경기,지방,문화·건강,대상자 지원,2.45,2.45,찾지 못함,,,경기청년 해외진출(일본) 사업,0.564
341000020253004F,청년지원센터운영,대구중구,대구,지방,정책기반,대상자 지원,2.45,2.45,있음,,,대구광역시 청년마음건강센터 운영,0.787
408000020253004D,청년 주택임차보증금 대출이자 지원,경기안성시,경기,지방,주거,대상자 지원,2.44,1.79,찾지 못함,,,2025년 상반기 경기도 학자금 대출이자 지원,0.639
3910000202130097,평택시 청년 월세 지원,경기평택시,경기,지방,주거,대상자 지원,2.44,1.39,있음,,,2026년 평택시 청년 월세 지원,0.92
3500000202030088,청년일자리사업,인천제물포구,인천,지방,취업·일경험,기타,2.44,0.91,있음,,,항공정비 청년일자리 맞춤지원,1.02
4530000200830732,청년농업인 육성,충남서산시,충남,지방,창업·농어업,기타,2.43,2.38,있음,,,청년농업인 육성을 위한 충남형 사회적 농업 지원,1.02
6500000201930106,보호종료아동 자립수당 지원,제주본청,제주,지방,금융·생활안정,대상자 지원,2.43,1.2,있음,,,보호종료아동 자립지원,1.029
46900002022300D1,청년월세 지원,전북정읍시,전북,지방,주거,대상자 지원,2.43,0.51,있음,,,(국토부) 26년 청년월세 지원사업,0.8
53900002023301D1,청년마을 공유주거 조성사업,경남의령군,경남,지방,주거,기반·운영,2.42,1.17,찾지 못함,,,청년 소규모 스마트팜 조성,0.596
4720000202230129,청년월세 지원사업,전북완주군,전북,지방,주거,대상자 지원,2.41,0.61,있음,,,(국토부) 26년 청년월세 지원사업,0.8
626000020253008E,부산청년 글로벌잡(JOB) 챌린지 프로젝트(국가직접지원),부산본청,부산,지방,취업·일경험,대상자 지원,2.4,2.4,있음,20260513005400213188,부산청년 글로벌 잡(JOB) 챌린지 프로젝트,부산청년 글로벌 잡(JOB) 챌린지 프로젝트,1.12
3350000201930046,보호종료아동 자립수당,부산금정구,부산,지방,금융·생활안정,대상자 지원,2.4,1.32,찾지 못함,,,부산 자립준비청년 자립수당 지원,0.52
3070000202230025,청년창업지원 사업,서울성북구,서울,지방,창업·농어업,대상자 지원,2.4,1.8,있음,,,지역연계형 청년 창업 지원사업(넥스트로컬),0.92
5350000202130006,청년 월세 지원사업,경남김해시,경남,지방,주거,대상자 지원,2.4,0.97,있음,,,청년 월세 지원,0.92
57000002019300BD,보호종료아동 자립수당(보조),경기여주시,경기,지방,금융·생활안정,대상자 지원,2.4,1.01,찾지 못함,,,시설 퇴소청소년 자립지원수당,0.381
3830000202230128,청년월세 한시 특별지원,경기안양시,경기,지방,주거,대상자 지원,2.4,2.4,있음,,,(국토부) 26년 청년월세 지원사업,0.9
6470000201330003,경북농어업청년리더양성,경북본청,경북,지방,정책기반,기타,2.4,2.33,찾지 못함,,,경북 산촌어촌 청년일자리사업,0.564
52200002022300CD,청년한부모자녀아동양육비지원,경북칠곡군,경북,지방,정책기반,대상자 지원,2.4,1.56,있음,,,청년한부모 자녀양육비 지원,1.043
4780000201930172,전북 청년지역정착 지원사업,전북고창군,전북,지방,정책기반,대상자 지원,2.4,1.16,있음,20250113005400210206,전북청년 지역정착 지원사업,전북청년 지역정착 지원사업,1.12
3180000200730264,청년 행정체험단 운영,서울영등포구,서울,지방,취업·일경험,기타,2.37,2.1,찾지 못함,,,청년예술청 운영,0.62
54300002020300F1,남해청년공간 운영,경남남해군,경남,지방,정책기반,기반·운영,2.37,1.52,찾지 못함,,,청년 소셜미디어 운영,0.653
36800002020300CE,청년공간 운영 지원사업,대전대덕구,대전,지방,정책기반,기반·운영,2.37,2.37,있음,,,청년도전지원사업,0.787
647000020193009C,청년고용분위기조성,경북본청,경북,지방,취업·일경험,기반·운영,2.37,2.34,찾지 못함,,,우수 청년기업 지원,0.52
3780000202330377,성남시 청년프로예술인 공연,경기성남시,경기,지방,문화·건강,기타,2.35,2.35,찾지 못함,,,청년공동체 연구지원 사업,0.541
30500002023300B0,청년행정인턴 지원사업,서울동대문구,서울,지방,취업·일경험,대상자 지원,2.34,1.35,있음,,,청년예술지원사업,0.787
3150000202530004,서울청년센터 강서 운영 및 관리,서울강서구,서울,지방,정책기반,기타,2.34,1.23,있음,,,서울광역청년센터 운영,0.752
49200002022300B5,전남청년 문화복지카드,전남광주강진군,전남,지방,문화·건강,대상자 지원,2.32,2.32,있음,20250516005400210831,전남청년 문화복지카드,전남청년 문화복지카드,1.12
302000020263005F,청년도전지원사업(국고),서울용산구,서울,지방,취업·일경험,대상자 지원,2.31,2.31,있음,,,청년예술지원사업,0.87
6260000202230097,청년정책 소통 활성화,부산본청,부산,지방,참여·권리,기타,2.3,0.85,찾지 못함,,,부산 청년 생활인구 유입 활성화(부산온나청년패스),0.62
499000020183022B,청년농업인 영농정착지원,전남광주완도군,전남,지방,창업·농어업,대상자 지원,2.3,0.37,있음,,,청년농업인 연구동아리 지원,0.729
648000020263007A,함안 파수농공단지 청년문화센터 건립사업(국가직접지원),경남본청,경남,지방,문화·건강,기반·운영,2.3,2.3,있음,,,함안산인농공단지 청년문화센터 건립,0.977
5380000202330096,모다드림 청년통장 지원사업,경남양산시,경남,지방,금융·생활안정,대상자 지원,2.3,2.3,있음,20250916005400211693,모다드림 청년통장 지원,모다드림 청년통장 지원,1.12
39900002024302C9,청년 문화예술패스,경기남양주시,경기,지방,문화·건강,대상자 지원,2.3,2.3,찾지 못함,,,청년 융합기술 창업지원,0.495
641000020253036A,경계선 지능인 청년 일 역량 강화 지원사업(자체/직접),경기본청,경기,지방,교육·역량,대상자 지원,2.3,2.3,찾지 못함,,,경기청년 역량강화 기회지원,0.642
3920000202430001,청년창업지원센터 운영,경기동두천시,경기,지방,창업·농어업,기반·운영,2.3,1.21,있음,,,청년 융합기술 창업지원,0.72
4140000200730896,부업 대학생 운영,경기연천군,경기,지방,교육·역량,기타,2.3,2.3,찾지 못함,,,대학생 천원의 아침밥,0.549
55300002020302A4,청년지원센터 운영,경기화성시,경기,지방,정책기반,기반·운영,2.3,1.5,찾지 못함,,,경기청년 역량강화 기회지원,0.62
50200002017300A2,자립준비청년자립정착금지원<보조>,경북포항시,경북,지방,금융·생활안정,대상자 지원,2.3,0.6,있음,20260330005400212328,자립준비청년 자립정착금 지원,자립준비청년 자립정착금 지원,1.12
511000020203002E,[지]청년보육 및 기술혁신 지원 서비스 제고,경북상주시,경북,지방,정책기반,대상자 지원,2.3,1.68,찾지 못함,,,우수 청년기업 지원,0.537
341000020243007B,북성로청년창업클러스터운영,대구중구,대구,지방,창업·농어업,대상자 지원,2.3,2.3,찾지 못함,,,대구광역시 청년마음건강센터 운영,0.555
4710000202030086,스마트팜 청년보육 및 기술혁신 등 지원(보조),전북김제시,전북,지방,창업·농어업,대상자 지원,2.3,1.19,찾지 못함,,,스마트팜청년창업보육센터,0.615
3510500202330010,자립준비청년 자립정착금,인천미추홀구,인천,지방,금융·생활안정,대상자 지원,2.3,1.5,있음,20250718005400211453,자립준비청년 자립정착금 지원,자립준비청년 자립정착금 지원,1.12
64300002024302C9,금왕산단 청년문화센터 건립사업(국가직접지원),충북본청,충북,지방,문화·건강,기반·운영,2.3,2.3,찾지 못함,,,충북청년희망센터 운영,0.564
420000020193014C,보호종료 아동 자립수당 지원 사업,강원강릉시,강원,지방,금융·생활안정,대상자 지원,2.29,1.66,찾지 못함,,,자립준비청년 자립수당 지원,0.582
4610000202330202,청년월세지원사업,충남예산군,충남,지방,주거,대상자 지원,2.28,0.72,있음,,,청년농 지원사업 홍보,0.826
488000020243009A,고흥 청년 디딤돌 주거안정 지원,전남광주고흥군,전남,지방,주거,대상자 지원,2.28,1.22,찾지 못함,,,청년 희망디딤돌 통장 운영,0.62
630000020183019B,청년 농업인 영농정착 지원,대전본청,대전,지방,창업·농어업,대상자 지원,2.27,1.42,찾지 못함,,,청년농업인 스마트농업 시범,0.691
654000020243027D,청년성장프로젝트,전북본청,전북,지방,취업·일경험,기타,2.27,2.11,있음,,,청년성장프로젝트(청년카페),1.0
4781000202530003,청년농업인 스마트팜 단지 운영,전북고창군,전북,지방,창업·농어업,기타,2.27,0.61,있음,,,청년창업 스마트팜 패키지 지원,0.847
33100002024300E7,청년창조발전소 내진보강공사,부산남구,부산,지방,정책기반,기타,2.26,2.12,찾지 못함,,,부산 청년 패널조사,0.541
3170000200730162,청년 구정참여,서울금천구,서울,지방,참여·권리,기타,2.26,2.14,찾지 못함,,,서울 청년수당,0.52
3480000202630032,청년행정인턴 지원사업,대구달성군,대구,지방,취업·일경험,대상자 지원,2.26,1.17,있음,,,청년농업인 영농정착지원사업,0.729
473100020253000E,청년센터 운영,전북진안군,전북,지방,정책기반,기반·운영,2.26,2.26,있음,,,전북특별자치도 청년마음건강센터 운영,0.87
4240000202130174,삼척청년센터 운영,강원삼척시,강원,지방,정책기반,기반·운영,2.25,2.23,있음,,,강원청년센터 운영,0.92
539000020263005F,청년 소규모 스마트팜 조성,경남의령군,경남,지방,창업·농어업,기반·운영,2.25,0.0,있음,20250918005400211768,청년 소규모 스마트팜 조성,청년 소규모 스마트팜 조성,1.12
3820000202030155,청년센터 청년공감터 운영,경기의정부시,경기,지방,정책기반,기타,2.25,1.23,찾지 못함,,,경기도 청년참여기구 운영,0.541
6450000201730313,청년희망(간편형) 스마트팜 확산사업,전북본청,전북,지방,창업·농어업,기타,2.25,2.18,있음,20250718005400211420,청년희망 스마트팜 확산사업,청년희망 스마트팜 확산사업,1.12
4710000202330147,전북형 청년활력수당(보조),전북김제시,전북,지방,금융·생활안정,대상자 지원,2.25,0.97,있음,20250113005400210207,전북형 청년활력수당,전북형 청년활력수당,1.12
47200002023301FC,"신혼부부, 청년 공공임대주택 임대보증금 지원 사업",전북완주군,전북,지방,주거,대상자 지원,2.25,2.22,찾지 못함,,,신혼부부 전세자금 대출이자 지원사업,0.606
3120000202030006,청년창업센터 운영 활성화,서울서대문구,서울,지방,창업·농어업,기반·운영,2.24,1.51,있음,,,서울광역청년센터 운영,0.752
3140000202330010,청년 국가자격시험 응시료 지원,서울양천구,서울,지방,교육·역량,대상자 지원,2.24,1.45,찾지 못함,,,자립준비청년 자립수당 지원,0.52
3210000202230009,청년 취업연계과정 운영,서울서초구,서울,지방,취업·일경험,대상자 지원,2.24,0.32,찾지 못함,,,청년예술청 운영,0.591
5410000202330101,청년센터 운영,경남창녕군,경남,지방,정책기반,기반·운영,2.24,1.07,찾지 못함,,,새일센터 지정 운영,0.691
4080000202130002,대학생 교육비 지원,경기안성시,경기,지방,교육·역량,대상자 지원,2.24,1.33,찾지 못함,,,대학일자리센터 지원,0.591
3970000202330045,대학생 행정체험 연수,경기과천시,경기,지방,교육·역량,기타,2.24,2.05,찾지 못함,,,대학생 천원의 아침밥,0.495
4331000202530019,인제군 청년커뮤니티센터 운영[자체],강원인제군,강원,지방,참여·권리,기반·운영,2.23,1.91,있음,,,강원청년센터 운영,0.752
48200002019301D0,청년 취업자 주거비 지원사업,전남광주순천시,전남,지방,주거,대상자 지원,2.23,1.01,있음,20251124005400211940,청년 취업자 주거비 지원사업,청년 취업자 주거비 지원사업,1.12
37800002024301E9,청년 및 노인 정신건강증진사업,경기성남시,경기,지방,문화·건강,기타,2.23,2.23,찾지 못함,,,청년층 정신건강 서비스 강화,0.691
41910002026301C2,사회연대경제 청년 일경험 지원,강원원주시,강원,지방,취업·일경험,대상자 지원,2.22,0.31,있음,,,사회연대경제 청년일경험,1.0
4930000202430068,해남형 청년창업지원사업,전남광주해남군,전남,지방,창업·농어업,대상자 지원,2.22,2.22,있음,,,전남형 청년창업사관학교,1.02
3730000201930075,보호종료아동 자립수당 지원,울산울주군,울산,지방,금융·생활안정,대상자 지원,2.22,0.96,있음,20250716005400111291,보호종료아동 자립수당,보호종료아동 자립수당,1.12
3860000202630156,사회연대경제 청년 일경험 시범사업,경기부천시,경기,지방,취업·일경험,대상자 지원,2.22,0.0,있음,,,사회연대경제 청년 일경험 시범 지원,1.0
4390000201830218,자립준비청년 자립수당,충북충주시,충북,지방,금융·생활안정,대상자 지원,2.22,1.33,있음,,,자립준비청년 자립수당 지급,1.029
303000020253009D,성동구 청년센터 이전조성,서울성동구,서울,지방,정책기반,기반·운영,2.21,0.12,찾지 못함,,,서울광역청년센터 운영,0.653
6480000202330190,청년 소규모 스마트팜 조성,경남본청,경남,지방,창업·농어업,기반·운영,2.21,2.13,있음,20250918005400211768,청년 소규모 스마트팜 조성,청년 소규모 스마트팜 조성,1.12
5080000202530086,중소기업청년일자리근속장려금,경북구미시,경북,지방,취업·일경험,대상자 지원,2.21,1.11,있음,,,청년일자리 근속장려금 지원사업,1.02
6450000201830180,청년 어촌정착 지원,전북본청,전북,지방,창업·농어업,대상자 지원,2.21,2.21,있음,,,전북청년 지역정착 지원사업,0.787
479000020203006D,전북청년 지역정착사업,전북부안군,전북,지방,정책기반,기타,2.21,1.3,있음,20250113005400210206,전북청년 지역정착 지원사업,전북청년 지역정착 지원사업,1.12
626000020203014A,청년문화 공간 운영,부산본청,부산,지방,문화·건강,기반·운영,2.2,2.2,있음,,,부산 민락인디트레이닝센터 운영,0.92
330000020253006F,청년성장프로젝트(청년카페),부산동래구,부산,지방,취업·일경험,기타,2.2,2.2,있음,,,부산 청년잡(JOB) 성장프로젝트,1.061
3070000202630047,청년마음건강센터 운영,서울성북구,서울,지방,문화·건강,기반·운영,2.2,0.57,있음,,,서울광역청년센터 운영,0.787
3640000200730573,자립준비청년 자립정착금(시비),대전동구,대전,지방,금융·생활안정,대상자 지원,2.2,0.85,찾지 못함,,,청년 행정체험연수 운영,0.473
52600002022300A8,청년정책추진,경북울릉군,경북,지방,정책기반,기타,2.2,0.49,찾지 못함,,,2025년 청년도전 지원사업,0.62
538000020213005A,청년 월세 지원,경남양산시,경남,지방,주거,대상자 지원,2.19,1.47,있음,,,청년 월세 지원,0.92
53100002021300CA,청년월세 지원 사업(경남),경남진주시,경남,지방,주거,대상자 지원,2.19,1.08,있음,,,청년 월세 지원,0.92
5420000202630032,청년 창업자 입주거리 조성_청년 창업 와글와글(지방소멸대응기금)(2026년),경남고성군,경남,지방,창업·농어업,기반·운영,2.19,0.05,찾지 못함,,,경남 청년 보금자리 조성,0.564
3990000201830122,청년농업인 영농정착 지원,경기남양주시,경기,지방,창업·농어업,대상자 지원,2.19,0.37,있음,20251107005400211815,청년농업인 영농정착지원,청년농업인 영농정착지원,1.12
55300002024301C0,화성청년 취업역량강화,경기화성시,경기,지방,교육·역량,대상자 지원,2.19,0.36,있음,,,경기청년 역량강화 기회지원,0.787
4160000201830055,청년 농업인 영농정착 지원(보조),경기가평군,경기,지방,창업·농어업,대상자 지원,2.19,2.19,있음,20251107005400211815,청년농업인 영농정착지원,청년농업인 영농정착지원,1.12
41800002020300BA,춘천시 청년농업인 영농정착 지원,강원춘천시,강원,지방,창업·농어업,대상자 지원,2.17,0.95,있음,20250502005400210777,춘천시 청년농업인 영농정착 지원,춘천시 청년농업인 영농정착 지원,1.12
322000020263003E,강남구 청년 행정인턴 지원,서울강남구,서울,지방,취업·일경험,대상자 지원,2.17,1.7,있음,,,서울청년 예비인턴,0.735
53600002025300CE,청년 일경험(인턴) 사업,경남밀양시,경남,지방,취업·일경험,대상자 지원,2.17,0.27,있음,20250917005400211751,청년 일경험 지원,청년 일경험 지원,1.12
4221000202430047,청년센터 운영,강원태백시,강원,지방,정책기반,기반·운영,2.16,2.05,있음,,,강원청년센터 운영,0.92
6460000202630197,K-Art 청년 창작자 지원 (전남),전남광주본청,전남,지방,정책기반,대상자 지원,2.16,2.16,있음,20260408005400212606,K-Art 청년 창작자 지원사업(2026~2027),K-Art 청년 창작자 지원사업(2026~2027),1.12
48200002017301BB,청년센터 운영,전남광주순천시,전남,지방,정책기반,기반·운영,2.16,1.4,찾지 못함,,,순천시 청년정책 114 운영,0.653
3120000202030019,보호아동 및 자립준비청년 자립지원,서울서대문구,서울,지방,금융·생활안정,대상자 지원,2.16,1.3,있음,,,자립준비청년 자립수당 지원,0.861
3030000202530014,청년친화도시 조성,서울성동구,서울,지방,정책기반,기반·운영,2.16,1.24,있음,,,청년친화도시 확산,0.75
648000020263020E,K-Art 청년창작자 지원(국가직접지원),경남본청,경남,지방,정책기반,대상자 지원,2.16,2.16,찾지 못함,,,청년 창업농 맞춤형 지원,0.596
33300002020300CD,청년채움공간 운영,부산해운대구,부산,지방,정책기반,기반·운영,2.15,1.82,있음,,,부산 청년공간 오름라운지 운영,0.752
5010000202330132,청년어업인영어정착(보조),전남광주신안군,전남,지방,창업·농어업,기타,2.15,1.0,있음,,,청년어업인 정착지원 사업,0.875
490000020263000B,청년 근속장려금 지원,전남광주화순군,전남,지방,취업·일경험,대상자 지원,2.15,1.06,있음,20250710005400211181,전남 청년 근속장려금,전남 청년 근속장려금,1.12
6480000202630208,경남 청년 꿈 아카데미 센터 운영,경남본청,경남,지방,교육·역량,기반·운영,2.15,2.15,있음,,,경남 꿈 아카데미,1.02
39100002018301FC,청년창업지원센터 운영,경기평택시,경기,지방,창업·농어업,기반·운영,2.14,2.14,있음,20260326005400212289,2026년 평택시 청년창업지원센터 운영,2026년 평택시 청년창업지원센터 운영,1.12
3430000202630021,서구청년센터 청년마당 운영,대구서구,대구,지방,정책기반,기타,2.14,1.52,찾지 못함,,,대구광역시 청년마음건강센터 운영,0.62
3070000202330063,미취업 청년 자격증 및 어학시험 응시료 지원,서울성북구,서울,지방,교육·역량,대상자 지원,2.13,1.8,있음,,,미취업 청년 어학 및 자격증 응시료 지원(성북구),0.885
449000020243015D,청년 문화예술패스,충남천안시,충남,지방,문화·건강,대상자 지원,2.12,2.12,있음,20260504005400113122,청년문화예술패스,청년문화예술패스,1.12
3210000202330103,서리풀 청년 페스티벌,서울서초구,서울,지방,문화·건강,기타,2.12,2.09,찾지 못함,,,서울청년문화패스,0.52
5310000202530040,청년주택 임차보증금 이자 지원사업,경남진주시,경남,지방,주거,대상자 지원,2.12,0.02,있음,20250917005400211732,청년 주택 임차보증금 이자 지원,청년 주택 임차보증금 이자 지원,1.12
6420000202330257,강원 청년센터 운영,강원본청,강원,지방,정책기반,기반·운영,2.1,2.1,있음,,,강원청년센터 운영,0.92
330000020193003A,자립준비청년 자립수당 지원,부산동래구,부산,지방,금융·생활안정,대상자 지원,2.1,1.46,있음,20260430005400212954,부산 자립준비청년 자립수당 지원,부산 자립준비청년 자립수당 지원,1.12
33300002019300A9,자립준비청년 자립수당 지원,부산해운대구,부산,지방,금융·생활안정,대상자 지원,2.1,1.06,있음,20260430005400212954,부산 자립준비청년 자립수당 지원,부산 자립준비청년 자립수당 지원,1.12
3320000201930057,자립준비청년 자립수당,부산북구,부산,지방,금융·생활안정,대상자 지원,2.1,1.46,있음,20260430005400212954,부산 자립준비청년 자립수당 지원,부산 자립준비청년 자립수당 지원,1.12
4880000201030334,청년 근속장려금 지원,전남광주고흥군,전남,지방,취업·일경험,대상자 지원,2.1,0.93,있음,20250710005400211181,전남 청년 근속장려금,전남 청년 근속장려금,1.12
49700002026300D5,영광청년육아나눔터 부설주차장 이전 조성,전남광주영광군,전남,지방,정책기반,기반·운영,2.1,0.0,찾지 못함,,,청년 창업농장 조성,0.505
3080000200730487,청년 아르바이트 운영,서울강북구,서울,지방,정책기반,기타,2.1,2.07,찾지 못함,,,청년예술청 운영,0.62
400000020193003B,보호종료아동 자립수당 지원(국비),경기오산시,경기,지방,금융·생활안정,대상자 지원,2.1,1.28,찾지 못함,,,자립준비청년 주거비 지원사업,0.44
5020000202530124,청년농업인영농대행단운영<보조>,경북포항시,경북,지방,창업·농어업,기타,2.1,2.1,찾지 못함,,,청년농부 창농기반 구축,0.52
64700002025300E0,청년자립마을활성화지원,경북본청,경북,지방,금융·생활안정,대상자 지원,2.1,2.1,찾지 못함,,,자립준비청년 자립수당지원,0.642
507000020193008C,[국]보호종료아동자립수당지원,경북안동시,경북,지방,금융·생활안정,대상자 지원,2.1,1.26,찾지 못함,,,자립준비청년 자립수당지원,0.62
52500002025300D3,청년농업인 영농대행단 운영,경북울진군,경북,지방,창업·농어업,기타,2.1,2.1,찾지 못함,,,청년농부 창농기반 구축,0.52
557000020183006F,청년후계농 영농정착지원,충북증평군,충북,지방,창업·농어업,대상자 지원,2.1,1.08,있음,20250219005400210465,청년후계농 영농정착 지원,청년후계농 영농정착 지원,1.12
54700002025300F9,청년 소규모 스마트팜 조성,경남거창군,경남,지방,창업·농어업,기반·운영,2.09,1.98,있음,20250918005400211768,청년 소규모 스마트팜 조성,청년 소규모 스마트팜 조성,1.12
3730000202430010,청년 자기개발비 지원,울산울주군,울산,지방,정책기반,대상자 지원,2.08,2.04,찾지 못함,,,청년 월세 지원,0.653
5100000202330012,청년농업인농식품아이디어콘테스트,경북영천시,경북,지방,창업·농어업,기타,2.08,1.18,찾지 못함,,,경북청년 별별창업 아카데미,0.428
4470000202330052,청년 창업 지원사업,충북음성군,충북,지방,창업·농어업,대상자 지원,2.08,2.08,있음,,,음성군 청년월세 지원사업,0.87
3690000201930027,청년 취창업 지원,울산중구,울산,지방,창업·농어업,대상자 지원,2.07,2.05,있음,,,청년 월세 지원,0.735
364000020203012D,청년공간 운영,대전동구,대전,지방,정책기반,기반·운영,2.07,2.07,찾지 못함,,,청년 행정체험연수 운영,0.691
4641000202630238,사회연대경제 청년 일경험 사업,전북전주시,전북,지방,취업·일경험,대상자 지원,2.07,0.0,있음,,,사회연대경제 청년일경험,1.0
42210002025300CC,"청년 성장, 탄탄 프로젝트",강원태백시,강원,지방,정책기반,기타,2.06,0.25,찾지 못함,,,청년농업인 육성지원,0.473
4900000202630001,전남 청년부부 결혼축하금 지원,전남광주화순군,전남,지방,금융·생활안정,대상자 지원,2.06,2.06,찾지 못함,,,청년월세지원,0.591
494000020213005F,청년부부 결혼축하금 지원 사업,전남광주영암군,전남,지방,금융·생활안정,대상자 지원,2.06,1.44,찾지 못함,,,전남 청년 희망 일자리 지원사업,0.62
53400002022300D2,국토부 청년월세 지원사업,경남사천시,경남,지방,주거,대상자 지원,2.06,0.24,있음,,,청년 월세 지원,1.02
4080000202130044,청년농업인 희망씨앗 프로젝트,경기안성시,경기,지방,창업·농어업,기타,2.06,2.06,찾지 못함,,,청년농업인 영농정착지원,0.575
3560000202630117,인천형 청년월세 지원사업(만19~34세),인천검단구,인천,지방,주거,대상자 지원,2.06,0.39,있음,,,(검단구) 인천시 청년월세 지원사업,1.009
3710000202430028,청년노동자 주거환경 개선,울산동구,울산,지방,주거,대상자 지원,2.05,1.03,찾지 못함,,,청년활동경험지원사업,0.591
54100002024300EB,청년 창업농 맞춤형 지원,경남창녕군,경남,지방,창업·농어업,대상자 지원,2.05,0.0,있음,20250918005400211773,청년 창업농 맞춤형 지원,청년 창업농 맞춤형 지원,1.12
5710000202330113,청년 전세자금 대출이자 지원사업,충북청주시,충북,지방,주거,대상자 지원,2.05,0.06,찾지 못함,,,청년 학자금 대출 부실채무자 신용회복 지원,0.682
4820000202630080,자립준비청년 자립수당 지원,전남광주순천시,전남,지방,금융·생활안정,대상자 지원,2.04,1.23,찾지 못함,,,청년월세지원,0.564
3110000202630020,국제청년포럼(IFWY) 개최,서울은평구,서울,지방,참여·권리,기반·운영,2.04,1.09,찾지 못함,,,제3회 은평청년축제(부제 : 아무도 모르는 축제) 개최,0.588
5380000201930240,보호종료아동 자립수당 지원,경남양산시,경남,지방,금융·생활안정,대상자 지원,2.04,1.27,찾지 못함,,,자립지원전담기관 운영,0.484
6470000201730391,청년농산업창업지원센터운영,경북본청,경북,지방,창업·농어업,대상자 지원,2.04,2.04,있음,,,1인 창조기업 지원센터 운영,0.76
46410002026300C5,청년문화예술패스 지원사업,전북전주시,전북,지방,문화·건강,대상자 지원,2.04,2.04,있음,,,청년문화예술주문배달서비스사업(청년예술 퀵),0.857
45400002019300C8,인구청년정책 업무 추진,충남논산시,충남,지방,정책기반,기타,2.03,0.52,찾지 못함,,,충청남도 청년정책 조정위원회 운영,0.591
62600002016300DD,청년발전을 위한 민관 협력,부산본청,부산,지방,정책기반,기타,2.03,2.03,찾지 못함,,,부산 청년도전 지원사업,0.52
501000020203019F,청년경영실습임대농장운영,전남광주신안군,전남,지방,주거,대상자 지원,2.03,1.66,찾지 못함,,,청년 창업농장 조성,0.564
6110000202630064,서울청년 서울생활 꿀팁,서울본청,서울,지방,금융·생활안정,기타,2.03,1.48,찾지 못함,,,서울 청년수당,0.52
57000002020301CA,청년 신혼부부 주택 전세자금 대출이자 지원,경기여주시,경기,지방,주거,대상자 지원,2.03,0.03,찾지 못함,,,2025년 상반기 경기도 학자금 대출이자 지원,0.653
3440000202430044,청년예술인 활동 지원 사업,대구남구,대구,지방,문화·건강,대상자 지원,2.03,1.0,있음,,,2025년 청년사회진입 활동지원사업,0.816
4710000202030081,생생 청년농부 농촌정착 프로젝트(보조),전북김제시,전북,지방,창업·농어업,기타,2.03,1.33,찾지 못함,,,청년창업농 영농정착지원사업,0.642
3050000202230011,청년 취업 자격취득 활동 지원,서울동대문구,서울,지방,취업·일경험,대상자 지원,2.02,2.02,찾지 못함,,,서울 청년 밀키트 창업지원,0.596
63100002026300B1,K-Art 청년창작자 지원,울산본청,울산,지방,정책기반,대상자 지원,2.02,2.02,찾지 못함,,,청년 월세 지원,0.591
6310000202230123,보호종료아동 자립지원전담기관 사업비,울산본청,울산,지방,금융·생활안정,대상자 지원,2.02,1.8,있음,,,보호종료아동 자립수당,0.816
53700002023302D9,모다드림 청년통장 지원,경남거제시,경남,지방,금융·생활안정,대상자 지원,2.02,2.02,있음,20250916005400211693,모다드림 청년통장 지원,모다드림 청년통장 지원,1.12
55300002026300AA,청년 내일(job)응원금 지원사업(시금고협력사업비),경기화성시,경기,지방,정책기반,대상자 지원,2.02,0.83,찾지 못함,,,경기청년 재기격려지원사업,0.691
4810000202530049,청년 도서구입비 지원,전남광주여수시,전남,지방,정책기반,대상자 지원,2.01,2.01,있음,20260408005400212644,청년 도서구입비 지원,청년 도서구입비 지원,1.12
55300002025300B9,화성청년 해외연수 프로그램,경기화성시,경기,지방,정책기반,기타,2.01,2.01,있음,,,경기청년 해외진출(일본) 사업,0.92
55300002024300AB,청년 전월세 보증금 대출이자 지원사업,경기화성시,경기,지방,주거,대상자 지원,2.01,1.39,찾지 못함,,,2025년 상반기 경기도 학자금 대출이자 지원,0.62
51300002026300B7,(국비보조)사회연대경제 청년 일경험 시범사업,경북경산시,경북,지방,취업·일경험,대상자 지원,2.01,0.09,있음,,,사회연대경제 청년 일경험 시범 지원,1.0
3410000202230015,청년사업자임대료지원,대구중구,대구,지방,주거,대상자 지원,2.01,1.1,있음,,,대구형 청년희망주택 임대료 지원 사업,0.745
47200002023301BB,전북 청년 활력수당,전북완주군,전북,지방,금융·생활안정,대상자 지원,2.01,0.35,있음,,,전북형 청년활력수당,1.043
4191000202630150,청년농업인 R&D 기술창업 통합관리 지원,강원원주시,강원,지방,창업·농어업,대상자 지원,2.0,0.0,있음,,,청년농업인 R&D 기술창업 통합관리 지원,1.0
4201000202630167,청년농업인 R&D 기술창업 통합관리 지원,강원강릉시,강원,지방,창업·농어업,대상자 지원,2.0,0.0,있음,,,청년농업인 R&D 기술창업 통합관리 지원,1.0
4221000202630081,청년농업인 R&D기술창업 통합관리 지원,강원태백시,강원,지방,창업·농어업,대상자 지원,2.0,0.0,있음,,,청년농업인 R&D 기술창업 통합관리 지원,1.0
4331000202630057,청년농업인 R&D 기술창업 통합관리 지원[국비],강원인제군,강원,지방,창업·농어업,대상자 지원,2.0,0.0,있음,,,청년농업인 R&D 기술창업 통합관리 지원,1.0
4311000202630087,청년농업인 R&D 기술창업 통합관리 지원사업,강원화천군,강원,지방,창업·농어업,대상자 지원,2.0,0.0,있음,,,청년농업인 R&D 기술창업 통합관리 지원,1.0
4350000200730649,청년 행정체험단(아르바이트) 운영,강원양양군,강원,지방,취업·일경험,기타,2.0,1.77,있음,,,대학생 행정체험연수 운영,0.787
4490000202530075,청년 문화활동 활성화 지원사업,충남천안시,충남,지방,문화·건강,대상자 지원,2.0,1.0,있음,,,대학로 청년문화예술 활성화 지원,0.787
452000020263017B,청년농업인 R&D 기술창업 통합관리 지원 사업,충남아산시,충남,지방,창업·농어업,대상자 지원,2.0,0.0,있음,,,청년농업인 R&D 기술창업 통합관리 지원,1.0
45400002026300A4,청년 골목 경제 활성화 소상공인 페스티벌(고향사랑기금),충남논산시,충남,지방,문화·건강,기타,2.0,2.0,찾지 못함,,,충남 청년 뮤직 페스타,0.453
56800002026300AE,청년농업인 R&D 기술창업 통합관리 지원,충남당진시,충남,지방,창업·농어업,대상자 지원,2.0,0.0,있음,,,청년농업인 R&D 기술창업 통합관리 지원,1.0
4570000202330220,청년농업인 농지 임차료 지원사업,충남부여군,충남,지방,창업·농어업,대상자 지원,2.0,0.0,있음,20250715005400211277,청년농업인 농지임차료 지원,청년농업인 농지임차료 지원,1.12
458000020263007A,청년농업인 R&D 기술창업 통합관리 지원,충남서천군,충남,지방,창업·농어업,대상자 지원,2.0,0.0,있음,,,청년농업인 R&D 기술창업 통합관리 지원,1.0
461000020223013E,(지방소멸대응기금)청년마을활동가제도,충남예산군,충남,지방,참여·권리,기타,2.0,2.0,찾지 못함,,,청년새마을연합회 사업 지원,0.591
3350000202330069,금정 청년 로컬 창업가 정착 지원(2026),부산금정구,부산,지방,창업·농어업,대상자 지원,2.0,2.0,찾지 못함,,,부산시 금정구 청년창업문화촌 운영,0.665
4800000201930077,자립준비청년 자립정착금,전남광주목포시,전남,지방,금융·생활안정,대상자 지원,2.0,1.15,찾지 못함,,,자립준비청년 자립정착금,0.65
485000020263001E,청년 담양 로컬 정착 지원사업(2026),전남광주담양군,전남,지방,정책기반,대상자 지원,2.0,0.29,찾지 못함,,,전남 청년 희망 일자리 지원사업,0.642
4880000202630034,청년 스마트 영농단 육성(전환사업),전남광주고흥군,전남,지방,창업·농어업,기타,2.0,2.0,찾지 못함,,,전남형 청년마을 조성사업,0.591
4930000202330186,"전라남도, 지역연계형 청년 창업지원",전남광주해남군,전남,지방,창업·농어업,대상자 지원,2.0,0.0,있음,,,지역자원 연계 청년창업 지원,0.741
4910000202630065,청년농업인 스마트 영농단 육성(도/전환)(전환사업),전남광주장흥군,전남,지방,창업·농어업,기타,2.0,2.0,있음,,,청년농업인 스타트업(초기창업) 지원사업,0.756
49600002024300A4,청년 스마트 영농단 육성(전환사업),전남광주함평군,전남,지방,창업·농어업,기타,2.0,2.0,찾지 못함,,,전남형 청년마을 조성사업,0.591
498000020263006C,성장장성 청년성장 창업지원사업,전남광주장성군,전남,지방,창업·농어업,대상자 지원,2.0,2.0,찾지 못함,,,청년농업인 창업 스케일업(성장) 지원사업,0.672
49700002024300CF,청년 스마트 영농단 육성(1단계 도 전환사업),전남광주영광군,전남,지방,창업·농어업,기타,2.0,0.0,찾지 못함,,,전남형 청년마을 조성사업,0.591
63100002026300A2,청년농업인 R&D 기술창업 통합관리 지원,울산본청,울산,지방,창업·농어업,대상자 지원,2.0,2.0,있음,,,청년농업인 R&D 기술창업 통합관리 지원,1.0
5310000200930980,대학생 행정인턴 사업,경남진주시,경남,지방,교육·역량,대상자 지원,2.0,1.99,있음,20251127005400211942,진주시 대학생 행정인턴사업,진주시 대학생 행정인턴사업,1.12
6480000202530156,청년 일경험 지원 사업,경남본청,경남,지방,취업·일경험,대상자 지원,2.0,1.99,있음,20250917005400211751,청년 일경험 지원,청년 일경험 지원,1.12
6480000202330111,대학 특화 청년창업 활성화 지원,경남본청,경남,지방,창업·농어업,대상자 지원,2.0,2.0,있음,20250918005400211757,대학 특화 청년창업 활성화 지원,대학 특화 청년창업 활성화 지원,1.12
6480000202330405,청년 365 핫플레이스 조성,경남본청,경남,지방,정책기반,기반·운영,2.0,2.0,있음,20250917005400211705,청년 365 핫플레이스 조성,청년 365 핫플레이스 조성,1.12
5340000202630081,사천 청년창업가 육성 및 지원,경남사천시,경남,지방,창업·농어업,대상자 지원,2.0,2.0,있음,,,청년어업인 육성 및 지원,0.847
53600002026300C9,청년 창업 생태계 펀드,경남밀양시,경남,지방,창업·농어업,대상자 지원,2.0,1.63,찾지 못함,,,청년 창업농 맞춤형 지원,0.591
53600002026300D6,청년농업인 R&D 기술창업 통합관리 지원사업,경남밀양시,경남,지방,창업·농어업,대상자 지원,2.0,0.0,있음,,,청년농업인 R&D 기술창업 통합관리 지원,1.0
5330000202530106,청년 365 핫플레이스 조성사업,경남통영시,경남,지방,정책기반,기반·운영,2.0,2.0,있음,20250917005400211705,청년 365 핫플레이스 조성,청년 365 핫플레이스 조성,1.12
5410000202330005,청년농 영농대행단 모델 구축,경남창녕군,경남,지방,창업·농어업,기타,2.0,1.94,찾지 못함,,,청년농업인 영농정착지원,0.596
540000020233016D,함안청년 창업가 지속성장 지원,경남함안군,경남,지방,창업·농어업,대상자 지원,2.0,2.0,있음,,,함안청년 창업가 지속성장 지원사업,1.0
540000020263007B,청년농업인 R&D 기술창업 통합관리지원,경남함안군,경남,지방,창업·농어업,대상자 지원,2.0,0.0,있음,,,청년농업인 R&D 기술창업 통합관리 지원,1.0
5410000202630068,청년농업인 R&D 기술창업 통합관리 지원,경남창녕군,경남,지방,창업·농어업,대상자 지원,2.0,0.0,있음,,,청년농업인 R&D 기술창업 통합관리 지원,1.0
543000020263005C,청년농업인 임대농장 조성,경남남해군,경남,지방,창업·농어업,기반·운영,2.0,0.0,있음,,,청년농업인 영농정착지원,0.72
5440000202530024,청년 농업인 생활기반(시설하우스) 지원사업,경남하동군,경남,지방,창업·농어업,기반·운영,2.0,1.55,있음,,,청년농업인 커뮤니티 활성화 지원,0.713
399000020223016C,청년마음건강센터,경기남양주시,경기,지방,문화·건강,기타,2.0,1.7,찾지 못함,,,청년층 정신건강 서비스 강화,0.564
4010000202530053,청년 엔지니어 육성,경기시흥시,경기,지방,정책기반,기타,2.0,2.0,찾지 못함,,,경기 청년기회 여행감독 육성 및 지원,0.541
3910000202130277,청년창업자 금융지원사업 운영,경기평택시,경기,지방,창업·농어업,대상자 지원,2.0,2.0,있음,20260326005400212292,2026년 평택시 청년창업자 금융지원사업,2026년 평택시 청년창업자 금융지원사업,1.12
4070000202630218,청년농업인 R&D 기술창업 통합관리 지원,경기이천시,경기,지방,창업·농어업,대상자 지원,2.0,2.0,있음,,,청년농업인 R&D 기술창업 통합관리 지원,1.0
57000002026300A0,청년농업인 R&D 기술창업 통합관리 지원,경기여주시,경기,지방,창업·농어업,대상자 지원,2.0,2.0,있음,,,청년농업인 R&D 기술창업 통합관리 지원,1.0
3860000202430515,청년 문화예술 패스,경기부천시,경기,지방,문화·건강,대상자 지원,2.0,2.0,찾지 못함,,,청년 융합기술 창업지원,0.495
3640000202630065,대전 청년내일가게 조성사업(시비),대전동구,대전,지방,정책기반,기반·운영,2.0,1.5,찾지 못함,,,청년도전지원사업,0.564
6470000202330026,경상북도청년홈페이지운영,경북본청,경북,지방,정책기반,기타,2.0,1.29,찾지 못함,,,2025년 청년도전 지원사업,0.52
64700002025300F2,경상북도청년박람회개최,경북본청,경북,지방,정책기반,기타,2.0,2.0,찾지 못함,,,청년 화합소통행사 개최지원,0.591
502000020193004F,청년농부창농기반구축(주민참여)<보조>,경북포항시,경북,지방,창업·농어업,기타,2.0,0.0,있음,20250903005400211621,청년농부 창농기반 구축,청년농부 창농기반 구축,1.12
50500002016301B4,대학일자리플러스센터 지원(국가직접지원),경북경주시,경북,지방,취업·일경험,대상자 지원,2.0,2.0,있음,,,대학일자리플러스센터 지원,0.92
5050000202230204,청년농부 창농기반 구축,경북경주시,경북,지방,창업·농어업,기타,2.0,2.0,있음,20250903005400211621,청년농부 창농기반 구축,청년농부 창농기반 구축,1.12
5050000202530111,청년자립마을 활성화 지원사업,경북경주시,경북,지방,금융·생활안정,대상자 지원,2.0,2.0,찾지 못함,,,2025년 청년도전 지원사업,0.691
508000020253016E,청년예술창업특구조성,경북구미시,경북,지방,창업·농어업,기반·운영,2.0,2.0,있음,,,청년예술 창업특구 조성사업,1.0
509000020263003A,청년스타트업 지원사업,경북영주시,경북,지방,창업·농어업,대상자 지원,2.0,2.0,있음,20250901005400211544,청년스타트업 지원,청년스타트업 지원,1.12
511000020263009C,[지]청년농업인기술창업지원,경북상주시,경북,지방,창업·농어업,대상자 지원,2.0,0.0,있음,,,청년농업인 R&D 기술창업 통합관리 지원,0.8
5130000202630097,(국비보조)청년농업인 R&D 기술창업 통합관리 지원,경북경산시,경북,지방,창업·농어업,대상자 지원,2.0,0.0,있음,,,청년농업인 R&D 기술창업 통합관리 지원,1.0
5100000202630014,도)청년자립마을활성화지원사업,경북영천시,경북,지방,금융·생활안정,대상자 지원,2.0,2.0,찾지 못함,,,2025년 청년도전 지원사업,0.665
5150000202530057,청년자립마을활성화지원(도비),경북의성군,경북,지방,금융·생활안정,대상자 지원,2.0,2.0,찾지 못함,,,자립준비청년 자립수당지원,0.642
51900002026300AD,청년농업인R&D기술창업통합관리지원사업,경북청도군,경북,지방,창업·농어업,대상자 지원,2.0,0.0,있음,,,청년농업인 R&D 기술창업 통합관리 지원,1.0
521000020213003D,청년농부창농기반구축사업,경북성주군,경북,지방,창업·농어업,기타,2.0,1.94,있음,20250903005400211621,청년농부 창농기반 구축,청년농부 창농기반 구축,1.12
5220000202630111,청년농업인 R&D 기술창업 통합관리 지원,경북칠곡군,경북,지방,창업·농어업,대상자 지원,2.0,0.0,있음,,,청년농업인 R&D 기술창업 통합관리 지원,1.0
6270000201630041,청년주간 개최,대구본청,대구,지방,정책기반,기타,2.0,1.9,있음,,,2025년 제11회 대구청년주간 개최,1.02
627000020253009C,사회적 고립청년 지원사업,대구본청,대구,지방,정책기반,대상자 지원,2.0,1.85,있음,20250220005400210474,대구광역시 사회적 고립청년 지원사업,대구광역시 사회적 고립청년 지원사업,1.12
3470000202230020,청년센터 운영,대구달서구,대구,지방,정책기반,기반·운영,2.0,2.0,있음,,,대구광역시 청년마음건강센터 운영,0.87
4681000202530141,전북 청년마을 만들기 사업,전북익산시,전북,지방,참여·권리,기타,2.0,1.0,있음,20250113005400210210,전북 청년마을 만들기,전북 청년마을 만들기,1.12
46910002026300D7,청년농업인 R&D 기술창업 통합관리 지원사업,전북정읍시,전북,지방,창업·농어업,대상자 지원,2.0,0.0,있음,,,청년농업인 R&D 기술창업 통합관리 지원,1.0
470000020233026F,전북 청년마을 만들기 사업,전북남원시,전북,지방,참여·권리,기타,2.0,1.0,있음,20250113005400210210,전북 청년마을 만들기,전북 청년마을 만들기,1.12
4711000202630058,청년창업공간 시설개선 지원사업(26년 지방소멸대응기금),전북김제시,전북,지방,창업·농어업,기반·운영,2.0,2.0,있음,,,청년창업농 영농정착지원사업,0.713
4711000202630059,김제 청년거주형 스테이케이션(26년 지방소멸대응기금),전북김제시,전북,지방,정책기반,기타,2.0,0.0,찾지 못함,,,청년문화예술주문배달서비스사업(청년예술 퀵),0.453
47110002026300C7,청년농업인 R&D 기술창업 통합관리 지원,전북김제시,전북,지방,창업·농어업,대상자 지원,2.0,0.0,있음,,,청년농업인 R&D 기술창업 통합관리 지원,1.0
4791000202630098,부안형 청년·신중년 AI기반 로컬창업 조성(2026),전북부안군,전북,지방,창업·농어업,기반·운영,2.0,2.0,찾지 못함,,,전북형 청년친화 기업 육성,0.564
47910002026300DE,청년농업인 R&D 기술창업 통합관리 지원,전북부안군,전북,지방,창업·농어업,대상자 지원,2.0,0.0,있음,,,청년농업인 R&D 기술창업 통합관리 지원,1.0
4390000202330106,청년 신혼부부 주거자금 대출이자 지원,충북충주시,충북,지방,주거,대상자 지원,2.0,0.0,있음,20250628005400211141,청년 신혼부부 주거자금 대출이자 지원사업,청년 신혼부부 주거자금 대출이자 지원사업,1.12
4390000202630104,청년농업인 소득화 지원(국비),충북충주시,충북,지방,창업·농어업,대상자 지원,2.0,2.0,찾지 못함,,,충주시 청년 구직자 취업 지원,0.646
4400000201930017,지역정착 청년 근로자 인센티브 지원사업,충북제천시,충북,지방,취업·일경험,대상자 지원,2.0,0.82,있음,20250220005400210502,지역정착 청년 근로자 인센티브 지원사업,지역정착 청년 근로자 인센티브 지원사업,1.12
440000020263002A,청년농업인 R&D 기술창업 통합관리 지원(보조),충북제천시,충북,지방,창업·농어업,대상자 지원,2.0,0.0,있음,,,청년농업인 R&D 기술창업 통합관리 지원,1.0
44000002026300AD,청년리트릿 프로그램 '쉼표하우스',충북제천시,충북,지방,정책기반,기타,2.0,2.0,찾지 못함,,,청년 소셜링 프로그램,0.642
44300002026300B2,청년정책 발굴 및 지원(소멸대응),충북옥천군,충북,지방,정책기반,대상자 지원,2.0,2.0,찾지 못함,,,청년후계농 영농정착 지원,0.62
44600002026300CB,청년농업인 R&D 기술창업 통합관리 지원,충북괴산군,충북,지방,창업·농어업,대상자 지원,2.0,0.0,있음,,,청년농업인 R&D 기술창업 통합관리 지원,1.0
4470000202530088,주민참여예산(청년참여 사업),충북음성군,충북,지방,참여·권리,기타,2.0,1.1,찾지 못함,,,청년브랜드참여단 운영,0.406
44700002026300ED,청년농업인 R&D 기술창업 통합관리 지원,충북음성군,충북,지방,창업·농어업,대상자 지원,2.0,0.0,있음,,,청년농업인 R&D 기술창업 통합관리 지원,1.0
431100020243008D,청년농업인 영농정착지원,강원화천군,강원,지방,창업·농어업,대상자 지원,1.99,0.79,있음,20250430005400210740,청년농업인 영농정착 지원,청년농업인 영농정착 지원,1.12
6480000200731495,자립준비청년 자립정착금 지원,경남본청,경남,지방,금융·생활안정,대상자 지원,1.98,1.45,있음,20250916005400211695,자립준비청년 자립정착금 지원,자립준비청년 자립정착금 지원,1.12
5390000202330047,청년 주거 및 생활안정사업,경남의령군,경남,지방,주거,대상자 지원,1.98,1.25,찾지 못함,,,자립준비청년 대학생활안정자금 지원,0.642
4680000202230037,익산사랑 자립준비청년 자립정착금,전북익산시,전북,지방,금융·생활안정,대상자 지원,1.98,1.24,있음,20260330005400212330,익산사랑 자립준비청년 자립정착금,익산사랑 자립준비청년 자립정착금,1.12
44500002022300CC,청년 월세 한시 특별지원 사업,충북진천군,충북,지방,주거,대상자 지원,1.98,0.25,있음,,,(국토부) 26년 청년월세 지원사업,0.9
4210000202030118,청년공간열림 운영 지원,강원동해시,강원,지방,정책기반,대상자 지원,1.97,1.97,있음,20250324005400210650,청년공간 열림 운영,청년공간 열림 운영,1.12
3090000202330033,공공기관 실무형 청년인턴 운영,서울도봉구,서울,지방,취업·일경험,대상자 지원,1.97,1.49,찾지 못함,,,서울형 청년인턴 직무캠프,0.62
407000020203026E,말산업 청년인턴 취업지원,경기이천시,경기,지방,취업·일경험,대상자 지원,1.97,0.67,찾지 못함,,,청년 융합기술 창업지원,0.596
63000002019300A3,지역사회서비스 청년사업단,대전본청,대전,지방,취업·일경험,기타,1.97,0.99,찾지 못함,,,청년중독관리사업,0.52
3700000202030024,청년정책 활성화,울산남구,울산,지방,정책기반,기타,1.96,1.53,있음,,,청년정책 홍보사업,0.735
3340000200830206,자립준비청년 자립정착금 지원,부산사하구,부산,지방,금융·생활안정,대상자 지원,1.95,1.09,있음,20260430005400212955,부산 자립준비청년 자립정착금 지원,부산 자립준비청년 자립정착금 지원,1.12
3740000200730826,자립준비청년 자립정착금(도비),경기수원시,경기,지방,금융·생활안정,대상자 지원,1.95,1.9,있음,,,자립준비청년 주거비 지원사업,0.72
4070000202530271,경기청년 사다리 프로그램 운영,경기이천시,경기,지방,정책기반,기타,1.95,1.94,있음,20260908005400213386,경기청년 사다리 프로그램,경기청년 사다리 프로그램,1.12
647000020243021D,청년문화예술패스지원(국가직접지원),경북본청,경북,지방,문화·건강,대상자 지원,1.95,1.95,찾지 못함,,,청년스타트업 지원,0.676
50200002011300E8,경북청년예비창업가육성사업<보조>,경북포항시,경북,지방,창업·농어업,대상자 지원,1.95,1.95,있음,20250901005400211545,경북청년 예비창업가 육성사업,경북청년 예비창업가 육성사업,1.12
5130000201130041,(도비보조)청년예비 창업가 육성사업,경북경산시,경북,지방,창업·농어업,대상자 지원,1.95,1.95,있음,20250901005400211545,경북청년 예비창업가 육성사업,경북청년 예비창업가 육성사업,1.12
429000020183007B,청년농업인 영농정착지원,강원정선군,강원,지방,창업·농어업,대상자 지원,1.94,0.97,있음,20250430005400210740,청년농업인 영농정착 지원,청년농업인 영농정착 지원,1.12
505000020183000D,청년고용 우수 기업체 지원,경북경주시,경북,지방,취업·일경험,대상자 지원,1.94,1.94,있음,,,우수 청년기업 지원,0.752
628000020183027E,청년 어촌 정착지원,인천본청,인천,지방,창업·농어업,대상자 지원,1.94,1.45,있음,,,청년어업인 영어정착지원,0.857
6280000202430111,군복무 인천청년 상해보험 지원,인천본청,인천,지방,금융·생활안정,대상자 지원,1.94,1.94,있음,20260724005400213306,군복무 인천청년 상해보험 지원,군복무 인천청년 상해보험 지원,1.12
354000020243004D,청년창업 재정지원 사업(성인지예산),인천부평구,인천,지방,창업·농어업,대상자 지원,1.94,1.39,있음,20260506005400213174,(부평구) 청년창업 재정지원 사업,(부평구) 청년창업 재정지원 사업,1.12
4160000201030051,지역대학생 지원(자체),경기가평군,경기,지방,교육·역량,대상자 지원,1.93,1.78,찾지 못함,,,대학일자리센터 지원,0.62
4520000202130049,청년센터 운영(배방점),충남아산시,충남,지방,정책기반,기반·운영,1.92,1.6,있음,,,충청남도 청년센터 운영,0.92
4810000201930139,청년 취업자 주거비 지원 사업,전남광주여수시,전남,지방,주거,대상자 지원,1.92,1.92,있음,20251124005400211940,청년 취업자 주거비 지원사업,청년 취업자 주거비 지원사업,1.12
39300002026300C7,사회연대경제 청년 일경험 사업,경기안산시,경기,지방,취업·일경험,대상자 지원,1.92,0.36,있음,,,사회연대경제 청년일경험,1.0
46910002026300E7,사회연대경제 청년 일경험 시범사업,전북정읍시,전북,지방,취업·일경험,대상자 지원,1.92,0.16,있음,,,사회연대경제 청년 일경험 시범 지원,1.0
421000020223003E,청년월세 한시 특별지원,강원동해시,강원,지방,주거,대상자 지원,1.91,0.43,있음,,,청년월세 한시 특별지원,1.0
45500002022300E4,청년월세 한시 특별지원(국고),충남금산군,충남,지방,주거,대상자 지원,1.91,0.19,있음,,,(국토부) 26년 청년월세 지원사업,0.9
48200002023303F5,청년문화 확산,전남광주순천시,전남,지방,문화·건강,기타,1.91,0.6,찾지 못함,,,전남청년 문화복지카드,0.691
64100002026303D5,사회연대경제 청년 일경험 시범사업(국비/직접),경기본청,경기,지방,취업·일경험,대상자 지원,1.91,1.91,있음,,,사회연대경제 청년 일경험 시범 지원,1.0
4640000202330070,출향청년 채용 전주기업 취업지원,전북전주시,전북,지방,취업·일경험,대상자 지원,1.91,1.24,있음,20260428005400212889,2026년 출향(전입)청년 채용 전주기업 취업지원,2026년 출향(전입)청년 채용 전주기업 취업지원,1.12
30900002024300A9,도봉구 청년취업지원센터 운영,서울도봉구,서울,지방,취업·일경험,기반·운영,1.9,1.07,찾지 못함,,,서울광역청년센터 운영,0.691
648000020243022C,청년정책 홍보,경남본청,경남,지방,정책기반,기반·운영,1.9,1.21,있음,,,매체 활용 청년정책 홍보,1.02
53900002024300DC,청년창업농 맞춤형 지원사업,경남의령군,경남,지방,창업·농어업,대상자 지원,1.9,1.09,있음,20250918005400211773,청년 창업농 맞춤형 지원,청년 창업농 맞춤형 지원,1.12
41700002022300A4,청년월세 지원사업(보조),경기양평군,경기,지방,주거,대상자 지원,1.9,0.49,있음,,,(국토부) 26년 청년월세 지원사업,0.8
4700000202030069,청년농업인 영농 정착지원금 지원(도비),전북남원시,전북,지방,창업·농어업,대상자 지원,1.9,1.3,있음,,,청년창업농 영농정착지원사업,0.92
65300002026301A9,고립은둔청년 지원(국고),강원본청,강원,지방,정책기반,대상자 지원,1.89,1.32,있음,,,고립은둔청년 지원 시범사업,0.9
62600002026301CF,고립은둔청년 지원사업(보조),부산본청,부산,지방,정책기반,대상자 지원,1.89,1.32,있음,,,부산 청년돌봄이음,0.92
64600002026301F1,고립은둔 청년 지원 사업 (전남),전남광주본청,전남,지방,정책기반,대상자 지원,1.89,0.0,있음,,,고립은둔청년 지원 시범사업,0.909
648000020263027C,고립은둔청년 지원,경남본청,경남,지방,정책기반,대상자 지원,1.89,0.0,있음,,,고립・은둔 청년 지원 '세상 밖으로 한 걸음',1.02
64700002026301CF,고립은둔청년지원,경북본청,경북,지방,정책기반,대상자 지원,1.89,0.0,있음,,,고립은둔청년 지원 시범사업,0.9
62900002026300BD,고립은둔청년지원 (광주),전남광주본청,광주,지방,정책기반,대상자 지원,1.89,0.0,있음,,,고립은둔청년 지원 시범사업,0.9
5390000202330052,청년거점공간 사업 추진,경남의령군,경남,지방,정책기반,기타,1.88,1.36,찾지 못함,,,청년 일자리 연계 주거 지원,0.52
39900002023303FE,경기청년 역량강화 기회 지원 사업,경기남양주시,경기,지방,교육·역량,대상자 지원,1.88,0.94,있음,20251107005400211812,경기청년 역량강화 기회지원,경기청년 역량강화 기회지원,1.12
50500002021300FE,청년창업 지역정착 지원사업,경북경주시,경북,지방,창업·농어업,대상자 지원,1.88,1.88,있음,,,2025년 경북 청년창업 지역정착 지원사업,1.0
4470000202230052,청년월세 지원사업(보조),충북음성군,충북,지방,주거,대상자 지원,1.88,0.43,있음,,,음성군 청년월세 지원사업,0.92
442000020263003A,청년센터 운영지원,충북보은군,충북,지방,정책기반,기반·운영,1.88,1.63,있음,,,충북청년희망센터 운영,0.92
44500002026300E7,청년성장프로젝트,충북진천군,충북,지방,취업·일경험,기타,1.88,1.88,있음,,,청년성장프로젝트(청년카페),1.0
6460000202430198,청년도전지원사업(국가직접지원) (전남),전남광주본청,전남,지방,취업·일경험,대상자 지원,1.87,1.87,있음,,,청년도전지원사업 단기 3기·4기 프로그램 참여자 모집,0.92
4590000202330190,청년공간 운영,충남청양군,충남,지방,정책기반,기반·운영,1.86,1.17,있음,,,충청남도 청년센터 운영,0.787
48100002018300E1,청년 농업인 영농정착 지원사업,전남광주여수시,전남,지방,창업·농어업,대상자 지원,1.86,0.94,있음,,,청년농업인 스타트업(초기창업) 지원사업,0.812
3720000202130017,청년 제조업 창업공간 운영,울산북구,울산,지방,창업·농어업,기반·운영,1.86,1.86,찾지 못함,,,울산광역시 청년정책조정위원회 운영,0.575
505000020263022B,사회연대경제청년일경험시범사업,경북경주시,경북,지방,취업·일경험,대상자 지원,1.86,0.08,있음,,,사회연대경제 청년 일경험 시범 지원,1.0
5690000201930187,자립준비청년 자립수당 지원,세종본청,세종,지방,금융·생활안정,대상자 지원,1.86,0.94,있음,,,자립준비청년 자립수당 지급,0.917
4390000202630156,사회연대경제 청년 일경험 시범사업,충북충주시,충북,지방,취업·일경험,대상자 지원,1.86,0.0,있음,,,사회연대경제 청년 일경험 시범 지원,1.0
3180000202530043,영등포 청년 오운완 프로젝트 운영,서울영등포구,서울,지방,정책기반,기타,1.85,0.76,찾지 못함,,,청년예술청 운영,0.501
4950000202430068,청년 희망 디딤돌 통장사업,전남광주무안군,전남,지방,금융·생활안정,기타,1.84,1.14,있음,20250119005400210340,청년 희망디딤돌 통장 운영,청년 희망디딤돌 통장 운영,1.12
6500000201730044,청년 참여 및 역량 개발 지원,제주본청,제주,지방,교육·역량,대상자 지원,1.84,1.35,찾지 못함,,,청년월세 지원,0.591
3940000202130012,청년 정신건강 치료비 지원,경기고양시,경기,지방,문화·건강,대상자 지원,1.84,1.67,있음,,,청년층 정신건강 서비스 강화,0.857
6290000202230048,대학생등학자금대출이자지원 (광주),전남광주본청,광주,지방,교육·역량,대상자 지원,1.84,0.97,있음,,,대학(원)생 학자금 대출이자 지원(2024년 2학기),1.08
3370000201930066,청년창업나래센터 운영,부산연제구,부산,지방,창업·농어업,기반·운영,1.83,1.38,있음,,,연제청년창업나래센터 신규 입주기업 모집(예비 또는 초기 창업자),1.02
458000020203004B,청년농업인 육성,충남서천군,충남,지방,창업·농어업,기타,1.82,1.77,있음,,,청년농업인 육성을 위한 충남형 사회적 농업 지원,1.02
493000020183003E,청년 주택자금 대출이자 지원사업,전남광주해남군,전남,지방,주거,대상자 지원,1.82,0.76,있음,,,[전남]2026년 하반기 대학생 학자금 대출이자 지원사업,0.765
3050000200930076,청년 행정체험단 운영,서울동대문구,서울,지방,취업·일경험,기타,1.82,1.45,찾지 못함,,,청년예술청 운영,0.62
38300002023301E4,경기청년 역량강화 기회 지원,경기안양시,경기,지방,교육·역량,대상자 지원,1.82,0.86,있음,20251107005400211812,경기청년 역량강화 기회지원,경기청년 역량강화 기회지원,1.12
3650000202330031,청년공간 조성 및 운영,대전중구,대전,지방,정책기반,기반·운영,1.82,1.81,찾지 못함,,,청년 행정체험연수 운영,0.591
3230000202230014,송파청년아티스트센터 운영,서울송파구,서울,지방,정책기반,기반·운영,1.81,1.02,있음,,,서울광역청년센터 운영,0.72
57000002022300A1,청년 단기 직무체험 사업,경기여주시,경기,지방,취업·일경험,기타,1.81,1.43,찾지 못함,,,경기청년 재기격려지원사업,0.62
3900000202630423,보전지출(청년정책관),경기광명시,경기,지방,정책기반,기타,1.81,0.0,찾지 못함,,,,
3420000201830083,청년 농업인 영농정착지원금,대구동구,대구,지방,창업·농어업,대상자 지원,1.81,0.3,있음,,,청년농업인 영농정착지원사업,1.067
5710000202330112,군입대 청년 상해보험 가입,충북청주시,충북,지방,금융·생활안정,기타,1.81,1.81,찾지 못함,,,청년 농촌보금자리 조성사업,0.406
45000002015300C2,대학생 지역정착활동 지원,충남공주시,충남,지방,교육·역량,대상자 지원,1.8,1.68,찾지 못함,,,지역정착 청년프로그램 운영,0.653
3260000201930043,자립준비청년 자립수당 지원,부산서구,부산,지방,금융·생활안정,대상자 지원,1.8,0.68,있음,20260430005400212954,부산 자립준비청년 자립수당 지원,부산 자립준비청년 자립수당 지원,1.12
49500002010300BE,전남 청년 근속장려금 지원사업,전남광주무안군,전남,지방,취업·일경험,대상자 지원,1.8,0.87,있음,20250710005400211181,전남 청년 근속장려금,전남 청년 근속장려금,1.12
4950000201930012,보호종료아동 자립수당 지원,전남광주무안군,전남,지방,금융·생활안정,대상자 지원,1.8,1.02,찾지 못함,,,자립준비청년 자립수당 지급,0.417
4960000202430061,청년4-H회원 우수과제 창업농 육성,전남광주함평군,전남,지방,창업·농어업,대상자 지원,1.8,1.08,있음,20250119005400210334,청년4-H회원 우수과제 창업농 육성 사업,청년4-H회원 우수과제 창업농 육성 사업,1.12
4950000202430062,청년농업인 스타트업(초기창업) 지원 사업,전남광주무안군,전남,지방,창업·농어업,대상자 지원,1.8,1.44,있음,20250119005400210332,청년농업인 스타트업(초기창업) 지원사업,청년농업인 스타트업(초기창업) 지원사업,1.12
3060000202430097,중랑 청년청 운영,서울중랑구,서울,지방,정책기반,기타,1.8,0.89,있음,,,청년예술청 운영,0.92
64800002016300DF,대학일자리플러스센터 운영(국가직접지원),경남본청,경남,지방,취업·일경험,기반·운영,1.8,1.8,찾지 못함,,,,
5450000202530045,빈집 활용 청년 임대주택 사업(2026기금),경남산청군,경남,지방,주거,대상자 지원,1.8,0.0,찾지 못함,,,2025년 경상남도 청년주택 임차보증금 이자 지원사업,0.564
54800002023301D5,청년공공임대주택 건립 사업(지방소멸대응기금사업),경남합천군,경남,지방,주거,기반·운영,1.8,0.02,찾지 못함,,,청년주택 임차보증금 이자 지원사업,0.564
4070000201830486,보호종료아동 자립수당,경기이천시,경기,지방,금융·생활안정,대상자 지원,1.8,1.12,찾지 못함,,,시설 퇴소청소년 자립지원수당,0.381
55900002019300B3,자립준비청년 자립수당 지급,경기양주시,경기,지방,금융·생활안정,대상자 지원,1.8,1.07,있음,,,자립준비청년 자립수당 지급,1.0
553000020243019D,청년 및 노인정신건강증진사업,경기화성시,경기,지방,문화·건강,기타,1.8,1.53,찾지 못함,,,청년층 정신건강 서비스 강화,0.691
5080000202330272,청년창업지원사업,경북구미시,경북,지방,창업·농어업,대상자 지원,1.8,1.8,있음,,,2025년 경북 청년창업 JUMP-UP 지원사업,0.92
515000020263009A,의성청년워터페스티벌,경북의성군,경북,지방,문화·건강,기타,1.8,1.8,찾지 못함,,,청년스타트업 지원,0.549
469000020233012A,전북청년 함께 두배적금,전북정읍시,전북,지방,금융·생활안정,대상자 지원,1.8,1.18,있음,20250113005400210211,전북청년 함께 두배적금 사업,전북청년 함께 두배적금 사업,1.12
3540000202330011,자립준비청년 자립정착금 지원,인천부평구,인천,지방,금융·생활안정,대상자 지원,1.8,1.5,있음,20250718005400211453,자립준비청년 자립정착금 지원,자립준비청년 자립정착금 지원,1.12
64400002024301DC,청년 문화예술패스,충남본청,충남,지방,문화·건강,대상자 지원,1.79,1.79,있음,20260504005400113122,청년문화예술패스,청년문화예술패스,1.12
3020000202030043,청년창업지원센터 운영,서울용산구,서울,지방,창업·농어업,기반·운영,1.79,1.06,있음,,,서울광역청년센터 운영,0.787
31000002019300AD,청년 창업지원 사업,서울노원구,서울,지방,창업·농어업,대상자 지원,1.79,0.6,있음,,,지역연계형 청년 창업 지원사업(넥스트로컬),0.92
4181000202630150,사회연대경제 청년 일경험 지원(시범사업),강원춘천시,강원,지방,취업·일경험,대상자 지원,1.78,0.0,있음,,,사회연대경제 청년일경험,1.0
480000020203001E,전남 청년 근속장려금 지원사업,전남광주목포시,전남,지방,취업·일경험,대상자 지원,1.78,0.93,있음,20250710005400211181,전남 청년 근속장려금,전남 청년 근속장려금,1.12
3930000202430154,청년문화예술패스 지원,경기안산시,경기,지방,문화·건강,대상자 지원,1.78,1.78,찾지 못함,,,청년 융합기술 창업지원,0.62
3680000202330052,빈점포를활용한청년창업지원사업,대전대덕구,대전,지방,창업·농어업,대상자 지원,1.78,1.78,찾지 못함,,,청년도전지원사업,0.642
493000020263015D,청년도전지원사업,전남광주해남군,전남,지방,취업·일경험,대상자 지원,1.77,1.77,있음,,,청년도전지원사업,0.8
5010000202530175,청년도전지원(보조),전남광주신안군,전남,지방,취업·일경험,대상자 지원,1.77,1.25,있음,,,청년도전지원사업,0.8
3030000200730565,청년 행정체험단 운영,서울성동구,서울,지방,취업·일경험,기타,1.77,1.73,찾지 못함,,,청년예술청 운영,0.62
3970000202230048,근로능력있는 수급자의 탈수급 지원(청년)(국비),경기과천시,경기,지방,취업·일경험,대상자 지원,1.77,1.67,찾지 못함,,,중증장애인근로자 출퇴근 비용 지원,0.333
6450000201630120,대학생 학자금 대출 이자 지원,전북본청,전북,지방,교육·역량,대상자 지원,1.77,0.93,있음,20250717005400211332,대학생 학자금 대출이자 지원,대학생 학자금 대출이자 지원,1.12
447000020263006F,청년도전 지원사업,충북음성군,충북,지방,취업·일경험,대상자 지원,1.77,1.77,있음,,,음성군 청년월세 지원사업,0.87
4350000202030081,청년농업인 창업기반 지원,강원양양군,강원,지방,창업·농어업,대상자 지원,1.76,0.0,있음,,,청년농업인 육성지원,0.82
558000020223004D,청년월세 지원사업,충남계룡시,충남,지방,주거,대상자 지원,1.76,0.22,있음,,,청년농 지원사업 홍보,0.826
546000020263000A,청년창업농 맞춤형 지원,경남함양군,경남,지방,창업·농어업,대상자 지원,1.76,1.5,있음,20250918005400211773,청년 창업농 맞춤형 지원,청년 창업농 맞춤형 지원,1.12
392000020253000C,청년 행정체험 운영,경기동두천시,경기,지방,취업·일경험,기타,1.76,1.74,찾지 못함,,,경기도 청년참여기구 운영,0.62
486000020183004F,청년일자리 창출,전남광주곡성군,전남,지방,취업·일경험,기타,1.75,0.87,있음,,,데이터 사이언스 전문가 양성 프로젝트,0.92
49800002021300B6,친환경농산물 계약재배 청년농가 육성사업,전남광주장성군,전남,지방,창업·농어업,기타,1.75,0.68,있음,20250119005400210342,친환경농산물 계약재배 청년농가 육성,친환경농산물 계약재배 청년농가 육성,1.12
5440000202530007,하동 청년 비즈니스센터 운영관리,경남하동군,경남,지방,정책기반,기반·운영,1.75,1.18,찾지 못함,,,새일센터 지정 운영,0.52
4260000202030022,횡성형 청년일자리 지원사업,강원횡성군,강원,지방,취업·일경험,대상자 지원,1.74,0.67,있음,,,지역주도형 청년일자리 사업(지역혁신형),0.9
48100002018300D3,청년어업인 영어정착지원,전남광주여수시,전남,지방,창업·농어업,대상자 지원,1.74,1.74,있음,,,청년어업인 정착지원 사업,0.875
3910000202330502,경기청년역량강화 기회지원(도비),경기평택시,경기,지방,교육·역량,대상자 지원,1.74,0.82,있음,20251107005400211812,경기청년 역량강화 기회지원,경기청년 역량강화 기회지원,1.12
641000020253040F,청년층 자살시도자 치료비 지원사업(기금/직접),경기본청,경기,지방,금융·생활안정,대상자 지원,1.74,1.04,찾지 못함,,,경기청년 결혼준비 지원 사업,0.68
554000020193008B,보호종료아동 자립수당,경기광주시,경기,지방,금융·생활안정,대상자 지원,1.74,1.06,찾지 못함,,,시설 퇴소청소년 자립지원수당,0.381
38600002020301EC,청년 및 노인 정신건강증진사업,경기부천시,경기,지방,문화·건강,기타,1.74,1.21,찾지 못함,,,청년층 정신건강 서비스 강화,0.691
4880000202330134,고흥청년 행정인턴제 운영,전남광주고흥군,전남,지방,취업·일경험,대상자 지원,1.73,1.73,찾지 못함,,,2026년 고흥군 청년 귀어가 정착어장,0.596
64600002021300EB,청년보육 및 기술혁신 지원서비스 제고 (전남),전남광주본청,전남,지방,정책기반,대상자 지원,1.73,1.73,찾지 못함,,,2026년 하반기 임신부 가사지원서비스 지원사업,0.544
6480000202330165,청년여성 일경험 지원,경남본청,경남,지방,취업·일경험,대상자 지원,1.73,1.73,있음,,,청년 일경험 지원,0.995
6470000202030124,스마트팜청년보육및기술혁신지원서비스제고,경북본청,경북,지방,창업·농어업,대상자 지원,1.73,1.73,찾지 못함,,,스마트팜청년창업보육센터,0.533
3510500202430015,인천형 청년월세 지원(35~39세),인천미추홀구,인천,지방,주거,대상자 지원,1.73,0.4,있음,,,(미추홀구) 인천시 청년월세 지원사업,0.92
321000020213001D,청년 지원사업 활성화,서울서초구,서울,지방,정책기반,대상자 지원,1.72,0.71,있음,,,청년예술지원사업,0.826
30900002024300E0,청년 가게 창업지원사업,서울도봉구,서울,지방,창업·농어업,대상자 지원,1.72,1.36,있음,,,지역연계형 청년 창업 지원사업(넥스트로컬),0.816
3700000201930005,청년일자리카페 운영,울산남구,울산,지방,취업·일경험,기타,1.72,2.14,있음,,,구·군 통합 협의체 하이-청년 운영,0.92
53500002024301C5,청년 문화예술패스 사업,경남김해시,경남,지방,문화·건강,대상자 지원,1.72,1.72,있음,,,청년 문화예술인 활동 지원,0.826
3990000202030211,청년 및 노인 정신건강 치료비 지원,경기남양주시,경기,지방,문화·건강,대상자 지원,1.72,1.68,있음,,,청년층 정신건강 서비스 강화,0.756
510000020223004D,국)청년월세지원사업,경북영천시,경북,지방,주거,대상자 지원,1.72,0.45,있음,,,(국토부) 26년 청년월세 지원사업,0.941
5100000202230093,도)청년한부모자녀양육비지원,경북영천시,경북,지방,정책기반,대상자 지원,1.72,0.82,있음,,,청년한부모 자녀양육비 지원,1.08
4500000202630162,청년친화도시 지정·운영(팜잇다원),충남공주시,충남,지방,정책기반,기타,1.7,0.0,있음,,,청년친화도시 확산,0.87
480000020243003B,목포청년센터 누리 운영,전남광주목포시,전남,지방,정책기반,기타,1.7,0.67,있음,,,목포 청년쉼터 운영,0.834
6480000202330533,청년 버스킹 경연대회,경남본청,경남,지방,정책기반,기반·운영,1.7,1.1,찾지 못함,,,청년 일경험 지원,0.549
64700002019301D1,청년행복뉴딜프로젝트,경북본청,경북,지방,정책기반,기타,1.7,1.7,있음,20250721005400211470,청년행복 뉴딜프로젝트,청년행복 뉴딜프로젝트,1.12
470100020263011C,사회연대경제 청년 일경험,전북남원시,전북,지방,취업·일경험,대상자 지원,1.7,0.0,있음,,,사회연대경제 청년일경험,1.0
5690000202630145,사회연대경제 청년 일경험 사업,세종본청,세종,지방,취업·일경험,대상자 지원,1.7,1.7,있음,,,사회연대경제 청년일경험,1.0
571000020253036D,"청년 관련 지역혁신중심 대학지원체계 사업(RISE사업, 국가직접지원)",충북청주시,충북,지방,정책기반,대상자 지원,1.7,0.85,찾지 못함,,,신 취약청년(가족돌봄·고립은둔) 지원사업,0.564
33100002018300F6,청년창조발전소 운영,부산남구,부산,지방,정책기반,기타,1.69,1.26,있음,,,부산 청년작당소 운영,0.745
3830000201730036,청년정책 추진,경기안양시,경기,지방,정책기반,기타,1.69,1.03,찾지 못함,,,청년농업인 영농정착지원,0.582
5020000201730174,청년 행정인턴 체험 연수,경북포항시,경북,지방,취업·일경험,대상자 지원,1.69,1.43,찾지 못함,,,2025 청년근로자 행복카드 지원사업,0.473
4060000202030218,청년 및 노인 정신건강증진,경기파주시,경기,지방,문화·건강,기타,1.68,1.5,찾지 못함,,,청년층 정신건강 서비스 강화,0.691
479100020253001A,부안형 지역정착 청년 일자리 지원사업,전북부안군,전북,지방,취업·일경험,대상자 지원,1.68,0.89,있음,,,청년나래 일자리 지원사업,0.787
43500002018300E1,청년농업인 영농정착지원 사업,강원양양군,강원,지방,창업·농어업,대상자 지원,1.66,1.37,있음,20250430005400210740,청년농업인 영농정착 지원,청년농업인 영농정착 지원,1.12
5580000202430010,청년센터 운영,충남계룡시,충남,지방,정책기반,기반·운영,1.66,1.45,있음,,,충청남도 청년센터 운영,0.92
4820000202130147,친환경농산물 계약재배 청년농가 육성사업,전남광주순천시,전남,지방,창업·농어업,기타,1.66,0.73,있음,20250119005400210342,친환경농산물 계약재배 청년농가 육성,친환경농산물 계약재배 청년농가 육성,1.12
5370000201930160,거제형 청년일자리 창출모델 사업,경남거제시,경남,지방,취업·일경험,기타,1.66,0.0,찾지 못함,,,청년일자리 도전 지원사업,0.68
65400002025301F7,주민참여예산(인구청년정책과),전북본청,전북,지방,참여·권리,기타,1.66,1.14,찾지 못함,,,청년도전지원사업 참여자 모집(전북),0.387
41810002023303A0,청년 취업준비 쿠폰 지원,강원춘천시,강원,지방,취업·일경험,대상자 지원,1.65,0.0,찾지 못함,,,청년농업인 육성지원,0.646
4610000200830378,대학생아르바이트운영,충남예산군,충남,지방,교육·역량,기타,1.65,1.6,찾지 못함,,,대학생 천원의 아침밥 사업 지원,0.591
64600002016300D9,청년정책 추진 (전남),전남광주본청,전남,지방,정책기반,기타,1.65,0.74,있음,,,청년정책 서포터즈 [광주 청년톡파원] 1기,0.92
3830000202030144,청년 및 노인 정신건강 치료비 지원,경기안양시,경기,지방,문화·건강,대상자 지원,1.65,1.65,있음,,,청년층 정신건강 서비스 강화,0.756
460000020233012A,청년농업인 농지 임차료 지원,충남홍성군,충남,지방,창업·농어업,대상자 지원,1.64,0.0,있음,20250715005400211277,청년농업인 농지임차료 지원,청년농업인 농지임차료 지원,1.12
498000020193001F,2040세대 청년농업인 육성(드림장성 스타트업 프로젝트),전남광주장성군,전남,지방,창업·농어업,기타,1.64,1.57,있음,,,학사농업인 육성 지원,0.745
307000020253002A,공공기관 청년인턴 지원,서울성북구,서울,지방,취업·일경험,대상자 지원,1.64,0.95,찾지 못함,,,서울청년 예비인턴,0.691
309000020173000E,도봉청년 지원 및 행사 추진,서울도봉구,서울,지방,정책기반,기반·운영,1.64,0.92,찾지 못함,,,청년예술지원사업,0.646
30400002021300DD,보호종료아동 자립지원,서울광진구,서울,지방,금융·생활안정,대상자 지원,1.64,1.05,찾지 못함,,,자립준비청년 자립수당 지원,0.484
40700002021302D0,청년참여 활성화 지원,경기이천시,경기,지방,참여·권리,대상자 지원,1.64,1.21,있음,,,경기도 청년참여기구 운영,0.735
6290000202330302,대학생천원의아침밥지원 (광주),전남광주본청,광주,지방,교육·역량,대상자 지원,1.64,1.64,찾지 못함,,,대학 벤처동아리 육성 지원,0.575
4681000202630041,신혼부부·청년 주택 전세보증금 대출이자 지원,전북익산시,전북,지방,주거,대상자 지원,1.64,0.0,찾지 못함,,,신혼부부·청년 주택구입 대출이자 지원사업,0.594
56800002026300DD,사회연대경제 청년 일경험 시범사업,충남당진시,충남,지방,취업·일경험,대상자 지원,1.63,0.05,있음,,,사회연대경제 청년 일경험 시범 지원,1.0
325000020193003B,대학생 단기 행정체험 사업,부산중구,부산,지방,교육·역량,기타,1.63,1.51,찾지 못함,,,부산 대학생 학자금 대출이자 지원,0.436
535000020263015B,사회연대경제 청년 일경험 시범사업,경남김해시,경남,지방,취업·일경험,대상자 지원,1.63,0.0,있음,,,청년 일경험 지원,1.02
3860000202330270,경기청년역량강화 기회 지원,경기부천시,경기,지방,교육·역량,대상자 지원,1.63,0.76,있음,20251107005400211812,경기청년 역량강화 기회지원,경기청년 역량강화 기회지원,1.12
5100000202430025,청년창업특화거리조성점포지원사업,경북영천시,경북,지방,창업·농어업,기반·운영,1.63,0.37,찾지 못함,,,2025년 경북청년CEO 심화육성 지원사업,0.672
58200002026300D1,사회연대경제청년일경험시범사업,전남광주북구,광주,지방,취업·일경험,대상자 지원,1.63,0.19,있음,20260810005400213326,사회연대경제 청년 일경험사업 시범사업(3차),사회연대경제 청년 일경험사업 시범사업(3차),1.12
4160000202330186,근로능력있는 수급자의 탈수급 지원(청년내일저축계좌)(보조),경기가평군,경기,지방,금융·생활안정,대상자 지원,1.62,1.3,찾지 못함,,,중증장애인근로자 출퇴근 비용 지원,0.333
5150000202430019,청년시설유지관리,경북의성군,경북,지방,정책기반,기반·운영,1.62,1.4,찾지 못함,,,2025년 청년도전 지원사업,0.495
4400000202330162,청년층 인턴형 일자리사업,충북제천시,충북,지방,취업·일경험,대상자 지원,1.62,0.52,있음,20250220005400210500,청년층 인턴형 일자리지원,청년층 인턴형 일자리지원,1.12
391000020243026B,청년 문화예술패스 지원(국가직접지원)(도비),경기평택시,경기,지방,문화·건강,대상자 지원,1.61,1.61,있음,,,2026 청년예술 지원사업(평택시),0.787
5100000202530018,영천시청년근로자월세지원사업,경북영천시,경북,지방,주거,대상자 지원,1.61,0.5,있음,,,2025 청년근로자 행복카드 지원사업,0.787
48200002017301BF,청년 공유 살자리 지원,전남광주순천시,전남,지방,정책기반,대상자 지원,1.6,0.82,있음,,,전남 청년 희망 일자리 지원사업,0.72
4830000202030021,청년농업인 영농기반 조성 지원사업,전남광주나주시,전남,지방,창업·농어업,기반·운영,1.6,0.76,있음,,,청년농업인 스타트업(초기창업) 지원사업,0.763
3210000201930094,찾아가는 청년예술인 콘서트,서울서초구,서울,지방,문화·건강,기타,1.6,0.5,있음,,,청년예술지원사업,1.02
409000020233021E,청년농업인 아이디어 사업화 공모사업,경기김포시,경기,지방,창업·농어업,기타,1.6,1.6,찾지 못함,,,청년농업인 경쟁력제고 사업,0.62
5160000202330092,청년농부창농기반구축지원사업,경북청송군,경북,지방,창업·농어업,대상자 지원,1.6,1.4,있음,20250903005400211621,청년농부 창농기반 구축,청년농부 창농기반 구축,1.12
3630000200830080,자립준비청년자립정착금,전남광주광산구,광주,지방,금융·생활안정,대상자 지원,1.6,1.1,있음,20250711005400211186,자립준비청년 자립정착금,자립준비청년 자립정착금,1.12
6450000202430228,청년 창업 박람회 운영,전북본청,전북,지방,창업·농어업,대상자 지원,1.6,0.0,찾지 못함,,,청년창업농 영농정착지원사업,0.62
65000002017301DF,청년역량 강화사업,제주본청,제주,지방,교육·역량,기타,1.59,0.97,찾지 못함,,,청년 관심UP사업,0.691
5200000201930003,고령군 일자리청년창업지원센터 운영,경북고령군,경북,지방,창업·농어업,기반·운영,1.59,1.56,있음,,,1인 창조기업 지원센터 운영,0.76
46400002020301B1,청년매입임대주택 운영,전북전주시,전북,지방,주거,대상자 지원,1.59,1.48,찾지 못함,,,전북 청년 직무인턴 운영,0.564
4640000200731381,청년취업 2000 사업,전북전주시,전북,지방,취업·일경험,대상자 지원,1.59,0.61,있음,,,전북 청년 취업 지원 패키지,0.92
3190000200830100,9.대학생 사회경험 기회 제공,서울동작구,서울,지방,교육·역량,기타,1.58,1.47,찾지 못함,,,대학생 동아리 사회기여활동 지원,0.5
5330000201830073,청년어촌정착지원,경남통영시,경남,지방,창업·농어업,대상자 지원,1.58,1.17,있음,,,청년어업인 정착지원 사업,0.769
53700002019300D4,청년농업인 영농정착 지원,경남거제시,경남,지방,창업·농어업,대상자 지원,1.58,0.02,있음,20260408005400212643,청년농업인 영농정착지원,청년농업인 영농정착지원,1.12
627000020193016E,지역자율형 사회서비스 투자사업 및 일자리 운영(지역사회서비스 청년사업단 운영),대구본청,대구,지방,취업·일경험,기타,1.58,1.58,찾지 못함,,,지역주도형 청년일자리 사업,0.582
4480000201930005,청년 취창업 지원사업,충북단양군,충북,지방,창업·농어업,대상자 지원,1.58,1.02,있음,,,충북 창업인재 지원사업,0.826
3090000200730355,청년 구정 체험단 운영,서울도봉구,서울,지방,취업·일경험,기타,1.57,1.54,찾지 못함,,,청년예술청 운영,0.62
5310000202530212,청년 365 핫플레이스 조성 사업,경남진주시,경남,지방,정책기반,기반·운영,1.57,1.57,있음,20250917005400211705,청년 365 핫플레이스 조성,청년 365 핫플레이스 조성,1.12
628000020243035F,新취약청년 전담지원 사업(청년미래센터 운영)(자체),인천본청,인천,지방,정책기반,기반·운영,1.57,1.57,있음,,,청년도전지원사업,0.898
49300002019300D6,보호종료아동 자립수당,전남광주해남군,전남,지방,금융·생활안정,대상자 지원,1.56,0.93,찾지 못함,,,시설 퇴소청소년 자립지원수당,0.381
5470000202130060,청년 주거안정 지원,경남거창군,경남,지방,주거,대상자 지원,1.56,1.24,있음,,,청년 일자리 연계 주거 지원,0.752
5400000202530039,청년센터 운영,경남함안군,경남,지방,정책기반,기반·운영,1.56,0.72,찾지 못함,,,새일센터 지정 운영,0.691
4030000202530099,청년성장프로젝트(청년카페) 운영 지원,경기의왕시,경기,지방,취업·일경험,대상자 지원,1.56,1.56,있음,,,청년성장프로젝트(청년카페),1.0
4460000202430020,괴산형 청년 창업지원사업,충북괴산군,충북,지방,창업·농어업,대상자 지원,1.56,1.56,있음,20250220005400210495,괴산형 청년창업 지원사업,괴산형 청년창업 지원사업,1.12
383000020243011B,청년 문화예술패스,경기안양시,경기,지방,문화·건강,대상자 지원,1.55,1.55,찾지 못함,,,청년 융합기술 창업지원,0.495
4060000202230019,청년월세 지원(시비),경기파주시,경기,지방,주거,대상자 지원,1.55,0.67,찾지 못함,,,경기청년 역량강화 기회지원,0.691
3910000200831057,자립준비청년 자립지원정착금 지원(도비),경기평택시,경기,지방,금융·생활안정,대상자 지원,1.55,1.3,있음,,,자립준비청년 주거비 지원사업,0.72
34200002026300A9,사회연대경제 청년 일경험 시범사업,대구동구,대구,지방,취업·일경험,대상자 지원,1.55,0.22,있음,,,사회연대경제 청년 일경험 시범 지원,1.0
6270000202630101,청년 일경험 및 현장체험 프로그램(주민참여예산),대구본청,대구,지방,취업·일경험,대상자 지원,1.55,1.55,찾지 못함,,,지역주도형 청년일자리 사업,0.42
4420000202630097,일하는 기쁨 청년·여성 일자리 지원사업,충북보은군,충북,지방,취업·일경험,대상자 지원,1.55,0.78,있음,,,충북 청년여성 일자리 플랫폼 운영,0.756
557000020263004D,일하는 기쁨 청년·여성 일자리 지원사업,충북증평군,충북,지방,취업·일경험,대상자 지원,1.55,1.55,있음,,,충북 청년여성 일자리 플랫폼 운영,0.756
448000020263008A,일하는 기쁨 청년˙여성 일자리지원 사업,충북단양군,충북,지방,취업·일경험,대상자 지원,1.55,1.24,있음,,,충북 청년여성 일자리 플랫폼 운영,0.756
43200002018300C0,청년농업인 농업생산시설 지원,강원양구군,강원,지방,창업·농어업,기반·운영,1.54,1.23,있음,,,청년농업인 영농정착 지원,0.787
4510000202330024,청년센터 운영,충남보령시,충남,지방,정책기반,기반·운영,1.54,1.13,있음,,,충청남도 청년센터 운영,0.92
37800002025300FC,청년기업 정착자금 지원사업,경기성남시,경기,지방,정책기반,대상자 지원,1.54,0.89,있음,,,경기청년 재기격려지원사업,0.756
42200002021300CB,청년 참여 활성화,강원태백시,강원,지방,참여·권리,기타,1.53,0.12,있음,,,지역청년 참여 네트워크 구축 및 활성화,0.729
45700002022300D8,청년월세 한시 특별지원,충남부여군,충남,지방,주거,대상자 지원,1.52,0.31,있음,,,(국토부) 26년 청년월세 지원사업,0.9
3300000202430018,청년공간 운영,부산동래구,부산,지방,정책기반,기반·운영,1.52,1.23,있음,,,부산 청년공간 오름라운지 운영,0.92
49300002021300DC,청년부부 결혼축하금 지원사업,전남광주해남군,전남,지방,금융·생활안정,대상자 지원,1.52,1.26,찾지 못함,,,전남 청년 희망 일자리 지원사업,0.62
37300002020300D5,울주군 청년센터 운영,울산울주군,울산,지방,정책기반,기반·운영,1.52,1.18,있음,,,울산광역시 청년지원센터 운영,1.02
5360000202330220,경남 청년통장 지원사업,경남밀양시,경남,지방,금융·생활안정,대상자 지원,1.52,0.75,있음,,,모다드림 청년통장 지원,0.92
5340000202530057,경남 모다드림 청년 통장 지원사업,경남사천시,경남,지방,금융·생활안정,대상자 지원,1.52,1.49,있음,20250916005400211693,모다드림 청년통장 지원,모다드림 청년통장 지원,1.12
41400002022300E7,근로능력있는수급자의탈수급지원(청년),경기연천군,경기,지방,취업·일경험,대상자 지원,1.52,1.52,찾지 못함,,,중증장애인근로자 출퇴근 비용 지원,0.333
402000020253006D,청년성장프로젝트(청년카페) 운영(국시),경기군포시,경기,지방,취업·일경험,기타,1.52,1.52,있음,,,청년성장프로젝트(청년카페),1.0
4240000201830153,청년농업인 영농정착금 지원(국고),강원삼척시,강원,지방,창업·농어업,대상자 지원,1.51,0.02,있음,,,청년농업인 영농정착 지원,1.077
4520000201830072,청년센터 운영(온양점),충남아산시,충남,지방,정책기반,기반·운영,1.51,1.29,있음,,,충청남도 청년센터 운영,0.92
55300002025300BA,청년 부동산 중개보수 및 이사비 지원,경기화성시,경기,지방,주거,대상자 지원,1.51,1.0,찾지 못함,,,경기청년 결혼준비 지원 사업,0.52
4060000202430149,청년문화예술패스,경기파주시,경기,지방,문화·건강,대상자 지원,1.51,1.51,찾지 못함,,,청년 융합기술 창업지원,0.495
3670000202330116,유성구청년지원센터 운영,대전유성구,대전,지방,정책기반,기반·운영,1.51,1.01,찾지 못함,,,청년도전지원사업,0.541
356000020213020D,서구 청년센터 운영(서구공통),인천서해구,인천,지방,정책기반,기반·운영,1.51,0.89,있음,,,(서해구) 청년센터 서해구1939 운영,0.92
446000020263007A,일하는 기쁨 청년여성 일자리 지원사업,충북괴산군,충북,지방,취업·일경험,대상자 지원,1.51,1.51,있음,,,충북 청년여성 일자리 플랫폼 운영,0.756
41800002022300DB,청년근로자 복리후생 지원,강원춘천시,강원,지방,취업·일경험,대상자 지원,1.5,0.75,있음,20250430005400210741,청년근로자 복리후생 지원,청년근로자 복리후생 지원,1.12
452000020243014B,청년농업인 영농정착 기반조성 지원(공모사업),충남아산시,충남,지방,창업·농어업,기반·운영,1.5,1.0,있음,,,청년농업인 안정정착 기반조성,0.966
5680000202530005,청년농업인 영농정착 기반조성 지원,충남당진시,충남,지방,창업·농어업,기반·운영,1.5,1.0,있음,,,청년농업인 안정정착 기반조성,0.966
3260000202530022,청년 맞춤 클래스(인구),부산서구,부산,지방,정책기반,기타,1.5,0.34,찾지 못함,,,부산 청년 프로그램 지원,0.564
4850000202630087,담양 청년창업자 성장지원(2026),전남광주담양군,전남,지방,창업·농어업,대상자 지원,1.5,1.5,있음,,,청년 창업농장 조성,0.708
4900000202630012,청년성장 프로젝트,전남광주화순군,전남,지방,정책기반,기타,1.5,1.0,있음,,,청년성장프로젝트(청년카페),1.0
4980000202630060,청년성장프로젝트사업,전남광주장성군,전남,지방,취업·일경험,기타,1.5,1.2,있음,,,청년성장프로젝트(청년카페),1.0
61100002026303C8,청년안심주택 임대의무기간 만료 대응 및 관리방안 수립 용역,서울본청,서울,지방,주거,대상자 지원,1.5,0.44,찾지 못함,,,청년안심주택 공급(매입),0.484
3040000202230023,청년 어학·자격시험 응시료 지원,서울광진구,서울,지방,교육·역량,대상자 지원,1.5,1.5,찾지 못함,,,자립준비청년 자립수당 지원,0.52
3170000202530086,청년성장프로젝트,서울금천구,서울,지방,취업·일경험,기타,1.5,1.5,있음,,,청년성장프로젝트(청년카페),1.0
371000020193003F,보호종료아동 자립수당 지원,울산동구,울산,지방,금융·생활안정,대상자 지원,1.5,0.59,있음,20250716005400111291,보호종료아동 자립수당,보호종료아동 자립수당,1.12
6480000201830394,청년일자리 위드유 운영,경남본청,경남,지방,취업·일경험,기타,1.5,1.5,있음,20250918005400211754,청년일자리 위드유 운영,청년일자리 위드유 운영,1.12
5310000202330123,보호종료아동 자립정착금 지원,경남진주시,경남,지방,금융·생활안정,대상자 지원,1.5,0.6,찾지 못함,,,자립준비청년 자립정착금 지원,0.658
53100002026301D0,청년센터 운영,경남진주시,경남,지방,정책기반,기반·운영,1.5,0.05,찾지 못함,,,새일센터 지정 운영,0.691
5420000200730303,자립준비청년 자립정착금 지원,경남고성군,경남,지방,금융·생활안정,대상자 지원,1.5,1.05,있음,20250916005400211695,자립준비청년 자립정착금 지원,자립준비청년 자립정착금 지원,1.12
5440000202330085,청년 여가활동비 지원,경남하동군,경남,지방,정책기반,대상자 지원,1.5,0.39,있음,,,청년동아리 활동비 지원사업,0.787
5470000202430097,거창한 청년 귀농홈 지원사업,경남거창군,경남,지방,창업·농어업,대상자 지원,1.5,0.32,찾지 못함,,,청년일자리 도전 지원사업,0.642
5480000202630019,청년 365 핫플레이스 조성,경남합천군,경남,지방,정책기반,기반·운영,1.5,0.55,찾지 못함,,,청년 365 핫플레이스 조성,0.65
4070000202430267,경기 청년공간 프로그램 운영,경기이천시,경기,지방,정책기반,기타,1.5,0.83,있음,,,경기청년 사다리 프로그램,0.752
5600000201930074,보호종료아동 자립수당 지원,경기포천시,경기,지방,금융·생활안정,대상자 지원,1.5,0.68,찾지 못함,,,자립준비청년 주거비 지원사업,0.44
57000002019300CD,퇴소 및 보호종료아동 자립정착금 사업,경기여주시,경기,지방,금융·생활안정,대상자 지원,1.5,0.65,찾지 못함,,,자립준비청년 주거비 지원사업,0.396
630000020243017B,청년 문화예술패스(국가직접지원),대전본청,대전,지방,문화·건강,대상자 지원,1.5,1.5,찾지 못함,,,청년 네트워크 활성화 지원사업,0.473
63000002020300DB,대전 청년소통·공감행사,대전본청,대전,지방,참여·권리,기반·운영,1.5,0.0,찾지 못함,,,청년 행정체험연수 운영,0.549
3650000200930376,자립준비청년 자립정착금,대전중구,대전,지방,금융·생활안정,대상자 지원,1.5,1.25,찾지 못함,,,청년 행정체험연수 운영,0.473
50600002021300C3,청년한부모자녀양육비지원(보조),경북김천시,경북,지방,정책기반,대상자 지원,1.5,0.86,있음,20260317005400212183,청년한부모 자녀양육비 지원,청년한부모 자녀양육비 지원,1.12
3430000202530008,청년 거점 공간 조성,대구서구,대구,지방,정책기반,기반·운영,1.5,0.97,찾지 못함,,,청년예술가 육성 지원,0.52
468100020253012E,전북 청년 생생아이디어 지원사업,전북익산시,전북,지방,정책기반,대상자 지원,1.5,1.43,있음,20250113005400210208,전북청년 생생 아이디어 지원,전북청년 생생 아이디어 지원,1.12
4780000202330148,신혼부부 및 청년 주택 대출이자 지원 사업,전북고창군,전북,지방,주거,대상자 지원,1.5,0.89,찾지 못함,,,청년나래 일자리 지원사업,0.62
645000020203018E,스마트팜 청년보육 및 기술혁신 등 지원,전북본청,전북,지방,창업·농어업,대상자 지원,1.5,1.5,찾지 못함,,,스마트팜청년창업보육센터,0.615
3550000201930040,자립준비청년 자립수당 지급,인천계양구,인천,지방,금융·생활안정,대상자 지원,1.5,1.06,있음,20260406005400212489,자립준비청년 자립수당 지급,자립준비청년 자립수당 지급,1.12
44200002026300EF,청년 창업공간 조성(2024년 지방소멸대응기금),충북보은군,충북,지방,창업·농어업,기반·운영,1.5,0.0,찾지 못함,,,청년4-H회원 창업 성공모델 지원 사업,0.62
458000020233010D,청년정책 사업 추진,충남서천군,충남,지방,정책기반,기타,1.49,0.07,있음,,,충청남도 청년정책 조정위원회 운영,0.92
3170000202530078,청년 행정인턴 지원사업,서울금천구,서울,지방,취업·일경험,대상자 지원,1.49,0.97,있음,,,청년예술지원사업,0.787
405000020263026F,청년도전지원사업,경기용인시,경기,지방,취업·일경험,대상자 지원,1.49,1.49,있음,,,청년도전지원사업,0.8
4010000202430178,청년문화예술패스,경기시흥시,경기,지방,문화·건강,대상자 지원,1.49,1.49,찾지 못함,,,청년 융합기술 창업지원,0.495
6540000202430290,청년 문화예술패스 지원(국가직접),전북본청,전북,지방,문화·건강,대상자 지원,1.49,1.49,있음,,,청년문화예술주문배달서비스사업(청년예술 퀵),0.857
44200002023301AB,"청년 취업자, 농업인 주거비 지원",충북보은군,충북,지방,창업·농어업,대상자 지원,1.49,0.78,찾지 못함,,,청년농부 네트워크 지원,0.555
423000020223005A,청년월세 한시 특별지원,강원속초시,강원,지방,주거,대상자 지원,1.48,0.54,있음,,,청년월세 한시 특별지원,1.0
5440000202530005,남부하동청년센터 운영관리,경남하동군,경남,지방,정책기반,기반·운영,1.48,1.07,찾지 못함,,,새일센터 지정 운영,0.564
537000020263011D,사회연대경제 청년 일경험 시범사업,경남거제시,경남,지방,취업·일경험,대상자 지원,1.48,0.14,있음,,,청년 일경험 지원,1.02
4060000202630185,사회연대경제 청년 일경험 시범사업,경기파주시,경기,지방,취업·일경험,대상자 지원,1.48,0.0,있음,,,사회연대경제 청년 일경험 시범 지원,1.0
3900000202630148,사회연대경제 청년 일경험 시범사업,경기광명시,경기,지방,취업·일경험,대상자 지원,1.48,0.0,있음,,,사회연대경제 청년 일경험 시범 지원,1.0
553000020233058E,경기 청년공간 조성,경기화성시,경기,지방,정책기반,기반·운영,1.48,1.24,찾지 못함,,,청년공동체 연구지원 사업,0.582
3940000202130240,고양시 청년지원공간 운영,경기고양시,경기,지방,정책기반,기반·운영,1.48,0.86,찾지 못함,,,경기 고립은둔청년 지원,0.646
4090000202030147,청년지원센터 프로그램 운영,경기김포시,경기,지방,정책기반,대상자 지원,1.48,0.85,찾지 못함,,,경기청년 사다리 프로그램,0.691
5540000202330165,경기 청년공간 프로그램 운영,경기광주시,경기,지방,정책기반,기타,1.48,1.48,있음,,,경기청년 사다리 프로그램,0.752
5590000201930050,청년센터 및 창업사무실 운영,경기양주시,경기,지방,창업·농어업,대상자 지원,1.48,1.13,찾지 못함,,,청년 융합기술 창업지원,0.564
39000002022300C4,청년공간(청년동) 프로그램 운영 지원,경기광명시,경기,지방,정책기반,대상자 지원,1.48,1.48,찾지 못함,,,경기청년 사다리 프로그램,0.691
343000020263004D,사회연대경제 청년 일경험 시범사업,대구서구,대구,지방,취업·일경험,대상자 지원,1.48,0.06,있음,,,사회연대경제 청년 일경험 시범 지원,1.0
534000020203014C,청년정책 추진,경남사천시,경남,지방,정책기반,기타,1.47,0.87,있음,,,매체 활용 청년정책 홍보,0.92
40700002021302CB,청년 활동공간 운영,경기이천시,경기,지방,정책기반,기반·운영,1.47,0.87,있음,,,청년 노동자 통장 운영,0.708
560000020223002C,포천시 청년센터 운영,경기포천시,경기,지방,정책기반,기반·운영,1.47,1.2,찾지 못함,,,경기도 청년참여기구 운영,0.691
39900002022301B4,청년월세 한시 특별지원,경기남양주시,경기,지방,주거,대상자 지원,1.47,1.47,있음,,,(국토부) 26년 청년월세 지원사업,0.9
457000020173002A,청년지원조직 운영지원,충남부여군,충남,지방,정책기반,대상자 지원,1.46,0.88,있음,,,청년 창업‧창직 지원사업,0.72
496000020183004E,청년정책,전남광주함평군,전남,지방,정책기반,기타,1.46,0.79,있음,,,청년정책 서포터즈 2기,0.92
4040000202530020,대학생 시정참여 운영 추진,경기하남시,경기,지방,교육·역량,기타,1.46,1.35,찾지 못함,,,경기도 청년참여기구 운영,0.541
4790000202030016,청년정책추진,전북부안군,전북,지방,정책기반,기타,1.46,0.9,있음,,,전북청년 지역정착 지원사업,0.72
643000020183017D,청년 창업 맞춤형 지원,충북본청,충북,지방,창업·농어업,대상자 지원,1.46,1.46,찾지 못함,,,2030 맞춤형 사회진출 지원사업,0.62
4520000202330403,청년농업인 농지 임차료 지원사업,충남아산시,충남,지방,창업·농어업,대상자 지원,1.45,0.0,있음,20250715005400211277,청년농업인 농지임차료 지원,청년농업인 농지임차료 지원,1.12
64600002019301C1,청년사회서비스사업단 운영 (전남),전남광주본청,전남,지방,취업·일경험,기타,1.45,1.01,찾지 못함,,,광주청년위원회(제10기),0.582
50000002025300CB,청년농업인 양성사업(지방소멸대응기금),전남광주진도군,전남,지방,창업·농어업,기타,1.45,0.2,있음,,,청년농업인 스타트업(초기창업) 지원사업,0.756
53700002020300AC,청년 어촌정착 지원(청년어업인 정착 지원),경남거제시,경남,지방,창업·농어업,대상자 지원,1.45,0.85,있음,,,청년어업인 정착지원 사업,0.769
382000020233087D,경기청년 역량강화 기회 지원 사업,경기의정부시,경기,지방,교육·역량,대상자 지원,1.45,0.67,있음,20251107005400211812,경기청년 역량강화 기회지원,경기청년 역량강화 기회지원,1.12
37800002011300D9,자립준비청년 자립정착금 지원,경기성남시,경기,지방,금융·생활안정,대상자 지원,1.45,0.9,있음,,,자립준비청년 주거비 지원사업,0.735
4170000202430020,경기청년공간 내일스퀘어 양평 운영,경기양평군,경기,지방,정책기반,기타,1.45,1.31,찾지 못함,,,경기도 청년참여기구 운영,0.541
5180000201930078,청년어업인영어정착지원(균특보조),경북영덕군,경북,지방,창업·농어업,대상자 지원,1.45,0.59,있음,,,청년어업인 정착지원 사업,0.875
6470000201930136,지역사회서비스청년사업단운영,경북본청,경북,지방,취업·일경험,기타,1.45,0.92,찾지 못함,,,2025년 청년도전 지원사업,0.484
4641000202630182,소규모 점포 청년 창업 지원사업,전북전주시,전북,지방,창업·농어업,대상자 지원,1.45,0.72,있음,20260428005400212890,2026년 전주시 소규모점포 청년창업 지원,2026년 전주시 소규모점포 청년창업 지원,1.12
4420000202330055,청년 활성화 공모사업,충북보은군,충북,지방,정책기반,기타,1.45,1.45,찾지 못함,,,청년4-H회원 창업 성공모델 지원 사업,0.68
48300002019300EA,자립준비청년 자립수당,전남광주나주시,전남,지방,금융·생활안정,대상자 지원,1.44,0.86,있음,,,자립준비청년 자립수당 지급,0.909
489000020253000F,청년농업인 스타트업(초기창업) 지원(도비),전남광주보성군,전남,지방,창업·농어업,대상자 지원,1.44,0.72,있음,20250119005400210332,청년농업인 스타트업(초기창업) 지원사업,청년농업인 스타트업(초기창업) 지원사업,1.12
3040000200930184,청년 행정아르바이트 운영,서울광진구,서울,지방,정책기반,기타,1.44,1.4,찾지 못함,,,청년예술청 운영,0.564
53600002019300A0,보호종료아동 자립수당,경남밀양시,경남,지방,금융·생활안정,대상자 지원,1.44,0.71,찾지 못함,,,시설 퇴소청소년 자립지원수당,0.381
40400002019300D4,청년지원센터 운영,경기하남시,경기,지방,정책기반,기반·운영,1.44,1.21,찾지 못함,,,경기청년 역량강화 기회지원,0.62
39300002022300C7,경기청년 역량강화 기회 지원,경기안산시,경기,지방,교육·역량,대상자 지원,1.44,0.64,있음,20251107005400211812,경기청년 역량강화 기회지원,경기청년 역량강화 기회지원,1.12
5060000201930087,보호종료 아동 자립수당 지원(보조),경북김천시,경북,지방,금융·생활안정,대상자 지원,1.44,0.74,찾지 못함,,,자립준비청년 자립수당지원,0.62
5250000202330044,청년농업인 지원,경북울진군,경북,지방,창업·농어업,대상자 지원,1.44,0.6,있음,,,청년농부 창농기반 구축,0.92
4720000202330211,전북청년 함께 두배적금 사업,전북완주군,전북,지방,금융·생활안정,대상자 지원,1.44,0.94,있음,20250113005400210211,전북청년 함께 두배적금 사업,전북청년 함께 두배적금 사업,1.12
6280000201930004,인천 청년정책네트워크 활성화 지원,인천본청,인천,지방,참여·권리,대상자 지원,1.44,1.04,있음,,,2026년 인천 청년정책네트워크 위원 모집,0.84
4470000201930056,자립준비청년 자립수당 지급(보호종료아동 자립수당),충북음성군,충북,지방,금융·생활안정,대상자 지원,1.44,0.76,있음,20250219005400210472,자립준비청년 자립수당 지급,자립준비청년 자립수당 지급,1.12
42000002022301A5,대학일자리플러스센터 지원사업(국가 직접 지원),강원강릉시,강원,지방,취업·일경험,대상자 지원,1.43,1.43,있음,,,대학일자리플러스센터 지원,0.787
486000020173012C,청년농업인 육성,전남광주곡성군,전남,지방,창업·농어업,기타,1.43,0.54,있음,,,학사농업인 육성 지원,0.834
47100002022300E3,청년월세 지원사업(보조),전북김제시,전북,지방,주거,대상자 지원,1.43,0.14,있음,,,(국토부) 26년 청년월세 지원사업,0.8
3050000202330033,대학생 학습멘토링 사업,서울동대문구,서울,지방,교육·역량,기타,1.42,0.78,찾지 못함,,,서울희망대학진로장학금,0.473
5240000202630087,경상북도청년화합소통행사,경북봉화군,경북,지방,참여·권리,기반·운영,1.42,1.42,있음,,,청년 화합소통행사 개최지원,1.02
5700000202330021,청년 인턴 사업,경기여주시,경기,지방,취업·일경험,대상자 지원,1.41,1.06,찾지 못함,,,경기청년 해외진출(일본) 사업,0.691
3450000202630107,사회연대경제 청년 일경험 시범사업,대구북구,대구,지방,취업·일경험,대상자 지원,1.41,0.37,있음,,,사회연대경제 청년 일경험 시범 지원,1.0
449000020243011D,청년 창업·후계농 육성 지원,충남천안시,충남,지방,창업·농어업,대상자 지원,1.4,0.7,있음,,,청년 도내 농창업 지원,0.72
457000020243006F,청년 창업후계농 육성 지원,충남부여군,충남,지방,창업·농어업,대상자 지원,1.4,0.7,있음,,,청년 도내 농창업 지원,0.72
48800002021300F7,청년부부 결혼축하금 지원,전남광주고흥군,전남,지방,금융·생활안정,대상자 지원,1.4,1.04,찾지 못함,,,청년월세지원,0.591
49100002021300BE,청년부부 결혼축하금 지원 사업(도비),전남광주장흥군,전남,지방,금융·생활안정,대상자 지원,1.4,1.26,찾지 못함,,,전남 청년 희망 일자리 지원사업,0.62
499000020243002C,청년부부 결혼축하금 지원,전남광주완도군,전남,지방,금융·생활안정,대상자 지원,1.4,0.72,찾지 못함,,,청년월세지원,0.591
3720000201830071,청년농업인 영농정착 지원,울산북구,울산,지방,창업·농어업,대상자 지원,1.4,1.0,있음,20260402005400212392,청년농업인 영농정착 지원,청년농업인 영농정착 지원,1.12
542000020253010C,고성 청년농업인 보급형 스마트팜 토마토 교육농장 구축(전환사업),경남고성군,경남,지방,창업·농어업,대상자 지원,1.4,1.19,찾지 못함,,,청년농업인 영농정착지원,0.52
516000020223005E,청년농업인자립기반구축지원,경북청송군,경북,지방,창업·농어업,대상자 지원,1.4,1.4,있음,,,청년농부 창농기반 구축,0.787
52500002025300D1,청년농업인 자립기반 구축지원,경북울진군,경북,지방,창업·농어업,대상자 지원,1.4,0.7,있음,,,청년농부 창농기반 구축,0.787
627000020253011F,대학생 멘토링 사업,대구본청,대구,지방,교육·역량,기타,1.4,1.4,찾지 못함,,,대구국제대학생캠프,0.582
4721000202630009,청년농업인 드론활용 농작업지원단 운영,전북완주군,전북,지방,창업·농어업,대상자 지원,1.4,1.4,있음,20250113005400210198,청년농업인 드론활용 농작업지원단 운영,청년농업인 드론활용 농작업지원단 운영,1.12
477000020243004A,지역활력화작목기반조성(청년농업인 드론활용 농작업지원단 운영)(전환사업),전북순창군,전북,지방,창업·농어업,기반·운영,1.4,1.34,찾지 못함,,,지역문화예술육성지원사업,0.541
646000020243020B,청년 문화예술패스 지원 (전남),전남광주본청,전남,지방,문화·건강,대상자 지원,1.39,1.39,찾지 못함,,,청년예술센터 운영,0.691
3030000202330046,청년 등 탈모 치료 지원,서울성동구,서울,지방,정책기반,대상자 지원,1.39,0.84,찾지 못함,,,서울청년문화패스 지원,0.591
3090000202330034,기업 실무형 청년인턴십 운영,서울도봉구,서울,지방,취업·일경험,대상자 지원,1.39,1.06,찾지 못함,,,서울형 청년인턴 직무캠프,0.646
51200002026300E2,[국비]사회연대경제 청년 일경험 시범사업,경북문경시,경북,지방,취업·일경험,대상자 지원,1.39,0.0,있음,,,사회연대경제 청년 일경험 시범 지원,1.0
3100000202330055,노원청년문화살롱(문화예술네트워크),서울노원구,서울,지방,문화·건강,기타,1.38,1.38,찾지 못함,,,서울청년문화패스,0.691
3430000201930020,보호종료아동 자립수당 지원,대구서구,대구,지방,금융·생활안정,대상자 지원,1.38,0.52,찾지 못함,,,자립준비청년 자립수당 지급,0.417
4440000202230023,청년월세지원(보조),충북영동군,충북,지방,주거,대상자 지원,1.38,0.14,있음,,,(국토부) 26년 청년월세 지원사업,0.8
4920000202330068,지역자원 연계형 청년창업 지원사업,전남광주강진군,전남,지방,창업·농어업,대상자 지원,1.37,0.0,있음,,,강진군 청년 창업 지원사업,1.02
3710000202430011,청년문화예술 활성화 지원사업,울산동구,울산,지방,문화·건강,대상자 지원,1.37,0.93,있음,,,울산 청년예술 지원사업,0.882
40900002024301F3,청년문화예술패스 지원,경기김포시,경기,지방,문화·건강,대상자 지원,1.37,1.37,찾지 못함,,,청년 융합기술 창업지원,0.62
409000020233025D,청년 역량강화 기회 지원,경기김포시,경기,지방,교육·역량,대상자 지원,1.37,0.62,있음,20251107005400211812,경기청년 역량강화 기회지원,경기청년 역량강화 기회지원,1.12
473000020183007C,청년희망(간편형) 스마트팜 확산사업,전북진안군,전북,지방,창업·농어업,기타,1.37,1.08,있음,20250718005400211420,청년희망 스마트팜 확산사업,청년희망 스마트팜 확산사업,1.12
6260000202430024,부산 청년 중개보수 및 이사비 지원,부산본청,부산,지방,주거,대상자 지원,1.36,1.36,있음,20260513005400213198,부산 청년 중개보수 및 이사비 지원,부산 청년 중개보수 및 이사비 지원,1.12
5170000202130067,청년경영실습임대농장지원사업,경북영양군,경북,지방,주거,대상자 지원,1.36,0.55,찾지 못함,,,2025년 청년도전 지원사업,0.665
46700002019300FB,전북형 청년취업 지원사업,전북군산시,전북,지방,취업·일경험,대상자 지원,1.36,0.56,있음,20250113005400210213,전북형 청년취업 지원,전북형 청년취업 지원,1.12
65300002026301B2,K-art 청년창작자 지원 사업(국가직접지원),강원본청,강원,지방,정책기반,대상자 지원,1.35,1.35,찾지 못함,,,2025년 청년 디딤돌 2배 적금 지원사업,0.582
5380000201830208,청년후계농 영농정착 지원,경남양산시,경남,지방,창업·농어업,대상자 지원,1.35,1.34,있음,,,청년농업인 영농정착지원,0.938
5050000201030437,청년예비창업가육성사업,경북경주시,경북,지방,창업·농어업,대상자 지원,1.35,1.35,있음,20250901005400211545,경북청년 예비창업가 육성사업,경북청년 예비창업가 육성사업,1.12
52100002018300D6,청년스타트업지원,경북성주군,경북,지방,창업·농어업,대상자 지원,1.35,1.35,있음,20250901005400211544,청년스타트업 지원,청년스타트업 지원,1.12
6450000202230228,K-PAN(판) 청년 국악 콘테스트 광대전,전북본청,전북,지방,정책기반,기타,1.35,1.35,찾지 못함,,,청년희망 스마트팜 확산사업,0.468
46810002026300A8,신혼부부 및 청년 전세자금 대출이자 지원사업(보조),전북익산시,전북,지방,주거,대상자 지원,1.35,0.5,찾지 못함,,,신혼부부 전용 전세자금,0.64
4470000202330058,청년월세 지원사업(자체),충북음성군,충북,지방,주거,대상자 지원,1.35,1.15,있음,,,음성군 청년월세 지원사업,0.92
43500002010300DE,"근로능력 있는 수급자의 탈수급 지원(희망저축1,2, 청년내일저축)",강원양양군,강원,지방,취업·일경험,대상자 지원,1.34,1.44,찾지 못함,,,중증장애인근로자 출퇴근 비용 지원,0.333
62600002024300C2,청년친화도시 지정 지원(국가직접지원),부산본청,부산,지방,정책기반,대상자 지원,1.34,1.28,찾지 못함,,,부산 청년문화육성 지원,0.676
5100000202130066,도)청년창업지역정착지원사업,경북영천시,경북,지방,창업·농어업,대상자 지원,1.34,1.34,있음,,,2025년 경북 청년창업 지역정착 지원사업,0.96
5690000202430214,청년 문화예술패스,세종본청,세종,지방,문화·건강,대상자 지원,1.34,1.34,찾지 못함,,,청년문화 활성화,0.653
4430000202330128,청년이랑 운영,충북옥천군,충북,지방,정책기반,기타,1.34,1.34,있음,,,충북 청년카페 운영,0.787
46200002021301BD,청년창업비즈니스센터 운영,충남태안군,충남,지방,창업·농어업,기반·운영,1.33,1.1,있음,,,충청남도 청년센터 운영,0.787
62600002019302A9,청년어촌정착지원,부산본청,부산,지방,창업·농어업,대상자 지원,1.33,1.33,있음,,,청년어업인 정착지원 사업,0.769
30700002023300A0,청년공간 동선이음 운영,서울성북구,서울,지방,정책기반,기타,1.33,0.79,찾지 못함,,,청년예술청 운영,0.591
3170000202530027,구직청년 취업성공키트 지원,서울금천구,서울,지방,취업·일경험,대상자 지원,1.33,1.32,찾지 못함,,,서울 청년 밀키트 창업지원,0.691
53600002019300DC,청년농업인 취농직불제,경남밀양시,경남,지방,창업·농어업,기타,1.32,1.32,있음,20250918005400211769,청년농업인 취농직불제,청년농업인 취농직불제,1.12
40700002025302A7,청년성장프로젝트 지원,경기이천시,경기,지방,취업·일경험,대상자 지원,1.32,1.12,있음,,,청년성장프로젝트(청년카페),1.0
364000020243009C,청년성장프로젝트 사업(국비),대전동구,대전,지방,취업·일경험,기타,1.32,1.32,있음,,,청년성장프로젝트(청년카페),1.0
50600002024300D8,청년성장프로젝트(청년카페 운영)(보조),경북김천시,경북,지방,취업·일경험,기타,1.32,1.32,있음,20251114005400211892,청년성장프로젝트,청년성장프로젝트,1.12
51000002024300BB,국)청년성장프로젝트,경북영천시,경북,지방,취업·일경험,기타,1.32,0.66,있음,,,청년성장프로젝트,1.061
47010002025300CF,청년성장프로젝트,전북남원시,전북,지방,취업·일경험,기타,1.32,0.38,있음,,,청년성장프로젝트(청년카페),1.0
4540000202530158,청년생활문화 허브 조성(2022 지방소멸대응기금 재투자),충남논산시,충남,지방,문화·건강,기반·운영,1.31,0.56,찾지 못함,,,청년 생활공구 대여사업,0.564
49400002025300BA,청년성장프로젝트,전남광주영암군,전남,지방,취업·일경험,기타,1.31,1.23,있음,,,청년성장프로젝트(청년카페),1.0
3140000202330011,청년 취업 교육 프로그램 지원,서울양천구,서울,지방,교육·역량,대상자 지원,1.31,1.27,찾지 못함,,,서울 청년 밀키트 창업지원,0.596
3230000202030142,청년정책 거버넌스 활성화,서울송파구,서울,지방,참여·권리,기타,1.31,0.33,찾지 못함,,,청년안심주택 공급활성화(임차보증금 무이자지원),0.575
56700002023302E7,지역사회서비스 청년사업단 운영,경남창원시,경남,지방,취업·일경험,기타,1.31,1.25,찾지 못함,,,청년농업인 드론 공동방제단 운영,0.549
40100002018300DB,청년농업인 영농정착 지원사업,경기시흥시,경기,지방,창업·농어업,대상자 지원,1.31,0.26,있음,20251107005400211815,청년농업인 영농정착지원,청년농업인 영농정착지원,1.12
5600000202330358,신혼부부·다자녀·청년가구 전·월세 보증금 대출이자 지원사업,경기포천시,경기,지방,주거,대상자 지원,1.31,1.25,찾지 못함,,,2025년 상반기 경기도 학자금 대출이자 지원,0.552
5020000201930168,청년근로자사랑채움사업<보조>,경북포항시,경북,지방,취업·일경험,기타,1.31,1.31,있음,,,2025 청년근로자 행복카드 지원사업,0.703
50700002024301D4,청년일자리지원,경북안동시,경북,지방,취업·일경험,대상자 지원,1.31,0.6,있음,,,미래형 신산업기업 청년일자리사업,1.02
3600000202430073,가족돌봄청소년청년지원,전남광주서구,광주,지방,정책기반,대상자 지원,1.31,0.81,찾지 못함,,,청년월세지원,0.591
64500002019301E8,지역자율형 사회서비스 투자사업(청년),전북본청,전북,지방,정책기반,기타,1.31,0.57,찾지 못함,,,지역주도형 청년일자리사업(시군),0.505
434000020193002B,"고성평생살기, 청년 프로젝트 추진",강원고성군,강원,지방,정책기반,기타,1.3,0.47,찾지 못함,,,청년 맞춤형 교육 추진,0.501
45800002023300B4,청년농업인 농지 임차료 지원사업,충남서천군,충남,지방,창업·농어업,대상자 지원,1.3,0.0,있음,20250715005400211277,청년농업인 농지임차료 지원,청년농업인 농지임차료 지원,1.12
62600002025300A6,청년예술인 경력개발 지원,부산본청,부산,지방,문화·건강,대상자 지원,1.3,1.3,있음,,,부산 신진청년예술인 인큐베이팅 및 경력개발 지원,0.853
6500000202530073,제주 청년 희망충전 월세 지원,제주본청,제주,지방,주거,대상자 지원,1.3,0.89,있음,20250716005400211309,제주 청년 희망충전 월세 지원,제주 청년 희망충전 월세 지원,1.12
3930000201830003,청년정책추진,경기안산시,경기,지방,정책기반,기타,1.3,1.04,찾지 못함,,,청년농업인 영농정착지원,0.582
5150000202430092,청년기업융자지원특례보증,경북의성군,경북,지방,정책기반,대상자 지원,1.3,1.3,있음,,,청년기업 융자지원사업,1.02
5020000201830121,청년어업인영어정착지원<보조>,경북포항시,경북,지방,창업·농어업,대상자 지원,1.3,0.79,있음,,,청년어업인 정착지원 사업,0.875
34700002017300A1,청년 행정체험사업,대구달서구,대구,지방,취업·일경험,기타,1.3,1.26,있음,,,2026년 여름 청년 행정체험사업,1.02
34600002019300E2,청년센터 운영,대구수성구,대구,지방,정책기반,기반·운영,1.3,0.93,있음,,,대구광역시 청년마음건강센터 운영,0.87
5710000201530154,청년희망날개 지원사업,충북청주시,충북,지방,정책기반,대상자 지원,1.3,1.06,있음,20250220005400210479,청년 희망날개 지원사업,청년 희망날개 지원사업,1.12
6430000202430282,청년 문화예술패스(국가직접지원),충북본청,충북,지방,문화·건강,대상자 지원,1.3,1.3,찾지 못함,,,충북 청년사회서비스사업단 운영,0.495
4980000201030119,전남 청년 근속장려금 지원사업,전남광주장성군,전남,지방,취업·일경험,대상자 지원,1.29,0.61,있음,20250710005400211181,전남 청년 근속장려금,전남 청년 근속장려금,1.12
491000020243005E,청년 지원,전남광주장흥군,전남,지방,정책기반,대상자 지원,1.29,0.51,있음,,,청년월세지원,0.92
30800002023300F1,보조금반환금(일자리청년과),서울강북구,서울,지방,취업·일경험,기타,1.29,0.0,찾지 못함,,,,
5020000201830029,청춘센터 및 청년창업플랫폼 운영,경북포항시,경북,지방,창업·농어업,대상자 지원,1.29,0.82,찾지 못함,,,경북청년 예비창업가 육성사업,0.501
53300002023301B1,모다드림 청년통장 지원사업,경남통영시,경남,지방,금융·생활안정,대상자 지원,1.28,1.28,있음,20250916005400211693,모다드림 청년통장 지원,모다드림 청년통장 지원,1.12
5110000202630008,청년 행정일자리 사업,경북상주시,경북,지방,취업·일경험,기타,1.28,1.28,있음,,,경북 산촌어촌 청년일자리사업,0.82
569000020253003A,청년농업인 종합 지원,세종본청,세종,지방,창업·농어업,대상자 지원,1.28,0.74,있음,20250909005400211683,청년농업인 종합지원(행정도우미 등),청년농업인 종합지원(행정도우미 등),1.12
48400002019300DA,청년 취업자 주거비 지원사업,전남광주광양시,전남,지방,주거,대상자 지원,1.27,0.61,있음,20251124005400211940,청년 취업자 주거비 지원사업,청년 취업자 주거비 지원사업,1.12
3230000202630049,송파청년센터 운영,서울송파구,서울,지방,정책기반,기반·운영,1.27,0.0,있음,,,서울광역청년센터 운영,0.87
4840000201730097,청년단체 활동지원,전남광주광양시,전남,지방,참여·권리,대상자 지원,1.26,1.2,있음,20260317005400212175,(광양시)청년단체 활동 지원사업,(광양시)청년단체 활동 지원사업,1.12
321000020243000B,신혼부부·청년 전월세 대출이자 지원사업,서울서초구,서울,지방,주거,대상자 지원,1.26,0.99,찾지 못함,,,학자금 대출이자 지원사업,0.691
303000020193006B,성동청년 상생학사 운영,서울성동구,서울,지방,정책기반,기타,1.26,0.77,찾지 못함,,,청년예술청 운영,0.591
5370000201930045,자립준비청년 자립수당 지원,경남거제시,경남,지방,금융·생활안정,대상자 지원,1.26,0.7,있음,,,자립준비청년 자립프로그램 운영,1.02
3980000201930072,보호종료아동 자립수당,경기구리시,경기,지방,금융·생활안정,대상자 지원,1.26,0.68,찾지 못함,,,시설 퇴소청소년 자립지원수당,0.381
50800002024301AF,청년문화예술패스부담금,경북구미시,경북,지방,문화·건강,대상자 지원,1.26,1.26,찾지 못함,,,청년스타트업 지원,0.473
5050000201930104,보호종료아동 자립수당 지원,경북경주시,경북,지방,금융·생활안정,대상자 지원,1.26,0.96,찾지 못함,,,자립준비청년 자립수당지원,0.62
4280000202130159,청년농업인 정책자금 이차보전(도비),강원평창군,강원,지방,창업·농어업,기타,1.25,0.74,있음,20250618005400211056,청년농업인 정책자금 이차보전 지원,청년농업인 정책자금 이차보전 지원,1.12
454000020133003E,대학생 아르바이트 운영,충남논산시,충남,지방,교육·역량,기타,1.25,1.25,찾지 못함,,,대학생 천원의 아침밥 사업 지원,0.591
4880000202230098,청년월세 한시 특별지원,전남광주고흥군,전남,지방,주거,대상자 지원,1.25,0.26,있음,,,청년월세지원,1.02
6460000202630190,청년친화도시 지원 사업(국가직접지원) (전남),전남광주본청,전남,지방,정책기반,대상자 지원,1.25,1.25,있음,,,2026년 서구 청년도전지원사업,0.898
4930000202430189,전남 청년 희망일자리 지원사업,전남광주해남군,전남,지방,취업·일경험,대상자 지원,1.25,0.0,있음,20251124005400211937,전남 청년 희망 일자리 지원사업,전남 청년 희망 일자리 지원사업,1.12
4970000202530007,전남 청년 희망 일자리,전남광주영광군,전남,지방,취업·일경험,기타,1.25,1.25,있음,20251124005400211937,전남 청년 희망 일자리 지원사업,전남 청년 희망 일자리 지원사업,1.12
4900000201630005,청년농업인 육성,전남광주화순군,전남,지방,창업·농어업,기타,1.25,0.99,있음,,,학사농업인 육성 지원,0.834
6480000202530300,청년친화도시 운영(국가직접지원),경남본청,경남,지방,정책기반,대상자 지원,1.25,1.25,있음,,,청년친화기업 지원,0.787
38200002025300A2,청년 문화예술패스,경기의정부시,경기,지방,문화·건강,대상자 지원,1.25,1.25,찾지 못함,,,청년 융합기술 창업지원,0.495
502000020253017A,청년 문화예술패스 사업(국가직접지원)<보조>,경북포항시,경북,지방,문화·건강,대상자 지원,1.25,1.25,찾지 못함,,,경북청년 예비창업가 육성사업,0.596
42600002020300B8,청년농업인 지원(도),강원횡성군,강원,지방,창업·농어업,대상자 지원,1.24,0.09,있음,,,청년농업인 정책자금 이차보전 지원,1.02
449000020223002B,청년활동 지원,충남천안시,충남,지방,정책기반,대상자 지원,1.24,0.61,찾지 못함,,,고립·은둔청년 지원,0.691
4930000202530194,청년·다문화 복합문화공간 '눙눙길' 조성(2023 소멸기금),전남광주해남군,전남,지방,문화·건강,기반·운영,1.24,1.24,찾지 못함,,,전남청년 문화복지카드,0.537
3200000201930073,청년의 일할 기회 관악 디딤돌 일자리 사업,서울관악구,서울,지방,금융·생활안정,기타,1.24,1.24,찾지 못함,,,미래 청년 일자리 사업,0.658
4050000202630267,사회연대경제 청년 일경험 시범사업(국비/지원),경기용인시,경기,지방,취업·일경험,대상자 지원,1.24,0.06,있음,,,사회연대경제 청년 일경험 시범 지원,1.0
5700000202230081,청년 입영지원금,경기여주시,경기,지방,정책기반,대상자 지원,1.24,0.65,찾지 못함,,,청년농업인 영농정착지원,0.676
5070000202630187,[국]2026년 사회연대경제 청년 일경험 시범사업,경북안동시,경북,지방,취업·일경험,대상자 지원,1.24,0.09,있음,,,사회연대경제 청년 일경험 시범 지원,1.0
41910002023303F8,강원특별자치도 청년 취업준비 쿠폰 지원,강원원주시,강원,지방,취업·일경험,대상자 지원,1.23,0.0,있음,,,청년 취업 면접정장 지원,0.72
56800002023301BB,청년농업인 농지 임차료 지원사업,충남당진시,충남,지방,창업·농어업,대상자 지원,1.23,0.0,있음,20250715005400211277,청년농업인 농지임차료 지원,청년농업인 농지임차료 지원,1.12
350000020243007C,청년 문화·스포츠 활동비 지원사업,인천제물포구,인천,지방,문화·건강,대상자 지원,1.23,1.2,있음,,,청년문화 활성화 사업,0.729
4460000202630040,청년농업인 임대형 스마트팜 운영,충북괴산군,충북,지방,창업·농어업,대상자 지원,1.22,0.32,있음,,,청년농업인 스마트팜 기반 조성,0.84
3380000202530047,청년 경계선지능인 지원사업,부산수영구,부산,지방,정책기반,대상자 지원,1.21,1.05,있음,,,부산 청년도전 지원사업,0.72
4820000202630116,사회연대경제 청년일경험 시범사업,전남광주순천시,전남,지방,취업·일경험,대상자 지원,1.21,0.06,있음,20260810005400213326,사회연대경제 청년 일경험사업 시범사업(3차),사회연대경제 청년 일경험사업 시범사업(3차),1.12
6500000202530343,인구청년정책추진,제주본청,제주,지방,정책기반,기타,1.21,0.89,있음,,,서귀포시 청년정책협의체 운영,0.735
6480000202630064,경남형 청년마을 조성,경남본청,경남,지방,참여·권리,기반·운영,1.21,1.2,찾지 못함,,,청년 소규모 스마트팜 조성,0.676
4060000202230012,청년공간 운영,경기파주시,경기,지방,정책기반,기반·운영,1.21,0.8,찾지 못함,,,경기도 청년참여기구 운영,0.691
4170000201930125,양평청년공간 운영,경기양평군,경기,지방,정책기반,기반·운영,1.21,0.56,찾지 못함,,,경기도 청년참여기구 운영,0.691
42000002021300BE,「강릉살자」청년 정착 사업,강원강릉시,강원,지방,정책기반,기타,1.2,1.2,있음,,,청년농업인 영농정착 지원,0.735
427000020223002C,청년인재육성 프로젝트,강원영월군,강원,지방,정책기반,기타,1.2,0.84,있음,,,청년농업인 육성지원,0.708
4250000202330020,청년 일경험 지원,강원홍천군,강원,지방,취업·일경험,대상자 지원,1.2,0.36,있음,,,2025 홍천군 청년 일경험 지원사업,1.02
45300002019300EB,자립준비청년 자립수당 지원,충남서산시,충남,지방,금융·생활안정,대상자 지원,1.2,0.69,있음,,,"자립준비청년 자립 지원 (자립수당, 자립정착금, 대학생활안정자금)",1.029
4540000201930058,친환경청년농부 시설지원,충남논산시,충남,지방,창업·농어업,기반·운영,1.2,0.0,있음,20251111005400211845,친환경청년농부 시설지원,친환경청년농부 시설지원,1.12
46200002019301A3,청년 어촌정착 지원,충남태안군,충남,지방,창업·농어업,대상자 지원,1.2,0.61,있음,,,청년어업인 정착지원 사업,0.769
62600002024301F7,청년 생활인구 유입 활성화 사업,부산본청,부산,지방,금융·생활안정,기타,1.2,1.2,있음,20260513005400213195,부산 청년 생활인구 유입 활성화(부산온나청년패스),부산 청년 생활인구 유입 활성화(부산온나청년패스),1.12
3270000201930036,보호종료아동 자립수당 지원,부산동구,부산,지방,금융·생활안정,대상자 지원,1.2,0.7,찾지 못함,,,부산 자립준비청년 자립수당 지원,0.62
4970000202630019,사회초년생 청년인턴제 운영,전남광주영광군,전남,지방,취업·일경험,대상자 지원,1.2,1.08,찾지 못함,,,2026년 서구 청년축제 「무한도ZONE」,0.549
4820000202030123,보호종료아동 자립정착금 지원,전남광주순천시,전남,지방,금융·생활안정,대상자 지원,1.2,0.3,찾지 못함,,,정보보호 특성화 대학 지원,0.333
4840000201930099,자립준비청년(보호종료아동) 자립수당 지원,전남광주광양시,전남,지방,금융·생활안정,대상자 지원,1.2,0.71,있음,,,자립준비청년 자립수당 지급,0.917
4890000202530013,보성 청년 네트워크 조성사업,전남광주보성군,전남,지방,참여·권리,기반·운영,1.2,0.33,찾지 못함,,,전남형 청년마을 조성사업,0.691
49000002026300B3,청년농업인 창업 스케일업(성장) 지원(도비),전남광주화순군,전남,지방,창업·농어업,대상자 지원,1.2,0.0,있음,20250119005400210333,청년농업인 창업 스케일업(성장) 지원사업,청년농업인 창업 스케일업(성장) 지원사업,1.12
49300002024300A1,청년농업인 창업 스케일업 지원,전남광주해남군,전남,지방,창업·농어업,대상자 지원,1.2,0.0,있음,20250119005400210333,청년농업인 창업 스케일업(성장) 지원사업,청년농업인 창업 스케일업(성장) 지원사업,1.12
4950000202430064,청년농업인 창업 스케일업(성장) 지원 사업,전남광주무안군,전남,지방,창업·농어업,대상자 지원,1.2,0.0,있음,20250119005400210333,청년농업인 창업 스케일업(성장) 지원사업,청년농업인 창업 스케일업(성장) 지원사업,1.12
3090000202330032,중독관리통합지원 확대사업(청년중독예방관리사업),서울도봉구,서울,지방,문화·건강,대상자 지원,1.2,1.03,있음,,,청년중독관리사업,0.72
3020000200830471,대학생 아르바이트 운영,서울용산구,서울,지방,교육·역량,기타,1.2,1.16,찾지 못함,,,대학생 동아리 사회기여활동 지원,0.4
538000020143001B,보호종료아동 자립정착금 지원,경남양산시,경남,지방,금융·생활안정,대상자 지원,1.2,0.3,찾지 못함,,,자립준비청년 자립정착금 지원,0.658
5410000201930093,청년농업인 취농직불제,경남창녕군,경남,지방,창업·농어업,기타,1.2,0.72,있음,20250918005400211769,청년농업인 취농직불제,청년농업인 취농직불제,1.12
54600002026300BE,청년 삶.일.놀이 캠프(2026년 지방소멸대응기금),경남함양군,경남,지방,정책기반,기타,1.2,0.0,찾지 못함,,,청년 일경험 지원,0.582
505000020193024A,청년근로자 사랑채움사업,경북경주시,경북,지방,취업·일경험,기타,1.2,1.2,있음,20250904005400211652,청년근로자 사랑채움사업,청년근로자 사랑채움사업,1.12
5130000201930125,(도비보조)청년근로자사랑채움사업,경북경산시,경북,지방,취업·일경험,기타,1.2,1.2,있음,,,2025 청년근로자 행복카드 지원사업,0.703
5050000200830973,자립준비청년 자립정착금지원,경북경주시,경북,지방,금융·생활안정,대상자 지원,1.2,0.7,있음,20260330005400212328,자립준비청년 자립정착금 지원,자립준비청년 자립정착금 지원,1.12
502000020243018D,청년신혼부부월세지원사업<보조>,경북포항시,경북,지방,주거,대상자 지원,1.2,0.53,있음,20250827005400211525,청년 신혼부부 월세 지원사업,청년 신혼부부 월세 지원사업,1.12
5060000202630040,자립준비청년자립정착금지원(자체),경북김천시,경북,지방,금융·생활안정,대상자 지원,1.2,0.8,있음,20260330005400212328,자립준비청년 자립정착금 지원,자립준비청년 자립정착금 지원,1.12
506000020173009A,자립준비청년자립정착금지원(보조),경북김천시,경북,지방,금융·생활안정,대상자 지원,1.2,1.05,있음,20260330005400212328,자립준비청년 자립정착금 지원,자립준비청년 자립정착금 지원,1.12
50900002021300E6,(도)청년한부모자녀양육비지원,경북영주시,경북,지방,정책기반,대상자 지원,1.2,0.72,있음,20260317005400212183,청년한부모 자녀양육비 지원,청년한부모 자녀양육비 지원,1.12
5130000202430115,(도비보조)청년 신혼부부 월세 지원,경북경산시,경북,지방,주거,대상자 지원,1.2,0.84,있음,20250827005400211525,청년 신혼부부 월세 지원사업,청년 신혼부부 월세 지원사업,1.12
507000020113003F,[도]청년창업지원,경북안동시,경북,지방,창업·농어업,대상자 지원,1.2,1.2,있음,,,2025년 경북 청년창업 JUMP-UP 지원사업,0.92
522000020253000A,청년정책지원,경북칠곡군,경북,지방,정책기반,대상자 지원,1.2,1.2,찾지 못함,,,2025년 청년도전 지원사업,0.691
470000020233011B,전북청년 함께 두배적금,전북남원시,전북,지방,금융·생활안정,대상자 지원,1.2,0.98,있음,20250113005400210211,전북청년 함께 두배적금 사업,전북청년 함께 두배적금 사업,1.12
4710000202330146,전북청년 함께 두배적금 사업(보조),전북김제시,전북,지방,금융·생활안정,대상자 지원,1.2,0.77,있음,20250113005400210211,전북청년 함께 두배적금 사업,전북청년 함께 두배적금 사업,1.12
4741000202530072,청년 취업자 주거비 지원사업,전북무주군,전북,지방,주거,대상자 지원,1.2,0.54,있음,,,전북형 청년취업 지원,0.752
464000020233057E,군복무 청년 상해보험 가입지원(도비직접지원),전북전주시,전북,지방,금융·생활안정,대상자 지원,1.2,1.2,있음,20250110005400210162,전북 군복무 청년 상해보험 가입 지원,전북 군복무 청년 상해보험 가입 지원,1.12
352000020193009A,자립준비청년 자립수당 지급,인천연수구,인천,지방,금융·생활안정,대상자 지원,1.2,0.99,있음,20260406005400212489,자립준비청년 자립수당 지급,자립준비청년 자립수당 지급,1.12
35700002020300B3,청년농업인 영농 스타트업 지원(보조),인천강화군,인천,지방,창업·농어업,대상자 지원,1.2,1.2,있음,20250718005400211393,청년농업인 영농 스타트업 지원,청년농업인 영농 스타트업 지원,1.12
5570000200830123,청년 근로활동지원,충북증평군,충북,지방,취업·일경험,대상자 지원,1.2,1.19,찾지 못함,,,신 취약청년(가족돌봄·고립은둔) 지원사업,0.591
4590000202130003,대학생 일자리사업,충남청양군,충남,지방,교육·역량,기타,1.19,1.07,있음,,,광역이음(충청권 연계) 일자리사업,0.708
3160000202630018,청년카페 운영,서울구로구,서울,지방,정책기반,기타,1.19,1.19,있음,,,청년예술청 운영,0.735
312000020263000A,지역 연계 청년 공간 운영,서울서대문구,서울,지방,정책기반,기반·운영,1.19,0.75,있음,,,지역연계형 청년 창업 지원사업(넥스트로컬),0.826
6410000201830275,청년어촌정착지원(균특/지원),경기본청,경기,지방,창업·농어업,대상자 지원,1.19,1.15,있음,,,청년어업인 정착지원 사업,0.769
468000020203009B,전북형 청년창업농 영농정착 지원,전북익산시,전북,지방,창업·농어업,대상자 지원,1.19,0.62,있음,,,청년창업농 영농정착지원사업,1.067
3530000202430143,인천형 청년월세 지원사업(35세~39세),인천남동구,인천,지방,주거,대상자 지원,1.19,0.43,있음,,,(남동구)인천시 청년월세 지원사업,1.009
65300002024301B7,청년 문화예술패스(국가직접지원),강원본청,강원,지방,문화·건강,대상자 지원,1.18,1.18,있음,,,청년예술인 지원,0.735
5370000202130090,청년 월세 지원,경남거제시,경남,지방,주거,대상자 지원,1.18,0.76,있음,,,청년 월세 지원,0.92
6410000202130144,경기 청년공간 활성화(자체/직접),경기본청,경기,지방,정책기반,기타,1.18,1.18,찾지 못함,,,청년공동체 연구지원 사업,0.549
6540000202630097,"청년, 농촌정책 발굴 지원단 사업(소멸기금)(2026)",전북본청,전북,지방,정책기반,대상자 지원,1.18,0.5,있음,,,청년창업농 영농정착지원사업,0.735
65000002019301A7,청년농업인육성(기술지원)(성인지예산),제주본청,제주,지방,창업·농어업,대상자 지원,1.17,0.86,있음,20251111005400211847,청년농업인 육성,청년농업인 육성,1.12
536000020263005D,청년농촌보금자리 운영,경남밀양시,경남,지방,창업·농어업,기타,1.17,0.74,있음,,,청년 농촌보금자리 조성,1.02
3490000202330163,청년공간 운영,인천영종구,인천,지방,정책기반,기반·운영,1.17,0.59,찾지 못함,,,(영종구) 청년네트워크(청년불패) 운영,0.691
373000020253006F,청년농업인 기반조성 지원,울산울주군,울산,지방,창업·농어업,기반·운영,1.16,0.55,있음,,,청년농업인 영농정착 지원,0.756
535000020253012B,청년 일경험(인턴) 지원사업,경남김해시,경남,지방,취업·일경험,대상자 지원,1.16,0.37,있음,20250917005400211751,청년 일경험 지원,청년 일경험 지원,1.12
41810002023303BF,강원 청년 중증장애인 자산형성 지원,강원춘천시,강원,지방,금융·생활안정,대상자 지원,1.15,0.73,있음,,,청년 재가 중증장애인 자산형성 지원,1.049
449000020233049D,청년농업인 농지임차료 지원,충남천안시,충남,지방,창업·농어업,대상자 지원,1.15,0.0,있음,20250715005400211277,청년농업인 농지임차료 지원,청년농업인 농지임차료 지원,1.12
4880000202330232,전남형 청년마을만들기 조성,전남광주고흥군,전남,지방,참여·권리,기반·운영,1.15,0.12,있음,,,전남형 청년마을 조성사업,0.944
6470000202530072,우수청년기업지원,경북본청,경북,지방,정책기반,대상자 지원,1.15,1.15,있음,20250903005400211596,우수 청년기업 지원,우수 청년기업 지원,1.12
4681000202630038,전입 청년 문화예술패스 지원,전북익산시,전북,지방,문화·건강,대상자 지원,1.15,0.78,있음,,,청년문화프로그램 운영,1.02
64300002025300ED,청년농업인 역량강화,충북본청,충북,지방,창업·농어업,기타,1.15,0.48,찾지 못함,,,청년농업인 스마트팜 기반 조성,0.62
426100020263007F,횡성형 청년 맞춤 인턴 지원사업,강원횡성군,강원,지방,취업·일경험,대상자 지원,1.14,0.14,있음,,,지역 청년 무역인력 인턴십 지원 사업,0.735
4271000202630034,공공기관 청년직원 통합관사 리모델링사업,강원영월군,강원,지방,정책기반,기반·운영,1.14,0.0,찾지 못함,,,2025년 청년 디딤돌 2배 적금 지원사업,0.443
46000002019300EE,청년농업인 안정정착 기반조성(도비),충남홍성군,충남,지방,창업·농어업,기반·운영,1.14,1.0,있음,20251111005400211846,청년농업인 안정정착 기반조성,청년농업인 안정정착 기반조성,1.12
3190000202530075,9.청년 신혼부부 전세임대주택 공급,서울동작구,서울,지방,주거,대상자 지원,1.14,0.13,찾지 못함,,,청년안심주택 공급활성화(임차보증금 무이자지원),0.582
40700002022302BB,중소기업 청년노동자 근속장려금 지원,경기이천시,경기,지방,취업·일경험,대상자 지원,1.14,0.54,찾지 못함,,,청년 노동자 통장 운영,0.691
4680000201830072,청년희망(간편형)스마트팜 지원,전북익산시,전북,지방,창업·농어업,대상자 지원,1.14,0.41,있음,,,청년희망 스마트팜 확산사업,1.02
471000020173010E,청년희망(간편형) 스마트팜 확산사업(보조),전북김제시,전북,지방,창업·농어업,기타,1.14,0.91,있음,20250718005400211420,청년희망 스마트팜 확산사업,청년희망 스마트팜 확산사업,1.12
474000020183008E,청년희망(간편형) 스마트팜 확산사업,전북무주군,전북,지방,창업·농어업,기타,1.14,1.14,있음,20250718005400211420,청년희망 스마트팜 확산사업,청년희망 스마트팜 확산사업,1.12
4740000201930137,전북 청년지역정착 지원,전북무주군,전북,지방,정책기반,대상자 지원,1.14,0.44,있음,20250113005400210206,전북청년 지역정착 지원사업,전북청년 지역정착 지원사업,1.12
4530000201830136,청년정책 추진,충남서산시,충남,지방,정책기반,기타,1.13,1.11,있음,,,충청남도 청년정책 조정위원회 운영,0.92
490000020263000A,청년희망 디딤돌통장 지원,전남광주화순군,전남,지방,금융·생활안정,대상자 지원,1.13,0.68,있음,20250119005400210340,청년 희망디딤돌 통장 운영,청년 희망디딤돌 통장 운영,1.12
5470000202330013,거창청년누리(청년임대주택) 운영,경남거창군,경남,지방,주거,대상자 지원,1.13,0.52,찾지 못함,,,청년일자리 위드유 운영,0.676
4080000202330447,청년문화공간 운영(자체),경기안성시,경기,지방,문화·건강,기반·운영,1.13,0.81,찾지 못함,,,경기도 청년참여기구 운영,0.62
3970000202330015,청년축제 운영,경기과천시,경기,지방,문화·건강,기반·운영,1.13,0.35,찾지 못함,,,경기도 청년참여기구 운영,0.691
3490000201930081,자립준비청년 자립수당 지급,인천영종구,인천,지방,금융·생활안정,대상자 지원,1.13,0.32,있음,,,자립준비청년 자립수당 지급,1.0
5670000202230035,청년농업인 육성,경남창원시,경남,지방,창업·농어업,기타,1.12,0.36,있음,,,청년농업인 커뮤니티 활성화 지원,0.752
533000020183009F,청년 농업인 영농정착지원,경남통영시,경남,지방,창업·농어업,대상자 지원,1.12,0.84,있음,20260408005400212643,청년농업인 영농정착지원,청년농업인 영농정착지원,1.12
6410000202330834,경기청년 역량강화 통합신청시스템 운영(자체/직접),경기본청,경기,지방,교육·역량,기타,1.12,1.12,찾지 못함,,,경기청년 역량강화 기회지원,0.591
4670000201930158,청년창업 특화단지 조성사업,전북군산시,전북,지방,창업·농어업,기반·운영,1.12,1.04,있음,,,2025년 군산시 청년창업플랫폼(청춘미가) 지원사업,0.729
4251000202630008,청년 스마트팜 인큐베이팅 구축,강원홍천군,강원,지방,창업·농어업,기타,1.11,0.76,찾지 못함,,,지역청년 참여 네트워크 구축 및 활성화,0.465
6460000201430222,지역 중소기업 취업청년 학자금대출 상환 지원 (전남),전남광주본청,전남,지방,교육·역량,대상자 지원,1.11,0.37,있음,20250304005400210590,지역 중소기업 취업청년 학자금 대출 상환지원,지역 중소기업 취업청년 학자금 대출 상환지원,1.12
4700000202330118,전북형 청년활력수당,전북남원시,전북,지방,금융·생활안정,대상자 지원,1.11,0.84,있음,20250113005400210207,전북형 청년활력수당,전북형 청년활력수당,1.12
47800002023301C2,전북형 청년활력수당,전북고창군,전북,지방,금융·생활안정,대상자 지원,1.11,0.52,있음,20250113005400210207,전북형 청년활력수당,전북형 청년활력수당,1.12
445000020183007F,청년누리디딤사업,충북진천군,충북,지방,정책기반,기타,1.11,0.59,찾지 못함,,,청년 농촌보금자리 조성사업,0.62
4490000202530116,청년성장프로젝트,충남천안시,충남,지방,취업·일경험,기타,1.1,1.1,있음,20250715005400211260,청년성장 프로젝트,청년성장 프로젝트,1.12
329000020243002F,청년 초기창업 지원,부산부산진구,부산,지방,창업·농어업,대상자 지원,1.1,0.89,있음,,,부산 청년고용 우수기업 인증·지원,0.72
4810000201930141,보호종료아동 자립정착금,전남광주여수시,전남,지방,금융·생활안정,대상자 지원,1.1,0.5,찾지 못함,,,'나의 광주 정착 키트' 2기 참여자 모집,0.287
492000020213009E,청년부부 결혼축하금 지원사업,전남광주강진군,전남,지방,금융·생활안정,대상자 지원,1.1,0.94,찾지 못함,,,강진군 청년 창업 지원사업,0.691
4840000202530038,전남 청년 희망일자리사업,전남광주광양시,전남,지방,취업·일경험,기타,1.1,1.1,있음,20251124005400211937,전남 청년 희망 일자리 지원사업,전남 청년 희망 일자리 지원사업,1.12
378000020263001B,성남하이테크밸리 청년친화형 아름다운거리 운영,경기성남시,경기,지방,정책기반,기타,1.1,0.3,찾지 못함,,,경기청년 사다리 프로그램,0.453
39900002013301EA,자립준비청년 자립정착금 지원,경기남양주시,경기,지방,금융·생활안정,대상자 지원,1.1,0.8,있음,,,자립준비청년 주거비 지원사업,0.735
55400002023301C9,경기청년 역량강화 기회 지원,경기광주시,경기,지방,교육·역량,대상자 지원,1.1,0.77,있음,20251107005400211812,경기청년 역량강화 기회지원,경기청년 역량강화 기회지원,1.12
386000020223002B,청년공간 운영,경기부천시,경기,지방,정책기반,기반·운영,1.1,0.83,있음,,,소사청년공간 소사로움 운영,0.92
51100002021300BD,청년지원센터 운영,경북상주시,경북,지방,정책기반,기반·운영,1.1,0.67,있음,,,1인 창조기업 지원센터 운영,0.72
5110000202030059,[도]시군청년예비창업지원,경북상주시,경북,지방,창업·농어업,대상자 지원,1.1,1.1,있음,,,경북청년 예비창업가 육성사업,0.826
64700002020302D8,청년능력역량개발지원,경북본청,경북,지방,교육·역량,대상자 지원,1.1,1.1,찾지 못함,,,청년 화합소통행사 개최지원,0.575
51200002023300E7,[도비]청년행복 뉴딜프로젝트,경북문경시,경북,지방,정책기반,기타,1.1,1.1,있음,20250721005400211470,청년행복 뉴딜프로젝트,청년행복 뉴딜프로젝트,1.12
3610000202330023,자립준비청년 자립정착금 지원(보조),전남광주남구,광주,지방,금융·생활안정,대상자 지원,1.1,0.7,있음,20250711005400211186,자립준비청년 자립정착금,자립준비청년 자립정착금,1.12
61100002026302F6,청년후계농 영농정착 지원,서울본청,서울,지방,창업·농어업,대상자 지원,1.09,0.66,찾지 못함,,,서울청년문화패스 지원,0.541
310000020263009A,청년성장프로젝트,서울노원구,서울,지방,취업·일경험,기타,1.09,0.63,있음,,,청년성장프로젝트(청년카페),1.0
3660000201530017,청년창업 지원,대전서구,대전,지방,창업·농어업,대상자 지원,1.09,1.09,찾지 못함,,,청년도전지원사업,0.691
51000002021300CB,청년정책추진활성화,경북영천시,경북,지방,정책기반,기타,1.09,0.88,찾지 못함,,,청년성장프로젝트,0.52
5710000202630167,고립·은둔 청년 지원,충북청주시,충북,지방,정책기반,대상자 지원,1.09,1.09,있음,,,신 취약청년(가족돌봄·고립은둔) 지원사업,0.92
426000020223002D,지역밀착형 청년정책 강화,강원횡성군,강원,지방,정책기반,기타,1.08,0.63,찾지 못함,,,지역주도형 청년일자리 사업(지역혁신형),0.526
4200000201830167,청년어업인 정착 지원,강원강릉시,강원,지방,창업·농어업,대상자 지원,1.08,0.72,있음,,,청년어업인 영어정착 지원,1.02
450000020253010A,청년성장프로젝트(청년카페),충남공주시,충남,지방,취업·일경험,기타,1.08,1.08,있음,20250715005400211260,청년성장 프로젝트,청년성장 프로젝트,1.12
46100002023301ED,청년농업인농지임차료지원사업,충남예산군,충남,지방,창업·농어업,대상자 지원,1.08,0.0,있음,20250715005400211277,청년농업인 농지임차료 지원,청년농업인 농지임차료 지원,1.12
4880000201830005,청년창업농 육성 지원(도비),전남광주고흥군,전남,지방,창업·농어업,대상자 지원,1.08,0.62,있음,,,청년 창업농장 조성,0.92
493000020213019E,청년4-H 우수과제 창업농 육성사업,전남광주해남군,전남,지방,창업·농어업,대상자 지원,1.08,1.08,있음,,,청년4-H회원 우수과제 창업농 육성 사업,1.058
3020000201030056,보호대상아동 및 자립준비청년 지원,서울용산구,서울,지방,금융·생활안정,대상자 지원,1.08,0.75,있음,,,자립준비청년 자립수당 지원,0.713
534000020193008F,보호종료아동 자립수당 지원,경남사천시,경남,지방,금융·생활안정,대상자 지원,1.08,0.66,찾지 못함,,,자립지원전담기관 운영,0.484
4010000202330283,경기청년 역량강화 기회 지원,경기시흥시,경기,지방,교육·역량,대상자 지원,1.08,0.48,있음,20251107005400211812,경기청년 역량강화 기회지원,경기청년 역량강화 기회지원,1.12
3900000201930142,청년 생각 펼침 공모사업,경기광명시,경기,지방,정책기반,기타,1.08,1.01,찾지 못함,,,청년공동체 연구지원 사업,0.596
37800002017301D8,청년정책 추진,경기성남시,경기,지방,정책기반,기타,1.08,0.95,찾지 못함,,,청년농업인 영농정착지원,0.582
398000020263002D,경기청년공간 프로그램 운영 지원,경기구리시,경기,지방,정책기반,대상자 지원,1.08,1.08,찾지 못함,,,경기청년 사다리 프로그램,0.691
5700000201930045,청년활동지원센터[경기 청년공간] 운영,경기여주시,경기,지방,정책기반,대상자 지원,1.08,0.97,찾지 못함,,,청년 노동자 통장 운영,0.646
5540000202530137,통합정신건강증진사업 청년 및 노인,경기광주시,경기,지방,문화·건강,기타,1.08,1.08,찾지 못함,,,청년층 정신건강 서비스 강화,0.501
5060000202630127,사회연대경제 청년 일경험 시범사업(보조),경북김천시,경북,지방,취업·일경험,대상자 지원,1.08,0.09,있음,,,사회연대경제 청년 일경험 시범 지원,1.0
51300002026300BD,(도비보조)경상북도 청년 화합소통행사 개최지원,경북경산시,경북,지방,참여·권리,기반·운영,1.08,0.0,있음,20250721005400111471,청년 화합소통행사 개최지원,청년 화합소통행사 개최지원,1.12
475000020193012B,전북형 청년지역정착 지원사업,전북장수군,전북,지방,정책기반,대상자 지원,1.08,0.67,있음,,,전북청년 지역정착 지원사업,1.072
356000020223016F,인천형 청년월세 지원사업(만35~39세)(서구공통),인천서해구,인천,지방,주거,대상자 지원,1.08,0.55,있음,,,(서해구) 인천시 청년월세 지원사업,1.009
65300002025301C3,청년성장프로젝트(청년카페)(국고),강원본청,강원,지방,취업·일경험,기타,1.07,1.07,있음,,,청년성장프로젝트(청년카페),1.0
4850000201630021,전남형 청년인턴사업(근속장려금),전남광주담양군,전남,지방,취업·일경험,대상자 지원,1.07,0.59,있음,,,전남형 청년마을 조성사업,0.745
3210000202430009,청년 해외취업 지원,서울서초구,서울,지방,취업·일경험,대상자 지원,1.07,0.73,있음,,,서울 청년 밀키트 창업지원,0.708
53700002024300E9,청년창업농 맞춤형 지원,경남거제시,경남,지방,창업·농어업,대상자 지원,1.07,1.07,있음,20250918005400211773,청년 창업농 맞춤형 지원,청년 창업농 맞춤형 지원,1.12
47000002022300EF,청년월세 한시 특별지원,전북남원시,전북,지방,주거,대상자 지원,1.07,0.14,있음,,,(국토부) 26년 청년월세 지원사업,0.9
4620000202230154,청년월세 한시특별지원,충남태안군,충남,지방,주거,대상자 지원,1.06,0.22,있음,,,(국토부) 26년 청년월세 지원사업,0.9
33400002026300E4,청년성장프로젝트(청년카페),부산사하구,부산,지방,취업·일경험,기타,1.06,1.06,있음,,,부산 청년잡(JOB) 성장프로젝트,1.061
49700002010303D9,전남형 청년인턴제,전남광주영광군,전남,지방,취업·일경험,대상자 지원,1.06,0.29,있음,,,2026년 서구 청년축제 「무한도ZONE」,0.72
48900002026300AE,친환경농산물 계약재배 청년농가 육성사업,전남광주보성군,전남,지방,창업·농어업,기타,1.06,0.0,있음,20250119005400210342,친환경농산물 계약재배 청년농가 육성,친환경농산물 계약재배 청년농가 육성,1.12
4980000202430118,전남 청년 희망 일자리 지원사업,전남광주장성군,전남,지방,취업·일경험,대상자 지원,1.06,0.0,있음,20251124005400211937,전남 청년 희망 일자리 지원사업,전남 청년 희망 일자리 지원사업,1.12
4010000202630136,청년성장프로젝트 운영,경기시흥시,경기,지방,취업·일경험,기타,1.06,1.06,있음,,,청년성장프로젝트(청년카페),1.0
404000020203015F,청년 및 노인 정신건강 치료비 지원,경기하남시,경기,지방,문화·건강,대상자 지원,1.06,1.04,있음,,,청년층 정신건강 서비스 강화,0.756
5540000202230028,청년지원센터(창업) 운영,경기광주시,경기,지방,창업·농어업,대상자 지원,1.06,1.06,찾지 못함,,,경기청년 역량강화 기회지원,0.62
627000020183003F,청년정책참여 활성화,대구본청,대구,지방,참여·권리,기타,1.06,1.0,찾지 못함,,,대구청년정책네트워크,0.591
448000020183002B,청년 농업인 영농정착 지원 사업,충북단양군,충북,지방,창업·농어업,대상자 지원,1.06,1.06,있음,,,청년후계농 영농정착 지원,0.898
646000020213025C,대학일자리플러스센터 운영 지원(국가직접지원) (전남),전남광주본청,전남,지방,취업·일경험,기반·운영,1.05,1.05,찾지 못함,,,,
4930000202330032,영농승계 청년농업인 육성 지원사업,전남광주해남군,전남,지방,창업·농어업,대상자 지원,1.05,1.05,있음,20250109005400210106,영농승계 청년농업인 육성 지원사업,영농승계 청년농업인 육성 지원사업,1.12
4930000202430024,청년농업인 맞춤형 창업 성공모델 지원사업,전남광주해남군,전남,지방,창업·농어업,대상자 지원,1.05,1.05,있음,20250109005400210107,청년농업인 맞춤형 창업 성공모델 지원사업,청년농업인 맞춤형 창업 성공모델 지원사업,1.12
5380000202230255,대학일자리플러스센터 지원사업(국가직접지원),경남양산시,경남,지방,취업·일경험,대상자 지원,1.05,1.05,찾지 못함,,,,
40500002019300DF,청년참여 활성화,경기용인시,경기,지방,참여·권리,기타,1.05,0.38,있음,,,경기도 청년참여기구 운영,0.735
40500002020300E4,말산업 청년인턴 취업지원,경기용인시,경기,지방,취업·일경험,대상자 지원,1.05,0.5,찾지 못함,,,용인시 일자리센터를 통한 청년 취업 지원,0.6
4010000202030180,청년 행정체험 인턴,경기시흥시,경기,지방,취업·일경험,대상자 지원,1.05,0.87,있음,20250327005400210665,청년 행정체험 인턴,청년 행정체험 인턴,1.12
4080000200831257,퇴소 및 보호종료아동 자립정착금,경기안성시,경기,지방,금융·생활안정,대상자 지원,1.05,0.9,찾지 못함,,,청년 노동자 통장 운영,0.31
46900002020300A8,전북형 청년창업농 영농정착 지원,전북정읍시,전북,지방,창업·농어업,대상자 지원,1.05,0.95,있음,,,청년창업농 영농정착지원사업,1.067
3510500202430036,인천 청년 자격증 응시료 지원,인천미추홀구,인천,지방,교육·역량,대상자 지원,1.05,0.77,있음,20260406005400212416,(미추홀구) 청년 자격증 응시료 지원,(미추홀구) 청년 자격증 응시료 지원,1.12
42010002026301E1,사회연대경제 청년 일경험 시범사업,강원강릉시,강원,지방,취업·일경험,대상자 지원,1.04,0.0,있음,,,사회연대경제 청년 일경험 시범 지원,1.0
452000020243006D,대학가 청년 문화거리 조성사업,충남아산시,충남,지방,문화·건강,기반·운영,1.04,0.54,찾지 못함,,,청년 농촌보금자리 조성사업,0.68
4500000202630158,사회연대경제 청년 일경험 시범사업,충남공주시,충남,지방,취업·일경험,대상자 지원,1.04,0.0,있음,,,사회연대경제 청년 일경험 시범 지원,1.0
4600000202630116,사회연대경제 청년 일경험 시범사업,충남홍성군,충남,지방,취업·일경험,대상자 지원,1.04,0.0,있음,,,사회연대경제 청년 일경험 시범 지원,1.0
338000020253006E,2026년 청년성장프로젝트(청년카페),부산수영구,부산,지방,취업·일경험,기타,1.04,0.62,있음,20260914005400213411,청년 성장 프로젝트(고용노동부 공모사업),청년 성장 프로젝트(고용노동부 공모사업),1.12
6310000202230120,보호종료아동 자립지원전담기관 인건비,울산본청,울산,지방,금융·생활안정,대상자 지원,1.04,1.04,있음,,,보호종료아동 자립수당,0.76
5420000202530177,평생학습관(청년자기계발공간) 리모델링(교육재정특별교부금),경남고성군,경남,지방,교육·역량,기반·운영,1.04,1.03,찾지 못함,,,대학생 학자금대출 이자 지원,0.331
64800002019301DD,지역사회서비스 청년사업단 운영,경남본청,경남,지방,취업·일경험,기타,1.04,1.04,찾지 못함,,,청년농업인 드론 공동방제단 운영,0.549
53300002026300B6,사회연대경제 청년 일경험 사업,경남통영시,경남,지방,취업·일경험,대상자 지원,1.04,0.0,있음,,,청년 일경험 지원,1.02
4060000202330057,청년 인턴사업,경기파주시,경기,지방,취업·일경험,대상자 지원,1.04,0.98,찾지 못함,,,경기청년 해외진출(일본) 사업,0.691
554000020263011F,사회연대경제 청년 일경험 사업,경기광주시,경기,지방,취업·일경험,대상자 지원,1.04,0.0,있음,,,사회연대경제 청년일경험,1.0
6470000201830222,청년농업인영농정착지원선발운영,경북본청,경북,지방,창업·농어업,대상자 지원,1.04,1.04,찾지 못함,,,청년스타트업 지원,0.555
3590000202630035,청년 창업 성장 육성 프로젝트 지원(2026 기금),전남광주동구,광주,지방,창업·농어업,대상자 지원,1.04,0.03,찾지 못함,,,2026년 빈집(빈점포) 청년창업 채움 프로젝트 (예비)청년창업자 모집,0.636
4680000201230052,전북형 청년취업지원사업,전북익산시,전북,지방,취업·일경험,대상자 지원,1.04,0.48,있음,20250113005400210213,전북형 청년취업 지원,전북형 청년취업 지원,1.12
479000020213001A,청년UP센터운영,전북부안군,전북,지방,정책기반,기타,1.04,0.75,있음,,,전북특별자치도 청년마음건강센터 운영,0.787
6280000202230048,청년 콘텐츠 우수인재 양성,인천본청,인천,지방,정책기반,기타,1.04,1.04,있음,20260406005400212503,청년콘텐츠 우수인재양성,청년콘텐츠 우수인재양성,1.12
35600002009303B4,취업성공 디딤돌 청년인턴사업(서구공통),인천서해구,인천,지방,금융·생활안정,대상자 지원,1.04,1.03,있음,20260406005400212427,(서해구) 취업성공 디딤돌 청년인턴 사업,(서해구) 취업성공 디딤돌 청년인턴 사업,1.12
433000020213009F,청년농업인 육성[자체],강원인제군,강원,지방,창업·농어업,기타,1.03,0.06,있음,20250502005400210766,청년농업인 육성지원,청년농업인 육성지원,1.12
4500000202330393,청년농업인 농지 임차료 지원,충남공주시,충남,지방,창업·농어업,대상자 지원,1.03,0.59,있음,20250715005400211277,청년농업인 농지임차료 지원,청년농업인 농지임차료 지원,1.12
481000020173022E,청년지원센터 운영,전남광주여수시,전남,지방,정책기반,기반·운영,1.03,1.0,있음,,,전남 콘텐츠기업지원센터 운영,0.752
3080000202030016,청년정책 추진 및 청년참여 활성화 지원,서울강북구,서울,지방,참여·권리,대상자 지원,1.03,0.79,있음,,,청년참여 활성화 및 서울청년참여기구 운영 지원,0.7
53100002026301C2,청년 부동산 중개보수비 지원사업,경남진주시,경남,지방,정책기반,대상자 지원,1.03,0.0,찾지 못함,,,청년일자리 도전 지원사업,0.6
5390000202330051,청년 고용확대 지원사업,경남의령군,경남,지방,취업·일경험,대상자 지원,1.03,1.03,찾지 못함,,,의령군 청년동아리 활동 지원사업,0.691
404000020233020F,경기청년 역량강화 기회지원,경기하남시,경기,지방,교육·역량,대상자 지원,1.03,0.51,있음,20251107005400211812,경기청년 역량강화 기회지원,경기청년 역량강화 기회지원,1.12
393000020203009E,말산업 청년인턴 취업지원,경기안산시,경기,지방,취업·일경험,대상자 지원,1.03,0.56,찾지 못함,,,청년 융합기술 창업지원,0.596
397000020203007F,청년공간사업,경기과천시,경기,지방,정책기반,기타,1.03,0.75,있음,,,청년공동체 연구지원 사업,0.708
55400002024301DF,청년 문화예술패스 사업,경기광주시,경기,지방,문화·건강,대상자 지원,1.03,1.03,찾지 못함,,,경기청년 해외진출(일본) 사업,0.564
3660000201130077,청년일자리 창출,대전서구,대전,지방,취업·일경험,기타,1.03,0.97,있음,,,우수기업 청년채용 지원사업,0.92
47800002020300A6,전북형 청년창업농 영농정착지원,전북고창군,전북,지방,창업·농어업,대상자 지원,1.03,0.75,있음,,,청년창업농 영농정착지원사업,1.067
4520000202630071,청년문화예술패스,충남아산시,충남,지방,문화·건강,대상자 지원,1.02,1.02,있음,20260504005400113122,청년문화예술패스,청년문화예술패스,1.12
454000020193007E,자립준비청년 자립수당 지원,충남논산시,충남,지방,금융·생활안정,대상자 지원,1.02,0.43,있음,,,"자립준비청년 자립 지원 (자립수당, 자립정착금, 대학생활안정자금)",1.029
3340000201930005,청년공간 운영,부산사하구,부산,지방,정책기반,기반·운영,1.02,1.02,있음,,,부산 청년공간 오름라운지 운영,0.92
4980000202230159,지역연계형 청년창업 지원사업,전남광주장성군,전남,지방,창업·농어업,대상자 지원,1.02,0.0,있음,,,지역자원 연계 청년창업 지원,0.842
5010000202330250,지역연계형청년창업(보조),전남광주신안군,전남,지방,창업·농어업,대상자 지원,1.02,0.0,있음,,,지역자원 연계 청년창업 지원,0.842
5440000202330080,하동청년센터 운영관리,경남하동군,경남,지방,정책기반,기반·운영,1.02,0.66,찾지 못함,,,새일센터 지정 운영,0.62
5310000202630003,중소기업 청년채용 지원사업,경남진주시,경남,지방,취업·일경험,대상자 지원,1.02,0.12,있음,20260424005400212873,진주시 중소기업 청년채용 지원사업,진주시 중소기업 청년채용 지원사업,1.12
5310000202430149,청년 문화예술패스 사업(국가직접지원사업),경남진주시,경남,지방,문화·건강,대상자 지원,1.02,1.02,있음,,,청년 문화예술인 활동 지원,0.826
39300002025300E4,청년 전월세 보증금 대출이자 지원사업,경기안산시,경기,지방,주거,대상자 지원,1.02,0.02,찾지 못함,,,2025년 상반기 경기도 학자금 대출이자 지원,0.62
4030000201930034,보호종료아동 자립수당 지급,경기의왕시,경기,지방,금융·생활안정,대상자 지원,1.02,0.55,찾지 못함,,,자립준비청년 자립수당 지급,0.5
512000020223005F,[국비]청년월세지원사업,경북문경시,경북,지방,주거,대상자 지원,1.02,0.25,있음,,,청년 신혼부부 월세 지원사업,0.92
3410000202230017,청년의날행사,대구중구,대구,지방,정책기반,기반·운영,1.02,0.02,찾지 못함,,,2025년 청년사회진입 활동지원사업,0.549
348000020193015C,보호종료아동 자립수당 지급,대구달성군,대구,지방,금융·생활안정,대상자 지원,1.02,0.57,찾지 못함,,,자립준비청년 자립수당 지급,0.5
3540000202430052,인천형 청년월세 지원사업(35세 ~ 39세),인천부평구,인천,지방,주거,대상자 지원,1.02,0.35,있음,,,(부평구) 인천시 청년월세 지원사업,1.009
4191000202430192,청년 문화예술패스(국가직접지원),강원원주시,강원,지방,문화·건강,대상자 지원,1.01,1.01,있음,,,청년예술인 지원,0.735
3310000202330023,청년 자격시험 응시료 지원,부산남구,부산,지방,교육·역량,대상자 지원,1.01,0.64,찾지 못함,,,부산 청년 자산형성 지원(부산청년 기쁨두배통장),0.646
33100002024300D7,청년 사업자 임차료 지원,부산남구,부산,지방,정책기반,대상자 지원,1.01,0.7,찾지 못함,,,부산 청년 자산형성 지원(부산청년 기쁨두배통장),0.676
338000020223007D,청년 사업자 및 창업자 월 임차료 지원,부산수영구,부산,지방,창업·농어업,대상자 지원,1.01,0.61,있음,,,청년 사업자 임차료 지원사업,0.861
3380000202330021,청년 신혼부부 주거 자금 대출이자 지원,부산수영구,부산,지방,주거,대상자 지원,1.01,0.01,있음,20260914005400213410,청년·신혼부부 주거자금 대출이자 지원,청년·신혼부부 주거자금 대출이자 지원,1.12
4870000201030201,전남 청년 근속장려금 지원사업,전남광주구례군,전남,지방,취업·일경험,대상자 지원,1.01,0.45,있음,20250710005400211181,전남 청년 근속장려금,전남 청년 근속장려금,1.12
3180000202430034,청년 국가자격시험 응시료 지원,서울영등포구,서울,지방,교육·역량,대상자 지원,1.01,1.01,찾지 못함,,,자립준비청년 자립수당 지원,0.52
5340000202530142,청년성장프로젝트 지원사업,경남사천시,경남,지방,취업·일경험,대상자 지원,1.01,0.88,있음,,,청년성장프로젝트(청년카페),1.0
535000020253008E,청년 운전면허 취득비용 지원사업,경남김해시,경남,지방,정책기반,대상자 지원,1.01,1.01,찾지 못함,,,청년일자리 도전 지원사업,0.68
3900000202330282,청년 역량강화 기회 지원 사업,경기광명시,경기,지방,교육·역량,대상자 지원,1.01,0.5,있음,20251107005400211812,경기청년 역량강화 기회지원,경기청년 역량강화 기회지원,1.12
399000020213013F,말산업 청년인턴 취업지원,경기남양주시,경기,지방,취업·일경험,대상자 지원,1.01,0.35,찾지 못함,,,청년 융합기술 창업지원,0.596
62700002019300F1,청년생활 종합상담사업,대구본청,대구,지방,문화·건강,대상자 지원,1.01,0.96,찾지 못함,,,2025년 청년사회진입 활동지원사업,0.575
64300002019301BD,청년사회서비스 사업단,충북본청,충북,지방,취업·일경험,기타,1.01,0.66,있음,20250219005400210471,충북 청년사회서비스사업단 운영,충북 청년사회서비스사업단 운영,1.12
64200002013300C3,지역특화 청년무역전문가양성(국가직접지원),강원본청,강원,지방,정책기반,대상자 지원,1.0,1.0,있음,20250618005400111043,지역특화 청년무역 전문가 양성사업,지역특화 청년무역 전문가 양성사업,1.12
4190000202330184,청년농업인 정착 지원,강원원주시,강원,지방,창업·농어업,대상자 지원,1.0,0.71,있음,,,청년농업인 영농정착 지원,1.02
4190000202330253,대학일자리플러스센터 지원(국가직접지원),강원원주시,강원,지방,취업·일경험,대상자 지원,1.0,1.0,있음,,,대학일자리플러스센터 지원,0.92
4200000202330157,청년창업 희망키움사업,강원강릉시,강원,지방,창업·농어업,대상자 지원,1.0,1.0,찾지 못함,,,청년농업인 육성지원,0.52
4201000202430227,청년4-H 로컬판매 활성화 지원(도비),강원강릉시,강원,지방,창업·농어업,대상자 지원,1.0,1.0,찾지 못함,,,청년농업인 육성지원,0.575
42010002025301C8,청년 원가아파트 조성,강원강릉시,강원,지방,정책기반,기반·운영,1.0,0.0,찾지 못함,,,청년예술인 지원,0.495
42710002026300FA,청년창업 상상허브 조성(지방소멸대응기금),강원영월군,강원,지방,창업·농어업,기반·운영,1.0,0.05,찾지 못함,,,청년농업인 육성지원,0.591
5680000202530030,청년농업인 육성 종합체계 구축,충남당진시,충남,지방,창업·농어업,기타,1.0,0.61,있음,20260430005400213002,청년농업인 육성 종합체계 구축,청년농업인 육성 종합체계 구축,1.12
4490000202530077,천안형 청년도전 프로젝트,충남천안시,충남,지방,취업·일경험,기타,1.0,0.7,있음,20260430005400212979,천안형 청년도전 프로젝트,천안형 청년도전 프로젝트,1.12
4520000202130111,청년마음건강센터 운영(사업비),충남아산시,충남,지방,문화·건강,기반·운영,1.0,1.0,있음,,,충청남도 청년센터 운영,0.87
4520000202330378,보호종료아동 자립정착금  지원,충남아산시,충남,지방,금융·생활안정,대상자 지원,1.0,0.5,찾지 못함,,,자립지원 사업,0.541
45200002024300FB,청년의 날 행사,충남아산시,충남,지방,정책기반,기반·운영,1.0,0.45,찾지 못함,,,청년인턴 사업,0.62
4520000202630021,청년농업인 영농작업단 육성,충남아산시,충남,지방,창업·농어업,기타,1.0,0.0,있음,,,청년농업인 안정정착 기반조성,0.92
45400002024301DC,충남형 청년농 스마트팜 금융지원(이차보전),충남논산시,충남,지방,창업·농어업,대상자 지원,1.0,0.0,있음,,,청년자립형 스마트팜 지원사업,0.76
455000020263006E,청년농업인 영농작업단 육성(도비),충남금산군,충남,지방,창업·농어업,기타,1.0,0.0,있음,,,청년농업인 안정정착 기반조성,0.92
45500002018300A0,청년농업인 영농정착 기반조성지원(도비),충남금산군,충남,지방,창업·농어업,기반·운영,1.0,0.0,있음,,,청년농업인 안정정착 기반조성,0.966
461000020263000F,청년농업인 영농작업단 육성,충남예산군,충남,지방,창업·농어업,기타,1.0,1.0,있음,,,청년농업인 안정정착 기반조성,0.92
4600000202330169,청년농업인 영농작업단 육성,충남홍성군,충남,지방,창업·농어업,기타,1.0,1.0,있음,,,청년농업인 안정정착 기반조성,0.92
4620000201830013,청년농업인 영농정착 기술지원,충남태안군,충남,지방,창업·농어업,대상자 지원,1.0,1.0,있음,,,청년후계농업인 영농정착 지원,0.966
4620000202630103,두드림 청년 정착 지원,충남태안군,충남,지방,정책기반,대상자 지원,1.0,0.21,찾지 못함,,,청년후계농업인 영농정착 지원,0.665
6260000202230117,대학생 예술활동 지원,부산본청,부산,지방,교육·역량,대상자 지원,1.0,1.0,찾지 못함,,,부산 대학생 학자금 대출이자 지원,0.596
3270000202530031,도심형 청년 창업주거 복합공간 조성사업,부산동구,부산,지방,창업·농어업,기반·운영,1.0,1.0,찾지 못함,,,부산 자립청년 주거 다 지원 사업,0.549
3330000202530043,청년 창업주거 복합공간 운영,부산해운대구,부산,지방,창업·농어업,기반·운영,1.0,1.0,찾지 못함,,,부산 청년공간 오름라운지 운영,0.642
64600002015301F0,지역특화 청년 무역전문가 양성(국가직접지원) (전남),전남광주본청,전남,지방,정책기반,대상자 지원,1.0,1.0,찾지 못함,,,지역지능화혁신인재양성 지원,0.537
48100002024301DA,전남형 청년마을 조성사업,전남광주여수시,전남,지방,참여·권리,기반·운영,1.0,1.0,있음,20251124005400211941,전남형 청년마을 조성사업,전남형 청년마을 조성사업,1.12
483000020253012A,전남형 청년마을 조성사업,전남광주나주시,전남,지방,참여·권리,기반·운영,1.0,1.0,있음,20251124005400211941,전남형 청년마을 조성사업,전남형 청년마을 조성사업,1.12
4850000202330090,지역연계형 청년창업 지원사업,전남광주담양군,전남,지방,창업·농어업,대상자 지원,1.0,0.0,있음,,,지역자원 연계 청년창업 지원,0.842
4890000202330214,전남형 청년마을 조성사업,전남광주보성군,전남,지방,참여·권리,기반·운영,1.0,1.0,있음,20251124005400211941,전남형 청년마을 조성사업,전남형 청년마을 조성사업,1.12
486000020263009D,청년 취·창업 교육(2026기금),전남광주곡성군,전남,지방,창업·농어업,대상자 지원,1.0,0.13,있음,,,전남형 청년창업사관학교,0.745
498000020253010B,전남형 청년마을 조성사업,전남광주장성군,전남,지방,참여·권리,기반·운영,1.0,1.0,있음,20251124005400211941,전남형 청년마을 조성사업,전남형 청년마을 조성사업,1.12
4990000202330090,지역연계형 청년창업 지원사업,전남광주완도군,전남,지방,창업·농어업,대상자 지원,1.0,0.0,있음,,,지역자원 연계 청년창업 지원,0.842
6500000202230217,청년중독관리사업,제주본청,제주,지방,문화·건강,기타,1.0,1.0,있음,20250623005400111118,청년중독관리사업,청년중독관리사업,1.12
369000020223006A,청년 중독예방사업,울산중구,울산,지방,문화·건강,기타,1.0,1.0,있음,,,청년중독관리사업 추진,0.92
63100002022300D7,청년중독관리사업,울산본청,울산,지방,문화·건강,기타,1.0,1.0,있음,20250715005400111252,청년중독관리사업 추진,청년중독관리사업 추진,1.12
3710000202630009,일산청년광장 활성화,울산동구,울산,지방,정책기반,기타,1.0,0.42,찾지 못함,,,대학생 봉사활동 활성화,0.473
64800002024302A3,경남지역 대학생 스포츠 축제 한마당 개최,경남본청,경남,지방,교육·역량,기반·운영,1.0,1.0,찾지 못함,,,지역혁신중심 대학지원체계(RISE) 구축,0.49
648000020253004A,함안 산인농공단지 청년문화센터 건립사업(국가직접지원),경남본청,경남,지방,문화·건강,기반·운영,1.0,1.0,있음,20250908005400211674,함안산인농공단지 청년문화센터 건립,함안산인농공단지 청년문화센터 건립,1.12
5310000202630080,사회초년생 운전면허 취득비용 지원사업,경남진주시,경남,지방,정책기반,대상자 지원,1.0,0.61,있음,20260424005400212874,진주시 사회초년생 운전면허 취득비용 지원사업,진주시 사회초년생 운전면허 취득비용 지원사업,1.12
53800002024301FD,청년 문화예술패스 사업(국가직접지원),경남양산시,경남,지방,문화·건강,대상자 지원,1.0,1.0,있음,,,청년 문화예술인 활동 지원,0.826
5380000202430276,청년 창업농 맞춤형 지원,경남양산시,경남,지방,창업·농어업,대상자 지원,1.0,0.0,있음,20250918005400211773,청년 창업농 맞춤형 지원,청년 창업농 맞춤형 지원,1.12
53400002020300C0,남일대 전국 청년 트롯 가요제,경남사천시,경남,지방,정책기반,기타,1.0,1.0,찾지 못함,,,청년 장인프로젝트,0.42
5390000202630015,청년농 육성을 위한 축사신축 이자지원,경남의령군,경남,지방,창업·농어업,대상자 지원,1.0,0.0,찾지 못함,,,청년농멘토링 지원,0.537
544000020253004B,하동 청년타운 인근 편의공간 조성사업,경남하동군,경남,지방,정책기반,기반·운영,1.0,0.0,찾지 못함,,,경남 청년 보금자리 조성,0.52
5460000202530009,청년 CEO 지원사업,경남함양군,경남,지방,정책기반,대상자 지원,1.0,0.7,있음,20251117005400211896,2025년 함양군 청년CEO 지원사업,2025년 함양군 청년CEO 지원사업,1.12
5460000202630006,청년창업농 기반구축 지원사업,경남함양군,경남,지방,창업·농어업,대상자 지원,1.0,1.0,있음,,,청년 창업농 맞춤형 지원,0.729
54700002021300C3,청년 역량강화 지원,경남거창군,경남,지방,교육·역량,대상자 지원,1.0,0.47,있음,,,청년 월세 지원,0.787
548000020243003E,청년농 육성을 위한 축사신축 이자지원,경남합천군,경남,지방,창업·농어업,대상자 지원,1.0,0.76,찾지 못함,,,청년농업인 영농리더 육성 지원,0.603
3930000201830088,청년농업인영농정착지원,경기안산시,경기,지방,창업·농어업,대상자 지원,1.0,0.52,있음,20251107005400211815,청년농업인 영농정착지원,청년농업인 영농정착지원,1.12
374000020253026B,청년성장프로젝트 운영(국비),경기수원시,경기,지방,취업·일경험,기타,1.0,1.0,있음,,,청년성장프로젝트(청년카페),1.0
3930000202230106,청년중독관리사업,경기안산시,경기,지방,문화·건강,기타,1.0,0.75,있음,20250623005400111118,청년중독관리사업,청년중독관리사업,1.12
399000020263017E,청년성장프로젝트,경기남양주시,경기,지방,취업·일경험,기타,1.0,1.0,있음,,,청년성장프로젝트(청년카페),1.0
553000020243001F,청년 희망창업 지원,경기화성시,경기,지방,창업·농어업,대상자 지원,1.0,0.37,있음,,,청년 융합기술 창업지원,0.787
559000020263011C,청년성장프로젝트 (고용노동부 공모사업),경기양주시,경기,지방,취업·일경험,기타,1.0,1.0,있음,,,청년성장프로젝트(청년카페),1.0
40000002025300B1,청년 및 신혼부부 주택임차 보증금 대출이자 지원사업,경기오산시,경기,지방,주거,대상자 지원,1.0,0.0,찾지 못함,,,경기청년 결혼준비 지원 사업,0.557
40200002019300EE,신혼부부 및 청년 전월세 보증금 대출이자 지원,경기군포시,경기,지방,주거,대상자 지원,1.0,0.63,있음,20260318005400212197,2026년 군포시 신혼부부 및 청년 전월세 보증금 대출이자 지원,2026년 군포시 신혼부부 및 청년 전월세 보증금 대출이자 지원,1.12
36400002022300D9,청년중독관리사업(국비),대전동구,대전,지방,문화·건강,기타,1.0,0.79,있음,20250623005400111118,청년중독관리사업,청년중독관리사업,1.12
63000002022301E6,청년중독관리사업,대전본청,대전,지방,문화·건강,기타,1.0,1.0,있음,20250623005400111118,청년중독관리사업,청년중독관리사업,1.12
3680000201930016,자립준비청년자립정착금지원(시비),대전대덕구,대전,지방,금융·생활안정,대상자 지원,1.0,0.7,찾지 못함,,,대전광역시 청년부부 결혼장려금 지원사업,0.505
50200002022301D9,대학일자리플러스센터지원(국가직접지원)<보조>,경북포항시,경북,지방,취업·일경험,대상자 지원,1.0,1.0,있음,,,대학일자리플러스센터 지원,0.92
506000020243003D,전국대학생 UAM 올림피아드대회 지원사업(보조),경북김천시,경북,지방,교육·역량,기반·운영,1.0,1.0,찾지 못함,,,지역산업 연계형 대학 특성화학과 혁신지원사업,0.428
50800002020300CF,청년스타트업지원사업,경북구미시,경북,지방,창업·농어업,대상자 지원,1.0,1.0,있음,20250901005400211544,청년스타트업 지원,청년스타트업 지원,1.12
508000020223010A,청년중독관리사업,경북구미시,경북,지방,문화·건강,기타,1.0,0.75,있음,20250623005400111118,청년중독관리사업,청년중독관리사업,1.12
5080000202230139,청년농부창농기반구축사업,경북구미시,경북,지방,창업·농어업,기타,1.0,1.0,있음,20250903005400211621,청년농부 창농기반 구축,청년농부 창농기반 구축,1.12
50800002024301BA,청년신혼부부월세지원사업,경북구미시,경북,지방,주거,대상자 지원,1.0,0.75,있음,20250827005400211525,청년 신혼부부 월세 지원사업,청년 신혼부부 월세 지원사업,1.12
5110000202030051,[도]청년농부창농기반구축,경북상주시,경북,지방,창업·농어업,기타,1.0,0.2,있음,20250903005400211621,청년농부 창농기반 구축,청년농부 창농기반 구축,1.12
51300002025300D3,(도비보조)자립준비청년 자립정착금 지원,경북경산시,경북,지방,금융·생활안정,대상자 지원,1.0,0.75,있음,20260330005400212328,자립준비청년 자립정착금 지원,자립준비청년 자립정착금 지원,1.12
50700002017300EA,[도]자립준비청년자립정착금지원,경북안동시,경북,지방,금융·생활안정,대상자 지원,1.0,0.75,있음,20260330005400212328,자립준비청년 자립정착금 지원,자립준비청년 자립정착금 지원,1.12
5100000202330021,청년창업사업장임차료지원사업,경북영천시,경북,지방,창업·농어업,대상자 지원,1.0,1.0,찾지 못함,,,2025년 경북 청년창업 JUMP-UP 지원사업,0.691
5150000202630034,청년시설통합 One Roof Cycling 구축(2026),경북의성군,경북,지방,정책기반,기반·운영,1.0,1.0,찾지 못함,,,청년농부 창농기반 구축,0.37
5120000200831261,[도비]자립준비청년 자립정착금 지원,경북문경시,경북,지방,금융·생활안정,대상자 지원,1.0,0.28,있음,20260330005400212328,자립준비청년 자립정착금 지원,자립준비청년 자립정착금 지원,1.12
5120000201830037,대학생 일자리사업,경북문경시,경북,지방,교육·역량,기타,1.0,0.99,찾지 못함,,,경북 산촌어촌 청년일자리사업,0.646
5120000202030067,[도비]청년농부 창농기반구축 사업,경북문경시,경북,지방,창업·농어업,기타,1.0,1.0,있음,20250903005400211621,청년농부 창농기반 구축,청년농부 창농기반 구축,1.12
517000020263001D,청년농업인기업형농업경영역량강화사업(2026기금),경북영양군,경북,지방,창업·농어업,기타,1.0,0.62,찾지 못함,,,우수 청년기업 지원,0.52
523000020253002E,청년자립마을활성화지원사업,경북예천군,경북,지방,금융·생활안정,대상자 지원,1.0,1.0,있음,,,청년자립마을 활성화 지원사업,1.0
52400002019300E5,청년농부창농기반구축,경북봉화군,경북,지방,창업·농어업,기타,1.0,1.0,있음,20250903005400211621,청년농부 창농기반 구축,청년농부 창농기반 구축,1.12
627000020263006C,대구 청년 재무 클리닉 운영,대구본청,대구,지방,정책기반,기타,1.0,0.95,찾지 못함,,,대구광역시 청년마음건강센터 운영,0.541
6290000201530064,청년문화예술기획자양성 (광주),전남광주본청,광주,지방,문화·건강,기타,1.0,1.0,있음,,,청년문화예술기획자 양성학교 운영,1.037
6290000202230249,광주형청년갭이어지원 (광주),전남광주본청,광주,지방,정책기반,대상자 지원,1.0,0.7,있음,20260513005400213185,2026년도 광주형 청년갭이어 지원사업,2026년도 광주형 청년갭이어 지원사업,1.12
6290000202330019,청년자율공간확충지원 (광주),전남광주본청,광주,지방,정책기반,대상자 지원,1.0,1.0,있음,,,청년자율공간,1.02
3600000202230170,청년중독관리,전남광주서구,광주,지방,문화·건강,기타,1.0,0.7,있음,20250623005400111118,청년중독관리사업,청년중독관리사업,1.12
3610000202630037,청년복합플랫폼 조성,전남광주남구,광주,지방,정책기반,기반·운영,1.0,0.0,찾지 못함,,,청년농업인 맞춤형 영농기반 조성(시범사업),0.468
362000020263005D,아픈아이돌봄센터운영(청년미래정책관),전남광주북구,광주,지방,정책기반,기타,1.0,0.7,찾지 못함,,,광주청년센터 운영,0.62
36300002024300A2,주민참여예산청년참여형,전남광주광산구,광주,지방,참여·권리,기타,1.0,0.32,찾지 못함,,,광주광역시 시민참여예산 제안사업 공모,0.484
46710002026300E6,청년 전세자금 대출이자 지원사업,전북군산시,전북,지방,주거,대상자 지원,1.0,0.0,있음,,,2025년 군산시 신혼부부 주택 전세자금 대출이자 지원사업,0.87
65400002025300A3,청년창업 스마트팜 패키지 컨설팅 지원(소멸기금)(2026),전북본청,전북,지방,창업·농어업,대상자 지원,1.0,0.6,있음,,,청년창업 스마트팜 패키지 지원,1.02
6540000202630132,청년 문화예술 활성화 사업,전북본청,전북,지방,문화·건강,기타,1.0,1.0,있음,,,청년문화예술주문배달서비스사업(청년예술 퀵),0.787
4640000202430191,청년참여예산 운영,전북전주시,전북,지방,참여·권리,기타,1.0,0.67,찾지 못함,,,청년도전지원사업 참여자 모집(전북),0.653
46710002024300E8,전북 청년 생생아이디어 지원사업,전북군산시,전북,지방,정책기반,대상자 지원,1.0,0.75,있음,20250113005400210208,전북청년 생생 아이디어 지원,전북청년 생생 아이디어 지원,1.12
468000020213006C,청년농업인 영농활동 기반조성 사업(전환사업),전북익산시,전북,지방,창업·농어업,기반·운영,1.0,1.0,있음,,,청년창업농 영농기반 임차지원,0.703
471000020213002F,청년 및 신혼부부 행복주택 임대보증금 지원사업,전북김제시,전북,지방,주거,대상자 지원,1.0,1.0,찾지 못함,,,사회적경제 청년혁신가 지원사업,0.532
4740000202330139,무주 청년일자리 프로젝트,전북무주군,전북,지방,취업·일경험,기타,1.0,0.44,찾지 못함,,,지역주도형 청년일자리사업(시군),0.691
47400002023301EB,전북 청년마을 만들기,전북무주군,전북,지방,참여·권리,기타,1.0,1.0,있음,20250113005400210210,전북 청년마을 만들기,전북 청년마을 만들기,1.12
4720000202230102,근로능력이 있는 수급자의 탈수급지원(청년내일저축계좌-차상위초과),전북완주군,전북,지방,금융·생활안정,대상자 지원,1.0,0.62,찾지 못함,,,공공근로사업,0.342
472100020263000A,청년농업인 아이디어 기반 자립모델 구축,전북완주군,전북,지방,창업·농어업,기타,1.0,1.0,있음,,,완주형 청년농업인 기반구축 시범사업,0.741
472000020173002B,청년쉐어하우스 조성,전북완주군,전북,지방,정책기반,기반·운영,1.0,0.9,있음,,,청년쉐어하우스 조성 및 운영,1.067
475000020193012A,농촌청년현장활동가 육성사업,전북장수군,전북,지방,정책기반,기타,1.0,1.0,찾지 못함,,,장수군 청년네트워크 활성화 사업,0.62
47700002017300C5,지역활력화작목기반조성(청년농업인 영농활동 기반조성 사업)(전환사업),전북순창군,전북,지방,창업·농어업,기반·운영,1.0,0.5,찾지 못함,,,지역문화예술육성지원사업,0.541
4770000201830008,청년창업 지원사업,전북순창군,전북,지방,창업·농어업,대상자 지원,1.0,0.0,있음,,,청년창업농 영농정착지원사업,0.92
6280000202630003,강화 청년 로컬크리에이터 육성(강화군),인천본청,인천,지방,창업·농어업,기타,1.0,1.0,찾지 못함,,,에코 크리에이터즈 운영,0.646
3550000202230081,청년중독 관리사업,인천계양구,인천,지방,문화·건강,기타,1.0,1.0,있음,20250718005400211451,청년중독관리사업,청년중독관리사업,1.12
4390000202630097,미취업 청년 어학·자격증 취득 지원,충북충주시,충북,지방,교육·역량,대상자 지원,1.0,0.13,찾지 못함,,,신 취약청년(가족돌봄·고립은둔) 지원사업,0.555
44200002026300EE,청년 창업공간 조성(2023년 지방소멸대응기금),충북보은군,충북,지방,창업·농어업,기반·운영,1.0,0.0,찾지 못함,,,청년4-H회원 창업 성공모델 지원 사업,0.62
442000020263010B,청년 창업·중소기업 성장 아카데미(2026년 지방소멸대응기금),충북보은군,충북,지방,창업·농어업,대상자 지원,1.0,1.0,찾지 못함,,,청년4-H회원 창업 성공모델 지원 사업,0.505
4440000202630099,청년카페 조성(보조),충북영동군,충북,지방,정책기반,기반·운영,1.0,0.13,있음,,,충북 청년카페 운영,1.02
44800002026300AA,"서울 청년, 단양으로 이음(2026년 지방소멸대응기금)",충북단양군,충북,지방,정책기반,기타,1.0,1.0,찾지 못함,,,청년아르바이트 운영,0.52
4840000202230123,청년 창업 희망스타트 지원사업,전남광주광양시,전남,지방,창업·농어업,대상자 지원,0.99,0.86,있음,20260204005400212093,(광양시) 청년 창업 희망스타트,(광양시) 청년 창업 희망스타트,1.12
310000020233018C,노원 청년공유센터 운영 활성화,서울노원구,서울,지방,정책기반,기반·운영,0.99,0.82,찾지 못함,,,서울광역청년센터 운영,0.691
3140000201830005,청년점포 및 청년기업 육성,서울양천구,서울,지방,정책기반,기타,0.99,0.77,있음,,,신월지역 청년점포 및 청년기업 육성사업 참여자 추가모집 공고,0.9
3110000202330104,은평형 청년월세 지원,서울은평구,서울,지방,주거,대상자 지원,0.99,0.73,찾지 못함,,,서울청년문화패스 지원,0.653
391000020263029D,사회연대경제 청년 일경험 시범사업(국비),경기평택시,경기,지방,취업·일경험,대상자 지원,0.99,0.15,있음,,,사회연대경제 청년 일경험 시범 지원,1.0
5600000202630203,청년성장프로젝트,경기포천시,경기,지방,취업·일경험,기타,0.99,0.7,있음,,,청년성장프로젝트(청년카페),1.0
5100000202230107,도)청년농부창농기반구축,경북영천시,경북,지방,창업·농어업,기타,0.99,0.99,있음,,,청년농부 창농기반 구축,1.072
47600002020300E4,청년창업농 경영실습임대농장 기능보강사업,전북임실군,전북,지방,창업·농어업,대상자 지원,0.99,0.18,찾지 못함,,,청년창업농 영농정착지원사업,0.682
4711000202530097,청년근로자 교통비 지원사업,전북김제시,전북,지방,취업·일경험,대상자 지원,0.99,0.31,있음,,,청년나래 일자리 지원사업,0.729
49600002012300AB,중소기업 청년인턴 지원사업,전남광주함평군,전남,지방,취업·일경험,대상자 지원,0.98,0.47,찾지 못함,,,청년농업인 스타트업(초기창업) 지원사업,0.68
4980000202530168,청년센터 건립(2024 지방소멸대응기금),전남광주장성군,전남,지방,정책기반,기반·운영,0.98,0.92,찾지 못함,,,광주청년센터 운영,0.55
49000002022300D8,청년농 시설하우스 지원사업,전남광주화순군,전남,지방,창업·농어업,기반·운영,0.98,0.5,있음,,,청년농업인 스타트업(초기창업) 지원사업,0.76
5130000201930062,(도비보조)청년농업인육성,경북경산시,경북,지방,창업·농어업,기타,0.98,0.2,있음,,,경북청년 예비창업가 육성사업,0.745
4250000201930042,청년일자리 근속장려금 지원,강원홍천군,강원,지방,취업·일경험,대상자 지원,0.97,0.55,있음,,,2025년 청년간호사 근속장려금 지원,0.75
48600002022300BF,청년센터 운영,전남광주곡성군,전남,지방,정책기반,기반·운영,0.97,0.83,찾지 못함,,,곡성군 청년 월세 지원사업,0.62
5370000202330001,거제 청년 유턴 플러스 일자리사업(보조),경남거제시,경남,지방,취업·일경험,기타,0.97,0.3,찾지 못함,,,청년일자리 도전 지원사업,0.68
479000020213008F,청년 어업인 영어정착 지원사업,전북부안군,전북,지방,창업·농어업,대상자 지원,0.97,0.46,있음,,,청년어업인 정착지원 사업,0.917
4270000202330009,청년농업인 맞춤형 지원,강원영월군,강원,지방,창업·농어업,대상자 지원,0.96,0.47,있음,,,청년농업인 육성지원,0.857
45000002010320B9,청년농업인 영농정착 기술 지원,충남공주시,충남,지방,창업·농어업,대상자 지원,0.96,0.96,있음,,,청년후계농업인 영농정착 지원,0.966
4830000202430145,나주형 청년 취업자 주거비 지원사업,전남광주나주시,전남,지방,주거,대상자 지원,0.96,0.12,있음,,,청년 취업자 주거비 지원사업,1.02
3150000202330005,자립준비청년 자립지원,서울강서구,서울,지방,금융·생활안정,대상자 지원,0.96,0.43,있음,,,자립준비청년 자립수당 지원,1.029
5390000202330049,청년 참여확대 지원사업,경남의령군,경남,지방,참여·권리,대상자 지원,0.96,0.28,있음,,,청년 참여 위원회 확대,0.92
5330000201930064,보호종료아동 자립수당,경남통영시,경남,지방,금융·생활안정,대상자 지원,0.96,0.43,찾지 못함,,,시설 퇴소청소년 자립지원수당,0.381
5430000201930076,청년어업인 정착지원,경남남해군,경남,지방,창업·농어업,대상자 지원,0.96,0.67,있음,,,청년어업인 정착지원 사업,1.0
5430000202230110,(국토부)청년월세지원사업,경남남해군,경남,지방,주거,대상자 지원,0.96,0.16,있음,,,청년 월세 지원,0.92
4090000202030213,청년 및 노인 정신건강 치료비 지원,경기김포시,경기,지방,문화·건강,대상자 지원,0.96,0.78,있음,,,청년층 정신건강 서비스 강화,0.756
3410000202330086,대학생행정인턴,대구중구,대구,지방,교육·역량,대상자 지원,0.96,0.91,찾지 못함,,,대구국제대학생캠프,0.549
344000020263005F,사회연대경제 청년 일경험 시범사업,대구남구,대구,지방,취업·일경험,대상자 지원,0.96,0.0,있음,,,사회연대경제 청년 일경험 시범 지원,1.0
34800002026301C9,사회연대경제 청년 일경험 시범사업,대구달성군,대구,지방,취업·일경험,대상자 지원,0.96,0.03,있음,,,사회연대경제 청년 일경험 시범 지원,1.0
3500000202230087,청년월세  지원사업(19세~34세),인천제물포구,인천,지방,주거,대상자 지원,0.96,0.09,있음,,,(동구) 인천시 청년월세 지원사업,0.92
421000020223002E,청년가치성장타운운영 지원,강원동해시,강원,지방,정책기반,대상자 지원,0.95,0.95,찾지 못함,,,청년농업인 육성지원,0.596
49500002018300F9,청년어업인 영어정착지원사업,전남광주무안군,전남,지방,창업·농어업,대상자 지원,0.95,0.71,있음,,,청년어업인 정착지원 사업,0.917
323000020243005C,청년 어학 및 자격시험 응시 지원 사업,서울송파구,서울,지방,정책기반,대상자 지원,0.95,0.33,찾지 못함,,,청년예술지원사업,0.642
3240000200830130,청년 행정체험단 운영(구 대학생아르바이트),서울강동구,서울,지방,교육·역량,기타,0.95,0.89,찾지 못함,,,청년예술청 운영,0.62
3820000202330845,청년센터 청년공감터 프로그램 운영,경기의정부시,경기,지방,정책기반,기타,0.95,0.65,찾지 못함,,,경기청년 사다리 프로그램,0.62
3920000202130081,경기청년공간 프로그램 운영,경기동두천시,경기,지방,정책기반,기타,0.95,0.95,있음,,,경기청년 사다리 프로그램,0.752
3970000202530010,청년 낭만 프로그램 (도비),경기과천시,경기,지방,정책기반,기타,0.95,0.52,있음,,,경기청년 사다리 프로그램,0.826
3530000202530005,청년공간 운영,인천남동구,인천,지방,정책기반,기반·운영,0.95,0.95,있음,,,남동구 청년공간 청년꿈터 운영,0.92
370000020253004E,청년성장 프로젝트,울산남구,울산,지방,정책기반,기타,0.94,0.0,있음,,,청년성장지원사업,1.02
5440000202430122,청년 창업농 맞춤형지원사업,경남하동군,경남,지방,창업·농어업,대상자 지원,0.94,0.94,있음,20250918005400211773,청년 창업농 맞춤형 지원,청년 창업농 맞춤형 지원,1.12
5330000202130010,청년 정착기반 마련,경남통영시,경남,지방,정책기반,기타,0.94,0.75,찾지 못함,,,관외 청년 거주정착 지원사업,0.62
408000020243011D,청년 부동산 중개수수료 및 이사비 지원,경기안성시,경기,지방,주거,대상자 지원,0.94,0.67,찾지 못함,,,안성시 청년맞춤 이력서 사진촬영 지원사업,0.507
39800002024300CF,청년성장프로젝트 사업,경기구리시,경기,지방,취업·일경험,기타,0.94,0.94,있음,,,청년성장프로젝트(청년카페),1.0
509000020243009A,청년정책 지원,경북영주시,경북,지방,정책기반,대상자 지원,0.94,0.77,찾지 못함,,,2025년 청년도전 지원사업,0.691
4780000202230132,청년월세 한시 특별지원사업,전북고창군,전북,지방,주거,대상자 지원,0.94,0.27,있음,,,(국토부) 26년 청년월세 지원사업,0.9
358000020193010E,청년어업인영어정착지원(보조금),인천옹진군,인천,지방,창업·농어업,대상자 지원,0.94,0.55,있음,20250718005400211396,청년어업인 영어정착지원,청년어업인 영어정착지원,1.12
354000020243004F,인천 청년 자격증 응시료 지원사업,인천부평구,인천,지방,교육·역량,대상자 지원,0.94,0.92,있음,20260406005400212443,(부평구) 청년 자격증 응시료 지원,(부평구) 청년 자격증 응시료 지원,1.12
4230000202230063,청년 어업인 정착지원,강원속초시,강원,지방,창업·농어업,대상자 지원,0.93,0.1,있음,,,청년어업인 영어정착 지원,1.02
490000020193000A,보호종료아동 자립수당,전남광주화순군,전남,지방,금융·생활안정,대상자 지원,0.93,0.41,찾지 못함,,,시설 퇴소청소년 자립지원수당,0.381
4830000202630145,사회연대경제 청년 일경험 시범사업,전남광주나주시,전남,지방,취업·일경험,대상자 지원,0.93,0.0,있음,20260810005400213326,사회연대경제 청년 일경험사업 시범사업(3차),사회연대경제 청년 일경험사업 시범사업(3차),1.12
3080000202330070,청년일자리센터 운영,서울강북구,서울,지방,취업·일경험,기반·운영,0.93,0.34,있음,,,미래 청년 일자리 사업,0.834
3110000201830037,청년 창업 지원,서울은평구,서울,지방,창업·농어업,대상자 지원,0.93,0.53,있음,,,청년 창업점포(청년식당) 신규 입점 청년 모집,0.92
547000020213000A,청년정책 환경 조성,경남거창군,경남,지방,정책기반,기반·운영,0.93,0.77,있음,,,경상남도청년정책조정위원회 운영,0.708
4080000202230021,청년 농업인 육성,경기안성시,경기,지방,창업·농어업,기타,0.93,0.93,있음,,,청년농업인 영농정착지원,0.745
3980000202330186,경기도 청년역량강화 기회지원사업,경기구리시,경기,지방,교육·역량,대상자 지원,0.93,0.42,있음,20251107005400211812,경기청년 역량강화 기회지원,경기청년 역량강화 기회지원,1.12
36700002018300D9,청년 창업농 영농정착지원(국비),대전유성구,대전,지방,창업·농어업,대상자 지원,0.93,0.0,찾지 못함,,,청년창업농장학금지원,0.667
3660000201930035,청년후계농 영농정착 지원,대전서구,대전,지방,창업·농어업,대상자 지원,0.93,0.48,찾지 못함,,,청년도전지원사업,0.541
5130000200730350,(자체사업)대학생 인턴근무제 운영,경북경산시,경북,지방,교육·역량,대상자 지원,0.93,0.69,찾지 못함,,,2025 지역대학 글로벌 무역전문가 양성지원,0.393
3620000202430092,공공임대주택청년창업지원,전남광주북구,광주,지방,창업·농어업,대상자 지원,0.93,0.72,있음,,,공공임대주택 청년창업공간 입주기업 모집,1.02
331000020223003F,동네 청년공간 조성 및 운영사업,부산남구,부산,지방,정책기반,기반·운영,0.92,0.68,있음,,,부산 동네 청년활동공간 활성화 지원,0.82
4890000202430051,보성 청년창업 후속지원 사업,전남광주보성군,전남,지방,창업·농어업,대상자 지원,0.92,0.0,있음,,,청년농업인 창업 스케일업(성장) 지원사업,0.713
5380000202530052,중소기업 신규 고용 청년 인건비 지원사업,경남양산시,경남,지방,취업·일경험,대상자 지원,0.92,0.47,있음,20251120005400211906,양산시 중소기업 신규 고용 청년 인건비 지원,양산시 중소기업 신규 고용 청년 인건비 지원,1.12
537000020253011B,청년주택 임차보증금 이자 지원사업,경남거제시,경남,지방,주거,대상자 지원,0.92,0.01,있음,20250917005400211732,청년 주택 임차보증금 이자 지원,청년 주택 임차보증금 이자 지원,1.12
5230000202230024,청년회관 운영지원사업,경북예천군,경북,지방,정책기반,대상자 지원,0.92,0.92,있음,,,2025년 청년도전 지원사업,0.787
5100000202030048,도)청년근로자사랑채움사업,경북영천시,경북,지방,취업·일경험,기타,0.92,0.92,찾지 못함,,,2025 청년근로자 행복카드 지원사업,0.68
477000020223000B,"탈수급을 위한 청년내일저축계좌(차상위이하, 차상위초과자)",전북순창군,전북,지방,금융·생활안정,대상자 지원,0.92,0.85,있음,,,청년내일저축계좌 지원,0.9
4270000202330203,청년마을 공유주거 조성(군비추가),강원영월군,강원,지방,주거,기반·운영,0.91,0.88,찾지 못함,,,청년마을 만들기 지원,0.591
493000020193026A,청년 희망디딤돌 통장사업,전남광주해남군,전남,지방,금융·생활안정,기타,0.91,0.57,있음,20250119005400210340,청년 희망디딤돌 통장 운영,청년 희망디딤돌 통장 운영,1.12
308000020243001D,청년 어학·자격시험 응시료 지원,서울강북구,서울,지방,교육·역량,대상자 지원,0.91,0.37,찾지 못함,,,자립준비청년 자립수당 지원,0.52
30300002024300B3,미취업 청년 응시료 지원사업,서울성동구,서울,지방,교육·역량,대상자 지원,0.91,0.52,있음,,,청년예술지원사업,0.72
34600002016300CA,국·시비보조금반환(일자리청년과),대구수성구,대구,지방,취업·일경험,기타,0.91,0.11,찾지 못함,,,,
42710002024300F0,청년간호사 근속 장려금 지원,강원영월군,강원,지방,취업·일경험,대상자 지원,0.9,0.9,있음,,,2025년 청년간호사 근속장려금 지원,1.0
42500002020300C8,청년농업인 육성지원,강원홍천군,강원,지방,창업·농어업,대상자 지원,0.9,0.53,있음,20250502005400210766,청년농업인 육성지원,청년농업인 육성지원,1.12
4540000200830530,자립준비청년 자립정착금 지원,충남논산시,충남,지방,금융·생활안정,대상자 지원,0.9,0.35,있음,,,"자립준비청년 자립 지원 (자립수당, 자립정착금, 대학생활안정자금)",1.02
46100002024302CD,청년농스마트팜금융지원이차보전,충남예산군,충남,지방,창업·농어업,대상자 지원,0.9,0.31,찾지 못함,,,청년자립형 스마트팜 지원사업,0.691
325000020193003A,자립준비청년 자립수당,부산중구,부산,지방,금융·생활안정,대상자 지원,0.9,0.54,있음,20260430005400212954,부산 자립준비청년 자립수당 지원,부산 자립준비청년 자립수당 지원,1.12
3360000201930045,자립준비청년 자립수당 지급(보조),부산강서구,부산,지방,금융·생활안정,대상자 지원,0.9,0.51,있음,,,부산 자립준비청년 자립수당 지원,1.037
34000002019300A3,자립준비청년 자립수당 지원,부산기장군,부산,지방,금융·생활안정,대상자 지원,0.9,0.62,있음,20260430005400212954,부산 자립준비청년 자립수당 지원,부산 자립준비청년 자립수당 지원,1.12
493000020193010C,가정위탁보호종료아동 자립정착금 지원,전남광주해남군,전남,지방,금융·생활안정,대상자 지원,0.9,0.8,찾지 못함,,,신혼부부·다자녀가정 보금자리 지원,0.495
500000020233035A,보호종료아동 자립수당 지원,전남광주진도군,전남,지방,금융·생활안정,대상자 지원,0.9,0.43,찾지 못함,,,자립준비청년 자립수당 지급,0.417
50000002025300CD,청년창업농장 개보수 및 시설장비 지원(지방소멸대응기금),전남광주진도군,전남,지방,창업·농어업,기반·운영,0.9,0.23,찾지 못함,,,청년 창업농장 조성,0.665
648000020193020A,청년네트워크 운영,경남본청,경남,지방,참여·권리,기반·운영,0.9,0.85,있음,,,청년정책네트워크 운영,1.009
5330000200730999,보호종료아동 자립정착금 지원,경남통영시,경남,지방,금융·생활안정,대상자 지원,0.9,0.6,찾지 못함,,,자립준비청년 자립정착금 지원,0.658
53500002025300F9,김해청년학교 운영,경남김해시,경남,지방,교육·역량,기타,0.9,0.88,찾지 못함,,,청년 소셜미디어 운영,0.653
536000020183001D,보호종료아동 자립정착금,경남밀양시,경남,지방,금융·생활안정,대상자 지원,0.9,0.15,찾지 못함,,,자립준비청년 자립정착금 지원,0.575
5460000202630007,청년농업인 스마트 영농시범사업,경남함양군,경남,지방,창업·농어업,기타,0.9,0.6,있음,,,청년농업인 영농정착지원,0.787
54600002026300D9,청년창업농 경영실습임대농장 시설개선,경남함양군,경남,지방,창업·농어업,기반·운영,0.9,0.0,찾지 못함,,,청년 창업농 맞춤형 지원,0.52
40100002016300EF,청년정책 네트워크 운영,경기시흥시,경기,지방,참여·권리,기반·운영,0.9,0.47,찾지 못함,,,경기도 청년참여기구 운영,0.564
3780000202630049,청년 창업 재도약 지원사업,경기성남시,경기,지방,창업·농어업,대상자 지원,0.9,0.05,있음,,,경기청년 재기격려지원사업,0.787
3860000202230194,대학일자리센터 지원(국가직접지원),경기부천시,경기,지방,취업·일경험,대상자 지원,0.9,0.7,있음,20250729005400211505,대학일자리센터 지원,대학일자리센터 지원,1.12
39100002023304A5,경기 청년공간 조성(도비),경기평택시,경기,지방,정책기반,기반·운영,0.9,0.63,찾지 못함,,,2026 평택청년 취업성공 지원사업,0.62
4060000202330051,온라인 스토어 청년 창업 지원,경기파주시,경기,지방,창업·농어업,대상자 지원,0.9,0.9,찾지 못함,,,청년 융합기술 창업지원,0.665
51100002021300C6,[도]청년한부모 자녀양육비 지원,경북상주시,경북,지방,정책기반,대상자 지원,0.9,0.44,있음,20260317005400212183,청년한부모 자녀양육비 지원,청년한부모 자녀양육비 지원,1.12
5120000202630089,[국비]청년성장프로젝트,경북문경시,경북,지방,취업·일경험,기타,0.9,0.45,있음,,,청년성장프로젝트(청년카페),1.0
52200002010301D2,청년창업지원사업,경북칠곡군,경북,지방,창업·농어업,대상자 지원,0.9,0.9,있음,,,2025년 경북 청년창업 JUMP-UP 지원사업,0.92
522000020193006E,보호종료아동 자립수당 지원,경북칠곡군,경북,지방,금융·생활안정,대상자 지원,0.9,0.41,찾지 못함,,,자립준비청년 자립수당지원,0.62
472100020263010F,주민참여예산(청년참여 활성화),전북완주군,전북,지방,참여·권리,기타,0.9,0.34,있음,,,완주군 청년참여예산제 운영,0.735
4780000201930107,청년혁신가 예비창업지원사업,전북고창군,전북,지방,창업·농어업,대상자 지원,0.9,0.9,있음,,,시군 청년혁신가 예비창업지원,1.02
4780000201930108,자립준비청년 자립수당 지급,전북고창군,전북,지방,금융·생활안정,대상자 지원,0.9,0.47,있음,,,자립준비청년 자립수당 지급,1.0
4781000202630106,청년정책 지원사업,전북고창군,전북,지방,정책기반,대상자 지원,0.9,0.0,있음,,,전북청년 지역정착 지원사업,0.898
4790000202330163,전북형 청년활력 수당,전북부안군,전북,지방,금융·생활안정,대상자 지원,0.9,0.38,있음,20250113005400210207,전북형 청년활력수당,전북형 청년활력수당,1.12
3530000202330027,자립준비청년 자립정착금 지원,인천남동구,인천,지방,금융·생활안정,대상자 지원,0.9,0.5,있음,20250718005400211453,자립준비청년 자립정착금 지원,자립준비청년 자립정착금 지원,1.12
5690000202230167,청년친화도시 육성 사업,세종본청,세종,지방,정책기반,기타,0.9,0.49,찾지 못함,,,청년도전지원사업 『도전캠퍼스』,0.676
4400000201930055,자립준비청년 자립수당 지원(보조),충북제천시,충북,지방,금융·생활안정,대상자 지원,0.9,0.72,있음,,,자립준비청년 자립수당 지급,1.037
45700002026300BB,사회연대경제 청년 일경험 시범사업,충남부여군,충남,지방,취업·일경험,대상자 지원,0.89,0.01,있음,,,사회연대경제 청년 일경험 시범 지원,1.0
45900002026301AD,사회연대경제 청년 일경험 시범사업,충남청양군,충남,지방,취업·일경험,대상자 지원,0.89,0.0,있음,,,사회연대경제 청년 일경험 시범 지원,1.0
497000020193021B,청년 희망 디딤돌 통장,전남광주영광군,전남,지방,금융·생활안정,기타,0.89,0.56,있음,20250119005400210340,청년 희망디딤돌 통장 운영,청년 희망디딤돌 통장 운영,1.12
48300002019300C0,청년 취업자 주거지원금 지원,전남광주나주시,전남,지방,주거,대상자 지원,0.89,0.41,있음,,,청년 취업자 주거비 지원사업,0.995
4940000202130027,청년 경영실습임대농장 운영,전남광주영암군,전남,지방,주거,대상자 지원,0.89,0.53,찾지 못함,,,청년 창업농장 조성,0.564
5420000202230154,고성청년센터 운영,경남고성군,경남,지방,정책기반,기반·운영,0.89,0.57,찾지 못함,,,새일센터 지정 운영,0.691
390000020243013F,청년문화예술패스,경기광명시,경기,지방,문화·건강,대상자 지원,0.89,0.89,찾지 못함,,,청년 융합기술 창업지원,0.495
4170000200730167,아르바이트대학생 채용,경기양평군,경기,지방,교육·역량,대상자 지원,0.89,0.88,찾지 못함,,,대학생 천원의 아침밥,0.436
38300002026300FF,사회연대경제 청년 일경험 사업,경기안양시,경기,지방,취업·일경험,대상자 지원,0.89,0.03,있음,,,사회연대경제 청년일경험,1.0
468100020263016B,사회연대경제 청년 일경험 시범사업,전북익산시,전북,지방,취업·일경험,대상자 지원,0.89,0.0,있음,,,사회연대경제 청년 일경험 시범 지원,1.0
41910002023303B1,청년농업인 정책자금 이차보전 지원,강원원주시,강원,지방,창업·농어업,대상자 지원,0.88,0.7,있음,20250618005400211056,청년농업인 정책자금 이차보전 지원,청년농업인 정책자금 이차보전 지원,1.12
489000020183006B,청년어업인 영어정착지원,전남광주보성군,전남,지방,창업·농어업,대상자 지원,0.88,0.88,있음,,,청년어업인 정착지원 사업,0.875
48900002019300EE,청년정책 추진,전남광주보성군,전남,지방,정책기반,기타,0.88,0.69,있음,,,청년정책 서포터즈 2기,0.92
481000020243013E,대학생 현장실습 활성화 지원사업,전남광주여수시,전남,지방,교육·역량,대상자 지원,0.88,0.88,있음,20251230005400212049,대학생 현장실습 활성화 지원사업,대학생 현장실습 활성화 지원사업,1.12
499000020243002D,청년센터 운영,전남광주완도군,전남,지방,정책기반,기반·운영,0.88,0.72,찾지 못함,,,2026년 서구 청년축제 「무한도ZONE」,0.62
546000020253000A,청년마을 공유주거(온기마루) 운영,경남함양군,경남,지방,주거,대상자 지원,0.88,0.52,찾지 못함,,,청년일자리 위드유 운영,0.62
4080000202330448,청년정책 추진,경기안성시,경기,지방,정책기반,기타,0.88,0.35,찾지 못함,,,청년농업인 영농정착지원,0.582
505000020233049C,청년마을 공유주거 조성사업,경북경주시,경북,지방,주거,기반·운영,0.88,0.63,찾지 못함,,,경북청년 예비창업가 육성사업,0.555
5200000201930049,청년농업인육성,경북고령군,경북,지방,창업·농어업,기타,0.88,0.06,있음,,,경북청년 예비창업가 육성사업,0.745
511000020243008F,[국]청년성장프로젝트,경북상주시,경북,지방,취업·일경험,기타,0.88,0.88,있음,20251114005400211892,청년성장프로젝트,청년성장프로젝트,1.12
57100002026303AD,2026년 청년참여형 옥외광고 디자인 프로젝트,충북청주시,충북,지방,참여·권리,기타,0.88,0.0,찾지 못함,,,청년브랜드참여단 운영,0.453
32200002019300CB,강남구 청년정책 활성화 지원,서울강남구,서울,지방,정책기반,대상자 지원,0.87,0.31,찾지 못함,,,서울청년문화패스 지원,0.676
3210000201930027,서초 청사진(청년사회진출) 아카데미 운영,서울서초구,서울,지방,교육·역량,기타,0.87,0.36,찾지 못함,,,,
4070000202030325,청년 및 노인 정신건강 치료비 지원(통합정신건강증진),경기이천시,경기,지방,문화·건강,대상자 지원,0.87,0.87,있음,,,청년층 정신건강 서비스 강화,0.756
6420000202330503,청년 재가 중증장애인 자산형성 지원,강원본청,강원,지방,금융·생활안정,대상자 지원,0.86,0.86,있음,20250618005400211055,청년 재가 중증장애인 자산형성 지원,청년 재가 중증장애인 자산형성 지원,1.12
491000020163009C,전남 청년 근속장려금 지원사업(도비),전남광주장흥군,전남,지방,취업·일경험,대상자 지원,0.86,0.41,있음,20250710005400211181,전남 청년 근속장려금,전남 청년 근속장려금,1.12
485000020213003E,청년부부 결혼축하금 지원,전남광주담양군,전남,지방,금융·생활안정,대상자 지원,0.86,0.86,찾지 못함,,,청년월세지원,0.591
50000002021300A1,청년부부 결혼축하금 지원사업,전남광주진도군,전남,지방,금융·생활안정,대상자 지원,0.86,0.72,찾지 못함,,,전남 청년 희망 일자리 지원사업,0.62
533000020213001F,청년 월세 지원사업,경남통영시,경남,지방,주거,대상자 지원,0.86,0.55,있음,,,청년 월세 지원,0.92
409000020253012F,청년지원센터 공간 운영,경기김포시,경기,지방,정책기반,기반·운영,0.86,0.62,찾지 못함,,,청년공동체 연구지원 사업,0.582
40600002023302EA,경기청년 역량강화 기회 지원,경기파주시,경기,지방,교육·역량,대상자 지원,0.86,0.39,있음,20251107005400211812,경기청년 역량강화 기회지원,경기청년 역량강화 기회지원,1.12
470100020263008A,청년희망(간편형) 스마트팜 확산사업,전북남원시,전북,지방,창업·농어업,기타,0.86,0.0,있음,20250718005400211420,청년희망 스마트팜 확산사업,청년희망 스마트팜 확산사업,1.12
569000020223016C,세종형 청년 주거임대료 지원 사업,세종본청,세종,지방,주거,대상자 지원,0.86,0.86,있음,,,청년 주거 임대료 지원,1.053
4190000202330105,청년정책 개발,강원원주시,강원,지방,정책기반,기타,0.85,0.25,찾지 못함,,,청년 면접 정장 지원,0.62
32900002025300A1,청년주간 운영,부산부산진구,부산,지방,정책기반,기타,0.85,0.11,있음,,,부산진구 청년주간 운영,0.92
4020000202030105,청년 및 노인 정신건강 치료비 지원(기도시),경기군포시,경기,지방,문화·건강,대상자 지원,0.85,0.85,있음,,,청년층 정신건강 서비스 강화,0.756
64700002025300E1,청년단체활동지원,경북본청,경북,지방,참여·권리,대상자 지원,0.85,0.85,찾지 못함,,,2025년 청년도전 지원사업,0.62
512000020103033F,[도비]경북청년 예비창업가 육성사업,경북문경시,경북,지방,창업·농어업,대상자 지원,0.85,0.85,있음,20250901005400211545,경북청년 예비창업가 육성사업,경북청년 예비창업가 육성사업,1.12
3420000202630077,청년성장프로젝트,대구동구,대구,지방,취업·일경험,기타,0.85,0.85,있음,,,청년성장프로젝트(청년카페),1.0
6270000202630107,대구 청년을 위한 노동법˙생활법률 교육(주민참여예산),대구본청,대구,지방,교육·역량,대상자 지원,0.85,0.85,찾지 못함,,,청년예술가 육성 지원,0.406
471000020193019E,전북형 청년취업 지원사업(보조),전북김제시,전북,지방,취업·일경험,대상자 지원,0.85,0.37,있음,20250113005400210213,전북형 청년취업 지원,전북형 청년취업 지원,1.12
4671000202630001,대학생 자작자동차대회 지원,전북군산시,전북,지방,교육·역량,기반·운영,0.85,0.68,있음,,,대학생 학자금 대출이자 지원,0.703
4780000202430022,청년창업 패키지 지원사업,전북고창군,전북,지방,창업·농어업,대상자 지원,0.85,0.85,있음,,,전북 청년 취업 지원 패키지,0.977
3530000202330228,청년 자격증 응시료 지원사업,인천남동구,인천,지방,교육·역량,대상자 지원,0.85,0.85,있음,20260406005400212444,(남동구) 청년 자격증 응시료 지원,(남동구) 청년 자격증 응시료 지원,1.12
433000020193005B,청년농업인 육성지원[도비],강원인제군,강원,지방,창업·농어업,대상자 지원,0.84,0.84,있음,20250502005400210766,청년농업인 육성지원,청년농업인 육성지원,1.12
4340000201930052,청년어촌정착지원,강원고성군,강원,지방,창업·농어업,대상자 지원,0.84,0.46,있음,,,청년어업인 영어정착 지원,0.857
4510000202330279,청년농업인 농지 임차료 지원,충남보령시,충남,지방,창업·농어업,대상자 지원,0.84,0.0,있음,20250715005400211277,청년농업인 농지임차료 지원,청년농업인 농지임차료 지원,1.12
451000020183015B,청년어업인 정착 지원,충남보령시,충남,지방,창업·농어업,대상자 지원,0.84,0.63,있음,,,청년어업인 정착지원 사업,1.0
482000020243017C,청년 문화예술패스 사업,전남광주순천시,전남,지방,문화·건강,대상자 지원,0.84,0.84,찾지 못함,,,전남청년 문화복지카드,0.62
4890000201830029,청년 귀농인 농업창업 지원,전남광주보성군,전남,지방,창업·농어업,대상자 지원,0.84,0.84,있음,,,청년농업인 창업 스케일업(성장) 지원사업,0.735
4890000202330012,청년농업인 드론 방제사업단 운영 지원,전남광주보성군,전남,지방,창업·농어업,대상자 지원,0.84,0.84,찾지 못함,,,청년농업인 스타트업(초기창업) 지원사업,0.646
4920000201930094,보호종료아동 자립수당 지원,전남광주강진군,전남,지방,금융·생활안정,대상자 지원,0.84,0.46,찾지 못함,,,자립준비청년 자립수당 지급,0.417
4940000202330002,보호종료아동 자립수당 지원,전남광주영암군,전남,지방,금융·생활안정,대상자 지원,0.84,0.28,찾지 못함,,,자립준비청년 자립수당 지급,0.417
4980000202130049,청년부부 결혼축하금 지원 사업,전남광주장성군,전남,지방,금융·생활안정,대상자 지원,0.84,0.78,찾지 못함,,,전남 청년 희망 일자리 지원사업,0.62
5310000201930044,청년농업인 취농직불제 지원,경남진주시,경남,지방,창업·농어업,대상자 지원,0.84,0.6,있음,20250918005400211769,청년농업인 취농직불제,청년농업인 취농직불제,1.12
546000020243008F,국토교통부 청년월세한시특별지원사업,경남함양군,경남,지방,주거,대상자 지원,0.84,0.16,있음,,,청년 월세 지원,1.02
39000002019300E9,보호종료아동 자립수당,경기광명시,경기,지방,금융·생활안정,대상자 지원,0.84,0.43,찾지 못함,,,시설 퇴소청소년 자립지원수당,0.381
5200000202330045,청년정책 업무추진,경북고령군,경북,지방,정책기반,기타,0.84,0.32,찾지 못함,,,청년스타트업 지원,0.62
5220000202330301,스마트 청년 농업인 육성 지원,경북칠곡군,경북,지방,창업·농어업,대상자 지원,0.84,0.46,찾지 못함,,,경북청년 예비창업가 육성사업,0.646
34600002018300A3,청년농업인 영농정착 지원,대구수성구,대구,지방,창업·농어업,대상자 지원,0.84,0.1,있음,20250724005400111489,청년농업인 영농정착지원사업,청년농업인 영농정착지원사업,1.12
4580000200830200,청년농업인 임대형 스마트팜 운영,충남서천군,충남,지방,창업·농어업,대상자 지원,0.83,0.68,있음,,,청년자립형 스마트팜 지원사업,0.787
3280000202230011,대학생 행정 체험 연수,부산영도구,부산,지방,교육·역량,기타,0.83,0.79,있음,20250114005400210237,영도구 대학생 행정체험 연수사업,영도구 대학생 행정체험 연수사업,1.12
32900002017300D1,청년창조발전소 관리 및 운영,부산부산진구,부산,지방,정책기반,기타,0.83,0.39,있음,,,부산진구 청년플랫폼(청년FLEX) 관리 및 운영,0.756
494000020233014B,지역자원연계형 청년창업지원사업,전남광주영암군,전남,지방,창업·농어업,대상자 지원,0.83,0.0,있음,,,지역자원 연계 청년창업 지원,0.952
4870000202330104,지역연계형 청년 창업지원사업,전남광주구례군,전남,지방,창업·농어업,대상자 지원,0.83,0.0,있음,,,지역자원 연계 청년창업 지원,0.842
3000000200830059,대학생 행정체험단 운영,서울종로구,서울,지방,교육·역량,기타,0.83,0.77,찾지 못함,,,서울희망대학진로장학금,0.355
5670000202330270,청년예술인 창작공간 지원,경남창원시,경남,지방,문화·건강,대상자 지원,0.83,0.51,있음,20250114005400210254,청년예술인 창작공간 지원,청년예술인 창작공간 지원,1.12
404000020253007E,청년 문화예술패스 사업,경기하남시,경기,지방,문화·건강,대상자 지원,0.83,0.83,찾지 못함,,,경기청년 해외진출(일본) 사업,0.564
3900000202130055,신혼부부 및 청년 전월세 대출이자 지원사업,경기광명시,경기,지방,주거,대상자 지원,0.83,0.58,찾지 못함,,,경기청년 재기격려지원사업,0.549
47600002019300C3,청년지역정착 지원사업,전북임실군,전북,지방,정책기반,대상자 지원,0.83,0.35,있음,20250113005400210206,전북청년 지역정착 지원사업,전북청년 지역정착 지원사업,1.12
4940000201930171,청년 희망 디딤돌 통장 사업,전남광주영암군,전남,지방,금융·생활안정,기타,0.82,0.47,있음,20250119005400210340,청년 희망디딤돌 통장 운영,청년 희망디딤돌 통장 운영,1.12
65000002019301E7,청년활동 지원사업,제주본청,제주,지방,정책기반,대상자 지원,0.82,0.23,있음,,,청년활동 인큐베이팅 사업,0.92
307000020163001C,청년 취·창업 아카데미 운영,서울성북구,서울,지방,창업·농어업,대상자 지원,0.82,0.4,찾지 못함,,,서울 청년 밀키트 창업지원,0.62
56700002023302A2,청년여성 일경험 지원,경남창원시,경남,지방,취업·일경험,대상자 지원,0.82,0.71,있음,,,청년 일경험 지원,0.995
37800002017301B4,청년취업 지원(국가직접지원),경기성남시,경기,지방,취업·일경험,대상자 지원,0.82,0.82,있음,,,2026년 제2차 경기도 해운물류 청년취업 아카데미,0.8
55900002024300E4,청년 문화예술패스,경기양주시,경기,지방,문화·건강,대상자 지원,0.82,0.82,찾지 못함,,,청년 융합기술 창업지원,0.495
5540000202530016,대학생 일자리사업 운영,경기광주시,경기,지방,교육·역량,기타,0.82,0.8,있음,,,대학일자리센터 지원,0.889
4690000202430037,청년취업지원사업,전북정읍시,전북,지방,취업·일경험,대상자 지원,0.82,0.31,있음,,,전북 청년 취업 지원 패키지,0.92
4201000202630188,청년성장프로젝트 사업,강원강릉시,강원,지방,취업·일경험,기타,0.81,0.81,있음,,,청년성장프로젝트(청년카페),1.0
64400002024300AA,스마트팜 청년 창업 교육(시군),충남본청,충남,지방,창업·농어업,대상자 지원,0.81,0.81,있음,20251214005400211983,스마트팜 청년 창업 교육,스마트팜 청년 창업 교육,1.12
3310000202330073,동네 청년활동공간 활성화 지원사업,부산남구,부산,지방,정책기반,대상자 지원,0.81,0.34,있음,20260406005400212424,부산 동네 청년활동공간 활성화 지원,부산 동네 청년활동공간 활성화 지원,1.12
3050000202030090,청년참여 활성화 지원사업,서울동대문구,서울,지방,참여·권리,대상자 지원,0.81,0.46,있음,,,청년참여 활성화 및 서울청년참여기구 운영 지원,0.9
537000020203016D,청년창업공간 운영,경남거제시,경남,지방,창업·농어업,기반·운영,0.81,0.41,있음,,,청년 창업아카데미 운영,0.787
6480000202030149,청년 면접정장 무료대여 사업,경남본청,경남,지방,취업·일경험,기타,0.81,0.49,있음,20250918005400211755,청년 면접정장 무료 대여,청년 면접정장 무료 대여,1.12
40200002023300EF,경기청년역량강화 기회 지원사업(도시),경기군포시,경기,지방,교육·역량,대상자 지원,0.81,0.38,있음,20251107005400211812,경기청년 역량강화 기회지원,경기청년 역량강화 기회지원,1.12
559000020203013F,청년 및 노인 정신건강 치료비 지원,경기양주시,경기,지방,문화·건강,대상자 지원,0.81,0.74,있음,,,청년층 정신건강 서비스 강화,0.756
3740000201830151,청년농업인 영농정착 지원(균특),경기수원시,경기,지방,창업·농어업,대상자 지원,0.81,0.11,있음,20251107005400211815,청년농업인 영농정착지원,청년농업인 영농정착지원,1.12
4681000202430160,청년 문화예술패스 지원,전북익산시,전북,지방,문화·건강,대상자 지원,0.81,0.81,있음,,,청년문화프로그램 운영,1.02
357000020253007A,공공기관 청년인턴사업,인천강화군,인천,지방,취업·일경험,대상자 지원,0.81,0.81,있음,,,공공기관 청년 아르바이트 운영,0.752
628000020173042F,인천청년문화창작소 운영,인천본청,인천,지방,문화·건강,기타,0.81,0.81,있음,20250718005400211457,청년문화창작소 운영,청년문화창작소 운영,1.12
44200002023301AA,청년 소상공인 점포 임차료 지원,충북보은군,충북,지방,정책기반,대상자 지원,0.81,0.33,찾지 못함,,,충청북도 청년포럼,0.52
419100020253024B,4-H청년농업인 스마트방제단 운영,강원원주시,강원,지방,창업·농어업,기타,0.8,0.8,있음,,,4-H 청년농업인 기초영농지원,0.703
42700002020301C4,청년농업인 추가 지원사업,강원영월군,강원,지방,창업·농어업,대상자 지원,0.8,0.0,있음,,,청년농업인 육성지원,0.834
42400002021300C1,청년 정책 지원,강원삼척시,강원,지방,정책기반,대상자 지원,0.8,0.74,있음,,,청년예술인 지원,0.735
418100020243016C,청년 문화예술패스(국가직접지원),강원춘천시,강원,지방,문화·건강,대상자 지원,0.8,0.8,있음,,,청년예술인 지원,0.735
420000020203028F,강원특별자치도 청년 취업준비 쿠폰 지원사업,강원강릉시,강원,지방,취업·일경험,대상자 지원,0.8,0.8,찾지 못함,,,2025년 청년 디딤돌 2배 적금 지원사업,0.6
4510000202630146,청년 직업체험 단기 인턴운영,충남보령시,충남,지방,취업·일경험,대상자 지원,0.8,0.0,찾지 못함,,,청년인턴 사업,0.691
4510000202030055,대학생 직업체험 단기 인턴운영,충남보령시,충남,지방,교육·역량,대상자 지원,0.8,0.69,찾지 못함,,,지방공기업 체험형 청년인턴 제도 운영,0.483
646000020173040E,대학생 농산업 체험캠프 (전남),전남광주본청,전남,지방,교육·역량,기타,0.8,0.8,있음,20250304005400210581,대학생 농산업 체험캠프,대학생 농산업 체험캠프,1.12
48300002017300BF,자립준비청년 자립정착금,전남광주나주시,전남,지방,금융·생활안정,대상자 지원,0.8,0.6,찾지 못함,,,자립준비청년 자립정착금,0.65
4890000202530015,보성청년 창업 프로젝트,전남광주보성군,전남,지방,창업·농어업,대상자 지원,0.8,0.62,찾지 못함,,,[22개 시·군] 2026 청년 잡업 프로젝트 자격증 취득 온라인 수강권 지원사업,0.603
4900000202030032,보호종료아동 자립 정착금,전남광주화순군,전남,지방,금융·생활안정,대상자 지원,0.8,0.3,찾지 못함,,,'나의 광주 정착 키트' 2기 참여자 모집,0.287
49600002019300B1,보호종료아동 자립정착금 지원,전남광주함평군,전남,지방,금융·생활안정,대상자 지원,0.8,0.65,찾지 못함,,,정보보호 특성화 대학 지원,0.333
497000020193005E,보호종료아동 자립정착금,전남광주영광군,전남,지방,금융·생활안정,대상자 지원,0.8,0.4,찾지 못함,,,'나의 광주 정착 키트' 2기 참여자 모집,0.287
49900002022300E3,청년월세 한시 특별지원사업,전남광주완도군,전남,지방,주거,대상자 지원,0.8,0.06,있음,,,청년월세지원,1.02
3120000202430010,청년정책 발굴 및 지원,서울서대문구,서울,지방,정책기반,대상자 지원,0.8,0.2,찾지 못함,,,서울청년문화패스 지원,0.591
631000020243001C,청년 주택임차보증금 이자지원,울산본청,울산,지방,주거,대상자 지원,0.8,0.15,있음,20260409005400212657,청년 주택임차보증금 이자지원,청년 주택임차보증금 이자지원,1.12
5350000202130090,동상전통시장 청년몰 지원사업,경남김해시,경남,지방,정책기반,대상자 지원,0.8,0.75,찾지 못함,,,청년일자리 도전 지원사업,0.665
5420000202330279,모다드림 청년통장 지원사업,경남고성군,경남,지방,금융·생활안정,대상자 지원,0.8,0.8,있음,20250916005400211693,모다드림 청년통장 지원,모다드림 청년통장 지원,1.12
5460000202630005,청년농업인 드론방제단 운영지원,경남함양군,경남,지방,창업·농어업,대상자 지원,0.8,0.0,있음,,,청년농업인 드론 공동방제단 운영,1.029
3740000202330524,아시아 청년포럼,경기수원시,경기,지방,참여·권리,기반·운영,0.8,0.8,찾지 못함,,,경기도 청년 복지포인트,0.549
40600002026300D7,청년농업인 아이디어 사업화 공모사업,경기파주시,경기,지방,창업·농어업,기타,0.8,0.8,찾지 못함,,,청년농업인 경쟁력제고 사업,0.62
57000002026300CE,청년아이디어 사업화 공모사업,경기여주시,경기,지방,창업·농어업,기타,0.8,0.8,찾지 못함,,,경기청년 해외진출(일본) 사업,0.501
4170000202330034,청년신혼부부 주거자금 대출 이자 지원,경기양평군,경기,지방,주거,대상자 지원,0.8,0.8,있음,20260907005400213375,양평군 청년 신혼부부 주거자금 대출이자 지원 사업,양평군 청년 신혼부부 주거자금 대출이자 지원 사업,1.12
630000020243009C,청년유공자 등 지원,대전본청,대전,지방,정책기반,대상자 지원,0.8,0.43,찾지 못함,,,청년도전지원사업,0.62
507000020213009F,[도]청년창업지역정착지원사업,경북안동시,경북,지방,창업·농어업,대상자 지원,0.8,0.8,있음,,,2025년 경북 청년창업 지역정착 지원사업,1.0
5020000201830003,청년취업지원,경북포항시,경북,지방,취업·일경험,대상자 지원,0.8,0.56,있음,,,청년스타트업 지원,0.834
5080000202330258,구미취업준비프리패스,경북구미시,경북,지방,문화·건강,대상자 지원,0.8,0.8,있음,20250909005400211684,구미 취업준비프리패스(취준PASS),구미 취업준비프리패스(취준PASS),1.12
508000020253016C,청년근로자지역정착행복원룸사업,경북구미시,경북,지방,취업·일경험,기타,0.8,0.8,있음,20250901005400211565,청년근로자 지역정착 행복원룸사업,청년근로자 지역정착 행복원룸사업,1.12
50800002026300AC,청년의날기념행사,경북구미시,경북,지방,정책기반,기반·운영,0.8,0.0,찾지 못함,,,청년 화합소통행사 개최지원,0.564
36300002026300BB,청년성장프로젝트지원사업,전남광주광산구,광주,지방,취업·일경험,대상자 지원,0.8,0.8,있음,,,청년성장프로젝트(청년카페),1.0
440000020243001B,청년농업인 육성 지원,충북제천시,충북,지방,창업·농어업,대상자 지원,0.8,0.56,있음,,,청년농업인 스마트팜 기반 조성,0.72
57100002026300BC,본관 기획전Ⅱ(글로컬2025-청년작가전),충북청주시,충북,지방,정책기반,기타,0.8,0.6,찾지 못함,,,,
4490000202630046,청년 단기숙소 지원사업,충남천안시,충남,지방,정책기반,대상자 지원,0.79,0.79,있음,20260430005400212969,청년단기숙소 지원사업,청년단기숙소 지원사업,1.12
6500000202630243,가족돌봄청년지원사업,제주본청,제주,지방,정책기반,대상자 지원,0.79,0.0,있음,,,가족돌봄청년 전담지원 시범사업,0.9
3240000202030127,천호로데오거리 주변 청년문화예술거점 확보,서울강동구,서울,지방,문화·건강,기타,0.79,0.54,찾지 못함,,,청년예술지원사업,0.468
30300002024300BF,청년성장프로젝트(청년카페)(보조),서울성동구,서울,지방,취업·일경험,기타,0.79,0.79,있음,,,청년성장프로젝트(청년카페),1.0
3070000202330062,사각지대 청년 사회 활동 지원사업,서울성북구,서울,지방,정책기반,대상자 지원,0.79,0.35,찾지 못함,,,청년층 신용회복 지원사업,0.68
5340000202130087,청년 월세 지원사업,경남사천시,경남,지방,주거,대상자 지원,0.79,0.52,있음,,,청년 월세 지원,0.92
5400000202630011,청년 창작활동 공간 운영,경남함안군,경남,지방,정책기반,기반·운영,0.79,0.24,찾지 못함,,,청년 창업아카데미 운영,0.62
5230000202230068,청년 월세한시특별 지원사업,경북예천군,경북,지방,주거,대상자 지원,0.79,0.2,있음,,,(국토부) 26년 청년월세 지원사업,0.9
505000020193024C,청년 감성상점 운영,경북경주시,경북,지방,정책기반,기타,0.79,0.59,찾지 못함,,,2025년 청년도전 지원사업,0.52
34600002024300A2,청년성장 프로젝트,대구수성구,대구,지방,정책기반,기타,0.79,0.79,있음,,,청년성장프로젝트(청년카페),1.0
629000020193016E,지역사회서비스청년사업단 (광주),전남광주본청,광주,지방,취업·일경험,기타,0.79,0.79,찾지 못함,,,2026년 임신부 가사지원서비스 지원사업 시행,0.549
473000020223003B,전북청년 지역정착 지원사업,전북진안군,전북,지방,정책기반,대상자 지원,0.79,0.29,있음,20250113005400210206,전북청년 지역정착 지원사업,전북청년 지역정착 지원사업,1.12
5690000201930180,지역사회서비스 청년사업단,세종본청,세종,지방,취업·일경험,기타,0.79,0.59,찾지 못함,,,일상돌봄서비스사업,0.596
41800002020301B0,청년농업인 육성 지원(창업기반 구축),강원춘천시,강원,지방,창업·농어업,대상자 지원,0.78,0.0,있음,20250502005400210766,청년농업인 육성지원,청년농업인 육성지원,1.12
450000020253012D,청년농업인 스마트팜 경영실습장 운영,충남공주시,충남,지방,창업·농어업,기타,0.78,0.68,찾지 못함,,,청년자립형 스마트팜 지원사업,0.642
5680000201930099,자립준비청년 자립수당,충남당진시,충남,지방,금융·생활안정,대상자 지원,0.78,0.56,있음,,,"자립준비청년 자립 지원 (자립수당, 자립정착금, 대학생활안정자금)",1.02
4500000201930145,청년정책 추진,충남공주시,충남,지방,정책기반,기타,0.78,0.64,있음,,,충청남도 청년정책 조정위원회 운영,0.92
48500002019300A7,청년 희망 디딤돌 통장 사업,전남광주담양군,전남,지방,금융·생활안정,기타,0.78,0.41,있음,20250119005400210340,청년 희망디딤돌 통장 운영,청년 희망디딤돌 통장 운영,1.12
4880000201930111,청년 희망 디딤돌 통장,전남광주고흥군,전남,지방,금융·생활안정,기타,0.78,0.47,있음,20250119005400210340,청년 희망디딤돌 통장 운영,청년 희망디딤돌 통장 운영,1.12
49700002018301C7,보호종료아동 자립수당지원,전남광주영광군,전남,지방,금융·생활안정,대상자 지원,0.78,0.3,찾지 못함,,,자립준비청년 자립수당 지급,0.417
319000020263005A,청년마음건강센터(국고보조),서울동작구,서울,지방,문화·건강,기타,0.78,0.22,찾지 못함,,,서울광역청년센터 운영,0.691
548000020213002D,청년정책 지원,경남합천군,경남,지방,정책기반,대상자 지원,0.78,0.46,있음,,,매체 활용 청년정책 홍보,0.92
54200002019300BF,자립준비청년 자립수당 지원,경남고성군,경남,지방,금융·생활안정,대상자 지원,0.78,0.5,있음,,,자립준비청년 자립프로그램 운영,1.02
547000020213010C,청년공간 청년사이 운영,경남거창군,경남,지방,정책기반,기타,0.78,0.53,찾지 못함,,,청년 소셜미디어 운영,0.541
4090000200731121,대학생 공공기관 직장체험,경기김포시,경기,지방,교육·역량,기타,0.78,0.78,찾지 못함,,,경기도 공공기숙사 운영,0.495
40800002020300F1,청년및노인정신건강증진사업,경기안성시,경기,지방,문화·건강,기타,0.78,0.71,찾지 못함,,,청년층 정신건강 서비스 강화,0.691
3780000202430085,미취업 청년 지원사업,경기성남시,경기,지방,취업·일경험,대상자 지원,0.78,0.41,있음,,,인공지능 전문인력 양성,0.92
51900002020300B5,귀농청년농시책지원,경북청도군,경북,지방,창업·농어업,대상자 지원,0.78,0.57,찾지 못함,,,2025년 청년도전 지원사업,0.591
479000020193011B,보호종료아동 자립수당 지급,전북부안군,전북,지방,금융·생활안정,대상자 지원,0.78,0.45,찾지 못함,,,퇴소아동 자립정착금,0.501
4530000201930005,서산청년마당 조성 및 운영,충남서산시,충남,지방,정책기반,기반·운영,0.77,0.51,있음,,,서산청년마당 운영,0.9
499000020243002B,청년 희망 디딤돌 통장사업,전남광주완도군,전남,지방,금융·생활안정,기타,0.77,0.47,있음,20250119005400210340,청년 희망디딤돌 통장 운영,청년 희망디딤돌 통장 운영,1.12
5420000202630031,청년 공유공간 조성_청년아지트 ‘꿈꾸는 다락방’ 활성화(지방소멸대응기금)(2026년),경남고성군,경남,지방,정책기반,기반·운영,0.77,0.69,찾지 못함,,,대학 특화 청년창업 활성화 지원,0.423
544000020243006D,진교면 청년 거점공간 조성사업,경남하동군,경남,지방,정책기반,기반·운영,0.77,0.77,찾지 못함,,,경남 청년 보금자리 조성,0.541
3780000201830132,청년농업인 영농정착 지원사업,경기성남시,경기,지방,창업·농어업,대상자 지원,0.77,0.77,있음,20251107005400211815,청년농업인 영농정착지원,청년농업인 영농정착지원,1.12
40300002020300CC,청년 및 노인 정신건강 치료비 지원,경기의왕시,경기,지방,문화·건강,대상자 지원,0.77,0.73,있음,,,청년층 정신건강 서비스 강화,0.756
50900002026300D3,(국)사회연대경제 청년 일경험 시범사업,경북영주시,경북,지방,취업·일경험,대상자 지원,0.77,0.0,있음,,,사회연대경제 청년 일경험 시범 지원,1.0
5220000202630134,사회연대경제 청년일경험 시범사업,경북칠곡군,경북,지방,취업·일경험,대상자 지원,0.77,0.0,있음,,,사회연대경제 청년 일경험 시범 지원,1.0
508000020243019C,청년일자리로컬솔루션프로젝트,경북구미시,경북,지방,취업·일경험,기타,0.77,0.77,있음,20250901005400211549,청년일자리 로컬솔루션  프로젝트,청년일자리 로컬솔루션  프로젝트,1.12
510000020263001F,청년및신혼부부공공임대주택임대료지원사업(2026기금),경북영천시,경북,지방,주거,대상자 지원,0.77,0.23,있음,,,청년 신혼부부 월세 지원사업,0.745
51300002024300DF,(도비보조)청년 문화예술패스 지원사업,경북경산시,경북,지방,문화·건강,대상자 지원,0.77,0.77,있음,,,2025년 청년도전 지원사업,0.72
44000002026300E3,사회연대경제 청년 일경험 시범사업(보조),충북제천시,충북,지방,취업·일경험,대상자 지원,0.77,0.77,있음,,,사회연대경제 청년 일경험 시범 지원,1.0
44700002026300D6,사회연대경제 청년 일경험 시범사업,충북음성군,충북,지방,취업·일경험,대상자 지원,0.77,0.77,있음,,,사회연대경제 청년 일경험 시범 지원,1.0
42010002025300DC,청년근로자 근속장려금 지원,강원강릉시,강원,지방,취업·일경험,대상자 지원,0.76,0.76,있음,20250430005400210736,청년근로자 근속장려금 지원,청년근로자 근속장려금 지원,1.12
42400002019300C3,보호종료아동 자립수당 지원(국고),강원삼척시,강원,지방,금융·생활안정,대상자 지원,0.76,0.27,찾지 못함,,,자립준비청년 자립수당 지원,0.62
337000020223000B,자립준비 청년수당 지원,부산연제구,부산,지방,금융·생활안정,대상자 지원,0.76,0.21,있음,,,부산 자립준비청년 자립수당 지원,1.029
50000002019300C0,전남 청년 근속장려금,전남광주진도군,전남,지방,취업·일경험,대상자 지원,0.76,0.4,있음,20250710005400211181,전남 청년 근속장려금,전남 청년 근속장려금,1.12
32200002023301AE,자립준비청년 지원,서울강남구,서울,지방,금융·생활안정,대상자 지원,0.76,0.54,있음,,,자립준비청년 자립수당 지원,1.02
648000020223018B,자립준비청년 대학생활안정자금 지원,경남본청,경남,지방,교육·역량,대상자 지원,0.76,0.56,있음,20250916005400211697,자립준비청년 대학생활안정자금 지원,자립준비청년 대학생활안정자금 지원,1.12
5600000202330316,청년축제 운영,경기포천시,경기,지방,문화·건강,기반·운영,0.76,0.03,찾지 못함,,,경기도 청년참여기구 운영,0.691
5600000202630138,청년 및 노인 정신건강 치료비 지원 사업,경기포천시,경기,지방,문화·건강,대상자 지원,0.76,0.63,있음,,,청년층 정신건강 서비스 강화,0.756
40000002024300C6,청년 문화예술패스,경기오산시,경기,지방,문화·건강,대상자 지원,0.76,0.76,찾지 못함,,,청년 융합기술 창업지원,0.495
629000020173020D,광주청년주간 (광주),전남광주본청,광주,지방,정책기반,기타,0.76,0.2,있음,,,2026 전남광주 청년주간 청년페스타: 피파페,0.92
35800002025300D0,청년정책사업 운영,인천옹진군,인천,지방,정책기반,기타,0.76,0.24,있음,,,2026년 인천 청년정책네트워크 위원 모집,0.92
4201000202630080,청년농업인 영농기반 구축 시범사업,강원강릉시,강원,지방,창업·농어업,기타,0.75,0.0,있음,,,청년농업인 영농정착 지원,0.756
4340000202130028,"고성 평생살기, 청년 창업 지원",강원고성군,강원,지방,창업·농어업,대상자 지원,0.75,0.75,찾지 못함,,,강원 고성군 청년 취업수당 지원,0.676
4520000201930147,청년 행정체험,충남아산시,충남,지방,취업·일경험,기타,0.75,0.71,찾지 못함,,,예비청년 현장중심 진로체험 프로그램 운영,0.564
644000020263021B,청년친화도시 지정·운영(국가직접지원),충남본청,충남,지방,정책기반,대상자 지원,0.75,0.0,있음,,,청년친화도시 확산,0.87
3380000200730418,자립준비청년 자립정착금 지원(보조사업),부산수영구,부산,지방,금융·생활안정,대상자 지원,0.75,0.47,있음,20260430005400212955,부산 자립준비청년 자립정착금 지원,부산 자립준비청년 자립정착금 지원,1.12
6460000201730470,청년 창업농장 조성 (전남),전남광주본청,전남,지방,창업·농어업,기반·운영,0.75,0.75,있음,20250304005400210579,청년 창업농장 조성,청년 창업농장 조성,1.12
4830000202230149,대학일자리플러스센터 운영 지원(국도비직접지원),전남광주나주시,전남,지방,취업·일경험,기반·운영,0.75,0.75,찾지 못함,,,,
4920000201130042,전남 청년 근속장려금,전남광주강진군,전남,지방,취업·일경험,대상자 지원,0.75,0.35,있음,20250710005400211181,전남 청년 근속장려금,전남 청년 근속장려금,1.12
611000020223044E,청년중독관리,서울본청,서울,지방,문화·건강,기타,0.75,0.75,있음,20250623005400111118,청년중독관리사업,청년중독관리사업,1.12
6310000202430136,청년미래센터 센터장 인건비,울산본청,울산,지방,정책기반,기타,0.75,0.75,찾지 못함,,,울산광역시 청년지원센터 운영,0.62
537000020263009F,청년 소규모 스마트팜 조성,경남거제시,경남,지방,창업·농어업,기반·운영,0.75,0.0,있음,20250918005400211768,청년 소규모 스마트팜 조성,청년 소규모 스마트팜 조성,1.12
5370000200830315,자립준비청년 자립정착금 지원,경남거제시,경남,지방,금융·생활안정,대상자 지원,0.75,0.45,있음,20250916005400211695,자립준비청년 자립정착금 지원,자립준비청년 자립정착금 지원,1.12
40700002023305AA,"미취업청년 어학, 자격시험 응시료 지원",경기이천시,경기,지방,교육·역량,대상자 지원,0.75,0.39,찾지 못함,,,기후미래직업 청년일자리 전문교육 지원,0.544
5590000200731135,자립준비청년(보호종료아동) 자립정착금 지원,경기양주시,경기,지방,금융·생활안정,대상자 지원,0.75,0.45,있음,,,자립준비청년 주거비 지원사업,0.735
64700002025300B5,청년애그테크창업아카데미운영,경북본청,경북,지방,창업·농어업,대상자 지원,0.75,0.54,있음,,,경북청년 별별창업 아카데미,0.847
5100000201130044,도)경북청년예비창업가육성사업,경북영천시,경북,지방,창업·농어업,대상자 지원,0.75,0.75,있음,,,경북청년 예비창업가 육성사업,1.077
518000020233008F,자립준비청년자립정착금지원(도비보조),경북영덕군,경북,지방,금융·생활안정,대상자 지원,0.75,0.6,있음,20260330005400212328,자립준비청년 자립정착금 지원,자립준비청년 자립정착금 지원,1.12
514100020253001D,군위청년창업지원사업,대구군위군,대구,지방,창업·농어업,대상자 지원,0.75,0.75,있음,,,청년농업인 영농정착지원사업,0.729
62900002022301A6,청년중독예방관리 (광주),전남광주본청,광주,지방,문화·건강,기타,0.75,0.75,있음,20250711005400211192,청년중독예방관리,청년중독예방관리,1.12
4680000202130109,대학일자리플러스센터 운영,전북익산시,전북,지방,취업·일경험,기반·운영,0.75,0.75,찾지 못함,,,,
469100020253006A,청년농업인 선진영농 기술도입 지원,전북정읍시,전북,지방,창업·농어업,대상자 지원,0.75,0.75,찾지 못함,,,청년창업농 영농기반 임차지원,0.691
4790000201930037,시군청년혁신가 예비창업지원사업,전북부안군,전북,지방,창업·농어업,대상자 지원,0.75,0.75,있음,20250114005400210215,시군 청년혁신가 예비창업지원,시군 청년혁신가 예비창업지원,1.12
47300002023300C4,신혼부부 및 청년 공공임대주택 임대보증금 지원사업,전북진안군,전북,지방,주거,대상자 지원,0.75,0.16,찾지 못함,,,전북청년 지역정착 지원사업,0.495
62800002022302B0,청년중독관리사업,인천본청,인천,지방,문화·건강,기타,0.75,0.75,있음,20250718005400211451,청년중독관리사업,청년중독관리사업,1.12
5710000202330145,청주 청년로컬크리에이터 도제 사업,충북청주시,충북,지방,창업·농어업,기타,0.75,0.38,찾지 못함,,,2025 충북 청년축제,0.52
42410002026300FE,사회연대경제 청년 일경험 시범사업(국고),강원삼척시,강원,지방,취업·일경험,대상자 지원,0.74,0.0,있음,,,사회연대경제 청년 일경험 시범 지원,1.0
42510002026300E4,사회연대경제 청년 일경험 시범사업,강원홍천군,강원,지방,취업·일경험,대상자 지원,0.74,0.0,있음,,,사회연대경제 청년 일경험 시범 지원,1.0
4271000202630103,사회연대경제 청년 일경험 시범사업,강원영월군,강원,지방,취업·일경험,대상자 지원,0.74,0.03,있음,,,사회연대경제 청년 일경험 시범 지원,1.0
4331000202630069,사회연대경제 청년 일경험 시범사업[국비],강원인제군,강원,지방,취업·일경험,대상자 지원,0.74,0.0,있음,,,사회연대경제 청년 일경험 시범 지원,1.0
4620000202330212,청년농업인 농지 임차료 지원,충남태안군,충남,지방,창업·농어업,대상자 지원,0.74,0.0,있음,20250715005400211277,청년농업인 농지임차료 지원,청년농업인 농지임차료 지원,1.12
4510000202630164,사회연대경제 청년 일경험사업,충남보령시,충남,지방,취업·일경험,대상자 지원,0.74,0.0,있음,,,사회연대경제 청년일경험,1.0
4540000202630134,사회연대경제 청년 일경험 시범사업,충남논산시,충남,지방,취업·일경험,대상자 지원,0.74,0.0,있음,,,사회연대경제 청년 일경험 시범 지원,1.0
4610000202030154,청년정책사업,충남예산군,충남,지방,정책기반,기타,0.74,0.07,있음,,,충청남도 청년정책 조정위원회 운영,0.92
49500002024300D2,전남 청년 희망 일자리 지원사업,전남광주무안군,전남,지방,취업·일경험,대상자 지원,0.74,0.0,있음,20251124005400211937,전남 청년 희망 일자리 지원사업,전남 청년 희망 일자리 지원사업,1.12
5010000202430189,전남청년희망일자리(보조),전남광주신안군,전남,지방,취업·일경험,기타,0.74,0.0,있음,20251124005400211937,전남 청년 희망 일자리 지원사업,전남 청년 희망 일자리 지원사업,1.12
490000020243002A,청년 아르바이트 지원사업,전남광주화순군,전남,지방,정책기반,대상자 지원,0.74,0.72,있음,,,청년농업인 스타트업(초기창업) 지원사업,0.703
49800002019300EB,청년 희망 디딤돌 통장사업,전남광주장성군,전남,지방,금융·생활안정,기타,0.74,0.45,있음,20250119005400210340,청년 희망디딤돌 통장 운영,청년 희망디딤돌 통장 운영,1.12
486000020223003E,청년월세 한시 특별지원,전남광주곡성군,전남,지방,주거,대상자 지원,0.74,0.34,있음,,,곡성군 청년 월세 지원사업,1.02
534000020263013E,사회연대경제 청년 일경험 시범사업,경남사천시,경남,지방,취업·일경험,대상자 지원,0.74,0.0,있음,,,청년 일경험 지원,1.02
53600002026300A9,청년행복누림센터 운영,경남밀양시,경남,지방,정책기반,기반·운영,0.74,0.54,찾지 못함,,,새일센터 지정 운영,0.564
401000020263018D,사회연대경제 청년 일경험 시범사업,경기시흥시,경기,지방,취업·일경험,대상자 지원,0.74,0.0,있음,,,사회연대경제 청년 일경험 시범 지원,1.0
4090000202630141,사회연대경제 청년 일경험 시범사업,경기김포시,경기,지방,취업·일경험,대상자 지원,0.74,0.11,있음,,,사회연대경제 청년 일경험 시범 지원,1.0
4020000202430083,청년 문화예술패스 지원(도시),경기군포시,경기,지방,문화·건강,대상자 지원,0.74,0.74,찾지 못함,,,청년 융합기술 창업지원,0.62
5530000202030061,청년정책 거버넌스 운영 지원,경기화성시,경기,지방,참여·권리,대상자 지원,0.74,0.42,찾지 못함,,,청년층 정신건강 서비스 강화,0.564
5090000202030010,대학생 아르바이트 지원사업,경북영주시,경북,지방,교육·역량,대상자 지원,0.74,0.7,찾지 못함,,,지역산업 연계형 대학 특성화학과 혁신지원사업,0.495
34800002026300B4,청소년센터 댄스연습실 환경개선(군 청소년청년형),대구달성군,대구,지방,정책기반,기타,0.74,0.62,찾지 못함,,,대구광역시 청년마음건강센터 운영,0.484
6290000201430074,"하정웅청년작가초대전""빛전"" (광주)",전남광주본청,광주,지방,정책기반,기타,0.74,0.15,찾지 못함,,,2026년 서구 청년도전지원사업,0.549
4671000202630117,사회연대경제 청년 일경험 시범사업,전북군산시,전북,지방,취업·일경험,대상자 지원,0.74,0.18,있음,,,사회연대경제 청년 일경험 시범 지원,1.0
3520000202330081,연수 청년센터 운영,인천연수구,인천,지방,정책기반,기반·운영,0.74,0.58,있음,,,인천광역시 청년미래센터 운영,0.92
319000020203006A,1.청년 참여 활성화,서울동작구,서울,지방,참여·권리,기타,0.73,0.04,있음,,,청년참여 활성화 및 서울청년참여기구 운영 지원,0.706
53700002024300DA,청년 문화예술패스 사업,경남거제시,경남,지방,문화·건강,대상자 지원,0.73,0.73,있음,,,청년 문화예술인 활동 지원,0.826
5530000201930183,청년어촌 정착지원,경기화성시,경기,지방,창업·농어업,대상자 지원,0.73,0.52,있음,,,청년어업인 정착지원 사업,0.769
3900000202030147,청년정신건강증진사업,경기광명시,경기,지방,문화·건강,기타,0.73,0.63,있음,,,병역의무자 마음건강 관리 지원,0.8
5150000202530040,청년농부창농기반구축(도비),경북의성군,경북,지방,창업·농어업,기타,0.73,0.53,있음,20250903005400211621,청년농부 창농기반 구축,청년농부 창농기반 구축,1.12
4671000202430105,청년 문화예술패스 지원사업,전북군산시,전북,지방,문화·건강,대상자 지원,0.73,0.73,있음,,,청년문화예술주문배달서비스사업(청년예술 퀵),0.857
355000020183006F,청년농업인 영농정착 지원,인천계양구,인천,지방,창업·농어업,대상자 지원,0.73,0.73,있음,20260506005400213147,청년농업인 영농정착지원,청년농업인 영농정착지원,1.12
3550000202330010,청년인턴사업,인천계양구,인천,지방,취업·일경험,대상자 지원,0.73,0.48,있음,,,마이스업체 청년 인턴십 운영,0.92
3520000202330156,청년 자격증 응시료 지원사업,인천연수구,인천,지방,교육·역량,대상자 지원,0.73,0.73,있음,20260406005400212441,(연수구) 청년 자격증 응시료 지원,(연수구) 청년 자격증 응시료 지원,1.12
569000020223016F,청년 행정인턴 사업,세종본청,세종,지방,취업·일경험,대상자 지원,0.73,0.72,있음,20250903005400211601,청년 행정인턴,청년 행정인턴,1.12
4390000202530179,청년 신혼부부 월세 지원,충북충주시,충북,지방,주거,대상자 지원,0.73,0.16,찾지 못함,,,청년 신혼부부 주거자금 대출이자 지원사업,0.691
4190000202330354,강원특별자치도 청년 중증장애인 자산형성지원,강원원주시,강원,지방,금융·생활안정,대상자 지원,0.72,0.49,있음,,,청년 재가 중증장애인 자산형성 지원,1.049
4210000201930072,자립준비청년 자립수당,강원동해시,강원,지방,금융·생활안정,대상자 지원,0.72,0.61,있음,20250618005400211057,자립준비청년 자립수당 지원,자립준비청년 자립수당 지원,1.12
4250000201930106,청년창업농 현장실용화 지원,강원홍천군,강원,지방,창업·농어업,대상자 지원,0.72,0.66,찾지 못함,,,청년농업인 영농정착 지원,0.642
43510002025300A2,청년 어업인 정착지원,강원양양군,강원,지방,창업·농어업,대상자 지원,0.72,0.48,있음,,,청년어업인 영어정착 지원,1.02
422000020193008B,보호종료아동 자립수당 지원,강원태백시,강원,지방,금융·생활안정,대상자 지원,0.72,0.41,찾지 못함,,,자립준비청년 자립수당 지원,0.62
46100002024302B9,예산청년온담운영,충남예산군,충남,지방,정책기반,기타,0.72,0.66,찾지 못함,,,,
4950000202430067,시군 청년센터 운영인력 인건비 지원,전남광주무안군,전남,지방,정책기반,기반·운영,0.72,0.4,찾지 못함,,,광주청년센터 운영,0.55
4940000202530022,청년종합소통센터 운영(자체),전남광주영암군,전남,지방,참여·권리,기반·운영,0.72,0.39,찾지 못함,,,청년 희망디딤돌 통장 운영,0.596
487000020243007A,청년농업인 스타트업(초기창업) 지원,전남광주구례군,전남,지방,창업·농어업,대상자 지원,0.72,0.0,있음,20250119005400210332,청년농업인 스타트업(초기창업) 지원사업,청년농업인 스타트업(초기창업) 지원사업,1.12
487000020253003B,청년 4-H회원 우수과제 창업농 육성,전남광주구례군,전남,지방,창업·농어업,대상자 지원,0.72,0.0,있음,20250119005400210334,청년4-H회원 우수과제 창업농 육성 사업,청년4-H회원 우수과제 창업농 육성 사업,1.12
484000020183002E,청년농업인 스타트업(초기창업) 지원,전남광주광양시,전남,지방,창업·농어업,대상자 지원,0.72,0.08,있음,20250119005400210332,청년농업인 스타트업(초기창업) 지원사업,청년농업인 스타트업(초기창업) 지원사업,1.12
4840000202630073,청년4-H회원 우수과제 창업농 육성,전남광주광양시,전남,지방,창업·농어업,대상자 지원,0.72,0.52,있음,20250119005400210334,청년4-H회원 우수과제 창업농 육성 사업,청년4-H회원 우수과제 창업농 육성 사업,1.12
4900000202330098,청년농업인 스타트업 지원(도비),전남광주화순군,전남,지방,창업·농어업,대상자 지원,0.72,0.72,있음,20250119005400210332,청년농업인 스타트업(초기창업) 지원사업,청년농업인 스타트업(초기창업) 지원사업,1.12
4940000202430026,청년농업인 스타트업(초기창업) 지원,전남광주영암군,전남,지방,창업·농어업,대상자 지원,0.72,0.0,있음,20250119005400210332,청년농업인 스타트업(초기창업) 지원사업,청년농업인 스타트업(초기창업) 지원사업,1.12
49300002024300A2,청년농업인 스타트업(초기창업) 지원,전남광주해남군,전남,지방,창업·농어업,대상자 지원,0.72,0.36,있음,20250119005400210332,청년농업인 스타트업(초기창업) 지원사업,청년농업인 스타트업(초기창업) 지원사업,1.12
4960000202330246,청년농업인 스타트업(초기창업) 지원,전남광주함평군,전남,지방,창업·농어업,대상자 지원,0.72,0.72,있음,20250119005400210332,청년농업인 스타트업(초기창업) 지원사업,청년농업인 스타트업(초기창업) 지원사업,1.12
497000020233024F,청년4-H회원 우수과제 창업농 육성,전남광주영광군,전남,지방,창업·농어업,대상자 지원,0.72,0.72,있음,20250119005400210334,청년4-H회원 우수과제 창업농 육성 사업,청년4-H회원 우수과제 창업농 육성 사업,1.12
49700002024300D1,청년농업인 스타트업(초기창업) 지원,전남광주영광군,전남,지방,창업·농어업,대상자 지원,0.72,0.0,있음,20250119005400210332,청년농업인 스타트업(초기창업) 지원사업,청년농업인 스타트업(초기창업) 지원사업,1.12
5000000202430088,청년농업인 스타트업(초기창업 지원),전남광주진도군,전남,지방,창업·농어업,대상자 지원,0.72,0.72,있음,20250119005400210332,청년농업인 스타트업(초기창업) 지원사업,청년농업인 스타트업(초기창업) 지원사업,1.12
48100002024301BF,청년문화예술패스,전남광주여수시,전남,지방,문화·건강,대상자 지원,0.72,0.72,찾지 못함,,,전남청년 문화복지카드,0.62
48300002019301B8,청년센터 운영,전남광주나주시,전남,지방,정책기반,기반·운영,0.72,0.34,있음,,,2026년 나주시 청년센터 하반기 「청년희망학교」 강사 모집,0.92
311000020243003F,청년의 날 행사 추진,서울은평구,서울,지방,정책기반,기반·운영,0.72,0.46,찾지 못함,,,서울시 청년해외봉사단 사업,0.549
3700000201230267,공공 대학생 아르바이트 채용,울산남구,울산,지방,교육·역량,대상자 지원,0.72,0.68,있음,,,대학생 아르바이트 채용사업,1.029
3720000202330046,공공 대학생 아르바이트,울산북구,울산,지방,교육·역량,기타,0.72,0.71,있음,,,대학생 아르바이트 채용사업,0.92
3710000202330001,공공 대학생 아르바이트 채용,울산동구,울산,지방,교육·역량,대상자 지원,0.72,0.57,있음,,,대학생 아르바이트 채용사업,1.029
542000020243000B,고성 청년 둥지 적금 지원사업,경남고성군,경남,지방,금융·생활안정,대상자 지원,0.72,0.54,찾지 못함,,,청년일자리 도전 지원사업,0.691
54700002022300DB,국토부 청년월세 지원사업,경남거창군,경남,지방,주거,대상자 지원,0.72,0.46,있음,,,청년 월세 지원,1.02
54700002019301BD,청년농업인 취농직불제,경남거창군,경남,지방,창업·농어업,기타,0.72,0.72,있음,20250918005400211769,청년농업인 취농직불제,청년농업인 취농직불제,1.12
538000020263011F,청년 일경험(인턴) 지원사업(시 자체),경남양산시,경남,지방,취업·일경험,대상자 지원,0.72,0.28,있음,20250917005400211751,청년 일경험 지원,청년 일경험 지원,1.12
4070000202430319,청년 문화예술패스사업,경기이천시,경기,지방,문화·건강,대상자 지원,0.72,0.72,찾지 못함,,,경기청년 해외진출(일본) 사업,0.564
3920000201930030,자립준비청년 자립수당,경기동두천시,경기,지방,금융·생활안정,대상자 지원,0.72,0.46,있음,,,자립준비청년 자립수당 지급,0.909
4160000201930073,보호종료아동 자립수당 지원(보조),경기가평군,경기,지방,금융·생활안정,대상자 지원,0.72,0.55,찾지 못함,,,자립준비청년 주거비 지원사업,0.44
40000002023300DA,청년 역량강화 기회지원 사업,경기오산시,경기,지방,교육·역량,대상자 지원,0.72,0.41,있음,20251107005400211812,경기청년 역량강화 기회지원,경기청년 역량강화 기회지원,1.12
502000020243018E,청년일자리 로컬 솔루션 프로젝트<보조>,경북포항시,경북,지방,취업·일경험,기타,0.72,0.72,찾지 못함,,,청년일자리 로컬솔루션  프로젝트,0.65
6470000202130145,청년정책참여단활성화지원,경북본청,경북,지방,참여·권리,대상자 지원,0.72,0.72,찾지 못함,,,청년 화합소통행사 개최지원,0.537
647000020223008C,청년농업인농지임대지원,경북본청,경북,지방,창업·농어업,대상자 지원,0.72,0.0,찾지 못함,,,청년스타트업 지원,0.646
5050000202430235,청년일자리 로컬 솔루션 프로젝트,경북경주시,경북,지방,취업·일경험,기타,0.72,0.72,있음,20250901005400211549,청년일자리 로컬솔루션  프로젝트,청년일자리 로컬솔루션  프로젝트,1.12
5070000202430181,[도]청년일자리로컬솔루션프로젝트,경북안동시,경북,지방,취업·일경험,기타,0.72,0.72,있음,20250901005400211549,청년일자리 로컬솔루션  프로젝트,청년일자리 로컬솔루션  프로젝트,1.12
506000020183004F,청년일자리로컬솔루션프로젝트(보조),경북김천시,경북,지방,취업·일경험,기타,0.72,0.72,있음,20250901005400211549,청년일자리 로컬솔루션  프로젝트,청년일자리 로컬솔루션  프로젝트,1.12
509000020183005F,(도)청년일자리 로컬 솔루션 프로젝트,경북영주시,경북,지방,취업·일경험,기타,0.72,0.72,있음,20250901005400211549,청년일자리 로컬솔루션  프로젝트,청년일자리 로컬솔루션  프로젝트,1.12
5110000201830030,[도]청년일자리로컬솔루션프로젝트,경북상주시,경북,지방,취업·일경험,기타,0.72,0.72,있음,20250901005400211549,청년일자리 로컬솔루션  프로젝트,청년일자리 로컬솔루션  프로젝트,1.12
5130000202430117,(도비보조)청년일자리 로컬솔루션 프로젝트,경북경산시,경북,지방,취업·일경험,기타,0.72,0.72,있음,20250901005400211549,청년일자리 로컬솔루션  프로젝트,청년일자리 로컬솔루션  프로젝트,1.12
51000002024300F9,도)청년일자리로컬솔루션프로젝트,경북영천시,경북,지방,취업·일경험,기타,0.72,0.72,있음,,,청년일자리 로컬솔루션  프로젝트,1.086
5250000202330376,가업승계 청년어업인 지원,경북울진군,경북,지방,창업·농어업,대상자 지원,0.72,0.0,찾지 못함,,,청년스타트업 지원,0.646
5020000202630012,청년자립형 행정인턴 연수,경북포항시,경북,지방,금융·생활안정,대상자 지원,0.72,0.35,찾지 못함,,,자립준비청년 자립정착금 지원,0.62
3420000202630010,청년일자리 선도사업,대구동구,대구,지방,취업·일경험,기타,0.72,0.11,있음,,,지역주도형 청년일자리 사업,0.787
4720000202330237,완주형 청년농업인 기반 구축 사업,전북완주군,전북,지방,창업·농어업,기타,0.72,0.72,있음,,,완주형 청년농업인 기반구축 시범사업,1.043
478000020233019C,전북청년 함께 두배적금,전북고창군,전북,지방,금융·생활안정,대상자 지원,0.72,0.45,있음,20250113005400210211,전북청년 함께 두배적금 사업,전북청년 함께 두배적금 사업,1.12
4790000202330161,전북청년 함께 두배적금,전북부안군,전북,지방,금융·생활안정,대상자 지원,0.72,0.48,있음,20250113005400210211,전북청년 함께 두배적금 사업,전북청년 함께 두배적금 사업,1.12
3570000202030060,자립준비청년 자립수당 지원(보조),인천강화군,인천,지방,금융·생활안정,대상자 지원,0.72,0.32,있음,,,자립준비청년 자립수당 지급,1.037
44800002017300DB,청년부부 정착 장려금 지원,충북단양군,충북,지방,금융·생활안정,대상자 지원,0.72,0.72,찾지 못함,,,청년후계농 영농정착 지원,0.665
419000020113030B,대학생 직장체험활동 지원,강원원주시,강원,지방,교육·역량,대상자 지원,0.71,0.61,있음,,,대학생 행정체험연수 운영,0.745
452000020173015E,청년정책 추진,충남아산시,충남,지방,정책기반,기타,0.71,0.71,있음,,,충청남도 청년정책 조정위원회 운영,0.92
3290000202430027,청년 자격시험 응시료 지원 사업,부산부산진구,부산,지방,교육·역량,대상자 지원,0.71,0.57,있음,20250108005400210074,부산진구 청년 자격시험 응시료 지원,부산진구 청년 자격시험 응시료 지원,1.12
3380000202130062,청년 자격증 취득 응시료 지원 사업,부산수영구,부산,지방,교육·역량,대상자 지원,0.71,0.53,있음,,,청년 사업자 임차료 지원사업,0.735
4970000201830079,청년정책 관리,전남광주영광군,전남,지방,정책기반,기타,0.71,0.07,찾지 못함,,,청년정책 서포터즈 2기,0.62
309000020223004A,3D영상×음악 융복합콘텐츠 제작 청년인력풀 구축,서울도봉구,서울,지방,정책기반,기타,0.71,0.43,찾지 못함,,,서울청년 예비인턴,0.342
3710000201930021,청년센터 운영,울산동구,울산,지방,정책기반,기반·운영,0.71,0.47,있음,,,울산광역시 청년지원센터 운영,0.92
4490000202630045,고립·은둔 청년 지원사업,충남천안시,충남,지방,정책기반,대상자 지원,0.7,0.7,있음,20250715005400211261,고립·은둔청년 지원,고립·은둔청년 지원,1.12
64400002026301AB,청년일자리 사업(국가직접지원),충남본청,충남,지방,취업·일경험,대상자 지원,0.7,0.7,있음,,,찾아가는 청년일자리버스(소통공간),1.02
45200002024300E4,청년농업인 영농자재 지원사업,충남아산시,충남,지방,창업·농어업,대상자 지원,0.7,0.23,있음,,,청년후계농업인 영농정착 지원,0.82
4630000201230074,자립준비청년 자립정착금 지원,충남당진시,충남,지방,금융·생활안정,대상자 지원,0.7,0.4,있음,,,"자립준비청년 자립 지원 (자립수당, 자립정착금, 대학생활안정자금)",1.02
4530000202230031,청년정책네트워크 운영,충남서산시,충남,지방,참여·권리,기반·운영,0.7,0.55,있음,20250103005400210038,서산시청년정책네트워크 운영,서산시청년정책네트워크 운영,1.12
33400002023300A0,동네 청년활동공간 활성화 지원,부산사하구,부산,지방,정책기반,대상자 지원,0.7,0.7,있음,20260406005400212424,부산 동네 청년활동공간 활성화 지원,부산 동네 청년활동공간 활성화 지원,1.12
48200002023303B7,전남형 청년공동체 활성화사업,전남광주순천시,전남,지방,참여·권리,기타,0.7,0.6,있음,20250119005400210341,전남형 청년공동체 활성화 사업,전남형 청년공동체 활성화 사업,1.12
4910000202530156,전남 청년 희망 일자리 지원사업(시비),전남광주장흥군,전남,지방,취업·일경험,대상자 지원,0.7,0.7,있음,20251124005400211937,전남 청년 희망 일자리 지원사업,전남 청년 희망 일자리 지원사업,1.12
49400002023301A1,청년 창업농장 조성사업,전남광주영암군,전남,지방,창업·농어업,기반·운영,0.7,0.0,있음,20250304005400210579,청년 창업농장 조성,청년 창업농장 조성,1.12
49600002022300EB,청년부부 결혼축하금(보조),전남광주함평군,전남,지방,금융·생활안정,기타,0.7,0.7,있음,20260430005400212964,함평군 청년부부 결혼축하금 지원사업,함평군 청년부부 결혼축하금 지원사업,1.12
5010000201930164,자립준비청년자립정착금(보조),전남광주신안군,전남,지방,금융·생활안정,대상자 지원,0.7,0.5,있음,,,자립준비청년 자립지원 사업,0.9
49100002022301E0,중흥촌 청년자립학교 조성(지방소멸대응기금),전남광주장흥군,전남,지방,교육·역량,기반·운영,0.7,0.19,찾지 못함,,,전남형 청년마을 조성사업,0.564
321000020193000B,서리풀청년예술단 구성 및 운영,서울서초구,서울,지방,문화·건강,기타,0.7,0.7,있음,,,청년예술지원사업,1.02
323000020263004A,송파청년센터 조성,서울송파구,서울,지방,정책기반,기반·운영,0.7,0.03,찾지 못함,,,서울광역청년센터 운영,0.691
54700002023301C5,모다드림 청년통장 지원사업,경남거창군,경남,지방,금융·생활안정,대상자 지원,0.7,0.7,있음,20250916005400211693,모다드림 청년통장 지원,모다드림 청년통장 지원,1.12
54400002026300CE,청년 365 핫플레이스 조성사업,경남하동군,경남,지방,정책기반,기반·운영,0.7,0.0,찾지 못함,,,청년 365 핫플레이스 조성,0.65
54600002026300D7,청년 꿈 제작소 운영(자체),경남함양군,경남,지방,정책기반,기타,0.7,0.0,있음,,,청년 영상콘텐츠 제작 운영,0.752
53100002025300FA,청년 일경험(인턴) 지원사업,경남진주시,경남,지방,취업·일경험,대상자 지원,0.7,0.0,있음,20250917005400211751,청년 일경험 지원,청년 일경험 지원,1.12
538000020213004A,청년 일경험(인턴) 지원사업(도 보조),경남양산시,경남,지방,취업·일경험,대상자 지원,0.7,0.51,있음,20250917005400211751,청년 일경험 지원,청년 일경험 지원,1.12
541000020223006A,청년월세 지원사업(경남),경남창녕군,경남,지방,주거,대상자 지원,0.7,0.42,있음,,,청년 월세 지원,0.92
40300002019300D6,청년발전소 운영 지원(자체),경기의왕시,경기,지방,정책기반,대상자 지원,0.7,0.46,찾지 못함,,,경기도 청년기본소득,0.665
3820000200830434,자립준비청년 자립지원정착금,경기의정부시,경기,지방,금융·생활안정,대상자 지원,0.7,0.4,있음,,,자립준비청년 주거비 지원사업,0.735
57000002020301AE,청년 및 노인 정신건강 치료비 지원,경기여주시,경기,지방,문화·건강,대상자 지원,0.7,0.7,있음,,,청년층 정신건강 서비스 강화,0.756
5020000202530164,청년행복뉴딜프로젝트<보조>,경북포항시,경북,지방,정책기반,기타,0.7,0.36,있음,20250721005400211470,청년행복 뉴딜프로젝트,청년행복 뉴딜프로젝트,1.12
50200002017300BD,청년농업인 자립기반 구축지원<보조>,경북포항시,경북,지방,창업·농어업,대상자 지원,0.7,0.7,있음,,,청년농부 창농기반 구축,0.787
505000020173013F,청년농업인 자립기반구축 지원,경북경주시,경북,지방,창업·농어업,대상자 지원,0.7,0.7,있음,,,청년농부 창농기반 구축,0.787
50700002024300DD,[도]청년농업인 자립기반 구축지원,경북안동시,경북,지방,창업·농어업,대상자 지원,0.7,0.0,있음,,,청년농부 창농기반 구축,0.787
50600002026300AB,청년농업인 디지털 농창업 기술지원 시범(보조),경북김천시,경북,지방,창업·농어업,대상자 지원,0.7,0.7,찾지 못함,,,청년 창업공간 지원사업,0.564
505000020263012B,청년농업인 드론 활용 병해충 방제단 운영,경북경주시,경북,지방,창업·농어업,기타,0.7,0.7,찾지 못함,,,청년스타트업 지원,0.406
5070000202630120,[도]청년농업인 디지털 농창업 기술지원 시범,경북안동시,경북,지방,창업·농어업,대상자 지원,0.7,0.0,찾지 못함,,,청년스타트업 지원,0.52
511000020203013C,[도]청년행복뉴딜프로젝트,경북상주시,경북,지방,정책기반,기타,0.7,0.7,있음,20250721005400211470,청년행복 뉴딜프로젝트,청년행복 뉴딜프로젝트,1.12
51000002013300F3,도)청년농업인자립기반구축지원,경북영천시,경북,지방,창업·농어업,대상자 지원,0.7,0.7,있음,,,청년농부 창농기반 구축,0.756
513000020263003C,(도비보조)청년행복 뉴딜프로젝트,경북경산시,경북,지방,정책기반,기타,0.7,0.7,찾지 못함,,,청년행복 뉴딜프로젝트,0.65
5100000202630061,도)청년농업인디지털농창업기술지원,경북영천시,경북,지방,창업·농어업,대상자 지원,0.7,0.0,찾지 못함,,,청년스타트업 지원,0.537
5120000201730039,[도비]청년농업인 자립기반 구축지원,경북문경시,경북,지방,창업·농어업,대상자 지원,0.7,0.62,있음,,,청년농부 창농기반 구축,0.787
5170000201830003,청년농업인자립기반구축사업(보조),경북영양군,경북,지방,창업·농어업,기타,0.7,0.7,있음,,,청년농부 창농기반 구축,0.787
5180000201930077,청년농업인자립기반구축지원(도비보조),경북영덕군,경북,지방,창업·농어업,대상자 지원,0.7,0.7,있음,,,청년농부 창농기반 구축,0.787
5210000202430062,청년농업인자립기반구축지원사업,경북성주군,경북,지방,창업·농어업,대상자 지원,0.7,0.7,있음,,,청년농부 창농기반 구축,0.787
5230000202230080,청년농업인 자립기반구축 지원,경북예천군,경북,지방,창업·농어업,대상자 지원,0.7,0.49,있음,,,청년농부 창농기반 구축,0.787
523000020243009F,청년이음프로젝트,경북예천군,경북,지방,정책기반,기타,0.7,0.7,있음,,,청년행복 뉴딜프로젝트,0.787
524000020183002C,청년농업인자립기반구축지원,경북봉화군,경북,지방,창업·농어업,대상자 지원,0.7,0.0,있음,,,청년농부 창농기반 구축,0.787
3460000200930055,자립준비청년 자립지원,대구수성구,대구,지방,금융·생활안정,대상자 지원,0.7,0.6,찾지 못함,,,대구광역시 사회적 고립청년 지원사업,0.596
3600000201430078,자립준비청년자립정착금지원,전남광주서구,광주,지방,금융·생활안정,대상자 지원,0.7,0.5,있음,20250711005400211186,자립준비청년 자립정착금,자립준비청년 자립정착금,1.12
4710000202030031,청년공감정책 운영,전북김제시,전북,지방,정책기반,기타,0.7,0.2,찾지 못함,,,전북청년 지역정착 지원사업,0.62
47200002023301B3,청년축제지원사업,전북완주군,전북,지방,문화·건강,기반·운영,0.7,0.7,있음,,,전북청년 지역정착 지원사업,0.787
473000020223001C,청년주거비 지원사업,전북진안군,전북,지방,주거,대상자 지원,0.7,0.19,있음,,,전북청년 지역정착 지원사업,0.752
6280000202230355,인천청년포털 고도화시스템 구축 및 운영,인천본청,인천,지방,정책기반,기타,0.7,0.55,찾지 못함,,,청년문화창작소 운영,0.537
356000020233024F,인천 청년 자격증 응시료 지원(서구),인천서해구,인천,지방,교육·역량,대상자 지원,0.7,0.7,있음,20260722005400213267,(서해구) 청년 자격증 응시료 지원,(서해구) 청년 자격증 응시료 지원,1.12
44300002026300DC,사회연대경제 청년 일경험 시범사업(보조),충북옥천군,충북,지방,취업·일경험,대상자 지원,0.7,0.7,있음,,,사회연대경제 청년 일경험 시범 지원,1.0
57100002025300AC,청년농업인 농지 임차료 지원,충북청주시,충북,지방,창업·농어업,대상자 지원,0.7,0.0,찾지 못함,,,청년후계농 영농정착 지원,0.642
4460000202130091,청년농업인 스마트 팜 기반 조성,충북괴산군,충북,지방,창업·농어업,기반·운영,0.7,0.0,있음,20250219005400210467,청년농업인 스마트팜 기반 조성,청년농업인 스마트팜 기반 조성,1.12
3260000202530051,서구 동네청년공간 운영 사업,부산서구,부산,지방,정책기반,기반·운영,0.69,0.53,있음,,,부산 동네 청년활동공간 활성화 지원,0.826
48900002010302CF,전남 청년 근속장려금 지원사업,전남광주보성군,전남,지방,취업·일경험,대상자 지원,0.69,0.38,있음,20250710005400211181,전남 청년 근속장려금,전남 청년 근속장려금,1.12
48000002021300DA,청년쉼터 운영관리,전남광주목포시,전남,지방,정책기반,기타,0.69,0.16,있음,,,목포 청년쉼터 운영,1.02
3180000202530010,청년 1인가구 급식 지원,서울영등포구,서울,지방,정책기반,대상자 지원,0.69,0.26,찾지 못함,,,청년 1인가구 소셜다이닝 건강한 밥상,0.62
3740000202330052,주거복지(청년주택) 사업,경기수원시,경기,지방,주거,대상자 지원,0.69,0.62,찾지 못함,,,자립준비청년 주거비 지원사업,0.646
506000020243006A,청년농업인 자립기반구축 지원(보조),경북김천시,경북,지방,창업·농어업,대상자 지원,0.69,0.69,있음,,,청년농부 창농기반 구축,0.787
478000020173010E,청년희망 스마트팜 확산사업,전북고창군,전북,지방,창업·농어업,기타,0.69,0.44,있음,20250718005400211420,청년희망 스마트팜 확산사업,청년희망 스마트팜 확산사업,1.12
448000020223001E,청년월세 한시 특별지원 사업,충북단양군,충북,지방,주거,대상자 지원,0.69,0.12,있음,,,(국토부) 26년 청년월세 지원사업,0.9
4250000201930087,보호종료아동 자립수당 지원(국고),강원홍천군,강원,지방,금융·생활안정,대상자 지원,0.68,0.33,찾지 못함,,,자립준비청년 자립수당 지원,0.62
4190000202330095,청년취업활동 지원,강원원주시,강원,지방,취업·일경험,대상자 지원,0.68,0.66,있음,,,청년 동아리 활동비 지원(상반기),0.787
646000020233052D,대학생 스마트 e-모빌리티 경진대회 개최 지원 (전남),전남광주본청,전남,지방,교육·역량,기반·운영,0.68,0.68,찾지 못함,,,대학(원)생 학자금 대출이자 지원(2024년 2학기),0.507
54200002018300D1,청년어촌정착지원,경남고성군,경남,지방,창업·농어업,대상자 지원,0.68,0.51,있음,,,청년어업인 정착지원 사업,0.769
536000020253006C,청년주택 임차보증금 이자지원사업,경남밀양시,경남,지방,주거,대상자 지원,0.68,0.0,있음,20250917005400211732,청년 주택 임차보증금 이자 지원,청년 주택 임차보증금 이자 지원,1.12
55900002023301E8,경기청년 역량강화 기회 지원,경기양주시,경기,지방,교육·역량,대상자 지원,0.68,0.34,있음,20251107005400211812,경기청년 역량강화 기회지원,경기청년 역량강화 기회지원,1.12
397000020223008F,청년 월세 지원사업(국비),경기과천시,경기,지방,주거,대상자 지원,0.68,0.14,있음,,,(국토부) 26년 청년월세 지원사업,0.8
4060000202630167,청년성장프로젝트,경기파주시,경기,지방,취업·일경험,기타,0.68,0.54,있음,,,청년성장프로젝트(청년카페),1.0
47900002022300F5,청년월세 지원사업,전북부안군,전북,지방,주거,대상자 지원,0.68,0.11,있음,,,(국토부) 26년 청년월세 지원사업,0.8
4730000201930087,청년 농업인 영농정착 지원(자체),전북진안군,전북,지방,창업·농어업,대상자 지원,0.68,0.41,있음,,,청년창업농 영농정착지원사업,0.92
42500002022300AC,청년월세 한시 특별지원,강원홍천군,강원,지방,주거,대상자 지원,0.67,0.37,있음,,,청년월세 한시 특별지원,1.0
4580000202630023,청년정책 사업,충남서천군,충남,지방,정책기반,기타,0.67,0.45,있음,,,충청남도 청년정책 조정위원회 운영,0.92
4980000202230074,청년월세 한시 특별지원사업,전남광주장성군,전남,지방,주거,대상자 지원,0.67,0.13,있음,,,청년월세지원,1.02
4950000202230049,청년 취창업 지원사업,전남광주무안군,전남,지방,창업·농어업,대상자 지원,0.67,0.45,있음,,,청년 취업자 주거비 지원사업,0.882
40600002020300E4,말산업 청년인턴 취업 지원,경기파주시,경기,지방,취업·일경험,대상자 지원,0.67,0.17,찾지 못함,,,청년 융합기술 창업지원,0.596
52100002022300C1,경북청년예술촌활성화프로그램지원,경북성주군,경북,지방,문화·건강,대상자 지원,0.67,0.67,찾지 못함,,,경북청년 예비창업가 육성사업,0.591
645000020163007F,전북청년 미술 운영,전북본청,전북,지방,정책기반,기타,0.67,0.41,찾지 못함,,,전북 청년 직무인턴 운영,0.691
4890000201930022,보호종료아동 자립수당,전남광주보성군,전남,지방,금융·생활안정,대상자 지원,0.66,0.39,찾지 못함,,,시설 퇴소청소년 자립지원수당,0.381
4990000201930120,전남 청년 근속장려금 지원사업,전남광주완도군,전남,지방,취업·일경험,대상자 지원,0.66,0.32,있음,20250710005400211181,전남 청년 근속장려금,전남 청년 근속장려금,1.12
3090000202630081,도봉구 청년성장프로젝트,서울도봉구,서울,지방,취업·일경험,기타,0.66,0.26,있음,,,청년성장프로젝트(청년카페),0.9
5370000202030176,거제청년주간행사 추진,경남거제시,경남,지방,정책기반,기반·운영,0.66,0.44,찾지 못함,,,거제시 청년 스펙-UP 지원사업(자격증 응시료 지원),0.591
403000020233012F,청년 행정인턴 사업,경기의왕시,경기,지방,취업·일경험,대상자 지원,0.66,0.37,찾지 못함,,,청년농업인 경쟁력제고 사업,0.62
64100002019303AF,지역사회서비스분야 청년사업단 지원(국비/직접),경기본청,경기,지방,취업·일경험,대상자 지원,0.66,0.53,있음,20251231005400212065,지역사회서비스분야 청년사업단 지원,지역사회서비스분야 청년사업단 지원,1.12
505000020233049D,청년 임대주택 운영(매입형),경북경주시,경북,지방,주거,대상자 지원,0.66,0.36,찾지 못함,,,2025년 청년도전 지원사업,0.52
5120000201930097,[국비]보호종료아동 자립수당,경북문경시,경북,지방,금융·생활안정,대상자 지원,0.66,0.11,찾지 못함,,,자립준비청년 자립수당지원,0.52
351000020173009B,청년창업 희망스타트,인천미추홀구,인천,지방,창업·농어업,대상자 지원,0.66,0.49,있음,20260406005400212431,(미추홀구) 청년창업 희망스타트 지원사업,(미추홀구) 청년창업 희망스타트 지원사업,1.12
3500000201930032,자립준비청년 자립수당 지원,인천제물포구,인천,지방,금융·생활안정,대상자 지원,0.66,0.26,있음,,,자립준비청년 자립수당 지급,1.037
443000020193003E,자립준비청년 자립수당 지급(보조),충북옥천군,충북,지방,금융·생활안정,대상자 지원,0.66,0.46,있음,20250219005400210472,자립준비청년 자립수당 지급,자립준비청년 자립수당 지급,1.12
4440000202430071,자립준비청년 자립수당 지원(보조),충북영동군,충북,지방,금융·생활안정,대상자 지원,0.66,0.24,있음,,,자립준비청년 자립수당 지급,1.037
424000020193022E,청년어업인 정착지원(국고),강원삼척시,강원,지방,창업·농어업,대상자 지원,0.65,0.29,있음,,,청년어업인 영어정착 지원,1.02
4580000202230095,청년농촌보금자리주택 운영관리,충남서천군,충남,지방,창업·농어업,기타,0.65,0.47,있음,,,청년 농촌보금자리 조성사업,0.847
4580000202530060,청년농업인 스마트팜 육성(보조),충남서천군,충남,지방,창업·농어업,기타,0.65,0.63,있음,,,청년자립형 스마트팜 지원사업,0.72
4490000201630077,대학일자리센터지원,충남천안시,충남,지방,취업·일경험,대상자 지원,0.65,0.65,있음,,,충남일자리종합센터 운영,0.834
3330000202230013,청년 생활문화지원,부산해운대구,부산,지방,문화·건강,대상자 지원,0.65,0.0,있음,,,부산 청년문화육성 지원,0.87
3320000202430021,청년복합문화창작공간(SPACE 119) 운영,부산북구,부산,지방,문화·건강,기타,0.65,0.34,찾지 못함,,,부산 청년작당소 운영,0.646
3380000202330022,청년 구정참여 마일리지 및 인센티브 제공,부산수영구,부산,지방,참여·권리,기타,0.65,0.58,찾지 못함,,,부산 청년활동 마일리지,0.6
3280000202330062,청년 지역정착 지원사업,부산영도구,부산,지방,정책기반,대상자 지원,0.65,0.29,있음,,,부산 청년도전 지원사업,0.787
3190000202630011,6.동작 청년센터 조성 및 운영,서울동작구,서울,지방,정책기반,기반·운영,0.65,0.56,있음,,,서울광역청년센터 운영,0.72
53300002026300C5,경남형 청년마을 조성사업,경남통영시,경남,지방,참여·권리,기반·운영,0.65,0.0,찾지 못함,,,청년 소규모 스마트팜 조성,0.676
546000020243002A,청년정책 개발,경남함양군,경남,지방,정책기반,기타,0.65,0.13,찾지 못함,,,청년정책네트워크 운영,0.691
515000020183002F,청년정책지원,경북의성군,경북,지방,정책기반,대상자 지원,0.65,0.46,찾지 못함,,,2025년 청년도전 지원사업,0.691
64700002022302A0,청년중독관리사업,경북본청,경북,지방,문화·건강,기타,0.65,0.65,있음,20250623005400111118,청년중독관리사업,청년중독관리사업,1.12
6470000202330511,경상북도청년화합소통행사개최지원,경북본청,경북,지방,참여·권리,기반·운영,0.65,0.32,있음,20250721005400111471,청년 화합소통행사 개최지원,청년 화합소통행사 개최지원,1.12
512000020213000D,기능인력 청년인턴 장려금 지원,경북문경시,경북,지방,취업·일경험,대상자 지원,0.65,0.4,찾지 못함,,,자립준비청년 자립정착금 지원,0.505
478000020183006A,청년 어촌정착지원,전북고창군,전북,지방,창업·농어업,대상자 지원,0.65,0.48,있음,,,전북청년 지역정착 지원사업,0.787
41900002021300F1,청년농 육성지원,강원원주시,강원,지방,창업·농어업,대상자 지원,0.64,0.02,있음,,,청년농업인 육성지원,0.995
4580000202330118,청년월세 지원사업,충남서천군,충남,지방,주거,대상자 지원,0.64,0.0,있음,,,청년농 지원사업 홍보,0.826
493000020223008F,청년월세 한시 특별지원 사업,전남광주해남군,전남,지방,주거,대상자 지원,0.64,0.09,있음,,,청년월세지원,1.02
4850000200830037,대학생 인턴제,전남광주담양군,전남,지방,교육·역량,대상자 지원,0.64,0.64,찾지 못함,,,대학생 농산업 체험캠프,0.495
56700002024301F5,청년성장프로젝트사업,경남창원시,경남,지방,취업·일경험,기타,0.64,0.64,있음,,,청년 장인프로젝트,0.995
56000002023303C0,청년 창업자 임차료 지원사업,경기포천시,경기,지방,창업·농어업,대상자 지원,0.64,0.43,있음,20240119005400200007,포천 청년 창업자 임차료 지원,포천 청년 창업자 임차료 지원,1.12
364000020253009C,청년창업지원공간 조성,대전동구,대전,지방,창업·농어업,기반·운영,0.64,0.64,찾지 못함,,,청년도전지원사업,0.564
3620000202030073,청년센터활성화프로그램운영,전남광주북구,광주,지방,정책기반,기타,0.64,0.46,있음,,,광주청년센터 운영,1.02
35700002018300EA,청년어업인 영어정착지원(보조),인천강화군,인천,지방,창업·농어업,대상자 지원,0.64,0.48,있음,20250718005400211396,청년어업인 영어정착지원,청년어업인 영어정착지원,1.12
427000020193006D,보호종료아동 자립수당(국고),강원영월군,강원,지방,금융·생활안정,대상자 지원,0.63,0.33,찾지 못함,,,자립준비청년 자립수당 지원,0.52
460000020203004A,홍성군 청년 사업 지원,충남홍성군,충남,지방,정책기반,대상자 지원,0.63,0.27,있음,,,홍성청년네트워크 운영,0.735
4800000202630044,청년 문화예술패스 지원,전남광주목포시,전남,지방,문화·건강,대상자 지원,0.63,0.63,찾지 못함,,,전남청년 문화복지카드,0.676
5000000202330141,청년센터 운영비(인건비),전남광주진도군,전남,지방,정책기반,기반·운영,0.63,0.4,찾지 못함,,,청년 취업자 주거비 지원사업,0.582
4900000202630006,청년하우스 운영,전남광주화순군,전남,지방,정책기반,기타,0.63,0.35,있음,,,화순군 청년하우스 입주,0.9
6480000202330435,청년후계농 농지 임대료 지원,경남본청,경남,지방,창업·농어업,대상자 지원,0.63,0.63,있음,20250918005400211770,청년후계농 농지 임대료 지원,청년후계농 농지 임대료 지원,1.12
3900000202530015,청년공간(청춘곳간) 프로그램 운영 지원,경기광명시,경기,지방,정책기반,대상자 지원,0.63,0.63,찾지 못함,,,경기청년 사다리 프로그램,0.691
402000020253006E,청년공간 플라잉 프로그램 운영 지원(도시),경기군포시,경기,지방,정책기반,대상자 지원,0.63,0.63,찾지 못함,,,경기청년 사다리 프로그램,0.62
408000020253004A,청년문화공간 운영(보조),경기안성시,경기,지방,문화·건강,기반·운영,0.63,0.48,찾지 못함,,,경기도 청년참여기구 운영,0.62
405000020203012D,대학일자리센터 지원,경기용인시,경기,지방,취업·일경험,대상자 지원,0.63,0.63,있음,20250729005400211505,대학일자리센터 지원,대학일자리센터 지원,1.12
560000020233025D,말산업 청년인턴 취업 지원사업,경기포천시,경기,지방,취업·일경험,대상자 지원,0.63,0.0,찾지 못함,,,경기청년 재기격려지원사업,0.642
41600002026300AF,가평형 청년 인턴십 지원사업(2026 기금),경기가평군,경기,지방,취업·일경험,대상자 지원,0.63,0.63,있음,,,청년 면접 지원 사업,0.787
40600002021300B3,청년 창업자 임차료 지원,경기파주시,경기,지방,창업·농어업,대상자 지원,0.63,0.4,있음,,,청년 융합기술 창업지원,0.72
3460000202330067,청년축제,대구수성구,대구,지방,문화·건강,기반·운영,0.63,0.0,찾지 못함,,,청년희망적금,0.52
477000020233013D,전북형 청년활력수당,전북순창군,전북,지방,금융·생활안정,대상자 지원,0.63,0.3,있음,20250113005400210207,전북형 청년활력수당,전북형 청년활력수당,1.12
4970000202630129,사회연대경제 청년 일경험,전남광주영광군,전남,지방,취업·일경험,대상자 지원,0.62,0.0,있음,,,사회연대경제 청년 일경험사업 시범사업(3차),1.037
4930000201830191,청년 일자리카페 운영,전남광주해남군,전남,지방,취업·일경험,기타,0.62,0.62,있음,,,전남 청년 희망 일자리 지원사업,0.834
3000000202430035,자립준비청년 자립 지원,서울종로구,서울,지방,금융·생활안정,대상자 지원,0.62,0.37,있음,,,자립준비청년 자립수당 지원,1.029
56700002022301A0,청년어촌정착지원,경남창원시,경남,지방,창업·농어업,대상자 지원,0.62,0.42,있음,,,청년어업인 정착지원 사업,0.769
5460000202630032,서하다움 청년레지던스플랫폼 운영,경남함양군,경남,지방,정책기반,기타,0.62,0.58,있음,,,청년정보플랫폼 운영,0.703
5600000201730116,대학일자리센터 지원(국가직접지원),경기포천시,경기,지방,취업·일경험,대상자 지원,0.62,0.62,있음,20250729005400211505,대학일자리센터 지원,대학일자리센터 지원,1.12
51000002026300C0,국)사회연대경제청년일경험시범사업,경북영천시,경북,지방,취업·일경험,대상자 지원,0.62,0.03,있음,,,사회연대경제 청년 일경험 시범 지원,0.963
471000020193008C,청년 어촌정착 지원(보조),전북김제시,전북,지방,창업·농어업,대상자 지원,0.62,0.35,있음,,,전북청년 지역정착 지원사업,0.787
35700002026300A8,관외 대학생 주거비 지원,인천강화군,인천,지방,주거,대상자 지원,0.62,0.0,찾지 못함,,,대학생 학자금대출 이자 지원,0.575
5570000202430011,청년정책 업무추진,충북증평군,충북,지방,정책기반,기타,0.62,0.18,찾지 못함,,,충청북도 청년정책조정위원회 운영,0.653
4300000201930088,자립준비청년 자립수당,강원철원군,강원,지방,금융·생활안정,대상자 지원,0.61,0.15,있음,20250618005400211057,자립준비청년 자립수당 지원,자립준비청년 자립수당 지원,1.12
49500002026300C1,사회연대경제 청년 일경험 시범사업,전남광주무안군,전남,지방,취업·일경험,대상자 지원,0.61,0.0,있음,20260810005400213326,사회연대경제 청년 일경험사업 시범사업(3차),사회연대경제 청년 일경험사업 시범사업(3차),1.12
64600002016301D7,청년창업농 육성 (전남),전남광주본청,전남,지방,창업·농어업,대상자 지원,0.61,0.57,있음,,,청년 창업농장 조성,0.92
4830000202430224,청년 활력 지원,전남광주나주시,전남,지방,정책기반,대상자 지원,0.61,0.14,있음,,,청년월세지원,0.787
48800002024301FD,전남 청년 희망 일자리 지원,전남광주고흥군,전남,지방,취업·일경험,대상자 지원,0.61,0.0,있음,20251124005400211937,전남 청년 희망 일자리 지원사업,전남 청년 희망 일자리 지원사업,1.12
318000020203004B,영등포 청년 캠퍼스 추진,서울영등포구,서울,지방,정책기반,기타,0.61,0.42,찾지 못함,,,서울청년문화패스,0.549
3160000202430022,청년 어학 및 국가자격시험 응시료 지원,서울구로구,서울,지방,교육·역량,대상자 지원,0.61,0.57,찾지 못함,,,자립준비청년 자립수당 지원,0.477
3050000201730056,청년일자리 지원사업,서울동대문구,서울,지방,취업·일경험,대상자 지원,0.61,0.4,있음,,,미래 청년 일자리 사업,1.02
3690000202430021,취업준비 청년 꿈이룸 패키지 사업,울산중구,울산,지방,취업·일경험,대상자 지원,0.61,0.45,찾지 못함,,,청년성장지원사업,0.575
56700002025301DD,청년 소규모 스마트팜 조성사업,경남창원시,경남,지방,창업·농어업,기반·운영,0.61,0.0,있음,20250918005400211768,청년 소규모 스마트팜 조성,청년 소규모 스마트팜 조성,1.12
570000020243001D,청년 창업자 임차료 지원사업,경기여주시,경기,지방,창업·농어업,대상자 지원,0.61,0.35,찾지 못함,,,청년 융합기술 창업지원,0.665
553000020243000E,청년 월세 지원,경기화성시,경기,지방,주거,대상자 지원,0.61,0.61,찾지 못함,,,경기청년 역량강화 기회지원,0.691
344000020223001E,청년예술 활성화,대구남구,대구,지방,문화·건강,기타,0.61,0.44,있음,,,청년예술가 육성 지원,0.834
4420000202530154,청년마을 공유주거 운영,충북보은군,충북,지방,주거,대상자 지원,0.61,0.52,찾지 못함,,,충북 청년카페 운영,0.62
42010002026300C2,청년 특화프로그램  사업,강원강릉시,강원,지방,정책기반,기타,0.6,0.56,찾지 못함,,,강원청년센터 운영,0.62
422100020253008F,청년리더 아카데미 운영,강원태백시,강원,지방,교육·역량,기타,0.6,0.3,찾지 못함,,,강원청년센터 운영,0.62
4510000200830192,자립준비청년 자립정착금,충남보령시,충남,지방,금융·생활안정,대상자 지원,0.6,0.15,있음,,,"자립준비청년 자립 지원 (자립수당, 자립정착금, 대학생활안정자금)",1.02
4510000202630021,보령형 지역주도형 청년일자리사업,충남보령시,충남,지방,취업·일경험,기타,0.6,0.1,찾지 못함,,,지역특화형 비자사업,0.62
45400002023301E2,청년주택자금 대출이자 지원사업,충남논산시,충남,지방,주거,대상자 지원,0.6,0.09,찾지 못함,,,청년농 지원사업 홍보,0.642
45400002025300A8,청년농업인 스마트팜 사관학교 운영(도비),충남논산시,충남,지방,창업·농어업,기타,0.6,0.1,있음,,,충남형 스마트팜 사관학교 체계 구축운영,0.787
457000020233019F,자립준비청년 자립정착금 지원,충남부여군,충남,지방,금융·생활안정,대상자 지원,0.6,0.4,있음,,,"자립준비청년 자립 지원 (자립수당, 자립정착금, 대학생활안정자금)",1.02
4610000201730198,자립준비청년자립정착금지원,충남예산군,충남,지방,금융·생활안정,대상자 지원,0.6,0.15,있음,,,"자립준비청년 자립 지원 (자립수당, 자립정착금, 대학생활안정자금)",1.02
4620000202630049,청년월세 지원,충남태안군,충남,지방,주거,대상자 지원,0.6,0.0,있음,,,(국토부) 26년 청년월세 지원사업,0.8
46000002026300F6,청년 정착 지원,충남홍성군,충남,지방,정책기반,대상자 지원,0.6,0.0,있음,,,청년후계농업인 영농정착 지원,0.752
333000020253001B,청년창업자 임차료 지원,부산해운대구,부산,지방,창업·농어업,대상자 지원,0.6,0.53,찾지 못함,,,부산 청년 자산형성 지원(부산청년 기쁨두배통장),0.676
328000020193002A,자립준비청년 자립수당,부산영도구,부산,지방,금융·생활안정,대상자 지원,0.6,0.39,있음,20260430005400212954,부산 자립준비청년 자립수당 지원,부산 자립준비청년 자립수당 지원,1.12
494000020243005D,청년종합소통센터 운영,전남광주영암군,전남,지방,참여·권리,기반·운영,0.6,0.36,찾지 못함,,,청년 희망디딤돌 통장 운영,0.596
4800000202430040,청년어촌정착지원 사업,전남광주목포시,전남,지방,창업·농어업,대상자 지원,0.6,0.5,있음,,,청년어업인 정착지원 사업,0.857
4810000202330169,청년 소상공인 맞춤형 방문 컨설팅,전남광주여수시,전남,지방,정책기반,대상자 지원,0.6,0.6,있음,20260414005400212743,여수시 청년 소상공인 맞춤형 방문 컨설팅 지원사업,여수시 청년 소상공인 맞춤형 방문 컨설팅 지원사업,1.12
4850000201730103,농촌청년 일자리 지원 사업,전남광주담양군,전남,지방,취업·일경험,대상자 지원,0.6,0.46,있음,,,전남 청년 희망 일자리 지원사업,0.938
486000020193006C,보호종료아동 자립정착금 지원 사업,전남광주곡성군,전남,지방,금융·생활안정,대상자 지원,0.6,0.2,찾지 못함,,,정보보호 특성화 대학 지원,0.308
488000020193000E,자립준비청년 자립수당 지원,전남광주고흥군,전남,지방,금융·생활안정,대상자 지원,0.6,0.37,있음,,,자립준비청년 자립수당 지급,0.917
4890000202530016,보성청년 가업승계 정착 지원사업,전남광주보성군,전남,지방,정책기반,대상자 지원,0.6,0.4,찾지 못함,,,청년 취업자 주거비 지원사업,0.658
5860000202630143,지역자원 연계형 청년창업 지원사업(시비),전남광주장흥군,전남,지방,창업·농어업,대상자 지원,0.6,0.0,있음,,,지역자원 연계 청년창업 지원,0.952
4910000201930158,보호종료아동 자립정착금 지원(시비),전남광주장흥군,전남,지방,금융·생활안정,대상자 지원,0.6,0.3,찾지 못함,,,정보보호 특성화 대학 지원,0.333
49600002019300A5,청년 희망디딤돌 통장 사업(보조),전남광주함평군,전남,지방,금융·생활안정,기타,0.6,0.33,있음,20250119005400210340,청년 희망디딤돌 통장 운영,청년 희망디딤돌 통장 운영,1.12
4980000200830336,보호종료아동 자립정착금,전남광주장성군,전남,지방,금융·생활안정,대상자 지원,0.6,0.3,찾지 못함,,,'나의 광주 정착 키트' 2기 참여자 모집,0.287
50100002019300E0,자립준비청년자립수당(보조),전남광주신안군,전남,지방,금융·생활안정,대상자 지원,0.6,0.42,있음,,,자립준비청년 자립수당 지급,0.909
4880000201830028,청년역량 개발 및 소통강화,전남광주고흥군,전남,지방,교육·역량,기타,0.6,0.31,찾지 못함,,,청년 희망디딤돌 통장 운영,0.453
320000020253007B,청년성장프로젝트(청년카페),서울관악구,서울,지방,취업·일경험,기타,0.6,0.48,있음,,,청년성장프로젝트(청년카페),1.0
3030000202630003,대학생 천원의 아침밥 지원,서울성동구,서울,지방,교육·역량,대상자 지원,0.6,0.6,찾지 못함,,,대학생 동아리 사회기여활동 지원,0.48
308000020263008B,강북 청년 더나은 내일 지원 사업,서울강북구,서울,지방,정책기반,대상자 지원,0.6,0.0,찾지 못함,,,청년예술지원사업,0.691
3200000202630089,청년마음건강사업,서울관악구,서울,지방,문화·건강,기타,0.6,0.09,있음,,,청년참여 활성화 및 서울청년참여기구 운영 지원,0.8
307000020193008C,청년공간 길이음 운영,서울성북구,서울,지방,정책기반,기타,0.6,0.32,찾지 못함,,,청년예술청 운영,0.62
369000020193004F,보호종료아동 자립수당,울산중구,울산,지방,금융·생활안정,대상자 지원,0.6,0.37,있음,20250716005400111291,보호종료아동 자립수당,보호종료아동 자립수당,1.12
648000020263007D,청년농업인 영농대행단 육성,경남본청,경남,지방,창업·농어업,기타,0.6,0.6,있음,,,청년농업인 영농정착지원,0.787
5670000202630067,고립・은둔 청년 지원,경남창원시,경남,지방,정책기반,대상자 지원,0.6,0.3,있음,,,고립・은둔 청년 지원 '세상 밖으로 한 걸음',1.02
535000020253001F,대학생 현장실습학기제 활성화 지원,경남김해시,경남,지방,교육·역량,대상자 지원,0.6,0.29,찾지 못함,,,현장실습비 지원,0.665
546000020243000D,청년귀농인지원,경남함양군,경남,지방,창업·농어업,대상자 지원,0.6,0.3,있음,,,청년어업인 귀어 인턴 지원,0.787
54600002026300BD,청년 꿈 제작소 운영(2026년 지방소멸대응기금),경남함양군,경남,지방,정책기반,기타,0.6,0.0,있음,,,청년 영상콘텐츠 제작 운영,0.752
53500002018301DF,청년정책개발,경남김해시,경남,지방,정책기반,기타,0.6,0.1,찾지 못함,,,청년정책네트워크 운영,0.691
531000020263013C,청년창업농 맞춤형 지원,경남진주시,경남,지방,창업·농어업,대상자 지원,0.6,0.0,있음,20250918005400211773,청년 창업농 맞춤형 지원,청년 창업농 맞춤형 지원,1.12
397000020203009B,청년 및 노인 정신건강 치료비 지원(국비),경기과천시,경기,지방,문화·건강,대상자 지원,0.6,0.6,있음,,,청년층 정신건강 서비스 강화,0.756
3940000202230046,고양 청년둥지론,경기고양시,경기,지방,정책기반,기타,0.6,0.26,찾지 못함,,,경기 고립은둔청년 지원,0.653
405000020213004E,청년 희망옷장 운영,경기용인시,경기,지방,정책기반,기타,0.6,0.45,있음,20260313005400212141,청년 희망옷장,청년 희망옷장,1.12
382000020263004F,청년 중개보수 및 이사비 지원(주민참여예산),경기의정부시,경기,지방,주거,대상자 지원,0.6,0.6,찾지 못함,,,경기청년 결혼준비 지원 사업,0.575
414000020263012D,2026 연천 청년 일자리 생성 프로젝트,경기연천군,경기,지방,취업·일경험,기타,0.6,0.43,찾지 못함,,,경기청년 사다리 프로그램,0.575
4080000202430140,청년 문화예술패스 사업,경기안성시,경기,지방,문화·건강,대상자 지원,0.6,0.6,찾지 못함,,,경기청년 해외진출(일본) 사업,0.564
39200002020300BB,청년 및 노인 정신건강증진,경기동두천시,경기,지방,문화·건강,기타,0.6,0.56,찾지 못함,,,청년층 정신건강 서비스 강화,0.691
505000020243023A,청년행복 뉴딜프로젝트,경북경주시,경북,지방,정책기반,기타,0.6,0.6,찾지 못함,,,청년행복 뉴딜프로젝트,0.65
5060000200930798,경북청년예비창업가육성사업(보조),경북김천시,경북,지방,창업·농어업,대상자 지원,0.6,0.6,있음,20250901005400211545,경북청년 예비창업가 육성사업,경북청년 예비창업가 육성사업,1.12
5090000201130037,(도)경북청년예비창업가육성사업,경북영주시,경북,지방,창업·농어업,대상자 지원,0.6,0.6,있음,20250901005400211545,경북청년 예비창업가 육성사업,경북청년 예비창업가 육성사업,1.12
5090000202630059,(국)청년성장프로젝트,경북영주시,경북,지방,취업·일경험,기타,0.6,0.6,있음,,,청년성장프로젝트(청년카페),1.0
5210000202030065,초보청년농부멘토링지원,경북성주군,경북,지방,창업·농어업,대상자 지원,0.6,0.42,찾지 못함,,,청년 신혼부부 월세 지원사업,0.555
348000020253009D,달성청년 자격증 응시료 지원사업,대구달성군,대구,지방,교육·역량,대상자 지원,0.6,0.36,있음,,,대구광역시 청년 국가기술자격시험 응시료 지원,0.741
34800002025300A3,대학생 멘토링 프로그램 사업,대구달성군,대구,지방,교육·역량,기타,0.6,0.6,찾지 못함,,,대구국제대학생캠프,0.582
46400002019301C2,청년면접정장 대여지원 사업,전북전주시,전북,지방,취업·일경험,대상자 지원,0.6,0.3,있음,,,2026년 청년 면접정장 무료대여 지원,1.009
464100020263008E,청년부부 결혼비용 지원사업,전북전주시,전북,지방,금융·생활안정,대상자 지원,0.6,0.29,있음,20260428005400212896,2026년 청년부부 결혼비용 지원사업,2026년 청년부부 결혼비용 지원사업,1.12
47000002022300B3,자립준비청년  자립수당 지원,전북남원시,전북,지방,금융·생활안정,대상자 지원,0.6,0.3,있음,,,자립준비청년 자립수당 지급,0.917
471000020193010F,시군 청년혁신가 예비창업지원(도 직접지원),전북김제시,전북,지방,창업·농어업,대상자 지원,0.6,0.6,있음,20250114005400210215,시군 청년혁신가 예비창업지원,시군 청년혁신가 예비창업지원,1.12
471100020253002C,김제청년 창업 도약 지원사업 '톡톡',전북김제시,전북,지방,창업·농어업,대상자 지원,0.6,0.6,있음,,,청년창업농 영농정착지원사업,0.713
4711000202630010,김제청년 예비창업 도전 지원 사업 ‘힌트’,전북김제시,전북,지방,창업·농어업,대상자 지원,0.6,0.6,찾지 못함,,,청년창업농 영농정착지원사업,0.672
6280000202030137,청년농업인 영농 스타트업 지원,인천본청,인천,지방,창업·농어업,대상자 지원,0.6,0.6,있음,20250718005400211393,청년농업인 영농 스타트업 지원,청년농업인 영농 스타트업 지원,1.12
35600002026304CE,청년성장프로젝트 운영(서구공통),인천서해구,인천,지방,취업·일경험,기타,0.6,0.6,있음,,,청년성장프로젝트(청년카페),1.0
41910002026301FD,청년농업인 창업기반 구축,강원원주시,강원,지방,창업·농어업,대상자 지원,0.59,0.0,찾지 못함,,,청년농업인 육성지원,0.676
42110002026300B3,사회연대경제 청년 일경험 시범사업,강원동해시,강원,지방,취업·일경험,대상자 지원,0.59,0.03,있음,,,사회연대경제 청년 일경험 시범 지원,1.0
42210002026300C5,사회연대경제 청년 일경험 시범사업,강원태백시,강원,지방,취업·일경험,대상자 지원,0.59,0.0,있음,,,사회연대경제 청년 일경험 시범 지원,1.0
42910002026300AC,사회연대경제 청년 일경험 시범사업,강원정선군,강원,지방,취업·일경험,대상자 지원,0.59,0.0,있음,,,사회연대경제 청년 일경험 시범 지원,1.0
45500002026300E4,사회연대경제 청년 일경험 시범사업(국고),충남금산군,충남,지방,취업·일경험,대상자 지원,0.59,0.11,있음,,,사회연대경제 청년 일경험 시범 지원,1.0
6440000202630085,청년예술인 해외 공연,충남본청,충남,지방,문화·건강,기타,0.59,0.59,있음,20260504005400113129,청년예술인 해외 공연,청년예술인 해외 공연,1.12
3400000202530019,청년센터 운영,부산기장군,부산,지방,정책기반,기반·운영,0.59,0.58,있음,,,부산 청년두드림센터 운영,0.92
34000002024300B9,청년어촌정착지원,부산기장군,부산,지방,창업·농어업,대상자 지원,0.59,0.39,있음,,,청년어업인 정착지원 사업,0.769
49000002025301A3,청년월세지원,전남광주화순군,전남,지방,주거,대상자 지원,0.59,0.04,있음,,,청년월세지원,0.92
5000000202230078,청년내일저축계좌(차상위이하),전남광주진도군,전남,지방,금융·생활안정,대상자 지원,0.59,0.45,있음,,,청년내일저축계좌 운영,1.0
499000020253010E,전남 청년 희망 일자리 지원사업,전남광주완도군,전남,지방,취업·일경험,대상자 지원,0.59,0.0,있음,20251124005400211937,전남 청년 희망 일자리 지원사업,전남 청년 희망 일자리 지원사업,1.12
3070000202330048,성북 청년의 날 행사 개최,서울성북구,서울,지방,정책기반,기반·운영,0.59,0.07,찾지 못함,,,서울시 청년해외봉사단 사업,0.495
54700002026300BF,사회연대경제 청년일경험 지원사업,경남거창군,경남,지방,취업·일경험,대상자 지원,0.59,0.0,있음,,,청년 일경험 지원,1.02
38200002026300FA,사회연대경제 청년 일경험 사업,경기의정부시,경기,지방,취업·일경험,대상자 지원,0.59,0.03,있음,,,사회연대경제 청년일경험,1.0
40000002026301A2,사회연대경제 청년 일경험 사업,경기오산시,경기,지방,취업·일경험,대상자 지원,0.59,0.0,있음,,,사회연대경제 청년일경험,1.0
40800002026300F6,사회연대경제 청년 일경험 사업,경기안성시,경기,지방,취업·일경험,대상자 지원,0.59,0.11,있음,,,사회연대경제 청년일경험,1.0
560000020263026D,사회연대경제 청년 일경험 시범사업,경기포천시,경기,지방,취업·일경험,대상자 지원,0.59,0.0,있음,,,사회연대경제 청년 일경험 시범 지원,1.0
40300002026300D8,사회연대경제 청년 일경험 사업,경기의왕시,경기,지방,취업·일경험,대상자 지원,0.59,0.0,있음,,,사회연대경제 청년일경험,1.0
57000002026300EE,사회연대경제 청년 일경험 시범사업,경기여주시,경기,지방,취업·일경험,대상자 지원,0.59,0.0,있음,,,사회연대경제 청년 일경험 시범 지원,1.0
3970000202630099,사회연대경제 청년 일경험 시범사업(국비),경기과천시,경기,지방,취업·일경험,대상자 지원,0.59,0.0,있음,,,사회연대경제 청년 일경험 시범 지원,1.0
416000020223011E,청년월세 한시 특별지원(보조),경기가평군,경기,지방,주거,대상자 지원,0.59,0.15,있음,,,(국토부) 26년 청년월세 지원사업,0.9
3970000202030003,청년정책 지원,경기과천시,경기,지방,정책기반,대상자 지원,0.59,0.54,있음,,,청년농업인 영농정착지원,0.708
505000020243023C,청년 문화예술패스,경북경주시,경북,지방,문화·건강,대상자 지원,0.59,0.59,찾지 못함,,,청년스타트업 지원,0.549
58250002026300F7,사회연대경제청년일경험시범사업,전남광주광산구,광주,지방,취업·일경험,대상자 지원,0.59,0.26,있음,20260810005400213326,사회연대경제 청년 일경험사업 시범사업(3차),사회연대경제 청년 일경험사업 시범사업(3차),1.12
472100020263018A,사회연대경제 청년 일경험 시범사업,전북완주군,전북,지방,취업·일경험,대상자 지원,0.59,0.0,있음,,,사회연대경제 청년 일경험 시범 지원,1.0
47910002026300E8,사회연대경제 청년 일경험 시범사업,전북부안군,전북,지방,취업·일경험,대상자 지원,0.59,0.0,있음,,,사회연대경제 청년 일경험 시범 지원,1.0
47500002022300FC,청년농업인 유치 임대 스마트팜 건립사업,전북장수군,전북,지방,창업·농어업,기반·운영,0.59,0.55,있음,20250718005400211421,청년농업인 유치 임대스마트팜 건립,청년농업인 유치 임대스마트팜 건립,1.12
448000020263002F,청년희망센터 운영,충북단양군,충북,지방,정책기반,기반·운영,0.59,0.06,있음,20250221005400210521,충북청년희망센터 운영,충북청년희망센터 운영,1.12
431000020193001E,보호종료아동 자립수당 지원,강원화천군,강원,지방,금융·생활안정,대상자 지원,0.58,0.29,찾지 못함,,,자립준비청년 자립수당 지원,0.62
307000020253003E,자립준비청년 지원사업,서울성북구,서울,지방,금융·생활안정,대상자 지원,0.58,0.29,있음,,,자립준비청년 자립수당 지원,1.02
31600002017300C7,청년 중소기업 체험 사업,서울구로구,서울,지방,정책기반,기타,0.58,0.29,찾지 못함,,,청년예술지원사업,0.564
54000002020300BA,경남 청년월세 지원,경남함안군,경남,지방,주거,대상자 지원,0.58,0.34,있음,,,청년 월세 지원,0.92
40000002019300A2,청년정책 및 청년활동 지원,경기오산시,경기,지방,정책기반,대상자 지원,0.58,0.41,찾지 못함,,,청년농업인 영농정착지원,0.575
6440000202630098,청년친화형 미래기술허브센터 조성 사업,충남본청,충남,지방,정책기반,기반·운영,0.57,0.57,찾지 못함,,,충청남도 청년센터 운영,0.541
481000020213013E,청년지원센터 활성화 프로그램,전남광주여수시,전남,지방,정책기반,대상자 지원,0.57,0.15,있음,,,전남형 청년공동체 활성화 사업,0.745
489000020243004D,청년농업인 육성 지원,전남광주보성군,전남,지방,창업·농어업,대상자 지원,0.57,0.57,있음,,,학사농업인 육성 지원,0.898
304000020253000A,청년문화생활바우처 지원사업,서울광진구,서울,지방,문화·건강,대상자 지원,0.57,0.14,찾지 못함,,,서울청년문화패스 지원,0.691
306000020183001C,청년지원 프로그램 활성화,서울중랑구,서울,지방,정책기반,대상자 지원,0.57,0.32,있음,,,청년안심주택 공급활성화(임차보증금 무이자지원),0.745
312000020223009E,청년벤처 성장 고도화,서울서대문구,서울,지방,창업·농어업,기타,0.57,0.07,찾지 못함,,,서울청년문화패스,0.52
31100002020300FF,청년참여 활성화 지원사업,서울은평구,서울,지방,참여·권리,대상자 지원,0.57,0.33,있음,,,청년참여 활성화 및 서울청년참여기구 운영 지원,0.9
405000020223021E,경기청년공간 지원 사업,경기용인시,경기,지방,정책기반,대상자 지원,0.57,0.04,있음,,,청년공동체 연구지원 사업,0.857
50700002020300A1,[도]청년근로자사랑채움사업,경북안동시,경북,지방,취업·일경험,기타,0.57,0.57,있음,,,2025 청년근로자 행복카드 지원사업,0.703
50600002020300C0,청년근로자 사랑채움사업(보조),경북김천시,경북,지방,취업·일경험,기타,0.57,0.57,있음,,,청년근로자 내일더하기사업,0.729
5220000202030116,청년근로자 사랑채움사업,경북칠곡군,경북,지방,취업·일경험,기타,0.57,0.57,있음,,,2025 청년근로자 행복카드 지원사업,0.703
429000020193005C,보호종료아동 자립수당,강원정선군,강원,지방,금융·생활안정,대상자 지원,0.56,0.33,찾지 못함,,,자립준비청년 자립수당 지원,0.52
4890000201930112,청년 희망 디딤돌 통장사업,전남광주보성군,전남,지방,금융·생활안정,기타,0.56,0.34,있음,20250119005400210340,청년 희망디딤돌 통장 운영,청년 희망디딤돌 통장 운영,1.12
4910000201830148,청년어업인 영어정착지원(지특),전남광주장흥군,전남,지방,창업·농어업,대상자 지원,0.56,0.56,있음,,,청년어업인 정착지원 사업,0.875
49200002026300A4,사회연대경제 청년 일경험 사업,전남광주강진군,전남,지방,취업·일경험,대상자 지원,0.56,0.06,있음,,,사회연대경제 청년 일경험사업 시범사업(3차),1.037
5000000202230194,지역연계형 청년 창업 지원사업,전남광주진도군,전남,지방,창업·농어업,대상자 지원,0.56,0.0,있음,,,지역자원 연계 청년창업 지원,0.842
4840000202230128,청년공동체 활성화 사업,전남광주광양시,전남,지방,참여·권리,기타,0.56,0.48,있음,,,전남형 청년공동체 활성화 사업,1.072
494000020263006B,청년창업지원센터 위탁운영,전남광주영암군,전남,지방,창업·농어업,대상자 지원,0.56,0.0,있음,,,전남 콘텐츠기업지원센터 운영,0.729
4950000202430053,시군 청년센터 프로그램 운영비 지원,전남광주무안군,전남,지방,정책기반,기반·운영,0.56,0.56,찾지 못함,,,광주청년센터 운영,0.55
3720000202130031,취업 준비청년 일드림 패키지 지원,울산북구,울산,지방,취업·일경험,대상자 지원,0.56,0.45,찾지 못함,,,청년 월세 지원,0.52
54500002024300F3,청년정책운영,경남산청군,경남,지방,정책기반,기타,0.56,0.23,있음,,,매체 활용 청년정책 홍보,0.92
51900002024300F8,청년일자리로컬솔루션프로젝트,경북청도군,경북,지방,취업·일경험,기타,0.56,0.56,있음,20250901005400211549,청년일자리 로컬솔루션  프로젝트,청년일자리 로컬솔루션  프로젝트,1.12
5230000201930004,청년농업인 육성,경북예천군,경북,지방,창업·농어업,기타,0.56,0.47,있음,,,경북청년 예비창업가 육성사업,0.745
5080000201930028,청년정책추진활성화,경북구미시,경북,지방,정책기반,기타,0.56,0.3,찾지 못함,,,청년성장프로젝트,0.52
347000020243000D,달서청년 자격증 응시료 지원사업,대구달서구,대구,지방,교육·역량,대상자 지원,0.56,0.56,있음,20250416005400210710,2025년 달서청년 자격증 응시료 지원사업,2025년 달서청년 자격증 응시료 지원사업,1.12
3620000201930025,청년농업인영농정착지원,전남광주북구,광주,지방,창업·농어업,대상자 지원,0.56,0.29,있음,20260513005400213183,2026년 청년농업인(청년창업형 후계농업경영인) 영농정착지원사업(2차),2026년 청년농업인(청년창업형 후계농업경영인) 영농정착지원사업(2차),1.12
6280000202530235,청년층 자살시도자 치료비 지원사업,인천본청,인천,지방,금융·생활안정,대상자 지원,0.56,0.56,있음,,,청년도전지원사업,0.729
3520000202230139,청년월세 지원사업(만35~39세),인천연수구,인천,지방,주거,대상자 지원,0.56,0.21,있음,,,(연수구) 인천시 청년월세 지원사업,0.92
4470000200731932,청년 근로활동,충북음성군,충북,지방,취업·일경험,기타,0.56,0.43,찾지 못함,,,충북 청년카페 운영,0.52
4290000202030032,청년정책,강원정선군,강원,지방,정책기반,기타,0.55,0.44,찾지 못함,,,강원청년센터 운영,0.62
4180000202330372,청년농업인 정책자금 이차보전 지원,강원춘천시,강원,지방,창업·농어업,대상자 지원,0.55,0.0,있음,20250618005400211056,청년농업인 정책자금 이차보전 지원,청년농업인 정책자금 이차보전 지원,1.12
3290000202630057,2026년 청년성장프로젝트 사업(청년마루 잡업카페),부산부산진구,부산,지방,취업·일경험,기타,0.55,0.44,있음,,,부산 청년잡(JOB) 성장프로젝트,1.061
4880000202030136,청년센터 활성화 지원,전남광주고흥군,전남,지방,정책기반,대상자 지원,0.55,0.15,있음,,,전남형 청년공동체 활성화 사업,0.745
4900000202630008,청년센터 프로그램 운영,전남광주화순군,전남,지방,정책기반,기타,0.55,0.43,찾지 못함,,,2026년 서구 청년축제 「무한도ZONE」,0.62
49600002024300E3,청년센터 운영 지원(보조),전남광주함평군,전남,지방,정책기반,기반·운영,0.55,0.32,있음,,,오프라인 지역 청년지원센터 활성화,0.8
64600002019301BD,자립준비청년(보호종료아동) 자립지원사업(그룹홈  전담인력) (전남),전남광주본청,전남,지방,금융·생활안정,대상자 지원,0.55,0.55,있음,,,청년자립준비지원사업 [해시태그 멘토링],1.029
54600002023301A8,경상남도 청년월세 지원사업,경남함양군,경남,지방,주거,대상자 지원,0.55,0.32,있음,,,청년 월세 지원,0.92
6300000201430058,청년작가전,대전본청,대전,지방,정책기반,기타,0.55,0.18,있음,,,청년도전지원사업,0.787
3650000202530078,자립준비청년 생활비 지원,대전중구,대전,지방,금융·생활안정,대상자 지원,0.55,0.0,찾지 못함,,,청년도전지원사업,0.541
5250000202330295,자립준비청년자립정착금지원,경북울진군,경북,지방,금융·생활안정,대상자 지원,0.55,0.25,있음,20260330005400212328,자립준비청년 자립정착금 지원,자립준비청년 자립정착금 지원,1.12
4640000201830269,지역주도형 청년일자리사업,전북전주시,전북,지방,취업·일경험,기타,0.55,0.23,있음,20250718005400211401,지역주도형 청년일자리사업(시군),지역주도형 청년일자리사업(시군),1.12
46700002019300D2,청년정책추진,전북군산시,전북,지방,정책기반,기타,0.55,0.31,있음,,,전북청년 지역정착 지원사업,0.72
47810002026300B6,청년창업농 스마트팜 단지 지방채 상환,전북고창군,전북,지방,창업·농어업,대상자 지원,0.55,0.41,있음,,,청년창업 스마트팜 패키지 지원,0.81
46000002019300CB,자립준비청년 자립수당 지원,충남홍성군,충남,지방,금융·생활안정,대상자 지원,0.54,0.24,있음,,,"자립준비청년 자립 지원 (자립수당, 자립정착금, 대학생활안정자금)",1.029
4490000201830134,청년정책 추진,충남천안시,충남,지방,정책기반,기타,0.54,0.45,있음,,,충청남도 청년정책 조정위원회 운영,0.92
489000020213003B,청년부부 결혼축하금 지원 사업,전남광주보성군,전남,지방,금융·생활안정,대상자 지원,0.54,0.52,찾지 못함,,,전남 청년 희망 일자리 지원사업,0.62
4920000202130091,시군 청년센터 활성화 지원사업(보조),전남광주강진군,전남,지방,정책기반,대상자 지원,0.54,0.54,있음,,,전남형 청년공동체 활성화 사업,0.703
6110000202230398,대학생 인턴십 운영,서울본청,서울,지방,교육·역량,대상자 지원,0.54,0.25,찾지 못함,,,서울영커리언스 인턴십Ⅰ(여름학기),0.549
541000020193005A,보호종료아동 자립수당,경남창녕군,경남,지방,금융·생활안정,대상자 지원,0.54,0.27,찾지 못함,,,시설 퇴소청소년 자립지원수당,0.381
5480000202330039,체험형 청년 인턴사업,경남합천군,경남,지방,취업·일경험,대상자 지원,0.54,0.11,있음,20251217005400212014,합천군 체험형 청년인턴사업,합천군 체험형 청년인턴사업,1.12
546000020193004E,보호종료아동 자립수당,경남함양군,경남,지방,금융·생활안정,대상자 지원,0.54,0.14,찾지 못함,,,시설 퇴소청소년 자립지원수당,0.381
39700002024300DC,청년농업인 영농정착지원,경기과천시,경기,지방,창업·농어업,대상자 지원,0.54,0.07,있음,20251107005400211815,청년농업인 영농정착지원,청년농업인 영농정착지원,1.12
56000002024300FA,신읍동 청년취창업센터 조성,경기포천시,경기,지방,창업·농어업,기반·운영,0.54,0.01,찾지 못함,,,포천 청년 창업자 임차료 지원,0.52
4170000201930097,자립준비청년 자립수당(보조),경기양평군,경기,지방,금융·생활안정,대상자 지원,0.54,0.25,있음,,,자립준비청년 자립수당 지급,0.909
511000020193005B,[국]보호종료아동자립수당지원,경북상주시,경북,지방,금융·생활안정,대상자 지원,0.54,0.39,찾지 못함,,,자립준비청년 자립수당지원,0.62
46410002026300FC,청년시설 거점공간 개선,전북전주시,전북,지방,정책기반,기반·운영,0.54,0.54,찾지 못함,,,청년공동체 활성화 지원,0.453
46900002019300E0,자립준비청년 자립수당 지원,전북정읍시,전북,지방,금융·생활안정,대상자 지원,0.54,0.21,있음,,,자립준비청년 자립수당 지급,0.917
47300002019300B8,보호종료아동 자립 지원,전북진안군,전북,지방,금융·생활안정,대상자 지원,0.54,0.34,찾지 못함,,,퇴소아동 자립정착금,0.591
479000020123001F,전북형 청년 취업지원사업,전북부안군,전북,지방,취업·일경험,대상자 지원,0.54,0.26,있음,20250113005400210213,전북형 청년취업 지원,전북형 청년취업 지원,1.12
47500002022300C4,대학생 사회체험 프로그램 운영,전북장수군,전북,지방,교육·역량,기타,0.54,0.51,찾지 못함,,,전북대학교 계약학과 운영,0.484
5710000202330431,대학일자리센터 지원사업(국가직접지원),충북청주시,충북,지방,취업·일경험,대상자 지원,0.54,0.54,있음,,,충청북도일자리지원센터 운영,1.02
4400000202530156,청년농업인 영농정착 기반 조성사업,충북제천시,충북,지방,창업·농어업,기반·운영,0.54,0.18,있음,,,청년농업인 스마트팜 기반 조성,0.812
4450000201930072,자립준비청년 자립수당 지원,충북진천군,충북,지방,금융·생활안정,대상자 지원,0.54,0.35,있음,,,자립준비청년 자립수당 지급,1.037
420100020243018C,2026년 청년 문화예술패스 지원(국가직접지원),강원강릉시,강원,지방,문화·건강,대상자 지원,0.53,0.53,있음,,,청년예술인 지원,0.826
4320000201930067,보호종료아동 자립수당 지원,강원양구군,강원,지방,금융·생활안정,대상자 지원,0.53,0.28,찾지 못함,,,자립준비청년 자립수당 지원,0.62
4271000202330229,청년농업인 정책자금 이차보전,강원영월군,강원,지방,창업·농어업,기타,0.53,0.13,있음,20250618005400211056,청년농업인 정책자금 이차보전 지원,청년농업인 정책자금 이차보전 지원,1.12
4590000202330192,청년월세 한시 특별지원 사업,충남청양군,충남,지방,주거,대상자 지원,0.53,0.05,있음,,,(국토부) 26년 청년월세 지원사업,0.9
497000020253000B,대학생 자작자동차 대회,전남광주영광군,전남,지방,교육·역량,기반·운영,0.53,0.53,찾지 못함,,,[전남]2026년 하반기 대학생 학자금 대출이자 지원사업,0.555
48800002022300A1,친환경 농산물 계약재배 청년 농가육성지원,전남광주고흥군,전남,지방,정책기반,대상자 지원,0.53,0.0,있음,20250119005400210342,친환경농산물 계약재배 청년농가 육성,친환경농산물 계약재배 청년농가 육성,1.12
3020000202430014,청년 국가자격증 및 어학시험 응시료 지원,서울용산구,서울,지방,교육·역량,대상자 지원,0.53,0.45,찾지 못함,,,자립준비청년 자립수당 지원,0.465
3910000202330169,청년 문화예술인 문화인턴제 사업,경기평택시,경기,지방,문화·건강,대상자 지원,0.53,0.36,있음,20260313005400212158,2026 청년 문화예술인 문화인턴제 사업(평택시),2026 청년 문화예술인 문화인턴제 사업(평택시),1.12
40900002025301BF,청년성장프로젝트,경기김포시,경기,지방,취업·일경험,기타,0.53,0.4,있음,,,청년성장프로젝트(청년카페),1.0
506000020213005C,청년창업 지역정착 지원사업(보조),경북김천시,경북,지방,창업·농어업,대상자 지원,0.53,0.53,있음,,,2025년 경북 청년창업 지역정착 지원사업,1.0
50800002023303AF,청년창업지역정착지원사업,경북구미시,경북,지방,창업·농어업,대상자 지원,0.53,0.53,있음,,,2025년 경북 청년창업 지역정착 지원사업,1.0
515000020213007C,청년지역정착지원(도비),경북의성군,경북,지방,정책기반,대상자 지원,0.53,0.53,있음,,,청년 지역정착 통합 플랫폼 구축,0.9
517000020213005C,청년창업지역정착지원사업(보조),경북영양군,경북,지방,창업·농어업,대상자 지원,0.53,0.53,있음,,,2025년 경북 청년창업 지역정착 지원사업,1.0
52200002020301EB,청년창업 지역정착 지원사업,경북칠곡군,경북,지방,창업·농어업,대상자 지원,0.53,0.53,있음,,,2025년 경북 청년창업 지역정착 지원사업,1.0
523000020223006D,청년창업 지역정착지원사업,경북예천군,경북,지방,창업·농어업,대상자 지원,0.53,0.53,있음,,,2025년 경북 청년창업 지역정착 지원사업,1.0
52500002021300D5,청년창업 지역정착 지원사업,경북울진군,경북,지방,창업·농어업,대상자 지원,0.53,0.53,있음,,,2025년 경북 청년창업 지역정착 지원사업,1.0
34800002023302CC,군복무 달성청년 상해보험,대구달성군,대구,지방,금융·생활안정,기타,0.53,0.51,찾지 못함,,,대구광역시 청년 국가기술자격시험 응시료 지원,0.37
3450000202530074,청년 창업 특례보증 지원,대구북구,대구,지방,창업·농어업,대상자 지원,0.53,0.22,찾지 못함,,,청년농업인 맞춤 지원,0.646
3460000202330150,청년영상 제작지원,대구수성구,대구,지방,정책기반,대상자 지원,0.53,0.03,찾지 못함,,,청년농업인 영농정착지원사업,0.596
3590000202130042,동구 청년의 집 운영(성인지예산),전남광주동구,광주,지방,정책기반,기타,0.53,0.53,있음,,,광주청년센터 운영,0.787
3550000202330041,청년월세 한시 특별지원(인천형),인천계양구,인천,지방,주거,대상자 지원,0.53,0.2,있음,,,(계양구) 인천시 청년월세 지원사업,0.752
4390000202430137,청년 문화예술패스,충북충주시,충북,지방,문화·건강,대상자 지원,0.53,0.53,찾지 못함,,,충북 청년사회서비스사업단 운영,0.495
435000020193006C,자립준비청년(보호종료아동) 자립수당 지원,강원양양군,강원,지방,금융·생활안정,대상자 지원,0.52,0.26,있음,20250618005400211057,자립준비청년 자립수당 지원,자립준비청년 자립수당 지원,1.12
302000020243000B,청년축제 운영,서울용산구,서울,지방,문화·건강,기반·운영,0.52,0.01,있음,,,청년예술청 운영,0.735
3240000202530013,미취업 청년 어학 및 자격시험 지원 사업,서울강동구,서울,지방,취업·일경험,대상자 지원,0.52,0.46,있음,,,강동구 미취업 청년 어학 및 자격시험 응시료 지원,1.02
40900002025300A7,청년 경영실습 임대농장 관리,경기김포시,경기,지방,주거,대상자 지원,0.52,0.37,찾지 못함,,,청년농업인 영농정착지원,0.501
477000020213005B,전북 청년지역정착 지원사업,전북순창군,전북,지방,정책기반,대상자 지원,0.52,0.35,있음,20250113005400210206,전북청년 지역정착 지원사업,전북청년 지역정착 지원사업,1.12
4740000202230081,청년내일저축계좌,전북무주군,전북,지방,금융·생활안정,대상자 지원,0.52,0.4,있음,,,청년내일저축계좌 지원,1.0
4201000202530085,청년교류 지원사업,강원강릉시,강원,지방,참여·권리,대상자 지원,0.51,0.06,찾지 못함,,,2025년 청년 디딤돌 2배 적금 지원사업,0.691
4281000202430011,청년지원센터 운영,강원평창군,강원,지방,정책기반,기반·운영,0.51,0.21,있음,,,강원청년센터 운영,0.92
568000020253013D,청년농촌보금자리조성사업,충남당진시,충남,지방,창업·농어업,기반·운영,0.51,0.0,있음,20251211005400211971,청년 농촌보금자리 조성사업,청년 농촌보금자리 조성사업,1.12
3310000202430031,청년기금,부산남구,부산,지방,정책기반,기타,0.51,0.13,있음,,,부산 청년 프로그램 지원,0.787
3340000202430085,자립준비청년 자립수당 지원(구비),부산사하구,부산,지방,금융·생활안정,대상자 지원,0.51,0.31,있음,20260430005400212954,부산 자립준비청년 자립수당 지원,부산 자립준비청년 자립수당 지원,1.12
488000020233015B,지역연계형 청년 창업 지원,전남광주고흥군,전남,지방,창업·농어업,대상자 지원,0.51,0.0,있음,,,지역자원 연계 청년창업 지원,0.87
4950000202230075,지역주도형 청년일자리사업(광역),전남광주무안군,전남,지방,취업·일경험,기타,0.51,0.51,있음,,,광주형 청년일자리 공제(추가모집_마감),0.787
4910000201930035,지역출신 청년 아르바이트 사업,전남광주장흥군,전남,지방,정책기반,기타,0.51,0.51,찾지 못함,,,청년농업인 스타트업(초기창업) 지원사업,0.505
4910000201930148,청년 희망 디딤돌 통장사업(도비),전남광주장흥군,전남,지방,금융·생활안정,기타,0.51,0.32,있음,20250119005400210340,청년 희망디딤돌 통장 운영,청년 희망디딤돌 통장 운영,1.12
4970000202430031,청년월세지원(보조),전남광주영광군,전남,지방,주거,대상자 지원,0.51,0.18,있음,,,청년월세지원,0.92
490000020263000F,전남 청년 희망 일자리 지원,전남광주화순군,전남,지방,취업·일경험,대상자 지원,0.51,0.0,있음,20251124005400211937,전남 청년 희망 일자리 지원사업,전남 청년 희망 일자리 지원사업,1.12
4970000202330181,지역 연계형 청년창업 지원,전남광주영광군,전남,지방,창업·농어업,대상자 지원,0.51,0.0,있음,,,지역자원 연계 청년창업 지원,0.87
4900000202630011,지역자원 연계 청년 창업 지원사업,전남광주화순군,전남,지방,창업·농어업,대상자 지원,0.51,0.0,있음,,,지역자원 연계 청년창업 지원,1.0
3170000202630075,청년 네트워크 운영,서울금천구,서울,지방,참여·권리,기반·운영,0.51,0.23,있음,,,2026년 서울청년정책네트워크 하반기 모집,0.752
4170000202430047,청소년대상 대학생 멘토링 아르바이트,경기양평군,경기,지방,교육·역량,기타,0.51,0.51,찾지 못함,,,2026년 상반기 경기도 대학생 학자금 대출이자 지원,0.465
39800002024300CD,청년 문화예술패스,경기구리시,경기,지방,문화·건강,대상자 지원,0.51,0.51,찾지 못함,,,청년 융합기술 창업지원,0.495
4030000202330135,청년 구직활동지원금 지급 사업,경기의왕시,경기,지방,취업·일경험,대상자 지원,0.51,0.27,있음,,,청년공동체 연구지원 사업,0.703
570000020243002B,청년 주택임차보증금 이자 지원 사업,경기여주시,경기,지방,주거,대상자 지원,0.51,0.01,찾지 못함,,,자립준비청년 주거비 지원사업,0.62
3820000202130082,청년일자리 플랫폼 구축 사업,경기의정부시,경기,지방,취업·일경험,기타,0.51,0.43,찾지 못함,,,경기청년 일자리 매치업 플러스,0.691
3900000202530131,청년공간(청년동) 프로그램 운영(생활밀착형) 지원,경기광명시,경기,지방,금융·생활안정,대상자 지원,0.51,0.51,찾지 못함,,,경기청년 사다리 프로그램,0.691
5070000202430149,[도]청년 문화예술 패스[국가직접지원],경북안동시,경북,지방,문화·건강,대상자 지원,0.51,0.51,찾지 못함,,,청년스타트업 지원,0.549
515000020263009D,청년성장프로젝트(국비),경북의성군,경북,지방,취업·일경험,기타,0.51,0.51,있음,,,청년성장프로젝트(청년카페),1.0
474000020233017A,전북형 청년활력수당,전북무주군,전북,지방,금융·생활안정,대상자 지원,0.51,0.19,있음,20250113005400210207,전북형 청년활력수당,전북형 청년활력수당,1.12
3550000202330195,청년 자격증 응시료 지원사업,인천계양구,인천,지방,교육·역량,대상자 지원,0.51,0.51,있음,20260406005400212440,(계양구) 청년 자격증 응시료 지원,(계양구) 청년 자격증 응시료 지원,1.12
41800002020301C1,청년농업인 영농창업기반 조성,강원춘천시,강원,지방,창업·농어업,기반·운영,0.5,0.25,있음,20250501005400210758,청년농업인 영농창업기반 조성,청년농업인 영농창업기반 조성,1.12
419100020263012B,청년리더 아카데미,강원원주시,강원,지방,교육·역량,기타,0.5,0.0,있음,,,(원주시) 청년 창업아카데미,0.87
4201000202430135,청년농업인 정책자금 이차보전,강원강릉시,강원,지방,창업·농어업,기타,0.5,0.0,있음,20250618005400211056,청년농업인 정책자금 이차보전 지원,청년농업인 정책자금 이차보전 지원,1.12
43010002023301AA,청년농업인 정책자금 이차보전 지원,강원철원군,강원,지방,창업·농어업,대상자 지원,0.5,0.49,있음,20250618005400211056,청년농업인 정책자금 이차보전 지원,청년농업인 정책자금 이차보전 지원,1.12
4331000202630074,인제군 청년월세 확대 지원사업[자체],강원인제군,강원,지방,주거,대상자 지원,0.5,0.0,찾지 못함,,,2025년 청년 디딤돌 2배 적금 지원사업,0.582
4530000201630057,자립준비청년 자립정착금 지원,충남서산시,충남,지방,금융·생활안정,대상자 지원,0.5,0.4,있음,,,"자립준비청년 자립 지원 (자립수당, 자립정착금, 대학생활안정자금)",1.02
45400002013300C6,청년농업인 영농정착 기반조성 지원(도비),충남논산시,충남,지방,창업·농어업,기반·운영,0.5,0.4,있음,,,청년농업인 안정정착 기반조성,0.966
4550000202430063,선도 청년농업인 정예화 성장 지원(도비),충남금산군,충남,지방,창업·농어업,대상자 지원,0.5,0.5,있음,,,청년농업인 안정정착 기반조성,0.92
4610000202430092,선도 청년농업인 정예화 성장 지원사업,충남예산군,충남,지방,창업·농어업,대상자 지원,0.5,0.0,있음,,,청년농업인 안정정착 기반조성,0.92
460000020243011A,선도 청년농업인 정예화 성장지원(도비),충남홍성군,충남,지방,창업·농어업,대상자 지원,0.5,0.0,있음,,,청년농업인 안정정착 기반조성,0.92
46200002026300E6,선도 청년농업인 정예화 성장 지원,충남태안군,충남,지방,창업·농어업,대상자 지원,0.5,0.5,있음,,,청년농업인 안정정착 기반조성,0.92
62600002026301D0,위기아동·청년 지원 전담조직 운영,부산본청,부산,지방,정책기반,대상자 지원,0.5,0.42,찾지 못함,,,부산 청년도전 지원사업,0.549
3290000202430030,도심형 청년 창업주거 복합공간 조성,부산부산진구,부산,지방,창업·농어업,기반·운영,0.5,0.5,찾지 못함,,,부산진구 청년주간 운영,0.541
3290000202630070,청년 취업플렉스(구군 맞춤형 일자리창출 지원사업),부산부산진구,부산,지방,취업·일경험,대상자 지원,0.5,0.14,찾지 못함,,,부산진구 청년취업매니저,0.691
481000020173000E,청년 정책 추진,전남광주여수시,전남,지방,정책기반,기타,0.5,0.27,있음,,,청년정책 서포터즈 2기,0.92
6460000202630001,청년단체 육성 지원 (전남),전남광주본청,전남,지방,참여·권리,대상자 지원,0.5,0.1,있음,,,청년 글로벌셀러 육성 지원,0.752
484000020233026F,자립준비청년(보호종료아동) 자립정착금 지원,전남광주광양시,전남,지방,금융·생활안정,대상자 지원,0.5,0.25,찾지 못함,,,자립준비청년 자립정착금,0.65
4880000201730023,자립준비청년 자립정착금 지원,전남광주고흥군,전남,지방,금융·생활안정,대상자 지원,0.5,0.3,찾지 못함,,,자립준비청년 자립정착금,0.65
49200002019300BC,보호종료아동 자립정착금 지원,전남광주강진군,전남,지방,금융·생활안정,대상자 지원,0.5,0.25,찾지 못함,,,가업승계 청년 정착기반 지원사업,0.416
4940000202330001,보호종료아동 자립정착금 지원,전남광주영암군,전남,지방,금융·생활안정,대상자 지원,0.5,0.25,찾지 못함,,,정보보호 특성화 대학 지원,0.333
4940000202330126,영암군 대학생전입장려금,전남광주영암군,전남,지방,교육·역량,대상자 지원,0.5,0.41,찾지 못함,,,영암군 결혼장려금 지원,0.582
4940000202330288,전남형 청년마을 조성사업,전남광주영암군,전남,지방,참여·권리,기반·운영,0.5,0.5,있음,20251124005400211941,전남형 청년마을 조성사업,전남형 청년마을 조성사업,1.12
650000020263016B,청년 취업 활성화(성인지예산),제주본청,제주,지방,취업·일경험,대상자 지원,0.5,0.5,있음,,,청년 공동체 활성화 사업,0.787
304000020203009B,청년정책 거버넌스 운영,서울광진구,서울,지방,참여·권리,기타,0.5,0.36,찾지 못함,,,청년예술청 운영,0.591
611000020253058B,로컬청년성장허브,서울본청,서울,지방,정책기반,기타,0.5,0.5,찾지 못함,,,로컬크리에이터 양성(로컬인서울),0.473
6110000202630065,청년정책 대학생 협의체 운영,서울본청,서울,지방,교육·역량,기반·운영,0.5,0.34,찾지 못함,,,청년예술청 운영,0.541
302000020183009C,청년정책 기반사업 운영,서울용산구,서울,지방,정책기반,기타,0.5,0.16,찾지 못함,,,2026년 서울청년정책네트워크 하반기 모집,0.646
3190000202630053,시니어-자립준비청년 동행 편의점(시비보조),서울동작구,서울,지방,금융·생활안정,기타,0.5,0.01,찾지 못함,,,자립준비청년 자립수당 지원,0.62
3730000202530092,울주군 청년센터 행사 운영,울산울주군,울산,지방,정책기반,기반·운영,0.5,0.0,있음,,,울산광역시 청년지원센터 운영,1.02
540000020233012F,모다드림 청년통장 지원,경남함안군,경남,지방,금융·생활안정,대상자 지원,0.5,0.5,있음,20250916005400211693,모다드림 청년통장 지원,모다드림 청년통장 지원,1.12
5670000202630068,프로스포츠 청년인턴십 지원사업,경남창원시,경남,지방,취업·일경험,대상자 지원,0.5,0.19,찾지 못함,,,창원형 청년꿈터 지원사업,0.642
53100002018300DD,대학일자리플러스센터 운영(국가직접지원사업),경남진주시,경남,지방,취업·일경험,기반·운영,0.5,0.5,찾지 못함,,,,
53100002023303A7,청년의 날 행사추진,경남진주시,경남,지방,정책기반,기반·운영,0.5,0.06,찾지 못함,,,청년 월세 지원,0.52
6480000202230329,자립준비청년 자립프로그램 운영 지원,경남본청,경남,지방,금융·생활안정,대상자 지원,0.5,0.4,있음,20250916005400211696,자립준비청년 자립프로그램 운영,자립준비청년 자립프로그램 운영,1.12
5430000202630032,남해군 청년정책 기본계획,경남남해군,경남,지방,정책기반,기타,0.5,0.47,찾지 못함,,,청년정책네트워크 운영,0.62
543000020263004F,청년농업인 특화성장 지원,경남남해군,경남,지방,창업·농어업,대상자 지원,0.5,0.5,있음,,,청년농업인 영농정착지원,0.82
4080000202330449,청년 역량강화 기회지원,경기안성시,경기,지방,교육·역량,대상자 지원,0.5,0.24,있음,20251107005400211812,경기청년 역량강화 기회지원,경기청년 역량강화 기회지원,1.12
64100002022303F1,청년중독관리사업(국비/지원),경기본청,경기,지방,문화·건강,대상자 지원,0.5,0.35,있음,20250623005400111118,청년중독관리사업,청년중독관리사업,1.12
3780000202630064,성남시 고립·은둔 청년 실태조사,경기성남시,경기,지방,정책기반,기반·운영,0.5,0.0,있음,,,경기 고립은둔청년 지원,1.02
3740000202630057,대학생 연계사업,경기수원시,경기,지방,교육·역량,기타,0.5,0.06,찾지 못함,,,대학기숙사 확충,0.549
3940000202430043,보호종료아동 자립정착금,경기고양시,경기,지방,금융·생활안정,대상자 지원,0.5,0.5,찾지 못함,,,청년 노동자 통장 운영,0.342
4050000202530015,사회적 고립청년 지원,경기용인시,경기,지방,정책기반,대상자 지원,0.5,0.24,있음,,,경기 고립은둔청년 지원,0.826
553000020223006F,청년주간 운영,경기화성시,경기,지방,정책기반,기타,0.5,0.0,찾지 못함,,,경기도 청년참여기구 운영,0.691
382000020263004A,의정부시 생애최초 청년예술인 지원사업(주민참여예산),경기의정부시,경기,지방,문화·건강,대상자 지원,0.5,0.5,찾지 못함,,,경기청년 재기격려지원사업,0.564
38200002026300C9,청년성장프로젝트(청년카페),경기의정부시,경기,지방,취업·일경험,기타,0.5,0.36,있음,,,청년성장프로젝트(청년카페),1.0
4010000200830481,자립준비청년 자립지원정착금 지원,경기시흥시,경기,지방,금융·생활안정,대상자 지원,0.5,0.25,있음,,,자립준비청년 주거비 지원사업,0.72
391000020243005A,청년 우수창업자 지원사업 운영,경기평택시,경기,지방,창업·농어업,대상자 지원,0.5,0.4,있음,,,2026년 평택시 우수초기창업자 지원사업 운영,0.966
406000020223001C,청년 희망축제,경기파주시,경기,지방,문화·건강,기반·운영,0.5,0.13,찾지 못함,,,청년농업인 경쟁력제고 사업,0.495
3900000202630180,청년공간 조성,경기광명시,경기,지방,정책기반,기반·운영,0.5,0.0,찾지 못함,,,청년공동체 연구지원 사업,0.582
390000020203003B,광명 청년의 날,경기광명시,경기,지방,정책기반,기타,0.5,0.01,찾지 못함,,,경기청년 사다리 프로그램,0.564
40000002012300C1,퇴소 및 보호종료아동 자립정착금(도비),경기오산시,경기,지방,금융·생활안정,대상자 지원,0.5,0.3,찾지 못함,,,청년 노동자 통장 운영,0.31
400000020173009D,대학일자리센터 운영,경기오산시,경기,지방,취업·일경험,기반·운영,0.5,0.5,있음,20250729005400211505,대학일자리센터 지원,대학일자리센터 지원,1.12
4080000202530060,안성시 청년축제,경기안성시,경기,지방,문화·건강,기반·운영,0.5,0.0,찾지 못함,,,경기청년 사다리 프로그램,0.564
4140000202530013,청년농업인 맞춤형 지원 사업,경기연천군,경기,지방,창업·농어업,대상자 지원,0.5,0.0,있음,,,청년농업인 영농정착지원,0.729
4170000202430008,양평청년  청년인턴십 지원 사업,경기양평군,경기,지방,취업·일경험,대상자 지원,0.5,0.15,찾지 못함,,,경기청년 재기격려지원사업,0.691
4030000202030095,대학생 아르바이트 운영,경기의왕시,경기,지방,교육·역량,기타,0.5,0.47,찾지 못함,,,대학생 천원의 아침밥,0.591
3640000202530081,청년공간 운영지원(시비),대전동구,대전,지방,정책기반,기반·운영,0.5,0.5,찾지 못함,,,청년도전지원사업,0.62
630000020263006A,청년만남지원사업,대전본청,대전,지방,참여·권리,대상자 지원,0.5,0.5,있음,,,청년도전지원사업,0.87
5050000202430010,청년 이사비 지원사업,경북경주시,경북,지방,주거,대상자 지원,0.5,0.3,있음,,,2025년 청년도전 지원사업,0.826
5050000202430231,청년 신혼부부 월세 지원사업,경북경주시,경북,지방,주거,대상자 지원,0.5,0.41,있음,20250827005400211525,청년 신혼부부 월세 지원사업,청년 신혼부부 월세 지원사업,1.12
5080000202630094,청년정책온라인플랫폼구축,경북구미시,경북,지방,정책기반,기타,0.5,0.2,찾지 못함,,,청년농부 창농기반 구축,0.484
509000020243014A,(도)대학일자리플러스센터지원(국가직접지원),경북영주시,경북,지방,취업·일경험,대상자 지원,0.5,0.5,있음,,,대학일자리플러스센터 지원,0.92
507000020263015D,청년 창업 도약 프로그램,경북안동시,경북,지방,창업·농어업,대상자 지원,0.5,0.5,있음,,,2025년 청년도전 지원사업,0.72
5110000201930003,청년 농업인 육성,경북상주시,경북,지방,창업·농어업,기타,0.5,0.07,있음,,,경북청년 예비창업가 육성사업,0.745
5120000202330071,[소멸대응]청년 거버넌스 운영(경북에서 가치살자),경북문경시,경북,지방,참여·권리,기타,0.5,0.5,찾지 못함,,,청년스타트업 지원,0.62
507000020173013A,[도]대학일자리센터지원,경북안동시,경북,지방,취업·일경험,대상자 지원,0.5,0.5,찾지 못함,,,경북 산촌어촌 청년일자리사업,0.495
5100000202630019,청년활력거점조성사업마스터플랜용역,경북영천시,경북,지방,정책기반,기반·운영,0.5,0.0,찾지 못함,,,경북청년 예비창업가 육성사업,0.477
5150000202530055,청년행복뉴딜프로젝트(도비),경북의성군,경북,지방,정책기반,기타,0.5,0.5,있음,20250721005400211470,청년행복 뉴딜프로젝트,청년행복 뉴딜프로젝트,1.12
521000020263000C,청년뉴딜프로젝트,경북성주군,경북,지방,정책기반,기타,0.5,0.5,찾지 못함,,,청년스타트업 지원,0.549
522000020233028E,청년행복 뉴딜프로젝트,경북칠곡군,경북,지방,정책기반,기타,0.5,0.5,있음,20250721005400211470,청년행복 뉴딜프로젝트,청년행복 뉴딜프로젝트,1.12
522000020243021C,청년신혼부부 월세지원사업,경북칠곡군,경북,지방,주거,대상자 지원,0.5,0.18,있음,20250827005400211525,청년 신혼부부 월세 지원사업,청년 신혼부부 월세 지원사업,1.12
52300002017300FE,청년농부육성지원,경북예천군,경북,지방,창업·농어업,대상자 지원,0.5,0.5,있음,,,청년한부모 자녀양육비 지원,0.72
5200000202430007,청년 문화예술 지원,경북고령군,경북,지방,문화·건강,대상자 지원,0.5,0.5,찾지 못함,,,2025년 청년도전 지원사업,0.62
627000020183019C,청년 농업인 맞춤 지원,대구본청,대구,지방,창업·농어업,대상자 지원,0.5,0.5,있음,20250724005400211490,청년농업인 맞춤 지원,청년농업인 맞춤 지원,1.12
3420000202530066,청년 창업기업 사무실 임차료 지원사업,대구동구,대구,지방,창업·농어업,대상자 지원,0.5,0.5,찾지 못함,,,대구형 청년희망주택 임대료 지원 사업,0.653
51400002021300A4,청년공유 문화금고 운영,대구군위군,대구,지방,문화·건강,기타,0.5,0.5,찾지 못함,,,청년문화예술패스,0.62
346000020263001D,청년친화도시 조성,대구수성구,대구,지방,정책기반,기반·운영,0.5,0.0,찾지 못함,,,청년 정착 워라밸 기업문화 조성,0.596
654000020263006B,세계 청년 전북 대회,전북본청,전북,지방,정책기반,기반·운영,0.5,0.5,찾지 못함,,,전북형 청년취업 지원,0.484
467000020203007E,청년농업인 영농활동 기반조성 사업(전환사업),전북군산시,전북,지방,창업·농어업,기반·운영,0.5,0.5,있음,,,청년창업농 영농기반 임차지원,0.703
4681000202530043,청년창업 판로개척 프로그램(지방소멸대응기금 2026년),전북익산시,전북,지방,창업·농어업,대상자 지원,0.5,0.0,있음,,,청년 취업 역량 강화 프로그램 운영,0.703
4681000202630039,전입 청년 부동산 중개보수비 및 이사비 지원,전북익산시,전북,지방,주거,대상자 지원,0.5,0.5,찾지 못함,,,전입 청년 웰컴박스 지원사업,0.52
4700000202330267,전북 청년 생생아이디어 지원사업,전북남원시,전북,지방,정책기반,대상자 지원,0.5,0.25,있음,20250113005400210208,전북청년 생생 아이디어 지원,전북청년 생생 아이디어 지원,1.12
470100020263006B,청년부부 결혼비용 지원사업,전북남원시,전북,지방,금융·생활안정,대상자 지원,0.5,0.25,찾지 못함,,,전북청년 지역정착 지원사업,0.665
4701000202630142,2026년 전북형 청년 한달살이 지원사업,전북남원시,전북,지방,정책기반,대상자 지원,0.5,0.0,찾지 못함,,,전북청년 지역정착 지원사업,0.691
4710000201730122,청년농업인 영농활동 기반조성 사업(전환사업)(보조),전북김제시,전북,지방,창업·농어업,기반·운영,0.5,0.5,있음,,,청년창업농 영농기반 임차지원,0.703
4721000202630127,전북 청년 생생아이디어 지원사업,전북완주군,전북,지방,정책기반,대상자 지원,0.5,0.25,있음,20250113005400210208,전북청년 생생 아이디어 지원,전북청년 생생 아이디어 지원,1.12
47500002017300E7,지역활력화 작목 기반조성(청년농업인 영농활동 기반조성 사업)(균특이양)(전환사업),전북장수군,전북,지방,창업·농어업,기반·운영,0.5,0.5,찾지 못함,,,지역문화예술육성지원사업,0.541
47500002023301A3,청년ㆍ신혼부부 주거비 지원,전북장수군,전북,지방,주거,대상자 지원,0.5,0.31,있음,20250716005400211305,청년·신혼부부 주거비 지원사업,청년·신혼부부 주거비 지원사업,1.12
4761000202630044,청년부부 결혼비용 지원사업,전북임실군,전북,지방,금융·생활안정,대상자 지원,0.5,0.0,찾지 못함,,,전북청년 지역정착 지원사업,0.665
470000020113015B,청년 취업 지원사업,전북남원시,전북,지방,취업·일경험,대상자 지원,0.5,0.26,있음,,,전북 청년 취업 지원 패키지,0.92
3520000202130021,청년정책 활성화 지원,인천연수구,인천,지방,정책기반,대상자 지원,0.5,0.24,있음,,,청년문화 활성화 사업,0.834
35600002026301AD,자립준비청년 자립수당 지급(검단),인천서해구,인천,지방,금융·생활안정,대상자 지원,0.5,0.34,있음,,,자립준비청년 자립수당 지급,1.0
3560000202330036,자립준비청년 자립정착금 지원(서구),인천서해구,인천,지방,금융·생활안정,대상자 지원,0.5,0.4,찾지 못함,,,자립준비청년 자립정착금 지원,0.65
35600002026301B4,자립준비청년 자립정착금 지원,인천검단구,인천,지방,금융·생활안정,대상자 지원,0.5,0.1,있음,20250718005400211453,자립준비청년 자립정착금 지원,자립준비청년 자립정착금 지원,1.12
3570000202330129,자립준비청년 자립정착금 지원(보조),인천강화군,인천,지방,금융·생활안정,대상자 지원,0.5,0.5,있음,20250718005400211453,자립준비청년 자립정착금 지원,자립준비청년 자립정착금 지원,1.12
6430000202630226,청년 주도형 지역관광 활성화(고향사랑기금),충북본청,충북,지방,정책기반,기타,0.5,0.5,찾지 못함,,,신 취약청년(가족돌봄·고립은둔) 지원사업,0.406
4460000202430025,청년농업인 자립기반구축 지원,충북괴산군,충북,지방,창업·농어업,대상자 지원,0.5,0.5,있음,,,청년농업인 스마트팜 기반 조성,0.703
6440000202330038,온라인 청년 플랫폼 운영,충남본청,충남,지방,정책기반,기타,0.49,0.0,있음,,,충남 청년포털 유지보수,0.92
3180000202530020,청년 참여형 교류 소통 행사 운영,서울영등포구,서울,지방,참여·권리,기반·운영,0.49,0.11,찾지 못함,,,청년예술청 운영,0.52
5420000202230177,고성 취업청년 생활지원사업,경남고성군,경남,지방,금융·생활안정,대상자 지원,0.49,0.26,찾지 못함,,,중소기업 청년 활력,0.691
6300000201530077,대전청년유니브연극제,대전본청,대전,지방,정책기반,기타,0.49,0.49,찾지 못함,,,청년도전지원사업,0.453
4641000202630116,전북청년 1인 소상공인·농어업인 출산급여 지원,전북전주시,전북,지방,창업·농어업,대상자 지원,0.49,0.4,찾지 못함,,,전북형 청년취업 지원,0.52
5710000201630095,대학생 학자금 대출이자 지원,충북청주시,충북,지방,교육·역량,대상자 지원,0.49,0.49,있음,,,대학생 학자금 이자 지원,1.029
4330000201930025,보호종료아동 자립수당 지원[국비],강원인제군,강원,지방,금융·생활안정,대상자 지원,0.48,0.33,찾지 못함,,,자립준비청년 자립수당 지원,0.62
42000002013300DE,보호아동 대학생활안정금 지원,강원강릉시,강원,지방,교육·역량,대상자 지원,0.48,0.2,찾지 못함,,,대학생 행정체험연수 운영,0.564
4220000201830092,청년농업인 영농정착금 지원,강원태백시,강원,지방,창업·농어업,대상자 지원,0.48,0.35,있음,,,청년농업인 영농정착 지원,1.077
4300000202230093,청년월세 한시 특별지원사업,강원철원군,강원,지방,주거,대상자 지원,0.48,0.28,있음,,,청년월세 한시 특별지원,1.0
64600002022302E9,청년 농촌봉사 문화캠프 운영 (전남),전남광주본청,전남,지방,문화·건강,기타,0.48,0.24,찾지 못함,,,광주청년센터 운영,0.564
4800000202030022,청년 취업자 주거비 지원 사업,전남광주목포시,전남,지방,주거,대상자 지원,0.48,0.21,있음,20251124005400211940,청년 취업자 주거비 지원사업,청년 취업자 주거비 지원사업,1.12
4950000202430055,청년 취업자 주거비 지원사업,전남광주무안군,전남,지방,주거,대상자 지원,0.48,0.23,있음,20251124005400211940,청년 취업자 주거비 지원사업,청년 취업자 주거비 지원사업,1.12
50000002023301E6,청년농업인 맞춤형 패키지 지원사업,전남광주진도군,전남,지방,창업·농어업,대상자 지원,0.48,0.36,있음,,,청년농업인 스타트업(초기창업) 지원사업,0.763
31400002021300BC,청년 참여 활성화 지원사업,서울양천구,서울,지방,참여·권리,대상자 지원,0.48,0.32,있음,,,청년참여 활성화 및 서울청년참여기구 운영 지원,0.9
3720000201930049,자립준비청년 자립수당,울산북구,울산,지방,금융·생활안정,대상자 지원,0.48,0.24,있음,,,자립준비청년 자립수당 지급,0.909
53400002019300BF,청년 농업인 취농직불제,경남사천시,경남,지방,창업·농어업,기타,0.48,0.48,있음,20250918005400211769,청년농업인 취농직불제,청년농업인 취농직불제,1.12
54100002022300AC,청년월세 지원사업(국토부),경남창녕군,경남,지방,주거,대상자 지원,0.48,0.09,있음,,,청년 월세 지원,0.92
5420000202630033,고성 로컬브랜딩 청년창업 점프업 지원사업,경남고성군,경남,지방,창업·농어업,대상자 지원,0.48,0.48,찾지 못함,,,청년 창업농 맞춤형 지원,0.582
54500002021300BC,청년농업인 취농직불제,경남산청군,경남,지방,창업·농어업,기타,0.48,0.48,있음,20250918005400211769,청년농업인 취농직불제,청년농업인 취농직불제,1.12
5480000201930097,자립준비청년 자립수당 지원,경남합천군,경남,지방,금융·생활안정,대상자 지원,0.48,0.17,있음,,,자립준비청년 자립프로그램 운영,1.02
4030000202330126,"청년 역량강화 기회 지원사업(어학,자격시험 응시료 지원)",경기의왕시,경기,지방,교육·역량,대상자 지원,0.48,0.34,있음,20251107005400211812,경기청년 역량강화 기회지원,경기청년 역량강화 기회지원,1.12
39000002019300C4,청년정책 추진,경기광명시,경기,지방,정책기반,기타,0.48,0.43,찾지 못함,,,청년농업인 영농정착지원,0.582
5110000202630073,[도]청년농산업디자인지원,경북상주시,경북,지방,창업·농어업,대상자 지원,0.48,0.0,찾지 못함,,,청년스타트업 지원,0.676
50700002014300C0,[도]경북농어업청년리더양성,경북안동시,경북,지방,정책기반,기타,0.48,0.24,찾지 못함,,,경북 산촌어촌 청년일자리사업,0.564
628000020263019C,청년재단 설립 및 청년기금 조성 타당성 연구,인천본청,인천,지방,정책기반,기반·운영,0.48,0.33,찾지 못함,,,청년의 날 및 청년주간 운영,0.49
4190000202330099,청년참여활동 지원,강원원주시,강원,지방,참여·권리,대상자 지원,0.47,0.1,있음,,,청년 동아리 활동비 지원(상반기),0.787
3250000202430039,중구 청년복합공간 조성 및 운영(전환사업),부산중구,부산,지방,정책기반,기반·운영,0.47,0.32,찾지 못함,,,부산 청년공간 오름라운지 운영,0.62
338000020253006A,동네 청년활동공간 활성화 지원(보조사업),부산수영구,부산,지방,정책기반,대상자 지원,0.47,0.25,있음,20260406005400212424,부산 동네 청년활동공간 활성화 지원,부산 동네 청년활동공간 활성화 지원,1.12
4960000202630003,청년 활동지원,전남광주함평군,전남,지방,정책기반,대상자 지원,0.47,0.09,있음,,,청년월세지원,0.787
4850000202230138,청년 월세 한시 특별지원,전남광주담양군,전남,지방,주거,대상자 지원,0.47,0.06,있음,,,청년월세지원,1.02
48500002024300FD,전남 청년 희망 일자리 지원사업,전남광주담양군,전남,지방,취업·일경험,대상자 지원,0.47,0.0,있음,20251124005400211937,전남 청년 희망 일자리 지원사업,전남 청년 희망 일자리 지원사업,1.12
6500000202630240,고립은둔청년 지원 사업,제주본청,제주,지방,정책기반,대상자 지원,0.47,0.0,있음,,,고립은둔청년 지원 시범사업,0.909
3120000201130026,대학생 임대주택 공급 지원,서울서대문구,서울,지방,주거,대상자 지원,0.47,0.42,찾지 못함,,,청년 매입임대주택 사업,0.591
3130000202330007,청년맞춤형취업지원서비스 운영,서울마포구,서울,지방,취업·일경험,대상자 지원,0.47,0.47,있음,,,취업날개 서비스 지원,0.708
311000020253003F,빌드업 청년 캠퍼스(참여예산),서울은평구,서울,지방,참여·권리,기타,0.47,0.24,찾지 못함,,,서울청년문화패스,0.549
3230000200730030,청년 행정인턴 운영,서울송파구,서울,지방,취업·일경험,대상자 지원,0.47,0.41,있음,,,서울청년 예비인턴,0.787
30100002019300AE,저소득계층 대학생 교통비,서울중구,서울,지방,교육·역량,기타,0.47,0.24,찾지 못함,,,서울희망대학진로장학금,0.32
53100002026301CE,청년 365 핫플레이스 조성사업,경남진주시,경남,지방,정책기반,기반·운영,0.47,0.0,있음,20250917005400211705,청년 365 핫플레이스 조성,청년 365 핫플레이스 조성,1.12
53400002021300BF,청년어촌정착지원(사업비),경남사천시,경남,지방,창업·농어업,대상자 지원,0.47,0.35,있음,,,청년어업인 정착지원 사업,0.769
5370000202530123,거제시 청년 일경험(인턴) 지원사업,경남거제시,경남,지방,취업·일경험,대상자 지원,0.47,0.19,있음,,,청년 일경험 지원,1.02
3920000201830038,청년농업인 영농정착지원,경기동두천시,경기,지방,창업·농어업,대상자 지원,0.47,0.06,있음,20251107005400211815,청년농업인 영농정착지원,청년농업인 영농정착지원,1.12
4701000202530016,청년 곤충농가 실습용 스마트팜 구축사업,전북남원시,전북,지방,창업·농어업,기타,0.47,0.47,찾지 못함,,,청년희망 스마트팜 확산사업,0.672
4780000202330036,청년정책거버넌스 추진,전북고창군,전북,지방,참여·권리,기타,0.47,0.17,찾지 못함,,,전북청년 지역정착 지원사업,0.549
4230000201930045,보호종료아동 자립수당 지원,강원속초시,강원,지방,금융·생활안정,대상자 지원,0.46,0.2,찾지 못함,,,자립준비청년 자립수당 지원,0.62
4920000201930102,청년 희망 디딤돌 통장,전남광주강진군,전남,지방,금융·생활안정,기타,0.46,0.27,있음,20250119005400210340,청년 희망디딤돌 통장 운영,청년 희망디딤돌 통장 운영,1.12
4990000202430033,청년정책 활성화 지원사업,전남광주완도군,전남,지방,정책기반,대상자 지원,0.46,0.24,있음,,,전남형 청년공동체 활성화 사업,0.756
3720000202430015,청년거점공간 운영,울산북구,울산,지방,정책기반,기반·운영,0.46,0.27,찾지 못함,,,청년상담소(고민점빵) 운영,0.653
537000020243003D,청년 스펙-UP 지원,경남거제시,경남,지방,정책기반,대상자 지원,0.46,0.25,있음,,,거제시 청년 스펙-UP 지원사업(자격증 응시료 지원),1.02
541000020213002D,청년정책 추진,경남창녕군,경남,지방,정책기반,기타,0.46,0.34,있음,,,창녕군 청년정책네트워크 운영,0.92
4020000202330106,청년농업인 영농정착 지원(균시),경기군포시,경기,지방,창업·농어업,대상자 지원,0.46,0.06,있음,20251107005400211815,청년농업인 영농정착지원,청년농업인 영농정착지원,1.12
51100002026300B1,[국]사회연대경제청년일경험시범사업,경북상주시,경북,지방,취업·일경험,대상자 지원,0.46,0.0,있음,,,사회연대경제 청년 일경험 시범 지원,1.0
51500002026300B4,사회연대경제청년일경험시범사업(국비),경북의성군,경북,지방,취업·일경험,대상자 지원,0.46,0.02,있음,,,사회연대경제 청년 일경험 시범 지원,1.0
51900002026300BC,사회연대경제청년일경험시범사업,경북청도군,경북,지방,취업·일경험,대상자 지원,0.46,0.0,있음,,,사회연대경제 청년 일경험 시범 지원,1.0
52100002026300AA,사회연대경제청년일경험시범사업,경북성주군,경북,지방,취업·일경험,대상자 지원,0.46,0.0,있음,,,사회연대경제 청년 일경험 시범 지원,1.0
5200000202630094,사회연대경제 청년 일경험 시범사업,경북고령군,경북,지방,취업·일경험,대상자 지원,0.46,0.03,있음,,,사회연대경제 청년 일경험 시범 지원,1.0
505000020203015C,전통공예가업 청년승계자 특별지원사업,경북경주시,경북,지방,정책기반,대상자 지원,0.46,0.27,찾지 못함,,,2025년 청년도전 지원사업,0.6
3450000202130005,청년농업인 영농정착 지원사업,대구북구,대구,지방,창업·농어업,대상자 지원,0.46,0.13,있음,20250724005400111489,청년농업인 영농정착지원사업,청년농업인 영농정착지원사업,1.12
468000020183011A,지역주도형 청년일자리 사업,전북익산시,전북,지방,취업·일경험,기타,0.46,0.2,있음,20250718005400211401,지역주도형 청년일자리사업(시군),지역주도형 청년일자리사업(시군),1.12
4680000202330186,청년몰 지원사업,전북익산시,전북,지방,정책기반,대상자 지원,0.46,0.42,있음,,,익산형 청년월세 지원사업,0.87
476000020223007F,청년월세 한시 특별지원사업,전북임실군,전북,지방,주거,대상자 지원,0.46,0.08,있음,,,(국토부) 26년 청년월세 지원사업,0.9
4670000201730200,청년희망(간편형) 스마트팜 지원사업,전북군산시,전북,지방,창업·농어업,대상자 지원,0.46,0.0,있음,,,청년희망 스마트팜 확산사업,1.02
469000020173011E,청년희망 간편형 스마트팜 확산지원,전북정읍시,전북,지방,창업·농어업,대상자 지원,0.46,0.0,있음,,,청년희망 스마트팜 확산사업,0.99
472000020173016F,청년희망 스마트팜 지원사업,전북완주군,전북,지방,창업·농어업,대상자 지원,0.46,0.23,있음,,,청년희망 스마트팜 확산사업,1.02
4750000201730143,청년희망(간편형) 스마트팜 확산사업,전북장수군,전북,지방,창업·농어업,기타,0.46,0.0,있음,20250718005400211420,청년희망 스마트팜 확산사업,청년희망 스마트팜 확산사업,1.12
47700002017300CF,청년희망 스마트팜 확산사업,전북순창군,전북,지방,창업·농어업,기타,0.46,0.0,있음,20250718005400211420,청년희망 스마트팜 확산사업,청년희망 스마트팜 확산사업,1.12
35600002026301AD,자립준비청년 자립수당 지급,인천검단구,인천,지방,금융·생활안정,대상자 지원,0.46,0.18,있음,20260406005400212489,자립준비청년 자립수당 지급,자립준비청년 자립수당 지급,1.12
42600002023301B9,횡성군 맞춤형 청년창업지원사업,강원횡성군,강원,지방,창업·농어업,대상자 지원,0.45,0.3,찾지 못함,,,청년 맞춤형 교육 추진,0.62
4520000202330397,청년농업인 육성,충남아산시,충남,지방,창업·농어업,기타,0.45,0.2,있음,,,청년농업인 육성을 위한 충남형 사회적 농업 지원,1.02
3320000202330044,청년지원사업,부산북구,부산,지방,정책기반,대상자 지원,0.45,0.26,있음,,,부산 청년 프로그램 지원,0.92
3370000200830218,보호종료아동 자립정착금 지원,부산연제구,부산,지방,금융·생활안정,대상자 지원,0.45,0.3,찾지 못함,,,부산 자립준비청년 자립정착금 지원,0.658
3280000202230010,청년희망챌린지 운영,부산영도구,부산,지방,정책기반,기타,0.45,0.45,있음,20250114005400210239,청년희망챌린지 사업,청년희망챌린지 사업,1.12
332000020183009E,청년창업센터 운영,부산북구,부산,지방,창업·농어업,기반·운영,0.45,0.2,있음,,,부산청년센터 운영,0.977
4980000202530167,청년센터 건립(2023 지방소멸대응기금),전남광주장성군,전남,지방,정책기반,기반·운영,0.45,0.45,찾지 못함,,,광주청년센터 운영,0.55
493000020183012C,청년농업인 경영실습 임대농장 내부시설 설치 및 개선,전남광주해남군,전남,지방,창업·농어업,기반·운영,0.45,0.26,찾지 못함,,,청년 창업농장 조성,0.453
484000020243016A,청년 문화예술패스 지원 사업,전남광주광양시,전남,지방,문화·건강,대상자 지원,0.45,0.45,찾지 못함,,,청년농업인 스타트업(초기창업) 지원사업,0.68
493000020253006E,청년공공임대주택 건립,전남광주해남군,전남,지방,주거,기반·운영,0.45,0.0,찾지 못함,,,청년 소모임 활동 지원,0.473
648000020253000F,고립 은둔 청년 지원 '세상 밖으로 한 걸음',경남본청,경남,지방,정책기반,대상자 지원,0.45,0.45,있음,20250916005400211699,고립・은둔 청년 지원 '세상 밖으로 한 걸음',고립・은둔 청년 지원 '세상 밖으로 한 걸음',1.12
5340000202530128,청년주택 임차보증금 이자지원 사업,경남사천시,경남,지방,주거,대상자 지원,0.45,0.0,있음,20250917005400211732,청년 주택 임차보증금 이자 지원,청년 주택 임차보증금 이자 지원,1.12
533000020243001E,통영시 청년 인턴제,경남통영시,경남,지방,취업·일경험,대상자 지원,0.45,0.07,찾지 못함,,,청년어업인 귀어 인턴 지원,0.691
53300002025300E3,청년주택 임차보증금 이자지원 사업,경남통영시,경남,지방,주거,대상자 지원,0.45,0.0,있음,20250917005400211732,청년 주택 임차보증금 이자 지원,청년 주택 임차보증금 이자 지원,1.12
5480000200730397,자립준비청년 자립정착금 지원,경남합천군,경남,지방,금융·생활안정,대상자 지원,0.45,0.0,있음,20250916005400211695,자립준비청년 자립정착금 지원,자립준비청년 자립정착금 지원,1.12
547000020153006B,자립준비청년 자립정착금,경남거창군,경남,지방,금융·생활안정,대상자 지원,0.45,0.45,있음,20250916005400211695,자립준비청년 자립정착금 지원,자립준비청년 자립정착금 지원,1.12
53700002026300EB,거제시공공기관 청년인턴 운영,경남거제시,경남,지방,취업·일경험,대상자 지원,0.45,0.0,찾지 못함,,,거제시 청년 스펙-UP 지원사업(자격증 응시료 지원),0.62
5440000202330082,청년 네트워크 운영 및 활동비 지원사업,경남하동군,경남,지방,참여·권리,기반·운영,0.45,0.24,있음,,,청년정책네트워크 운영,0.787
4020000202130007,청년정책 추진,경기군포시,경기,지방,정책기반,기타,0.45,0.2,찾지 못함,,,청년농업인 영농정착지원,0.582
3830000202030057,청년면접지원 서비스 운영,경기안양시,경기,지방,취업·일경험,대상자 지원,0.45,0.2,있음,,,경기도 청년 면접수당,0.735
405000020193013B,청년 채용 및 취업 지원,경기용인시,경기,지방,취업·일경험,대상자 지원,0.45,0.2,찾지 못함,,,경기청년 맞춤형 채용지원 서비스,0.691
5540000202230022,청년정책 추진,경기광주시,경기,지방,정책기반,기타,0.45,0.05,찾지 못함,,,청년농업인 영농정착지원,0.582
408000020263004F,제2차 안성시 청년정책기본계획 수립,경기안성시,경기,지방,정책기반,기타,0.45,0.0,찾지 못함,,,경기도 청년기본소득,0.541
6470000201330021,청년농촌정착활성화및역량강화지원,경북본청,경북,지방,창업·농어업,대상자 지원,0.45,0.45,찾지 못함,,,자립준비청년 자립정착금 지원,0.564
4670000201930107,시군 청년혁신가 예비창업지원사업,전북군산시,전북,지방,창업·농어업,대상자 지원,0.45,0.45,있음,20250114005400210215,시군 청년혁신가 예비창업지원,시군 청년혁신가 예비창업지원,1.12
46700002022300B8,청년 스타트농 영농기반 지원,전북군산시,전북,지방,창업·농어업,대상자 지원,0.45,0.45,있음,,,청년창업농 영농기반 임차지원,0.84
468000020193011C,청년혁신가 예비창업지원사업,전북익산시,전북,지방,창업·농어업,대상자 지원,0.45,0.45,있음,,,시군 청년혁신가 예비창업지원,1.02
4690000202430039,청년혁신가 예비창업지원사업(도비직접지원),전북정읍시,전북,지방,창업·농어업,대상자 지원,0.45,0.45,있음,,,시군 청년혁신가 예비창업지원,1.02
4700000201930134,청년혁신가 예비창업지원사업(도비직접지원사업),전북남원시,전북,지방,창업·농어업,대상자 지원,0.45,0.45,있음,,,시군 청년혁신가 예비창업지원,1.02
4740000201930109,시군청년혁신가 예비창업지원,전북무주군,전북,지방,창업·농어업,대상자 지원,0.45,0.45,있음,20250114005400210215,시군 청년혁신가 예비창업지원,시군 청년혁신가 예비창업지원,1.12
473000020223003C,시군 청년혁신가 예비창업 지원사업,전북진안군,전북,지방,창업·농어업,대상자 지원,0.45,0.45,있음,20250114005400210215,시군 청년혁신가 예비창업지원,시군 청년혁신가 예비창업지원,1.12
46810002025300E1,청년의 날 기념행사,전북익산시,전북,지방,정책기반,기반·운영,0.45,0.0,찾지 못함,,,청년친화 친구기업 지원사업,0.52
3560000202630112,청년창업지원센터 운영,인천검단구,인천,지방,창업·농어업,기반·운영,0.45,0.01,있음,,,인천광역시 청년미래센터 운영,0.787
41900002022300BE,청년일자리 지역혁신형 지원,강원원주시,강원,지방,취업·일경험,대상자 지원,0.44,0.28,찾지 못함,,,지역혁신중심 대학지원체계,0.62
42100002023301A9,청년중증장애인 자산형성지원,강원동해시,강원,지방,금융·생활안정,대상자 지원,0.44,0.28,있음,,,청년 재가 중증장애인 자산형성 지원,1.049
5680000202530098,청년 농산물 가공 창업 지원,충남당진시,충남,지방,창업·농어업,대상자 지원,0.44,0.28,있음,,,청년 도내 농창업 지원,0.82
4600000202530116,청년 성장 프로젝트,충남홍성군,충남,지방,정책기반,기타,0.44,0.18,있음,20250715005400211260,청년성장 프로젝트,청년성장 프로젝트,1.12
453000020243012F,청년 문화예술패스 지원,충남서산시,충남,지방,문화·건강,대상자 지원,0.44,0.44,있음,,,찾아가는 청년문화 예술 활동 지원,0.787
3330000202330042,청년 구직활동비 지원,부산해운대구,부산,지방,취업·일경험,대상자 지원,0.44,0.16,있음,,,부산 청년 커뮤니티 활동 지원,0.752
64600002024301A6,청년성장프로젝트(국가직접지원) (전남),전남광주본청,전남,지방,취업·일경험,대상자 지원,0.44,0.44,찾지 못함,,,연구인재 역량강화 프로젝트,0.564
481000020263010E,친환경농산물 계약재배 청년농가 육성사업,전남광주여수시,전남,지방,창업·농어업,기타,0.44,0.0,있음,20250119005400210342,친환경농산물 계약재배 청년농가 육성,친환경농산물 계약재배 청년농가 육성,1.12
4970000202230107,친환경농산물 계약재배 청년농가 육성,전남광주영광군,전남,지방,창업·농어업,기타,0.44,0.0,있음,20250119005400210342,친환경농산물 계약재배 청년농가 육성,친환경농산물 계약재배 청년농가 육성,1.12
5330000201930162,청년 문화조성,경남통영시,경남,지방,문화·건강,기반·운영,0.44,0.32,찾지 못함,,,경남 청년 보금자리 조성,0.691
5410000202630092,사회연대경제 청년 일경험사업,경남창녕군,경남,지방,취업·일경험,대상자 지원,0.44,0.2,있음,,,청년 일경험 지원,1.02
543000020263010B,사회연대경제 청년 일경험 시범사업,경남남해군,경남,지방,취업·일경험,대상자 지원,0.44,0.0,있음,,,청년 일경험 지원,1.02
54400002026300CD,사회연대경제 청년 일경험 시범사업,경남하동군,경남,지방,취업·일경험,대상자 지원,0.44,0.0,있음,,,청년 일경험 지원,1.02
54600002026300E0,사회연대경제 청년 일경험 시범사업,경남함양군,경남,지방,취업·일경험,대상자 지원,0.44,0.0,있음,,,청년 일경험 지원,1.02
5350000202630046,청년 네트워크 활성화,경남김해시,경남,지방,참여·권리,기타,0.44,0.27,있음,,,청년정책네트워크 운영,0.826
4040000202530092,청년지원센터 운영(보조),경기하남시,경기,지방,정책기반,기반·운영,0.44,0.29,있음,,,오프라인 지역 청년지원센터 활성화,0.8
38200002025300CD,청년문화공간 운영,경기의정부시,경기,지방,문화·건강,기반·운영,0.44,0.41,찾지 못함,,,경기도 청년참여기구 운영,0.62
40700002022301EA,청년 취창업 준비 지원,경기이천시,경기,지방,창업·농어업,대상자 지원,0.44,0.08,있음,,,청년 융합기술 창업지원,0.752
4000000201930087,중소기업과 미취업청년 상생사업,경기오산시,경기,지방,취업·일경험,대상자 지원,0.44,0.44,찾지 못함,,,기후미래직업 청년일자리 전문교육 지원,0.49
4040000201930120,청년농업인 영농정착 지원,경기하남시,경기,지방,창업·농어업,대상자 지원,0.44,0.08,있음,20251107005400211815,청년농업인 영농정착지원,청년농업인 영농정착지원,1.12
3670000201630072,청년정책 사업,대전유성구,대전,지방,정책기반,기타,0.44,0.11,있음,,,청년 행정체험연수 운영,0.72
6470000201630275,청년활동및소통지원,경북본청,경북,지방,참여·권리,대상자 지원,0.44,0.44,찾지 못함,,,청년 화합소통행사 개최지원,0.691
5250000202330093,청년공동체 활성화,경북울진군,경북,지방,참여·권리,기타,0.44,0.24,찾지 못함,,,경북청년 예비창업가 육성사업,0.473
47410002026300FE,사회연대경제 청년 일경험 시범사업,전북무주군,전북,지방,취업·일경험,대상자 지원,0.44,0.06,있음,,,사회연대경제 청년 일경험 시범 지원,1.0
47510002026300E8,사회연대경제 청년 일경험 시범사업,전북장수군,전북,지방,취업·일경험,대상자 지원,0.44,0.06,있음,,,사회연대경제 청년 일경험 시범 지원,1.0
47710002026300A2,사회연대경제 청년 일경험 지원,전북순창군,전북,지방,취업·일경험,대상자 지원,0.44,0.09,있음,,,사회연대경제 청년일경험,1.0
4680000202330379,전북특별자치도 군복무 청년 상해보험 가입지원,전북익산시,전북,지방,금융·생활안정,대상자 지원,0.44,0.44,있음,20250110005400210162,전북 군복무 청년 상해보험 가입 지원,전북 군복무 청년 상해보험 가입 지원,1.12
4260000201730154,청년월세 지원사업(국고),강원횡성군,강원,지방,주거,대상자 지원,0.43,0.09,있음,,,청년월세 한시 특별지원,0.8
4550000202130144,지역사회 청년쉐어하우스 운영(자체),충남금산군,충남,지방,정책기반,기타,0.43,0.43,찾지 못함,,,지역사회서비스 청년사업단,0.691
484000020213003B,청년 행정인턴 운영,전남광주광양시,전남,지방,취업·일경험,대상자 지원,0.43,0.41,있음,20260204005400212092,(광양시) 청년 행정인턴,(광양시) 청년 행정인턴,1.12
4970000202330193,전남형 청년공동체 활성화,전남광주영광군,전남,지방,참여·권리,기타,0.43,0.43,있음,20250119005400210341,전남형 청년공동체 활성화 사업,전남형 청년공동체 활성화 사업,1.12
4890000202230048,청년월세 한시 특별지원사업,전남광주보성군,전남,지방,주거,대상자 지원,0.43,0.05,있음,,,청년월세지원,1.02
4920000202430337,전남청년 희망일자리 지원사업,전남광주강진군,전남,지방,취업·일경험,대상자 지원,0.43,0.0,있음,20251124005400211937,전남 청년 희망 일자리 지원사업,전남 청년 희망 일자리 지원사업,1.12
307000020163000A,성북 청년정책 네트워크 운영,서울성북구,서울,지방,참여·권리,기반·운영,0.43,0.23,있음,,,2026년 서울청년정책네트워크 하반기 모집,1.02
36900002022300A6,울산큰애기 청년야시장 운영,울산중구,울산,지방,문화·건강,기타,0.43,0.27,찾지 못함,,,청년상담소(고민점빵) 운영,0.653
54300002026300A5,청년 창업둥지 사업,경남남해군,경남,지방,창업·농어업,대상자 지원,0.43,0.0,찾지 못함,,,청년 창업농 맞춤형 지원,0.691
6480000202230336,청년 어업인 육성 및 교육,경남본청,경남,지방,창업·농어업,대상자 지원,0.43,0.03,있음,,,청년어업인 육성 및 지원,1.02
50700002021300A0,[도]청년농업인육성,경북안동시,경북,지방,창업·농어업,기타,0.43,0.16,있음,,,경북청년 예비창업가 육성사업,0.745
511000020233007C,[도]청년농업인 농지임대료 지원,경북상주시,경북,지방,창업·농어업,대상자 지원,0.43,0.12,찾지 못함,,,청년스타트업 지원,0.62
6470000201730303,초보청년농부멘토링지원,경북본청,경북,지방,창업·농어업,대상자 지원,0.43,0.43,찾지 못함,,,청년 신혼부부 월세 지원,0.596
341000020243002D,청년팝업클래스운영,대구중구,대구,지방,정책기반,기타,0.43,0.03,찾지 못함,,,청년농업인 맞춤 지원,0.549
47500002021301D9,청년활력센터 운영사업,전북장수군,전북,지방,정책기반,기반·운영,0.43,0.18,있음,,,전북형 청년활력수당,0.735
4670000202330262,군복무 청년 상해보험 가입 지원 사업,전북군산시,전북,지방,금융·생활안정,대상자 지원,0.43,0.41,있음,20250110005400210162,전북 군복무 청년 상해보험 가입 지원,전북 군복무 청년 상해보험 가입 지원,1.12
356000020243017D,청년의 사회적 고립 해소를 위한 지원 사업(서구공통),인천서해구,인천,지방,정책기반,대상자 지원,0.43,0.29,찾지 못함,,,청년의 사회적 고립 해소를 위한 지원사업,0.65
43410002026300B7,봉포리 청년 상상마당 복합센터 운영,강원고성군,강원,지방,정책기반,기반·운영,0.42,0.25,찾지 못함,,,강원청년센터 운영,0.691
42110002023301DB,강원도 청년 취업준비 쿠폰 지원사업,강원동해시,강원,지방,취업·일경험,대상자 지원,0.42,0.0,찾지 못함,,,2025년 청년 디딤돌 2배 적금 지원사업,0.582
454000020263001D,군복무 청년 상해보험 지원,충남논산시,충남,지방,금융·생활안정,대상자 지원,0.42,0.39,찾지 못함,,,청년농 지원사업 홍보,0.549
45100002019300DE,자립준비청년 자립수당,충남보령시,충남,지방,금융·생활안정,대상자 지원,0.42,0.21,있음,,,"자립준비청년 자립 지원 (자립수당, 자립정착금, 대학생활안정자금)",1.02
4590000202330236,청년농업인 농지 임차료 지원사업,충남청양군,충남,지방,창업·농어업,대상자 지원,0.42,0.0,있음,20250715005400211277,청년농업인 농지임차료 지원,청년농업인 농지임차료 지원,1.12
45800002019300AC,보호종료아동 자립수당 지원,충남서천군,충남,지방,금융·생활안정,대상자 지원,0.42,0.16,찾지 못함,,,자립지원 사업,0.564
33300002024300AE,자립준비청년 자립수당 지원(자체),부산해운대구,부산,지방,금융·생활안정,대상자 지원,0.42,0.21,있음,20260430005400212954,부산 자립준비청년 자립수당 지원,부산 자립준비청년 자립수당 지원,1.12
50000002025300CE,청년창업농장 임차인 농자재 지원(지방소멸대응기금),전남광주진도군,전남,지방,창업·농어업,대상자 지원,0.42,0.05,있음,,,청년 창업농장 조성,0.72
4830000202330219,전남형 청년공동체 활성화 사업,전남광주나주시,전남,지방,참여·권리,기타,0.42,0.42,있음,20250119005400210341,전남형 청년공동체 활성화 사업,전남형 청년공동체 활성화 사업,1.12
49100002019300C3,보호종료아동 자립수당 지원(국비),전남광주장흥군,전남,지방,금융·생활안정,대상자 지원,0.42,0.25,찾지 못함,,,자립준비청년 자립수당 지급,0.417
49600002019300AF,보호종료아동 자립수당 지원,전남광주함평군,전남,지방,금융·생활안정,대상자 지원,0.42,0.36,찾지 못함,,,자립준비청년 자립수당 지급,0.417
3080000202430011,패션봉제업 일자리 창출 청년 고용장려금 및 정착장려금 지원,서울강북구,서울,지방,취업·일경험,대상자 지원,0.42,0.0,찾지 못함,,,청년층 신용회복 지원사업,0.398
5470000201930059,보호종료아동 자립수당,경남거창군,경남,지방,금융·생활안정,대상자 지원,0.42,0.26,찾지 못함,,,시설 퇴소청소년 자립지원수당,0.381
4050000202630037,용인청년 중개보수 및 이사비 지원사업,경기용인시,경기,지방,주거,대상자 지원,0.42,0.33,있음,,,용인청년 부동산 중개 보수 감면 사업,0.713
393000020253004C,청년부동산 중개보수 및 이사비 지원사업,경기안산시,경기,지방,주거,대상자 지원,0.42,0.42,찾지 못함,,,경기청년 결혼준비 지원 사업,0.639
5590000202030119,말산업 청년인턴 취업지원,경기양주시,경기,지방,취업·일경험,대상자 지원,0.42,0.17,찾지 못함,,,청년 융합기술 창업지원,0.596
641000020183002F,경기도 청년정책조정위원회 등 운영(자체/직접),경기본청,경기,지방,참여·권리,기반·운영,0.42,0.29,찾지 못함,,,경기도 청년참여기구 운영,0.52
4080000202430025,청년 예술인 지원사업,경기안성시,경기,지방,문화·건강,대상자 지원,0.42,0.41,있음,,,경기청년 재기격려지원사업,0.752
52400002023300CC,스마트청년농업육성지원,경북봉화군,경북,지방,창업·농어업,대상자 지원,0.42,0.28,찾지 못함,,,경북청년 예비창업가 육성사업,0.676
5090000202430139,(도)청년신혼부부월세지원사업,경북영주시,경북,지방,주거,대상자 지원,0.42,0.1,있음,20250827005400211525,청년 신혼부부 월세 지원사업,청년 신혼부부 월세 지원사업,1.12
3600000202130050,청년센터운영,전남광주서구,광주,지방,정책기반,기타,0.42,0.33,있음,,,청년예술센터 운영,0.92
473000020233008F,전북형 청년활력수당,전북진안군,전북,지방,금융·생활안정,대상자 지원,0.42,0.14,있음,20250113005400210207,전북형 청년활력수당,전북형 청년활력수당,1.12
468000020203009C,청년창업농 정책자금 이차보전,전북익산시,전북,지방,창업·농어업,대상자 지원,0.42,0.22,있음,20250718005400211441,청년창업농 정책자금 이차보전,청년창업농 정책자금 이차보전,1.12
47100002019300E0,보호종료아동 자립수당 지원(보조),전북김제시,전북,지방,금융·생활안정,대상자 지원,0.42,0.14,찾지 못함,,,퇴소아동 자립정착금,0.541
472000020193019D,자립준비청년 자립수당 지급,전북완주군,전북,지방,금융·생활안정,대상자 지원,0.42,0.28,있음,,,자립준비청년 자립수당 지급,1.0
47600002019300A8,자립준비청년 자립수당,전북임실군,전북,지방,금융·생활안정,대상자 지원,0.42,0.2,있음,,,자립준비청년 자립수당 지급,0.909
4470000202630043,청년지원 사업,충북음성군,충북,지방,정책기반,대상자 지원,0.42,0.19,있음,,,음성군 청년월세 지원사업,0.92
448000020193001F,자립준비청년 자립수당,충북단양군,충북,지방,금융·생활안정,대상자 지원,0.42,0.21,있음,,,자립준비청년 자립수당 지급,1.029
3260000202430013,청년 자격증 시험 응시료 지원 사업,부산서구,부산,지방,교육·역량,대상자 지원,0.41,0.27,있음,20250117005400210324,청년 자격증 시험 응시료 지원 사업,청년 자격증 시험 응시료 지원 사업,1.12
3300000201930055,자원봉사센터 청년실업해소 실무자 지원,부산동래구,부산,지방,정책기반,대상자 지원,0.41,0.41,찾지 못함,,,부산 자립준비청년 자립수당 지원,0.534
3320000202330081,동네 청년활동공간 활성화 지원,부산북구,부산,지방,정책기반,대상자 지원,0.41,0.23,있음,20260406005400212424,부산 동네 청년활동공간 활성화 지원,부산 동네 청년활동공간 활성화 지원,1.12
340000020263003E,청년 창업자 임차료 지원,부산기장군,부산,지방,창업·농어업,대상자 지원,0.41,0.29,찾지 못함,,,부산 청년 자산형성 지원(부산청년 기쁨두배통장),0.676
3310000202030013,청년 일자리 지원,부산남구,부산,지방,취업·일경험,대상자 지원,0.41,0.41,있음,,,부산 청년두드림센터 운영,0.92
5000000202330397,청년 희망 디딤돌 통장사업,전남광주진도군,전남,지방,금융·생활안정,기타,0.41,0.26,있음,20250119005400210340,청년 희망디딤돌 통장 운영,청년 희망디딤돌 통장 운영,1.12
488000020183015A,청년 창업몰 운영 지원,전남광주고흥군,전남,지방,창업·농어업,대상자 지원,0.41,0.17,있음,,,2026년도 청년창업특례보증 지원,0.752
313000020243004F,군복무 청년 상해보험 지원,서울마포구,서울,지방,금융·생활안정,대상자 지원,0.41,0.4,찾지 못함,,,서울청년문화패스 지원,0.541
3090000202330103,미취업 청년 어학 및 자격증 응시료 지원,서울도봉구,서울,지방,교육·역량,대상자 지원,0.41,0.18,찾지 못함,,,미래 청년 일자리 사업,0.501
3690000201930079,청년정책 교류 활성화,울산중구,울산,지방,참여·권리,기타,0.41,0.11,찾지 못함,,,청년정책 홍보사업,0.653
5400000202330004,경남 청년인재-주력산업 동반성장 일자리,경남함안군,경남,지방,취업·일경험,기타,0.41,0.0,있음,20250917005400211740,청년인재-주력산업 동반성장 일자리,청년인재-주력산업 동반성장 일자리,1.12
54500002022300A2,청년 월세 지원사업,경남산청군,경남,지방,주거,대상자 지원,0.41,0.04,있음,,,청년 월세 지원,0.92
5310000201930034,청년 면접정장 대여사업,경남진주시,경남,지방,취업·일경험,기타,0.41,0.21,있음,20251127005400211944,진주시 청년 면접정장 대여사업,진주시 청년 면접정장 대여사업,1.12
406000020223005E,청년 전월세 임차보증금 대출이자 지원,경기파주시,경기,지방,주거,대상자 지원,0.41,0.17,찾지 못함,,,2025년 상반기 경기도 학자금 대출이자 지원,0.62
4060000202530110,경기 청년공간 조성(경기 청년공간 프로그램 운영),경기파주시,경기,지방,정책기반,기반·운영,0.41,0.34,찾지 못함,,,청년공동체 연구지원 사업,0.582
40300002024300D0,청년 문화예술패스,경기의왕시,경기,지방,문화·건강,대상자 지원,0.41,0.41,찾지 못함,,,청년 융합기술 창업지원,0.495
51800002021300C1,청년한부모자녀양육비지원사업(도비보조),경북영덕군,경북,지방,정책기반,대상자 지원,0.41,0.29,있음,20260317005400212183,청년한부모 자녀양육비 지원,청년한부모 자녀양육비 지원,1.12
5190000202530022,청년월세지원사업(자체),경북청도군,경북,지방,주거,대상자 지원,0.41,0.23,있음,,,청년 신혼부부 월세 지원사업,0.92
52100002022300AA,청년월세지원,경북성주군,경북,지방,주거,대상자 지원,0.41,0.09,있음,,,(국토부) 26년 청년월세 지원사업,0.8
35900002018300A2,청년주도의 공감정책 실현,전남광주동구,광주,지방,정책기반,기타,0.41,0.02,찾지 못함,,,청년 주도 정책 설계 워크숍 참여자 모집,0.564
4640000201530129,대학생 학자금 대출이자 지원,전북전주시,전북,지방,교육·역량,대상자 지원,0.41,0.41,있음,20250717005400211332,대학생 학자금 대출이자 지원,대학생 학자금 대출이자 지원,1.12
4640000202330071,청년 어학시험 응시료 지원,전북전주시,전북,지방,교육·역량,대상자 지원,0.41,0.01,찾지 못함,,,전북청년 생생 아이디어 지원,0.596
5690000202630155,K-아트 청년창작자 지원(국가직접지원),세종본청,세종,지방,정책기반,대상자 지원,0.41,0.41,찾지 못함,,,청년도전지원사업 『도전캠퍼스』,0.564
443000020223009D,청년월세 한시 특별지원(보조),충북옥천군,충북,지방,주거,대상자 지원,0.41,0.1,있음,,,(국토부) 26년 청년월세 지원사업,0.9
44000002024300E6,청년 문화예술패스 지원(국비직접지원)(보조),충북제천시,충북,지방,문화·건강,대상자 지원,0.41,0.41,있음,,,청년문화예술패스,1.0
446000020193004A,청년정책 활성화,충북괴산군,충북,지방,정책기반,기타,0.41,0.34,찾지 못함,,,충청북도 청년정책조정위원회 운영,0.62
435000020223004C,청년월세 한시 특별지원 사업,강원양양군,강원,지방,주거,대상자 지원,0.4,0.08,있음,,,청년월세 한시 특별지원,1.0
419000020183001B,미래 청년농업인 육성,강원원주시,강원,지방,창업·농어업,기타,0.4,0.4,있음,,,청년농업인 육성지원,1.02
6420000202330495,청년리더 아카데미 운영,강원본청,강원,지방,교육·역량,기타,0.4,0.4,찾지 못함,,,강원청년센터 운영,0.62
653000020263003B,강원특별자치도 은둔·고립 청년 실태조사,강원본청,강원,지방,정책기반,기반·운영,0.4,0.03,찾지 못함,,,자립준비청년 자립수당 지원,0.42
4321000202330153,청년농업인 정책자금 이차보전 지원,강원양구군,강원,지방,창업·농어업,대상자 지원,0.4,0.08,있음,20250618005400211056,청년농업인 정책자금 이차보전 지원,청년농업인 정책자금 이차보전 지원,1.12
4310000202030026,청년농업인 맞춤형 사업 지원,강원화천군,강원,지방,창업·농어업,대상자 지원,0.4,0.23,있음,20250501005400210755,청년농업인 맞춤형 사업 지원,청년농업인 맞춤형 사업 지원,1.12
5680000202430101,청년문화예술패스,충남당진시,충남,지방,문화·건강,대상자 지원,0.4,0.4,있음,20260504005400113122,청년문화예술패스,청년문화예술패스,1.12
6440000202330232,선도 청년농업인 정책홍보단 운영,충남본청,충남,지방,창업·농어업,기반·운영,0.4,0.06,있음,,,청년농업인 지원정책 홍보,1.02
6440000202530148,청년 스마트팜 창농 지원 인증,충남본청,충남,지방,창업·농어업,대상자 지원,0.4,0.3,있음,,,청년자립형 스마트팜 지원사업,0.76
450000020213017D,청년공유공간 운영,충남공주시,충남,지방,정책기반,기반·운영,0.4,0.4,있음,,,청년공유주택 운영,0.87
4500000202330298,친환경 청년농부 시설지원사업,충남공주시,충남,지방,창업·농어업,기반·운영,0.4,0.4,있음,20251111005400211845,친환경청년농부 시설지원,친환경청년농부 시설지원,1.12
4500000202630103,청년농 미디어커머스 지원사업,충남공주시,충남,지방,창업·농어업,대상자 지원,0.4,0.24,있음,20260504005400113080,청년농 미디어커머스 지원,청년농 미디어커머스 지원,1.12
45200002026301C2,친환경청년농부 시설지원사업,충남아산시,충남,지방,창업·농어업,기반·운영,0.4,0.0,있음,20251111005400211845,친환경청년농부 시설지원,친환경청년농부 시설지원,1.12
4550000200830428,자립준비청년 자립정착금 지원(도비),충남금산군,충남,지방,금융·생활안정,대상자 지원,0.4,0.05,있음,,,"자립준비청년 자립 지원 (자립수당, 자립정착금, 대학생활안정자금)",1.02
45500002023300D5,친환경청년농부 시설지원(도비),충남금산군,충남,지방,창업·농어업,기반·운영,0.4,0.0,있음,20251111005400211845,친환경청년농부 시설지원,친환경청년농부 시설지원,1.12
45300002024300DC,친환경청년농부시설 지원,충남서산시,충남,지방,창업·농어업,기반·운영,0.4,0.0,있음,20251111005400211845,친환경청년농부 시설지원,친환경청년농부 시설지원,1.12
46000002025300DA,청년농업인 스마트팜 사관학교 운영,충남홍성군,충남,지방,창업·농어업,기타,0.4,0.21,있음,,,충남형 스마트팜 사관학교 체계 구축운영,0.787
3250000202330051,동네 청년공간 활성화 지원 사업,부산중구,부산,지방,정책기반,대상자 지원,0.4,0.2,있음,,,부산 동네 청년활동공간 활성화 지원,1.02
327000020263005C,2026년 동네 청년활동공간 활성화 지원사업,부산동구,부산,지방,정책기반,대상자 지원,0.4,0.4,있음,20260406005400212424,부산 동네 청년활동공간 활성화 지원,부산 동네 청년활동공간 활성화 지원,1.12
3350000202530095,동네 청년활동공간 활성화 지원사업,부산금정구,부산,지방,정책기반,대상자 지원,0.4,0.4,있음,20260406005400212424,부산 동네 청년활동공간 활성화 지원,부산 동네 청년활동공간 활성화 지원,1.12
4900000202630007,청년센터 운영,전남광주화순군,전남,지방,정책기반,기반·운영,0.4,0.18,찾지 못함,,,2026년 서구 청년축제 「무한도ZONE」,0.62
64600002026300E6,지역대학 청년창업가 육성 (전남),전남광주본청,전남,지방,창업·농어업,대상자 지원,0.4,0.0,찾지 못함,,,청년 창업농장 조성,0.646
4810000202030027,여수 청년 페스타 지원,전남광주여수시,전남,지방,정책기반,대상자 지원,0.4,0.0,있음,,,2026 전남광주 청년주간 청년페스타: 피파페,1.02
490000020243002C,청년 복지 지원,전남광주화순군,전남,지방,정책기반,대상자 지원,0.4,0.34,있음,,,전남청년 문화복지카드,0.787
4960000202630005,청년 정착지원,전남광주함평군,전남,지방,정책기반,대상자 지원,0.4,0.06,있음,,,청년월세지원,0.787
4970000202330056,영광청년 문화 조성,전남광주영광군,전남,지방,문화·건강,기반·운영,0.4,0.4,찾지 못함,,,전남형 청년마을 조성사업,0.653
500000020233035C,자립준비청년(보호종료아동) 자립정착금 지원,전남광주진도군,전남,지방,금융·생활안정,대상자 지원,0.4,0.25,찾지 못함,,,자립준비청년 자립정착금,0.65
4920000202030148,청년어촌정착지원,전남광주강진군,전남,지방,창업·농어업,대상자 지원,0.4,0.24,있음,,,청년어업인 정착지원 사업,0.769
300000020223004E,청년 참여기구 구성 및 운영,서울종로구,서울,지방,참여·권리,기타,0.4,0.14,찾지 못함,,,청년예술청 운영,0.564
306000020233012D,중랑을 중랑답게 축제·공연을 펼치는 청년 기획자 운영(서울형매력일자리),서울중랑구,서울,지방,문화·건강,기반·운영,0.4,0.28,찾지 못함,,,청년예술청 운영,0.44
6110000202330877,서울청년참여기구 총회 개최,서울본청,서울,지방,참여·권리,기타,0.4,0.0,찾지 못함,,,청년참여 활성화 및 서울청년참여기구 운영 지원,0.526
3080000202530008,군복무 청년 상해보험 지원,서울강북구,서울,지방,금융·생활안정,대상자 지원,0.4,0.37,찾지 못함,,,서울청년문화패스 지원,0.541
3100000202530015,미취업청년 어학 자격증 응시료 지원사업,서울노원구,서울,지방,교육·역량,대상자 지원,0.4,0.4,찾지 못함,,,청년예술지원사업,0.6
313000020253003A,청년의 날 기념행사,서울마포구,서울,지방,정책기반,기반·운영,0.4,0.0,찾지 못함,,,서울시 청년해외봉사단 사업,0.495
3130000202630007,(주민참여예산)청년 및 경력보유여성을 위한 디지털일자리 교육지원사업,서울마포구,서울,지방,교육·역량,대상자 지원,0.4,0.4,찾지 못함,,,미래 청년 일자리 사업,0.544
3160000201830021,청년지원 기반 구축 사업,서울구로구,서울,지방,정책기반,대상자 지원,0.4,0.06,있음,,,청년예술지원사업,0.787
3180000202530021,청년 평일 야간 및 주말 일자리 사업,서울영등포구,서울,지방,취업·일경험,기타,0.4,0.26,있음,,,미래 청년 일자리 사업,0.729
531000020183002D,진주대학생 체육 리그전,경남진주시,경남,지방,교육·역량,기타,0.4,0.0,찾지 못함,,,진주시 대학생 행정인턴사업,0.52
5340000202330098,청년 농업인 농업기반시설 지원,경남사천시,경남,지방,창업·농어업,기반·운영,0.4,0.38,있음,,,청년농업인 영농정착지원,0.787
534000020193003C,청년구직활동수당 지원사업,경남사천시,경남,지방,금융·생활안정,대상자 지원,0.4,0.36,있음,,,사천시 청년면접수당 지원사업,0.76
5380000202130032,청년 면접정장 대여사업,경남양산시,경남,지방,취업·일경험,기타,0.4,0.24,있음,,,양산시 청년 면접정장 지원사업 「청년날개 FIT」,1.02
64100002025301B7,경기북부 청년 서포터즈 운영(자체/직접),경기본청,경기,지방,참여·권리,기타,0.4,0.28,찾지 못함,,,경기도 청년참여기구 운영,0.564
374000020213014E,청년 마인드링크 사업운영(국비),경기수원시,경기,지방,정책기반,기타,0.4,0.34,찾지 못함,,,청년농업인 경쟁력제고 사업,0.555
3990000201930205,청년 축제 운영,경기남양주시,경기,지방,문화·건강,기반·운영,0.4,0.02,찾지 못함,,,경기도 청년참여기구 운영,0.691
3900000201930143,청년 면접정장 대여 사업,경기광명시,경기,지방,취업·일경험,기타,0.4,0.11,찾지 못함,,,경기도 청년 면접수당,0.691
559000020263014F,사회연대경제 청년 일경험 시범사업,경기양주시,경기,지방,취업·일경험,대상자 지원,0.4,0.06,있음,,,사회연대경제 청년 일경험 시범 지원,1.0
3650000202530073,청년공간 운영 지원,대전중구,대전,지방,정책기반,기반·운영,0.4,0.4,찾지 못함,,,청년도전지원사업,0.62
3650000202630049,청년 창업  원스톱 지원,대전중구,대전,지방,창업·농어업,대상자 지원,0.4,0.09,찾지 못함,,,청년도전지원사업,0.591
3680000202530065,청년고독사 고위험군 지원,대전대덕구,대전,지방,금융·생활안정,대상자 지원,0.4,0.4,찾지 못함,,,청년도전지원사업,0.541
505000020233028D,청년 전세보증금반환보증 보증료 지원사업,경북경주시,경북,지방,주거,대상자 지원,0.4,0.12,있음,,,전세보증금반환보증 보증료 지원,0.923
506000020243010E,청년 신혼부부 월세 지원사업(보조),경북김천시,경북,지방,주거,대상자 지원,0.4,0.25,있음,20250827005400211525,청년 신혼부부 월세 지원사업,청년 신혼부부 월세 지원사업,1.12
507000020263001F,안동 청년 취업 올인원 지원사업,경북안동시,경북,지방,취업·일경험,대상자 지원,0.4,0.22,있음,,,2025년 청년도전 지원사업,0.752
51100002024300C1,[도]청년 신혼부부 월세 지원사업,경북상주시,경북,지방,주거,대상자 지원,0.4,0.17,있음,20250827005400211525,청년 신혼부부 월세 지원사업,청년 신혼부부 월세 지원사업,1.12
5100000201730090,도)자립준비청년자립정착금지원,경북영천시,경북,지방,금융·생활안정,대상자 지원,0.4,0.1,있음,,,자립준비청년 자립정착금 지원,1.083
5100000202430114,청년의날기념행사개최,경북영천시,경북,지방,정책기반,기반·운영,0.4,0.4,있음,,,청년 화합소통행사 개최지원,0.72
5150000202530089,청년정책협의체운영,경북의성군,경북,지방,참여·권리,기반·운영,0.4,0.4,찾지 못함,,,청춘가 청년주거지 운영,0.541
521000020193003D,자립준비청년자립정착금지원,경북성주군,경북,지방,금융·생활안정,대상자 지원,0.4,0.05,있음,20260330005400212328,자립준비청년 자립정착금 지원,자립준비청년 자립정착금 지원,1.12
52200002025301BC,청년 이사비 지원사업,경북칠곡군,경북,지방,주거,대상자 지원,0.4,0.16,있음,,,2025년 청년도전 지원사업,0.826
518000020223006A,청년월세지원사업(국고보조),경북영덕군,경북,지방,주거,대상자 지원,0.4,0.12,있음,,,청년 신혼부부 월세 지원사업,0.92
3620000202530081,아이맘교통비지원(청년미래정책관),전남광주북구,광주,지방,정책기반,대상자 지원,0.4,0.19,있음,,,광주형 대중교통비 지원(광주G-패스),0.745
46400002016300C7,대학일자리플러스센터사업(국가직접지원),전북전주시,전북,지방,취업·일경험,대상자 지원,0.4,0.4,찾지 못함,,,,
4720000202030022,대학일자리지원사업,전북완주군,전북,지방,취업·일경험,대상자 지원,0.4,0.4,있음,,,청년나래 일자리 지원사업,0.82
478100020263011F,청년1번가,전북고창군,전북,지방,정책기반,기타,0.4,0.01,찾지 못함,,,전북형 청년취업 지원,0.52
3550000202330003,자립준비청년 자립정착금 지원,인천계양구,인천,지방,금융·생활안정,대상자 지원,0.4,0.28,있음,20250718005400211453,자립준비청년 자립정착금 지원,자립준비청년 자립정착금 지원,1.12
35600002026301B4,자립준비청년 자립정착금 지원(검단),인천서해구,인천,지방,금융·생활안정,대상자 지원,0.4,0.5,찾지 못함,,,자립준비청년 자립정착금 지원,0.65
4390000202330107,청년 입영지원금 지원,충북충주시,충북,지방,정책기반,대상자 지원,0.4,0.21,있음,20250313005400210609,충주시 청년 입영지원금,충주시 청년 입영지원금,1.12
6530000202530173,청년농업인 영농정착 선발운영비(지원)(국고),강원본청,강원,지방,창업·농어업,기반·운영,0.39,0.39,있음,,,청년농업인 영농정착 지원,1.02
42310002023301F5,청년 취업준비 쿠폰 지원(도직접지원),강원속초시,강원,지방,취업·일경험,대상자 지원,0.39,0.39,찾지 못함,,,청년농업인 육성지원,0.646
3290000201930037,청년희망챌린지 사업 지원,부산부산진구,부산,지방,정책기반,대상자 지원,0.39,0.39,찾지 못함,,,부산 청년도전 지원사업,0.646
494000020223007E,청년월세 한시 특별지원사업,전남광주영암군,전남,지방,주거,대상자 지원,0.39,0.1,있음,,,청년월세지원,1.02
50000002022300FA,청년월세 한시 특별지원사업,전남광주진도군,전남,지방,주거,대상자 지원,0.39,0.13,있음,,,청년월세지원,1.02
4850000202630019,청년센터 운영,전남광주담양군,전남,지방,정책기반,기반·운영,0.39,0.0,찾지 못함,,,2026년 서구 청년축제 「무한도ZONE」,0.62
3110000201830035,청년지원조직 구성 및 운영,서울은평구,서울,지방,정책기반,대상자 지원,0.39,0.22,찾지 못함,,,청년예술청 운영,0.564
3180000202630013,청년 전문기술 자격증 취득반 운영,서울영등포구,서울,지방,교육·역량,기타,0.39,0.02,찾지 못함,,,청년예술청 운영,0.596
3030000202330047,성동 청년축제,서울성동구,서울,지방,문화·건강,기반·운영,0.39,0.0,찾지 못함,,,청년내일저축계좌(근로능력 있는 수급자의 탈수급 지원),0.549
3700000202430002,청년 자격증 응시료 지원사업,울산남구,울산,지방,교육·역량,대상자 지원,0.39,0.39,있음,20250509005400210801,청년 자격증 응시료 지원사업,청년 자격증 응시료 지원사업,1.12
64800002025300F5,청년 정보플랫폼 운영,경남본청,경남,지방,정책기반,기타,0.39,0.17,있음,20250917005400211719,청년정보플랫폼 운영,청년정보플랫폼 운영,1.12
629000020263003B,광주청년통합플랫폼 운영 (광주),전남광주본청,광주,지방,정책기반,기타,0.39,0.19,찾지 못함,,,광주청년센터 운영,0.653
4690000200831219,청년농업인학습단체 육성,전북정읍시,전북,지방,창업·농어업,기타,0.39,0.37,찾지 못함,,,청년농업인 특화작목 성공모델 육성,0.658
358000020253011A,옹진 미래산업 청년 스마트팜 운영,인천옹진군,인천,지방,창업·농어업,기타,0.39,0.34,찾지 못함,,,인천광역시 청년마음건강센터 운영,0.537
4420000202230052,청년월세 한시 특별지원사업,충북보은군,충북,지방,주거,대상자 지원,0.39,0.02,있음,,,(국토부) 26년 청년월세 지원사업,0.9
44200002026300E7,청년 활성화 공모사업(2026 지방소멸대응기금),충북보은군,충북,지방,정책기반,기타,0.39,0.39,찾지 못함,,,청년4-H회원 창업 성공모델 지원 사업,0.68
4190000202330101,청년축제,강원원주시,강원,지방,문화·건강,기반·운영,0.38,0.0,찾지 못함,,,2025년 청년도전지원사업(원주시),0.62
4291000202330188,청년농업인 정책자금 이차보전 지원사업,강원정선군,강원,지방,창업·농어업,대상자 지원,0.38,0.04,있음,20250618005400211056,청년농업인 정책자금 이차보전 지원,청년농업인 정책자금 이차보전 지원,1.12
434000020233014D,청년농업인 정책자금 이차보전 지원,강원고성군,강원,지방,창업·농어업,대상자 지원,0.38,0.08,있음,20250618005400211056,청년농업인 정책자금 이차보전 지원,청년농업인 정책자금 이차보전 지원,1.12
4500000202430142,청년문화예술패스,충남공주시,충남,지방,문화·건강,대상자 지원,0.38,0.38,있음,20260504005400113122,청년문화예술패스,청년문화예술패스,1.12
3310000202130007,청년정책 활성화,부산남구,부산,지방,정책기반,기타,0.38,0.29,찾지 못함,,,부산 청년 생활인구 유입 활성화(부산온나청년패스),0.676
4930000201930106,청년 취업자 주거비 지원 사업(도비),전남광주해남군,전남,지방,주거,대상자 지원,0.38,0.16,있음,20251124005400211940,청년 취업자 주거비 지원사업,청년 취업자 주거비 지원사업,1.12
4870000202130089,청년부부 결혼축하금 지원사업,전남광주구례군,전남,지방,금융·생활안정,대상자 지원,0.38,0.22,찾지 못함,,,전남 청년 희망 일자리 지원사업,0.62
48600002022300C3,청년 유토피아 조성,전남광주곡성군,전남,지방,정책기반,기반·운영,0.38,0.0,찾지 못함,,,전남형 청년마을 조성사업,0.653
484000020183000A,청년정책 사업추진,전남광주광양시,전남,지방,정책기반,기타,0.38,0.32,있음,,,청년정책 서포터즈 2기,0.92
48800002024300A9,청년 프로젝트‘고흥! 3달 살아보고 정착하고’,전남광주고흥군,전남,지방,정책기반,기타,0.38,0.38,찾지 못함,,,[22개 시·군] 2026 청년 잡업 프로젝트 자격증 취득 온라인 수강권 지원사업,0.444
32000002020300EE,관악 청년 문화존 운영,서울관악구,서울,지방,문화·건강,기타,0.38,0.32,있음,,,서울청년문화패스,0.735
30800002023300AC,서울형 매력일자리 청년취업컨설팅매니저 지원,서울강북구,서울,지방,취업·일경험,대상자 지원,0.38,0.28,있음,,,서울 매력일자리,1.02
32000002020300F1,제8회 관악청년축제,서울관악구,서울,지방,문화·건강,기반·운영,0.38,0.22,찾지 못함,,,청년내일저축계좌(근로능력 있는 수급자의 탈수급 지원),0.473
3210000202630035,서리풀청년아트센터 운영,서울서초구,서울,지방,정책기반,기반·운영,0.38,0.38,있음,,,서울광역청년센터 운영,0.752
371000020243000E,나함께산다 청년가구 지원사업,울산동구,울산,지방,정책기반,대상자 지원,0.38,0.36,있음,,,울산 청년가구 주거비 지원사업,0.787
5350000202430173,경남청년여성 일경험 지원 사업,경남김해시,경남,지방,취업·일경험,대상자 지원,0.38,0.38,있음,,,청년 일경험 지원,0.953
567000020223017D,자립준비청년 대학생활안정자금 지원,경남창원시,경남,지방,교육·역량,대상자 지원,0.38,0.32,있음,20250916005400211697,자립준비청년 대학생활안정자금 지원,자립준비청년 대학생활안정자금 지원,1.12
53500002022301A9,보호종료아동 대학생활안정자금 지원,경남김해시,경남,지방,교육·역량,대상자 지원,0.38,0.2,있음,,,자립준비청년 대학생활안정자금 지원,0.745
5460000202430090,청년사업자 임차료 지원,경남함양군,경남,지방,정책기반,대상자 지원,0.38,0.11,있음,20251117005400211897,2025년 함양군 청년사업자 임차료 지원사업,2025년 함양군 청년사업자 임차료 지원사업,1.12
3910000202630197,고향사랑청년 주말인턴(고향사랑기금),경기평택시,경기,지방,취업·일경험,대상자 지원,0.38,0.23,찾지 못함,,,경기 고립은둔청년 지원,0.495
374000020213019D,경기청년공간 운영(도비),경기수원시,경기,지방,정책기반,기반·운영,0.38,0.38,찾지 못함,,,경기도 청년참여기구 운영,0.691
4080000202430113,생활밀착형 청년문화공간 운영,경기안성시,경기,지방,문화·건강,기반·운영,0.38,0.33,찾지 못함,,,경기도 청년참여기구 운영,0.501
405000020223025A,보전지출(청년정책과),경기용인시,경기,지방,정책기반,기타,0.38,0.38,찾지 못함,,,,
6300000202030090,구직청년 면접용 정장 대여,대전본청,대전,지방,취업·일경험,기타,0.38,0.38,찾지 못함,,,청년 행정체험연수 운영,0.473
51300002018300B6,(자체사업)청년취업지원사업,경북경산시,경북,지방,취업·일경험,대상자 지원,0.38,0.33,있음,,,2025년 청년도전 지원사업,0.87
52200002024300D4,군복무 청년 지원,경북칠곡군,경북,지방,금융·생활안정,대상자 지원,0.38,0.34,찾지 못함,,,2025년 청년도전 지원사업,0.653
5200000202230083,청년근로자 교통비지원사업,경북고령군,경북,지방,취업·일경험,대상자 지원,0.38,0.18,있음,20260409005400212659,고령군 청년근로자 교통비 지원사업,고령군 청년근로자 교통비 지원사업,1.12
3410000202530050,청년부동산중개수수료및이사비지원,대구중구,대구,지방,주거,대상자 지원,0.38,0.32,찾지 못함,,,2025년 청년사회진입 활동지원사업,0.477
4740000202230076,무주형 청년창업농 영농정착 지원,전북무주군,전북,지방,창업·농어업,대상자 지원,0.38,0.35,있음,,,청년창업농 영농정착지원사업,1.02
35700002022300BE,청년월세 특별지원사업(보조),인천강화군,인천,지방,주거,대상자 지원,0.38,0.07,있음,,,인천시 청년월세 지원사업,0.962
6430000202530092,청년농 창업 스마트팜 인큐베이팅 교육,충북본청,충북,지방,창업·농어업,대상자 지원,0.38,0.18,있음,20251230005400212056,청년농 창업 스마트팜 인큐베이팅 교육,청년농 창업 스마트팜 인큐베이팅 교육,1.12
4220000202230072,청년월세 지원사업,강원태백시,강원,지방,주거,대상자 지원,0.37,0.1,있음,,,청년월세 한시 특별지원,0.8
45000002021301ED,청년공유주택 운영,충남공주시,충남,지방,주거,기타,0.37,0.03,있음,20260430005400212984,청년공유주택 운영,청년공유주택 운영,1.12
4550000202330132,청년농업인 농지 임차료 지원 (도비),충남금산군,충남,지방,창업·농어업,대상자 지원,0.37,0.0,있음,20250715005400211277,청년농업인 농지임차료 지원,청년농업인 농지임차료 지원,1.12
3300000202430020,청년 역량강화 자격증 응시료 지원 사업,부산동래구,부산,지방,교육·역량,대상자 지원,0.37,0.33,찾지 못함,,,부산 청년도전 지원사업,0.665
4970000202630052,영광청년육아나눔터 놀이터(5층) 운영관리,전남광주영광군,전남,지방,정책기반,기타,0.37,0.0,찾지 못함,,,청년농업인 연구동아리 지원,0.453
3090000202330044,도봉 청년 해외인턴십 지원사업,서울도봉구,서울,지방,취업·일경험,대상자 지원,0.37,0.21,찾지 못함,,,청년예술지원사업,0.691
3930000202430098,청년어촌정착지원사업(사업비),경기안산시,경기,지방,창업·농어업,대상자 지원,0.37,0.28,있음,,,청년어업인 정착지원 사업,0.857
39700002023300EA,청년 역량강화 기회 지원 사업(도비),경기과천시,경기,지방,교육·역량,대상자 지원,0.37,0.18,있음,20251107005400211812,경기청년 역량강화 기회지원,경기청년 역량강화 기회지원,1.12
41600002026300B8,가평형 청년 취창업 활성화 지원사업(2026 기금),경기가평군,경기,지방,창업·농어업,대상자 지원,0.37,0.21,찾지 못함,,,청년 면접 지원 사업,0.691
4730000202230018,청년협의체 육성,전북진안군,전북,지방,참여·권리,기반·운영,0.37,0.35,찾지 못함,,,청년공동체 활성화 지원,0.653
3560000202030009,청년정책 활성화 지원(서구공통),인천서해구,인천,지방,정책기반,대상자 지원,0.37,0.14,찾지 못함,,,(서해구) 청년 기업 육성 및 지원사업,0.62
4610000202630112,2026년 사회연대경제 청년 일경험 시범사업,충남예산군,충남,지방,취업·일경험,대상자 지원,0.36,0.03,있음,,,사회연대경제 청년 일경험 시범 지원,1.0
6440000202230070,청년 도내 농창업 지원,충남본청,충남,지방,창업·농어업,대상자 지원,0.36,0.36,있음,20250715005400211276,청년 도내 농창업 지원,청년 도내 농창업 지원,1.12
4520000202330223,자립준비청년 지원,충남아산시,충남,지방,금융·생활안정,대상자 지원,0.36,0.32,있음,20260504005400113104,자립준비청년 지원,자립준비청년 지원,1.12
6260000202530229,청년층 자살시도자 치료비 지원사업,부산본청,부산,지방,금융·생활안정,대상자 지원,0.36,0.36,있음,,,부산 청년도전 지원사업,0.729
3270000202330086,청년실업해소 자원봉사센터 유급실무자 인건비 지원,부산동구,부산,지방,정책기반,대상자 지원,0.36,0.36,찾지 못함,,,부산 청년 중개보수 및 이사비 지원,0.473
49100002022300D6,청년월세 지원사업(국비),전남광주장흥군,전남,지방,주거,대상자 지원,0.36,0.03,있음,,,청년월세지원,0.92
482000020223006C,청년어촌정착 지원사업,전남광주순천시,전남,지방,창업·농어업,대상자 지원,0.36,0.23,있음,,,청년어업인 정착지원 사업,0.857
4830000202030247,청년4-H 우수과제 창업농 육성사업,전남광주나주시,전남,지방,창업·농어업,대상자 지원,0.36,0.04,있음,,,청년4-H회원 우수과제 창업농 육성 사업,1.058
48300002024300D0,청년농업인 스타트업 지원사업,전남광주나주시,전남,지방,창업·농어업,대상자 지원,0.36,0.0,있음,20250119005400210332,청년농업인 스타트업(초기창업) 지원사업,청년농업인 스타트업(초기창업) 지원사업,1.12
48200002024300F1,청년농업인 스타트업(초기창업) 지원사업,전남광주순천시,전남,지방,창업·농어업,대상자 지원,0.36,0.36,있음,20250119005400210332,청년농업인 스타트업(초기창업) 지원사업,청년농업인 스타트업(초기창업) 지원사업,1.12
49200002024300E2,청년농업인 스타트업(초기창업) 지원,전남광주강진군,전남,지방,창업·농어업,대상자 지원,0.36,0.36,있음,20250119005400210332,청년농업인 스타트업(초기창업) 지원사업,청년농업인 스타트업(초기창업) 지원사업,1.12
4860000202430039,청년농업인 스타트업(초기창업) 지원,전남광주곡성군,전남,지방,창업·농어업,대상자 지원,0.36,0.0,있음,20250119005400210332,청년농업인 스타트업(초기창업) 지원사업,청년농업인 스타트업(초기창업) 지원사업,1.12
4940000202530063,청년4-H회원 우수과제 창업농 육성,전남광주영암군,전남,지방,창업·농어업,대상자 지원,0.36,0.36,있음,20250119005400210334,청년4-H회원 우수과제 창업농 육성 사업,청년4-H회원 우수과제 창업농 육성 사업,1.12
495000020193006C,청년4-H회원 우수과제 창업농 육성,전남광주무안군,전남,지방,창업·농어업,대상자 지원,0.36,0.36,있음,20250119005400210334,청년4-H회원 우수과제 창업농 육성 사업,청년4-H회원 우수과제 창업농 육성 사업,1.12
49100002025300B5,청년농업인 스타트업(초기창업) 지원(도비),전남광주장흥군,전남,지방,창업·농어업,대상자 지원,0.36,0.36,있음,20250119005400210332,청년농업인 스타트업(초기창업) 지원사업,청년농업인 스타트업(초기창업) 지원사업,1.12
4980000201930081,보호종료아동 자립수당 지원(보조),전남광주장성군,전남,지방,금융·생활안정,대상자 지원,0.36,0.26,찾지 못함,,,자립준비청년 자립수당 지급,0.417
4980000202030135,청년4-H 우수과제 창업농 육성사업,전남광주장성군,전남,지방,창업·농어업,대상자 지원,0.36,0.36,있음,,,청년4-H회원 우수과제 창업농 육성 사업,1.058
49800002024300D2,청년농업인 스타트업(초기창업) 지원,전남광주장성군,전남,지방,창업·농어업,대상자 지원,0.36,0.36,있음,20250119005400210332,청년농업인 스타트업(초기창업) 지원사업,청년농업인 스타트업(초기창업) 지원사업,1.12
5000000202630092,청년4-H회원 우수과제 창업농 육성사업 ,전남광주진도군,전남,지방,창업·농어업,대상자 지원,0.36,0.0,있음,20250119005400210334,청년4-H회원 우수과제 창업농 육성 사업,청년4-H회원 우수과제 창업농 육성 사업,1.12
5010000202530118,청년농업인스타트업(초기창업)(보조),전남광주신안군,전남,지방,창업·농어업,대상자 지원,0.36,0.36,있음,20250119005400210332,청년농업인 스타트업(초기창업) 지원사업,청년농업인 스타트업(초기창업) 지원사업,1.12
4810000202330331,전남형 청년공동체 활성화 사업,전남광주여수시,전남,지방,참여·권리,기타,0.36,0.3,있음,20250119005400210341,전남형 청년공동체 활성화 사업,전남형 청년공동체 활성화 사업,1.12
5390000202130058,청년정책 추진,경남의령군,경남,지방,정책기반,기타,0.36,0.25,있음,,,매체 활용 청년정책 홍보,0.92
5360000202330244,노인일자리 실버카페 청년매니저 지원,경남밀양시,경남,지방,취업·일경험,대상자 지원,0.36,0.27,찾지 못함,,,청년 일자리 연계 주거 지원,0.49
535000020193006C,청년 농업인 취농직불제,경남김해시,경남,지방,창업·농어업,기타,0.36,0.36,있음,20250918005400211769,청년농업인 취농직불제,청년농업인 취농직불제,1.12
53900002022300D8,국토부 청년월세 지원사업,경남의령군,경남,지방,주거,대상자 지원,0.36,0.06,있음,,,청년 월세 지원,1.02
5400000201930066,청년농업인 취농직불제,경남함안군,경남,지방,창업·농어업,기타,0.36,0.36,있음,20250918005400211769,청년농업인 취농직불제,청년농업인 취농직불제,1.12
54000002020300BB,함안정착 청년통장,경남함안군,경남,지방,금융·생활안정,기타,0.36,0.15,있음,20251106005400211809,함안정착 청년통장,함안정착 청년통장,1.12
54000002022300C9,국토부 청년월세 지원,경남함안군,경남,지방,주거,대상자 지원,0.36,0.06,있음,,,청년 월세 지원,1.02
5420000202230121,국토부 청년 월세 지원사업,경남고성군,경남,지방,주거,대상자 지원,0.36,0.06,있음,,,청년 월세 지원,1.02
5420000202230171,청년부모 '복덩이' 통장,경남고성군,경남,지방,금융·생활안정,기타,0.36,0.27,찾지 못함,,,모다드림 청년통장 지원,0.591
5440000202630078,청년월세 특별지원,경남하동군,경남,지방,주거,대상자 지원,0.36,0.03,있음,,,청년 월세 지원,1.02
546000020213001B,청년농업인 취농직불제,경남함양군,경남,지방,창업·농어업,기타,0.36,0.36,있음,20250918005400211769,청년농업인 취농직불제,청년농업인 취농직불제,1.12
641000020263008C,청년 e-브릿지 페스티벌(주민참여예산)(자체/지원),경기본청,경기,지방,문화·건강,대상자 지원,0.36,0.36,찾지 못함,,,경기청년 맞춤형 채용지원 서비스,0.484
4050000202030015,청년정책네트워크,경기용인시,경기,지방,참여·권리,기타,0.36,0.15,찾지 못함,,,경기도 청년 복지포인트,0.52
3990000202530016,청년 커뮤니티 지원사업,경기남양주시,경기,지방,참여·권리,대상자 지원,0.36,0.21,있음,,,경기청년 재기격려지원사업,0.72
4090000202330190,청년 1:1 맞춤형 취업 멘토링,경기김포시,경기,지방,교육·역량,대상자 지원,0.36,0.25,찾지 못함,,,경기청년 맞춤형 채용지원 서비스,0.575
560000020233031C,경기청년 역량강화 기회 지원 사업,경기포천시,경기,지방,교육·역량,대상자 지원,0.36,0.19,있음,20251107005400211812,경기청년 역량강화 기회지원,경기청년 역량강화 기회지원,1.12
510000020193007E,국)보호종료아동자립수당지원,경북영천시,경북,지방,금융·생활안정,대상자 지원,0.36,0.2,찾지 못함,,,자립준비청년 자립수당지원,0.6
51800002019300A4,보호종료아동 자립수당지원(국고보조),경북영덕군,경북,지방,금융·생활안정,대상자 지원,0.36,0.11,찾지 못함,,,자립준비청년 자립수당지원,0.62
525000020193007C,보호종료아동자립수당지원,경북울진군,경북,지방,금융·생활안정,대상자 지원,0.36,0.2,찾지 못함,,,자립준비청년 자립수당지원,0.62
34700002019300A8,청년 참여활동 지원,대구달서구,대구,지방,참여·권리,대상자 지원,0.36,0.14,있음,,,2025년 청년사회진입 활동지원사업,0.72
3600000202430014,서구청년PI스쿨운영,전남광주서구,광주,지방,정책기반,기타,0.36,0.28,있음,,,2026년 서구 청년 PI스쿨 상반기 재능공유 청년강사 참여자 모집,1.02
6290000201730209,청년정책추진기반 (광주),전남광주본청,광주,지방,정책기반,기타,0.36,0.27,있음,,,청년정책 서포터즈 [광주 청년톡파원] 1기,0.745
4640000202330134,청년이음전주 프로그램 운영,전북전주시,전북,지방,정책기반,기타,0.36,0.34,찾지 못함,,,전북특별자치도 청년마음건강센터 운영,0.62
4681000202630036,전입 청년 웰컴 박스 지원,전북익산시,전북,지방,정책기반,대상자 지원,0.36,0.3,있음,20260324005400212257,전입 청년 웰컴박스 지원사업,전입 청년 웰컴박스 지원사업,1.12
474000020233016b,전북청년 함께 두배적금,전북무주군,전북,지방,금융·생활안정,대상자 지원,0.36,0.27,있음,20250113005400210211,전북청년 함께 두배적금 사업,전북청년 함께 두배적금 사업,1.12
47400002023301B5,신혼부부 및 청년 공공임대주택 임대보증금 지원사업,전북무주군,전북,지방,주거,대상자 지원,0.36,0.1,찾지 못함,,,전북청년 지역정착 지원사업,0.495
473000020233008E,전북청년 함께 두배적금,전북진안군,전북,지방,금융·생활안정,대상자 지원,0.36,0.26,있음,20250113005400210211,전북청년 함께 두배적금 사업,전북청년 함께 두배적금 사업,1.12
4750000202330143,전북청년 함께 두배적금 사업,전북장수군,전북,지방,금융·생활안정,대상자 지원,0.36,0.21,있음,20250113005400210211,전북청년 함께 두배적금 사업,전북청년 함께 두배적금 사업,1.12
4760000202330093,전북청년 함께 두배적금 사업,전북임실군,전북,지방,금융·생활안정,대상자 지원,0.36,0.21,있음,20250113005400210211,전북청년 함께 두배적금 사업,전북청년 함께 두배적금 사업,1.12
464100020263006A,청년 정신건강 지원사업,전북전주시,전북,지방,문화·건강,대상자 지원,0.36,0.36,있음,,,전북청년 지역정착 지원사업,0.82
4190000202330103,전입 청년 교통비 지원,강원원주시,강원,지방,정책기반,대상자 지원,0.35,0.15,있음,20250501005400210757,2025 전입청년 교통비 지원,2025 전입청년 교통비 지원,1.12
42100002019300AC,청년농업인 영농정착지원사업,강원동해시,강원,지방,창업·농어업,대상자 지원,0.35,0.07,있음,20250430005400210740,청년농업인 영농정착 지원,청년농업인 영농정착 지원,1.12
42510002026300C7,청년마을 공유주거 운영,강원홍천군,강원,지방,주거,대상자 지원,0.35,0.35,찾지 못함,,,청년마을 만들기 지원,0.653
56800002021300BA,청년어촌정착지원,충남당진시,충남,지방,창업·농어업,대상자 지원,0.35,0.26,있음,,,청년어업인 정착지원 사업,0.769
45800002018300AA,청년어촌정착지원,충남서천군,충남,지방,창업·농어업,대상자 지원,0.35,0.26,있음,,,청년어업인 정착지원 사업,0.769
33700002020300A8,청년정책추진,부산연제구,부산,지방,정책기반,기타,0.35,0.19,있음,,,부산 청년 프로그램 지원,0.787
3350000202230056,청년 구직응원 패키지 지원사업,부산금정구,부산,지방,취업·일경험,대상자 지원,0.35,0.35,있음,20250114005400210228,청년 구직응원 패키지 지원사업,청년 구직응원 패키지 지원사업,1.12
3280000201930023,청년어촌정착지원사업,부산영도구,부산,지방,창업·농어업,대상자 지원,0.35,0.21,있음,,,청년어업인 정착지원 사업,0.857
499000020233021F,청년공동체 활성화 지원,전남광주완도군,전남,지방,참여·권리,대상자 지원,0.35,0.3,있음,,,전남형 청년공동체 활성화 사업,1.061
4870000201930107,청년 희망 디딤돌 통장 사업,전남광주구례군,전남,지방,금융·생활안정,기타,0.35,0.22,있음,20250119005400210340,청년 희망디딤돌 통장 운영,청년 희망디딤돌 통장 운영,1.12
4810000202230170,대학일자리플러스센터 사업(국가직접지원),전남광주여수시,전남,지방,취업·일경험,대상자 지원,0.35,0.35,찾지 못함,,,,
482000020213002A,청년센터 활성화 프로그램 운영,전남광주순천시,전남,지방,정책기반,기타,0.35,0.16,있음,,,전남형 청년공동체 활성화 사업,0.745
494000020223017A,전남형 청년공동체 활성화 사업,전남광주영암군,전남,지방,참여·권리,기타,0.35,0.12,있음,20250119005400210341,전남형 청년공동체 활성화 사업,전남형 청년공동체 활성화 사업,1.12
4930000202130127,청년 창업농장 조성사업,전남광주해남군,전남,지방,창업·농어업,기반·운영,0.35,0.17,있음,20250304005400210579,청년 창업농장 조성,청년 창업농장 조성,1.12
4950000202430069,전남형 청년공동체 활성화 사업,전남광주무안군,전남,지방,참여·권리,기타,0.35,0.35,있음,20250119005400210341,전남형 청년공동체 활성화 사업,전남형 청년공동체 활성화 사업,1.12
500000020233038E,청년 창업농장 조성사업,전남광주진도군,전남,지방,창업·농어업,기반·운영,0.35,0.0,있음,20250304005400210579,청년 창업농장 조성,청년 창업농장 조성,1.12
49600002021300D3,청년어촌정착지원 사업,전남광주함평군,전남,지방,창업·농어업,대상자 지원,0.35,0.35,있음,,,청년어업인 정착지원 사업,0.857
4950000202030062,청년 창업농 경영실습 임대농장 운영,전남광주무안군,전남,지방,창업·농어업,대상자 지원,0.35,0.22,찾지 못함,,,청년 창업농장 조성,0.691
499000020253000F,완생 청년상가 운영,전남광주완도군,전남,지방,정책기반,기타,0.35,0.24,찾지 못함,,,청년 희망디딤돌 통장 운영,0.541
6500000202630197,서귀포 청년 문화예술 활성화,제주본청,제주,지방,문화·건강,기타,0.35,0.34,있음,,,청년 예술활동 지원사업,0.787
30300002023301D1,자립준비청년 자립지원,서울성동구,서울,지방,금융·생활안정,대상자 지원,0.35,0.17,있음,,,자립준비청년 자립수당 지원,1.029
3200000202630091,청년공간 활성화,서울관악구,서울,지방,정책기반,기타,0.35,0.03,있음,,,청년안심주택 공급활성화(임차보증금 무이자지원),0.787
3160000202230063,청년 진로지원 또래 멘토링,서울구로구,서울,지방,교육·역량,대상자 지원,0.35,0.01,찾지 못함,,,서울청년문화패스 지원,0.541
53500002022301B2,대학일자리 플러스센터 운영,경남김해시,경남,지방,취업·일경험,기반·운영,0.35,0.35,찾지 못함,,,새일센터 지정 운영,0.62
5420000202230175,청년 페스티벌,경남고성군,경남,지방,문화·건강,기타,0.35,0.0,찾지 못함,,,청년 월세 지원,0.52
533000020243012C,청년 문화예술패스 지원,경남통영시,경남,지방,문화·건강,대상자 지원,0.35,0.35,있음,,,청년 문화예술인 활동 지원,0.882
3780000202630030,성남 청년정보 플랫폼 운영,경기성남시,경기,지방,정책기반,기타,0.35,0.12,찾지 못함,,,경기도 청년참여기구 운영,0.541
39900002023303FC,청년창업 지원,경기남양주시,경기,지방,창업·농어업,대상자 지원,0.35,0.12,있음,,,경기 스타트업 글로벌 성장지원- 경기 청년창업 글로벌 프론티어(G-Frontier),0.92
5600000202430004,청년농업인 육성,경기포천시,경기,지방,창업·농어업,기타,0.35,0.33,있음,,,청년농업인 영농정착지원,0.745
6300000202630147,경계선지능청년지원 사업,대전본청,대전,지방,정책기반,대상자 지원,0.35,0.2,있음,,,경계선지능청년지원,1.0
50600002024300E4,청년 문화예술패스 사업(보조),경북김천시,경북,지방,문화·건강,대상자 지원,0.35,0.35,있음,,,청년문화예술패스,1.0
509000020203005A,(도)청년근로자 사랑채움사업,경북영주시,경북,지방,취업·일경험,기타,0.35,0.35,있음,,,2025 청년근로자 행복카드 지원사업,0.703
5110000202130046,[도]청년근로자사랑채움사업,경북상주시,경북,지방,취업·일경험,기타,0.35,0.35,있음,,,2025 청년근로자 행복카드 지원사업,0.703
5200000202530033,청년일자리 로컬 솔루션 프로젝트,경북고령군,경북,지방,취업·일경험,기타,0.35,0.35,있음,20250901005400211549,청년일자리 로컬솔루션  프로젝트,청년일자리 로컬솔루션  프로젝트,1.12
52500002023302E9,청년의 날 행사 지원,경북울진군,경북,지방,정책기반,기반·운영,0.35,0.35,있음,,,청년 화합소통행사 개최지원,0.72
51100002022300CB,청년농촌보금자리 운영,경북상주시,경북,지방,창업·농어업,기타,0.35,0.26,찾지 못함,,,청년일자리창출 우수기업  지원사업,0.541
62700002022300FC,대학생 결혼육아 예비교실,대구본청,대구,지방,교육·역량,기타,0.35,0.33,찾지 못함,,,대구국제대학생캠프,0.453
363000020183002D,청년정책거버넌스운영,전남광주광산구,광주,지방,참여·권리,기타,0.35,0.09,찾지 못함,,,광주청년센터 운영,0.62
4741000202630015,청년농업인 영농 기반조성 지원,전북무주군,전북,지방,창업·농어업,기반·운영,0.35,0.11,있음,,,청년창업농 영농기반 임차지원,0.812
353000020233029D,남동형 청년재직자 내일채움공제 플러스 지원,인천남동구,인천,지방,취업·일경험,대상자 지원,0.35,0.29,있음,20250115005400210276,남동형 청년재직자 내일채움공제 플러스 사업,남동형 청년재직자 내일채움공제 플러스 사업,1.12
35300002024300B4,청년어촌정착지원,인천남동구,인천,지방,창업·농어업,대상자 지원,0.35,0.23,있음,,,청년어업인 영어정착지원,0.857
4390000202130094,청년농업인 마케팅 지원,충북충주시,충북,지방,창업·농어업,대상자 지원,0.35,0.2,찾지 못함,,,청년농업인 스마트팜 기반 조성,0.691
4610000202430087,청년한달살이프로그램,충남예산군,충남,지방,정책기반,기타,0.34,0.34,있음,,,충남형 청년 한달살이 프로그램 운영,1.043
4570000202530112,충남형 청년 한달살이 프로그램 운영사업,충남부여군,충남,지방,정책기반,기타,0.34,0.0,있음,20260729005400113312,충남형 청년 한달살이 프로그램 운영,충남형 청년 한달살이 프로그램 운영,1.12
3330000200830423,자원봉사센터 청년실업해소 인건비,부산해운대구,부산,지방,정책기반,기타,0.34,0.34,찾지 못함,,,부산 청년고용 우수기업 인증·지원,0.44
340000020183004A,청년실업해소 유급실무자 인건비,부산기장군,부산,지방,정책기반,기타,0.34,0.34,찾지 못함,,,부산 청년고용 우수기업 인증·지원,0.453
49300002022301E5,전남형 청년공동체 활성화 사업,전남광주해남군,전남,지방,참여·권리,기타,0.34,0.18,있음,20250119005400210341,전남형 청년공동체 활성화 사업,전남형 청년공동체 활성화 사업,1.12
6500000202230274,청년 월세 지원사업 사무보조(기간제근로자) 인건비,제주본청,제주,지방,주거,대상자 지원,0.34,0.18,있음,,,청년월세 지원,1.02
64800002018302D7,청년 농업인 영농정착 지원(직접),경남본청,경남,지방,창업·농어업,대상자 지원,0.34,0.26,있음,20260408005400212643,청년농업인 영농정착지원,청년농업인 영농정착지원,1.12
4060000201930125,청년정책 추진,경기파주시,경기,지방,정책기반,기타,0.34,0.27,찾지 못함,,,청년농업인 영농정착지원,0.582
4140000202230140,청년월세  지원,경기연천군,경기,지방,주거,대상자 지원,0.34,0.08,있음,,,(국토부) 26년 청년월세 지원사업,0.8
516000020193005B,청년농업인육성,경북청송군,경북,지방,창업·농어업,기타,0.34,0.34,있음,,,2025년도 경북청년예비창업가 육성사업,0.745
513000020183001C,(자체사업)청년정책사업추진,경북경산시,경북,지방,정책기반,기타,0.34,0.27,찾지 못함,,,2025년 청년도전 지원사업,0.62
4700000202130009,청년정책 활성화 추진,전북남원시,전북,지방,정책기반,기타,0.34,0.34,있음,,,청년공동체 활성화 지원,0.787
4680000201730223,청년농업인 영농정착지원금(선발운영),전북익산시,전북,지방,창업·농어업,대상자 지원,0.34,0.13,있음,,,청년창업농 영농정착지원사업,0.92
4760000202330077,신혼부부 및 청년 공공임대주택 임대보증금 지원사업,전북임실군,전북,지방,주거,대상자 지원,0.34,0.34,찾지 못함,,,전북청년 지역정착 지원사업,0.495
431100020243008E,청년농업인 정책자금 이차보전 지원,강원화천군,강원,지방,창업·농어업,대상자 지원,0.33,0.03,있음,20250618005400211056,청년농업인 정책자금 이차보전 지원,청년농업인 정책자금 이차보전 지원,1.12
3380000202230027,수영구 청년 창업둥지 사업,부산수영구,부산,지방,창업·농어업,대상자 지원,0.33,0.17,있음,,,부산 청년도전 지원사업,0.745
495000020203000B,청년정책 추진,전남광주무안군,전남,지방,정책기반,기타,0.33,0.28,있음,,,청년정책 서포터즈 2기,0.92
5000000202030063,청년센터 운영비,전남광주진도군,전남,지방,정책기반,기반·운영,0.33,0.33,찾지 못함,,,청년 취업자 주거비 지원사업,0.582
485000020193004E,보호종료아동 자립수당 지원사업,전남광주담양군,전남,지방,금융·생활안정,대상자 지원,0.33,0.1,찾지 못함,,,자립준비청년 자립지원 사업,0.462
5370000202030177,청년아카데미 운영,경남거제시,경남,지방,교육·역량,기타,0.33,0.0,있음,,,청년 창업아카데미 운영,1.009
546000020233016F,모다드림 청년통장 지원사업,경남함양군,경남,지방,금융·생활안정,대상자 지원,0.33,0.33,있음,20250916005400211693,모다드림 청년통장 지원,모다드림 청년통장 지원,1.12
5310000202330046,지역주도형일자리사업(진주 신성장동력 청년일자리사업),경남진주시,경남,지방,취업·일경험,기타,0.33,0.15,있음,,,시군 주도 청년일자리,0.708
5360000202530118,청년여성 일경험 지원사업,경남밀양시,경남,지방,취업·일경험,대상자 지원,0.33,0.33,있음,,,청년 일경험 지원,0.953
5370000202330255,청년여성 일경험 지원사업,경남거제시,경남,지방,취업·일경험,대상자 지원,0.33,0.33,있음,,,청년 일경험 지원,0.953
40100002026300D9,경기청년공간 프로그램 운영,경기시흥시,경기,지방,정책기반,기타,0.33,0.33,있음,,,경기청년 사다리 프로그램,0.752
5600000202430162,청년 문화예술패스,경기포천시,경기,지방,문화·건강,대상자 지원,0.33,0.33,찾지 못함,,,청년 융합기술 창업지원,0.495
5020000202530175,공연예술지원(포항청년예술가 낭만페스티벌)<보조>,경북포항시,경북,지방,문화·건강,대상자 지원,0.33,0.33,찾지 못함,,,,
3610000201930025,청년농업인 영농정착지원(보조),전남광주남구,광주,지방,창업·농어업,대상자 지원,0.33,0.2,있음,20260513005400213183,2026년 청년농업인(청년창업형 후계농업경영인) 영농정착지원사업(2차),2026년 청년농업인(청년창업형 후계농업경영인) 영농정착지원사업(2차),1.12
36200002025300F2,(지정기부)'청년이온다'북구청년도약사회주택조성사업(주거복지과),전남광주북구,광주,지방,주거,기반·운영,0.33,0.0,찾지 못함,,,청년도약 인재양성 부트캠프 사업(인공지능 분야),0.572
6290000202330247,청년예술인경쟁력강화생태환경조성 (광주),전남광주본청,광주,지방,문화·건강,기반·운영,0.33,0.33,찾지 못함,,,청년예술센터 운영,0.52
3620000202030043,청년센터운영,전남광주북구,광주,지방,정책기반,기타,0.33,0.21,있음,,,청년예술센터 운영,0.92
4750000202330142,전북형 청년활력수당,전북장수군,전북,지방,금융·생활안정,대상자 지원,0.33,0.16,있음,20250113005400210207,전북형 청년활력수당,전북형 청년활력수당,1.12
354000020243004B,청년정책 활성화 사업,인천부평구,인천,지방,정책기반,기타,0.33,0.14,있음,,,청년문화 활성화 사업,0.898
4280000201930050,자립준비청년 자립수당 지원(보조),강원평창군,강원,지방,금융·생활안정,대상자 지원,0.32,0.24,있음,20250618005400211057,자립준비청년 자립수당 지원,자립준비청년 자립수당 지원,1.12
421100020263005B,청년요식업 창업자 육성 지원,강원동해시,강원,지방,창업·농어업,대상자 지원,0.32,0.05,있음,,,청년농업인 육성지원,0.787
43410002026300AB,청년농업인 자립기반 지원,강원고성군,강원,지방,창업·농어업,대상자 지원,0.32,0.0,있음,,,청년농업인 육성지원,0.82
4330000202030125,강원도 청년구직활동 지원[자체],강원인제군,강원,지방,취업·일경험,대상자 지원,0.32,0.32,찾지 못함,,,청년예술인 지원,0.62
453000020203009D,농업인 복지향상 지원(청년농업인 바우처 지원사업),충남서산시,충남,지방,창업·농어업,대상자 지원,0.32,0.0,찾지 못함,,,청년농업인 농지임차료 지원,0.691
3260000202330093,동네청년활동공간 활성화 지원,부산서구,부산,지방,정책기반,대상자 지원,0.32,0.32,있음,20260406005400212424,부산 동네 청년활동공간 활성화 지원,부산 동네 청년활동공간 활성화 지원,1.12
3290000202630062,동네 청년활동공간 활성화 지원사업(청년FLEX),부산부산진구,부산,지방,정책기반,대상자 지원,0.32,0.32,있음,20260406005400212424,부산 동네 청년활동공간 활성화 지원,부산 동네 청년활동공간 활성화 지원,1.12
3330000202430093,동네 청년활동공간 활성화 지원 사업,부산해운대구,부산,지방,정책기반,대상자 지원,0.32,0.32,있음,20260406005400212424,부산 동네 청년활동공간 활성화 지원,부산 동네 청년활동공간 활성화 지원,1.12
337000020223000C,자립준비 청년자금 지원,부산연제구,부산,지방,금융·생활안정,대상자 지원,0.32,0.12,있음,,,부산 자립준비청년 자립정착금 지원,0.99
34000002026300D2,동네 청년활동공간 활성화 지원사업,부산기장군,부산,지방,정책기반,대상자 지원,0.32,0.1,있음,20260406005400212424,부산 동네 청년활동공간 활성화 지원,부산 동네 청년활동공간 활성화 지원,1.12
493000020253006C,해남형 청년마을 조성,전남광주해남군,전남,지방,참여·권리,기반·운영,0.32,0.05,있음,20251124005400211941,전남형 청년마을 조성사업,전남형 청년마을 조성사업,1.12
4870000202230076,청년월세 지원사업,전남광주구례군,전남,지방,주거,대상자 지원,0.32,0.08,있음,,,청년월세지원,0.92
4910000202230008,청년농업인 스마트농업 육성 지원,전남광주장흥군,전남,지방,창업·농어업,대상자 지원,0.32,0.11,있음,,,청년농업인 스타트업(초기창업) 지원사업,0.882
4970000202130057,청년부부 결혼축하금 지원,전남광주영광군,전남,지방,금융·생활안정,대상자 지원,0.32,0.32,찾지 못함,,,청년월세지원,0.591
3030000201830023,성동구 청년정책 참여기구 운영,서울성동구,서울,지방,참여·권리,기타,0.32,0.31,찾지 못함,,,2026년 서울청년정책네트워크 하반기 모집,0.575
315000020193002D,청년활동 지원사업,서울강서구,서울,지방,정책기반,대상자 지원,0.32,0.28,있음,,,청년예술지원사업,0.87
6310000202630087,청년미래센터 운영지원,울산본청,울산,지방,정책기반,기반·운영,0.32,0.32,있음,,,울산광역시 청년지원센터 운영,0.92
536000020233026E,청년후계농 농지 임대료 지원사업,경남밀양시,경남,지방,창업·농어업,대상자 지원,0.32,0.1,있음,20250918005400211770,청년후계농 농지 임대료 지원,청년후계농 농지 임대료 지원,1.12
5370000202530106,귀어 청년 사각지대 해소 지원,경남거제시,경남,지방,창업·농어업,대상자 지원,0.32,0.0,있음,20250918005400211775,귀어 청년 사각지대 해소 지원,귀어 청년 사각지대 해소 지원,1.12
5420000202330347,청년후계농 농지 임대료 지원,경남고성군,경남,지방,창업·농어업,대상자 지원,0.32,0.08,있음,20250918005400211770,청년후계농 농지 임대료 지원,청년후계농 농지 임대료 지원,1.12
5480000202330176,청년후계농 농지 임대료 지원,경남합천군,경남,지방,창업·농어업,대상자 지원,0.32,0.01,있음,20250918005400211770,청년후계농 농지 임대료 지원,청년후계농 농지 임대료 지원,1.12
5530000201930153,청년 면접 지원,경기화성시,경기,지방,취업·일경험,대상자 지원,0.32,0.19,있음,,,2025년 1차 경기도 청년면접수당 모집,0.92
4060000202130139,청년농업인 경영실습 임대농장 관리,경기파주시,경기,지방,창업·농어업,대상자 지원,0.32,0.28,있음,,,청년농업인 영농정착지원,0.703
40700002024302AD,청년창업자 사업장 임차료 지원,경기이천시,경기,지방,창업·농어업,대상자 지원,0.32,0.17,찾지 못함,,,청년 융합기술 창업지원,0.642
3990000202530192,경기청년공간 프로그램 운영,경기남양주시,경기,지방,정책기반,기타,0.32,0.15,있음,,,경기청년 사다리 프로그램,0.752
647000020183013F,청년농업인영농정착지원(직접),경북본청,경북,지방,창업·농어업,대상자 지원,0.32,0.32,찾지 못함,,,청년스타트업 지원,0.646
5070000202430187,[도]청년신혼부부월세지원사업,경북안동시,경북,지방,주거,대상자 지원,0.32,0.25,있음,20250827005400211525,청년 신혼부부 월세 지원사업,청년 신혼부부 월세 지원사업,1.12
34800002025302E1,청년농업인 맞춤지원,대구달성군,대구,지방,창업·농어업,대상자 지원,0.32,0.16,있음,20250724005400211490,청년농업인 맞춤 지원,청년농업인 맞춤 지원,1.12
3620000202330137,자립준비청년자립역량강화지원,전남광주북구,광주,지방,교육·역량,대상자 지원,0.32,0.17,있음,,,청년자립준비지원사업 [해시태그 멘토링],0.889
4770000202030070,전북형 청년창업농 영농정착 지원,전북순창군,전북,지방,창업·농어업,대상자 지원,0.32,0.14,있음,,,청년창업농 영농정착지원사업,1.067
477000020243000E,전북청년 함께 두배적금 지원사업,전북순창군,전북,지방,금융·생활안정,대상자 지원,0.32,0.18,있음,20250113005400210211,전북청년 함께 두배적금 사업,전북청년 함께 두배적금 사업,1.12
47800002010301CC,청년취업지원사업,전북고창군,전북,지방,취업·일경험,대상자 지원,0.32,0.15,있음,,,전북 청년 취업 지원 패키지,0.92
467100020263005D,전북청년 1인 소상공인ㆍ농어업인 출산급여 지원,전북군산시,전북,지방,창업·농어업,대상자 지원,0.32,0.17,찾지 못함,,,전북형 청년취업 지원,0.52
468100020263011C,전북청년 1인 소상공인·농어업인 출산급여 지원사업,전북익산시,전북,지방,창업·농어업,대상자 지원,0.32,0.27,찾지 못함,,,청년친화 친구기업 지원사업,0.557
3570000202130064,청년발달장애인 자산형성 지원사업(보조),인천강화군,인천,지방,금융·생활안정,대상자 지원,0.32,0.12,있음,20260406005400212494,청년발달장애인 자산형성지원(행복씨앗통장),청년발달장애인 자산형성지원(행복씨앗통장),1.12
6430000202430039,대학생 학자금 이자 지원,충북본청,충북,지방,교육·역량,대상자 지원,0.32,0.32,있음,20250220005400210486,대학생 학자금 이자 지원,대학생 학자금 이자 지원,1.12
4460000200730756,청년 인턴제 운영사업,충북괴산군,충북,지방,취업·일경험,대상자 지원,0.32,0.2,있음,20250220005400210518,청년인턴제 운영사업,청년인턴제 운영사업,1.12
3390000202430028,청년 자격증 등 시험 응시료 지원사업,부산사상구,부산,지방,교육·역량,대상자 지원,0.31,0.29,있음,,,사상구 청년자격증 등 응시료 지원사업,1.049
489000020223000D,청년농업인 경영실습 임대농장 운영,전남광주보성군,전남,지방,창업·농어업,대상자 지원,0.31,0.11,찾지 못함,,,청년 창업농장 조성,0.596
48500002026300DE,사회연대경제 청년 일경험 시범사업,전남광주담양군,전남,지방,취업·일경험,대상자 지원,0.31,0.0,있음,20260810005400213326,사회연대경제 청년 일경험사업 시범사업(3차),사회연대경제 청년 일경험사업 시범사업(3차),1.12
4880000202630152,사회연대경제 청년 일경험 사업,전남광주고흥군,전남,지방,취업·일경험,대상자 지원,0.31,0.0,있음,,,사회연대경제 청년 일경험사업 시범사업(3차),1.037
493000020263015C,사회연대경제 청년 일경험 시범사업,전남광주해남군,전남,지방,취업·일경험,대상자 지원,0.31,0.04,있음,20260810005400213326,사회연대경제 청년 일경험사업 시범사업(3차),사회연대경제 청년 일경험사업 시범사업(3차),1.12
49400002026300C0,사회연대경제 청년 일경험 시범사업,전남광주영암군,전남,지방,취업·일경험,대상자 지원,0.31,0.0,있음,20260810005400213326,사회연대경제 청년 일경험사업 시범사업(3차),사회연대경제 청년 일경험사업 시범사업(3차),1.12
49800002026300C5,사회연대경제 청년 일경험 사업,전남광주장성군,전남,지방,취업·일경험,대상자 지원,0.31,0.0,있음,,,사회연대경제 청년 일경험사업 시범사업(3차),1.037
492000020243027E,청년마을 공유주거 운영,전남광주강진군,전남,지방,주거,대상자 지원,0.31,0.28,찾지 못함,,,전남형 청년마을 조성사업,0.653
308000020193004B,청년도전 프로젝트 지원,서울강북구,서울,지방,취업·일경험,대상자 지원,0.31,0.2,찾지 못함,,,서울 청년 밀키트 창업지원,0.646
5370000202330393,청년 문화공간 운영,경남거제시,경남,지방,문화·건강,기반·운영,0.31,0.26,찾지 못함,,,청년 문화예술인 활동 지원,0.653
56700002023302AB,청년후계농 농지 임대료 지원사업,경남창원시,경남,지방,창업·농어업,대상자 지원,0.31,0.0,있음,20250918005400211770,청년후계농 농지 임대료 지원,청년후계농 농지 임대료 지원,1.12
54800002022300C4,청년월세 지원사업,경남합천군,경남,지방,주거,대상자 지원,0.31,0.06,있음,,,청년 월세 지원,0.92
5380000202430205,청년 자격증 응시료 지원사업,경남양산시,경남,지방,교육·역량,대상자 지원,0.31,0.2,있음,20251117005400211904,양산시 청년 자격증 응시료 지원,양산시 청년 자격증 응시료 지원,1.12
5350000202430074,청년 자격증 시험 응시료 지원사업,경남김해시,경남,지방,교육·역량,대상자 지원,0.31,0.31,있음,,,2025 상반기 김해시 청년 자격증 응시료 지원사업(G-PASS CARD),0.948
64100002026300D2,이공계 대학생 현장실습 운영(자체/직접),경기본청,경기,지방,교육·역량,기타,0.31,0.31,찾지 못함,,,대학생 장학금 지원,0.62
39400002021303B7,고양 청년주간행사,경기고양시,경기,지방,정책기반,기반·운영,0.31,0.02,찾지 못함,,,경기청년 사다리 프로그램,0.582
3660000201330035,대전서구대학생봉사단 운영,대전서구,대전,지방,교육·역량,기타,0.31,0.11,찾지 못함,,,,
51700002026300CE,사회연대경제청년일경험시범사업(보조),경북영양군,경북,지방,취업·일경험,대상자 지원,0.31,0.0,있음,,,사회연대경제 청년 일경험 시범 지원,1.0
516000020263007F,사회연대경제청년일경험시범사업,경북청송군,경북,지방,취업·일경험,대상자 지원,0.31,0.0,있음,,,사회연대경제 청년 일경험 시범 지원,1.0
5230000202630096,사회연대경제청년일경험시범사업,경북예천군,경북,지방,취업·일경험,대상자 지원,0.31,0.0,있음,,,사회연대경제 청년 일경험 시범 지원,1.0
525000020263016F,2026년 사회연대경제 청년 일경험 시범사업,경북울진군,경북,지방,취업·일경험,대상자 지원,0.31,0.0,있음,,,사회연대경제 청년 일경험 시범 지원,1.0
5260000202630097,사회연대경제 청년 일경험 시범사업,경북울릉군,경북,지방,취업·일경험,대상자 지원,0.31,0.0,있음,,,사회연대경제 청년 일경험 시범 지원,1.0
5180000202630092,사회연대경제 청년 일경험 시범사업(국고보조),경북영덕군,경북,지방,취업·일경험,대상자 지원,0.31,0.0,있음,,,사회연대경제 청년 일경험 시범 지원,1.0
629000020173020A,청년협치활성화 (광주),전남광주본청,광주,지방,정책기반,기타,0.31,0.27,있음,,,전남형 청년공동체 활성화 사업,0.745
4770000202130048,청년 공동체 활성화 지원,전북순창군,전북,지방,참여·권리,대상자 지원,0.31,0.06,있음,20250113005400210209,청년공동체 활성화 지원,청년공동체 활성화 지원,1.12
46800002022300B7,청년기업 안정화 임대료 지원,전북익산시,전북,지방,주거,대상자 지원,0.31,0.31,찾지 못함,,,전북형 청년취업 지원,0.646
4770000202130034,청년정책 활성화,전북순창군,전북,지방,정책기반,기타,0.31,0.4,있음,,,청년공동체 활성화 지원,0.787
4420000202630139,사회연대경제 청년 일경험 시범사업,충북보은군,충북,지방,취업·일경험,대상자 지원,0.31,0.0,있음,,,사회연대경제 청년 일경험 시범 지원,1.0
44400002026300C2,사회연대경제 청년 일경험 시범사업(보조),충북영동군,충북,지방,취업·일경험,대상자 지원,0.31,0.0,있음,,,사회연대경제 청년 일경험 시범 지원,1.0
55700002026300BD,사회연대경제 청년 일경험 시범사업,충북증평군,충북,지방,취업·일경험,대상자 지원,0.31,0.0,있음,,,사회연대경제 청년 일경험 시범 지원,1.0
4450000202630104,사회연대경제 청년 일경험 시범사업,충북진천군,충북,지방,취업·일경험,대상자 지원,0.31,0.31,있음,,,사회연대경제 청년 일경험 시범 지원,1.0
446000020263010D,사회연대경제 청년 일경험 시범사업,충북괴산군,충북,지방,취업·일경험,대상자 지원,0.31,0.0,있음,,,사회연대경제 청년 일경험 시범 지원,1.0
44800002026300C2,사회연대경제 청년 일경험 시범사업,충북단양군,충북,지방,취업·일경험,대상자 지원,0.31,0.0,있음,,,사회연대경제 청년 일경험 시범 지원,1.0
41910002026300F7,청년 리더십 워크숍,강원원주시,강원,지방,정책기반,기타,0.3,0.0,찾지 못함,,,청년 동아리 활동비 지원(상반기),0.495
4201000202630155,청년 농업 인식개선 교육지원,강원강릉시,강원,지방,교육·역량,대상자 지원,0.3,0.0,있음,,,청년농업인 육성지원,0.882
6530000202630038,강원특별자치도 가족돌봄 청년 지원 기본계획,강원본청,강원,지방,정책기반,대상자 지원,0.3,0.28,찾지 못함,,,청년예술인 지원,0.541
6530000202630110,청년 특화프로그램 지원,강원본청,강원,지방,정책기반,대상자 지원,0.3,0.3,찾지 못함,,,강원청년센터 운영,0.62
4261000202430052,횡성군 청년창업센터 운영,강원횡성군,강원,지방,창업·농어업,기반·운영,0.3,0.3,있음,,,강원청년센터 운영,0.977
43510002023301B5,청년농업인 정책자금 이차보전 지원사업,강원양양군,강원,지방,창업·농어업,대상자 지원,0.3,0.0,있음,20250618005400211056,청년농업인 정책자금 이차보전 지원,청년농업인 정책자금 이차보전 지원,1.12
42700002019300FF,청년농업인 창업기반구축지원사업,강원영월군,강원,지방,창업·농어업,대상자 지원,0.3,0.0,있음,,,청년농업인 육성지원,0.703
42310002026300B2,사회연대경제 청년 일경험 시범사업,강원속초시,강원,지방,취업·일경험,대상자 지원,0.3,0.0,있음,,,사회연대경제 청년 일경험 시범 지원,1.0
4301000202630089,사회연대경제 청년 일경험 시범사업,강원철원군,강원,지방,취업·일경험,대상자 지원,0.3,0.0,있음,,,사회연대경제 청년 일경험 시범 지원,1.0
45000002016300E2,보호종료아동 자립정착금 지원,충남공주시,충남,지방,금융·생활안정,대상자 지원,0.3,0.0,찾지 못함,,,자립지원 사업,0.541
45200002024300AF,청년창업농(후계농업경영인) 융자금 이자 지원,충남아산시,충남,지방,창업·농어업,대상자 지원,0.3,0.0,찾지 못함,,,청년 도내 농창업 지원,0.691
45100002025300ED,보령시 군복무 청년 상해보험 가입,충남보령시,충남,지방,금융·생활안정,기타,0.3,0.27,찾지 못함,,,시·군 청년예술인 협력 공연,0.44
45200002026300BE,아산시 청년창업 정책 활성화 사업,충남아산시,충남,지방,창업·농어업,대상자 지원,0.3,0.3,있음,,,아산시 청년정장 대여사업,0.76
5580000201930089,보호종료아동 자립수당 지원,충남계룡시,충남,지방,금융·생활안정,대상자 지원,0.3,0.06,찾지 못함,,,자립지원 사업,0.564
454000020263011F,청년 마음건강 회복 지원사업(고향사랑기금),충남논산시,충남,지방,문화·건강,대상자 지원,0.3,0.3,있음,,,청년 등 생애주기별 마음건강사업,0.735
5580000202530072,청년후계농 영농정착지원사업,충남계룡시,충남,지방,창업·농어업,대상자 지원,0.3,0.3,있음,,,청년후계농업인 영농정착 지원,1.02
4550000201930081,자립준비청년 자립수당 지원(국고),충남금산군,충남,지방,금융·생활안정,대상자 지원,0.3,0.2,있음,,,"자립준비청년 자립 지원 (자립수당, 자립정착금, 대학생활안정자금)",1.029
457000020193007F,자립준비청년 자립수당 지원,충남부여군,충남,지방,금융·생활안정,대상자 지원,0.3,0.22,있음,,,"자립준비청년 자립 지원 (자립수당, 자립정착금, 대학생활안정자금)",1.029
46100002020300DB,자립준비청년자립수당지원,충남예산군,충남,지방,금융·생활안정,대상자 지원,0.3,0.2,있음,,,"자립준비청년 자립 지원 (자립수당, 자립정착금, 대학생활안정자금)",1.029
4620000201930017,자립준비청년 자립정착금,충남태안군,충남,지방,금융·생활안정,대상자 지원,0.3,0.05,있음,,,"자립준비청년 자립 지원 (자립수당, 자립정착금, 대학생활안정자금)",1.02
4490000202330106,청년정책네트워크 운영,충남천안시,충남,지방,참여·권리,기반·운영,0.3,0.22,있음,20260430005400212991,청년정책네트워크 운영,청년정책네트워크 운영,1.12
4510000202630148,청년성장 프로젝트(공모),충남보령시,충남,지방,정책기반,기타,0.3,0.17,있음,20250715005400211260,청년성장 프로젝트,청년성장 프로젝트,1.12
3380000202430014,청년정책 추진,부산수영구,부산,지방,정책기반,기타,0.3,0.01,있음,,,부산 청년 프로그램 지원,0.787
329000020243007C,동네 청년활동공간 활성화 지원사업,부산부산진구,부산,지방,정책기반,대상자 지원,0.3,0.3,있음,20260406005400212424,부산 동네 청년활동공간 활성화 지원,부산 동네 청년활동공간 활성화 지원,1.12
334000020203003B,청년 자격증 응시료 지원,부산사하구,부산,지방,교육·역량,대상자 지원,0.3,0.3,찾지 못함,,,부산 청년 자산형성 지원(부산청년 기쁨두배통장),0.676
3280000202530061,청년주간행사 운영,부산영도구,부산,지방,정책기반,기반·운영,0.3,0.0,찾지 못함,,,부산청년센터 운영,0.691
4970000202130068,청년센터 활성화 프로그램 운영,전남광주영광군,전남,지방,정책기반,기타,0.3,0.3,있음,,,전남형 청년공동체 활성화 사업,0.745
49000002026300DC,사회연대경제 청년 일경험 시범사업,전남광주화순군,전남,지방,취업·일경험,대상자 지원,0.3,0.0,있음,20260810005400213326,사회연대경제 청년 일경험사업 시범사업(3차),사회연대경제 청년 일경험사업 시범사업(3차),1.12
4810000201830051,청년거리문화한마당,전남광주여수시,전남,지방,문화·건강,기타,0.3,0.23,있음,,,2026 여수시 청년거리문화한마당 문수대통 시즌2,1.02
485000020203004B,보호종료아동 자립정착금 사업,전남광주담양군,전남,지방,금융·생활안정,대상자 지원,0.3,0.1,찾지 못함,,,'나의 광주 정착 키트' 2기 참여자 모집,0.287
4860000201930012,보호종료아동 자립수당 지원 사업,전남광주곡성군,전남,지방,금융·생활안정,대상자 지원,0.3,0.09,찾지 못함,,,자립준비청년 자립지원 사업,0.462
48400002024300B7,청년농(귀농인) 소득생산기반 확충 지원,전남광주광양시,전남,지방,창업·농어업,대상자 지원,0.3,0.3,찾지 못함,,,청년월세지원,0.541
488000020213001E,청년부부 웨딩비 지원,전남광주고흥군,전남,지방,금융·생활안정,대상자 지원,0.3,0.25,찾지 못함,,,청년월세지원,0.653
49400002023301FA,청년 경영실습임대농장 시설장비보완지원,전남광주영암군,전남,지방,주거,기반·운영,0.3,0.0,찾지 못함,,,2026년도 청년창업특례보증 지원,0.477
4970000201730022,청년센터 인건비 지원,전남광주영광군,전남,지방,정책기반,대상자 지원,0.3,0.3,찾지 못함,,,청년월세지원,0.653
499000020193007B,자립준비청년 자립수당 지원사업,전남광주완도군,전남,지방,금융·생활안정,대상자 지원,0.3,0.1,있음,,,자립준비청년 자립지원 사업,0.923
497000020253012E,영광청년 생애 첫 주택구입 대출이자 지원,전남광주영광군,전남,지방,주거,대상자 지원,0.3,0.13,찾지 못함,,,[전남]2026년 하반기 대학생 학자금 대출이자 지원사업,0.532
49700002026300FB,영광청년육아나눔터 음향시설 설치,전남광주영광군,전남,지방,정책기반,기반·운영,0.3,0.0,찾지 못함,,,청년창업 거주지원시설(창업하여家) 입주자 3차 모집,0.387
3040000202430094,청년창업이룸터 운영,서울광진구,서울,지방,창업·농어업,대상자 지원,0.3,0.22,있음,,,서울광역청년센터 운영,0.708
3000000202630091,청년 프로젝트 워크,서울종로구,서울,지방,정책기반,기타,0.3,0.0,찾지 못함,,,2026년 서울청년정책네트워크 하반기 모집,0.596
32000002020300D2,청년 어학·자격시험 응시료 지원,서울관악구,서울,지방,교육·역량,대상자 지원,0.3,0.0,찾지 못함,,,자립준비청년 자립수당 지원,0.52
5340000202430127,청년 문화예술패스,경남사천시,경남,지방,문화·건강,대상자 지원,0.3,0.3,있음,,,청년 문화예술인 활동 지원,0.826
64800002026300C6,도민과 함께 하는 청년 어울림 한마당 축제,경남본청,경남,지방,문화·건강,기반·운영,0.3,0.0,찾지 못함,,,청년 소셜미디어 운영,0.37
531000020213001D,대학생 학자금 대출 이자 지원,경남진주시,경남,지방,교육·역량,대상자 지원,0.3,0.18,있음,20250917005400211710,대학생 학자금대출 이자 지원,대학생 학자금대출 이자 지원,1.12
534000020243006E,지역인재 고용장려금 지원사업(청년과 기업 상생 프로젝트),경남사천시,경남,지방,취업·일경험,대상자 지원,0.3,0.0,찾지 못함,,,경남 관광기업 지역인재 채용지원,0.68
535000020263008C,고립·은둔 청년 지원사업,경남김해시,경남,지방,정책기반,대상자 지원,0.3,0.21,찾지 못함,,,청년일자리 도전 지원사업,0.691
5330000202230132,대학일자리플러스센터 운영(국가직접지원),경남통영시,경남,지방,취업·일경험,기반·운영,0.3,0.3,찾지 못함,,,,
53300002025300D7,고립·은둔 청년 지원 사업,경남통영시,경남,지방,정책기반,대상자 지원,0.3,0.3,있음,,,고립・은둔 청년 지원 '세상 밖으로 한 걸음',1.02
5390000201930051,보호종료아동 자립수당 지원,경남의령군,경남,지방,금융·생활안정,대상자 지원,0.3,0.06,찾지 못함,,,자립지원전담기관 운영,0.484
540000020143005A,보호종료아동 자립정착금 지원,경남함안군,경남,지방,금융·생활안정,대상자 지원,0.3,0.15,찾지 못함,,,자립준비청년 자립정착금 지원,0.658
5400000201930033,보호종료아동 자립수당 지원,경남함안군,경남,지방,금융·생활안정,대상자 지원,0.3,0.19,찾지 못함,,,자립지원전담기관 운영,0.484
543000020193007D,보호종료아동 자립수당,경남남해군,경남,지방,금융·생활안정,대상자 지원,0.3,0.28,찾지 못함,,,시설 퇴소청소년 자립지원수당,0.381
54300002020300F9,"""청년의 날"" 주간행사",경남남해군,경남,지방,정책기반,기반·운영,0.3,0.19,찾지 못함,,,청년 일자리 연계 주거 지원,0.473
5450000201630097,보호종료아동(자립준비청년) 자립정착금 지원(도비),경남산청군,경남,지방,금융·생활안정,대상자 지원,0.3,0.3,찾지 못함,,,자립준비청년 자립정착금 지원,0.658
54400002024300C7,청년 어울림 마켓 지원사업,경남하동군,경남,지방,정책기반,대상자 지원,0.3,0.3,찾지 못함,,,청춘마켓,0.665
5460000202530001,농업계 특성화고 졸업생 청년농 창업비용 지원,경남함양군,경남,지방,창업·농어업,대상자 지원,0.3,0.29,찾지 못함,,,청년 창업농 맞춤형 지원,0.534
54800002025300E4,청년활력공공임대주택 건립사업,경남합천군,경남,지방,주거,기반·운영,0.3,0.01,찾지 못함,,,청년주택 임차보증금 이자 지원사업,0.534
5390000202630091,사회연대경제 청년 일경험 시범사업,경남의령군,경남,지방,취업·일경험,대상자 지원,0.3,0.0,있음,,,청년 일경험 지원,1.02
5420000202630136,사회연대경제 청년 일경험 사업,경남고성군,경남,지방,취업·일경험,대상자 지원,0.3,0.0,있음,,,청년 일경험 지원,1.02
5450000202630123,사회연대경제 청년 일경험 시범사업,경남산청군,경남,지방,취업·일경험,대상자 지원,0.3,0.0,있음,,,청년 일경험 지원,1.02
40500002022300C3,청년 소프트웨어 구입비용 지원,경기용인시,경기,지방,정책기반,대상자 지원,0.3,0.3,찾지 못함,,,경기청년 결혼준비 지원 사업,0.555
3780000202330397,대학생 바이오 인턴십,경기성남시,경기,지방,교육·역량,대상자 지원,0.3,0.3,찾지 못함,,,2026년 상반기 경기도 대학생 학자금 대출이자 지원,0.484
6410000202630084,청년 농업인 영농정착 지원(균특/직접),경기본청,경기,지방,창업·농어업,대상자 지원,0.3,0.3,있음,20251107005400211815,청년농업인 영농정착지원,청년농업인 영농정착지원,1.12
3780000202430257,청년창업 아카데미,경기성남시,경기,지방,창업·농어업,대상자 지원,0.3,0.26,찾지 못함,,,청년 융합기술 창업지원,0.62
374000020263005A,고립은둔청년 지원,경기수원시,경기,지방,정책기반,대상자 지원,0.3,0.3,있음,20251231005400212062,경기 고립은둔청년 지원,경기 고립은둔청년 지원,1.12
39900002023303FA,대학일자리플러스센터 운영 지원,경기남양주시,경기,지방,취업·일경험,기반·운영,0.3,0.3,찾지 못함,,,대학일자리플러스센터 지원 사업,0.5
5530000201830060,대학일자리플러스센터 지원,경기화성시,경기,지방,취업·일경험,대상자 지원,0.3,0.3,찾지 못함,,,대학일자리플러스센터 지원 사업,0.667
3910000202030098,청년 면접정장 무료대여 서비스,경기평택시,경기,지방,취업·일경험,기타,0.3,0.24,있음,20260326005400212286,2026년 평택시 청년 면접정장 무료대여 서비스,2026년 평택시 청년 면접정장 무료대여 서비스,1.12
40600002026300AB,청년 지원(주민참여),경기파주시,경기,지방,참여·권리,대상자 지원,0.3,0.28,있음,,,경기 고립은둔청년 지원,0.92
401000020233023F,청년창업가 육성,경기시흥시,경기,지방,창업·농어업,대상자 지원,0.3,0.3,찾지 못함,,,청년 융합기술 창업지원,0.653
3900000202330294,가족돌봄청소년청년 지원,경기광명시,경기,지방,정책기반,대상자 지원,0.3,0.23,찾지 못함,,,경기청년 역량강화 기회지원,0.541
4030000202030097,대학일자리센터공모사업지원,경기의왕시,경기,지방,취업·일경험,대상자 지원,0.3,0.3,있음,,,대학일자리센터 지원,1.02
3920000202330009,신혼부부·청년 임차보증금 대출이자 지원,경기동두천시,경기,지방,주거,대상자 지원,0.3,0.21,찾지 못함,,,2025년 상반기 경기도 학자금 대출이자 지원,0.603
416000020253000E,청년 창업자 임차료 지원(자체),경기가평군,경기,지방,창업·농어업,대상자 지원,0.3,0.3,있음,,,청년 융합기술 창업지원,0.72
3990000200731342,농촌청소년 및 청년단체 육성,경기남양주시,경기,지방,참여·권리,기타,0.3,0.23,찾지 못함,,,경기 청년기회 여행감독 육성 및 지원,0.468
39200002026300AF,사회연대경제 청년 일경험 사업,경기동두천시,경기,지방,취업·일경험,대상자 지원,0.3,0.03,있음,,,사회연대경제 청년일경험,1.0
3650000202430008,보호대상아동 자립준비 자산형성 지원,대전중구,대전,지방,금융·생활안정,대상자 지원,0.3,0.18,찾지 못함,,,,
36800002022300C6,자치구 청년공간 운영 지원사업(시비),대전대덕구,대전,지방,정책기반,기반·운영,0.3,0.3,찾지 못함,,,청년도전지원사업,0.691
511000020203008D,[도]전통공예청년승계자특별지원사업,경북상주시,경북,지방,정책기반,대상자 지원,0.3,0.18,찾지 못함,,,2025년 청년도전 지원사업,0.642
5120000202030053,[도비]전통공예가업청년승계자특별지원사업,경북문경시,경북,지방,정책기반,대상자 지원,0.3,0.18,찾지 못함,,,2025년 청년도전 지원사업,0.6
50500002026300EC,경주 청년 아트 페스타,경북경주시,경북,지방,정책기반,기타,0.3,0.3,있음,,,청년스타트업 지원,0.735
50900002019300F9,(국)자립준비청년자립수당지원,경북영주시,경북,지방,금융·생활안정,대상자 지원,0.3,0.12,있음,20260330005400112329,자립준비청년 자립수당지원,자립준비청년 자립수당지원,1.12
51200002021300C5,[도비]청년한부모자녀양육비지원,경북문경시,경북,지방,정책기반,대상자 지원,0.3,0.15,있음,20260317005400212183,청년한부모 자녀양육비 지원,청년한부모 자녀양육비 지원,1.12
5160000201930059,보호종료아동자립수당지원,경북청송군,경북,지방,금융·생활안정,대상자 지원,0.3,0.13,찾지 못함,,,자립준비청년 자립수당지원,0.62
5170000201930078,자립준비청년자립수당지원(보조),경북영양군,경북,지방,금융·생활안정,대상자 지원,0.3,0.09,있음,20260330005400112329,자립준비청년 자립수당지원,자립준비청년 자립수당지원,1.12
518000020113002E,경북청년예비창업가육성사업(도비보조),경북영덕군,경북,지방,창업·농어업,대상자 지원,0.3,0.3,있음,20250901005400211545,경북청년 예비창업가 육성사업,경북청년 예비창업가 육성사업,1.12
5230000201130055,청년창업사업지원(도비),경북예천군,경북,지방,창업·농어업,대상자 지원,0.3,0.3,있음,,,2025년 경북 청년창업 JUMP-UP 지원사업,0.92
5200000202030043,경북청년 예비창업가 육성사업,경북고령군,경북,지방,창업·농어업,대상자 지원,0.3,0.3,있음,20250901005400211545,경북청년 예비창업가 육성사업,경북청년 예비창업가 육성사업,1.12
5240000202030055,경북청년예비창업육성사업,경북봉화군,경북,지방,창업·농어업,대상자 지원,0.3,0.3,있음,,,경북청년 예비창업가 육성사업,1.072
526000020193009F,보호종료아동자립수당지급,경북울릉군,경북,지방,금융·생활안정,대상자 지원,0.3,0.14,찾지 못함,,,자립준비청년 자립수당지원,0.537
52600002024300A8,청년농업인 영농정착지원사업,경북울릉군,경북,지방,창업·농어업,대상자 지원,0.3,0.05,있음,,,울릉청년 창업공간 지원사업,0.729
52200002024301BC,청년문화예술패스 사업지원,경북칠곡군,경북,지방,문화·건강,대상자 지원,0.3,0.3,있음,,,청년스타트업 지원,0.72
62700002026300FE,청년도심 RPG(롤플레이게임)(주민참여예산),대구본청,대구,지방,참여·권리,기타,0.3,0.3,찾지 못함,,,청년도전지원사업 젊핑(대구시),0.582
344000020253003D,남구 청년 자격증 응시료 지원사업,대구남구,대구,지방,교육·역량,대상자 지원,0.3,0.12,있음,,,대구광역시 청년 국가기술자격시험 응시료 지원,0.787
5141000202630080,사회연대경제 청년 일경험 시범사업,대구군위군,대구,지방,취업·일경험,대상자 지원,0.3,0.09,있음,,,사회연대경제 청년 일경험 시범 지원,1.0
46900002020300C3,청년정책 시책 추진,전북정읍시,전북,지방,정책기반,기타,0.3,0.3,찾지 못함,,,전북청년 지역정착 지원사업,0.62
645000020113010B,지역특화청년무역전문가 양성사업(국가직접),전북본청,전북,지방,정책기반,기타,0.3,0.3,찾지 못함,,,지역특성화산업 전문인력양성사업,0.667
4670000202330040,군산대학교 대학일자리플러스센터 사업(국도비직접지원),전북군산시,전북,지방,교육·역량,대상자 지원,0.3,0.3,찾지 못함,,,대학생 학자금 대출이자 지원,0.428
4700000202330270,청년소통공간 활성화 사업,전북남원시,전북,지방,참여·권리,기타,0.3,0.0,있음,,,청년공동체 활성화 지원,0.826
47100002023301E1,청년농업인 융자금 이차보전 지원사업(자체),전북김제시,전북,지방,창업·농어업,대상자 지원,0.3,0.13,있음,,,청년창업농 정책자금 이차보전,0.84
47410002026300D8,청년 소통공간 활성화 사업,전북무주군,전북,지방,참여·권리,기타,0.3,0.3,있음,,,청년공동체 활성화 지원,0.826
4720000202330002,청년창업지원확대(디지털분야 청년창업육성),전북완주군,전북,지방,창업·농어업,대상자 지원,0.3,0.28,있음,,,전북형 청년취업 지원,0.787
47110002026300C6,청년소통공간 활성화 사업,전북김제시,전북,지방,참여·권리,기타,0.3,0.3,있음,,,청년공동체 활성화 지원,0.826
47500002019300F6,보호종료아동 자립수당 지급,전북장수군,전북,지방,금융·생활안정,대상자 지원,0.3,0.17,찾지 못함,,,퇴소아동 자립정착금,0.501
475000020193010B,장수군 청년혁신가 예비창업지원,전북장수군,전북,지방,창업·농어업,대상자 지원,0.3,0.3,있음,20260331005400212368,청년혁신가 예비창업지원사업,청년혁신가 예비창업지원사업,1.12
4750000202430005,청년네트워크 활성화사업,전북장수군,전북,지방,참여·권리,기타,0.3,0.3,있음,20260331005400212367,장수군 청년네트워크 활성화 사업,장수군 청년네트워크 활성화 사업,1.12
47700002019300A5,보호종료아동 자립사업,전북순창군,전북,지방,금융·생활안정,기타,0.3,0.12,찾지 못함,,,퇴소아동 자립정착금,0.591
476000020193008F,청년혁신가 예비창업지원,전북임실군,전북,지방,창업·농어업,대상자 지원,0.3,0.3,있음,,,시군 청년혁신가 예비창업지원,1.037
468000020203010D,청년활동 및 참여확대,전북익산시,전북,지방,참여·권리,기타,0.3,0.18,찾지 못함,,,청년 참여 포인트 제도 (청포도),0.564
47610002026300A6,사회연대경제 청년 일경험 시범사업,전북임실군,전북,지방,취업·일경험,대상자 지원,0.3,0.0,있음,,,사회연대경제 청년 일경험 시범 지원,1.0
356000020223007D,청년e음 연계 청년스타트업 지원사업(서구공통),인천서해구,인천,지방,창업·농어업,대상자 지원,0.3,0.06,있음,,,(서해구) 청년e음 청년스타트업지원사업,1.053
6280000202430043,인천 청년정책 공모전,인천본청,인천,지방,정책기반,기타,0.3,0.15,찾지 못함,,,청년도전지원사업,0.665
62800002025301CE,청년 역량강화 프로그램 운영,인천본청,인천,지방,교육·역량,기타,0.3,0.3,있음,,,인천 농어촌 청년 역량강화 프로그램 지원,0.92
3520000202330052,자립준비청년 자립정착금 지원,인천연수구,인천,지방,금융·생활안정,대상자 지원,0.3,0.3,있음,20250718005400211453,자립준비청년 자립정착금 지원,자립준비청년 자립정착금 지원,1.12
358000020193008D,자립준비청년 자립수당 지원,인천옹진군,인천,지방,금융·생활안정,대상자 지원,0.3,0.23,있음,,,자립준비청년 자립수당 지급,1.037
3550000202330037,계양청년마당 운영,인천계양구,인천,지방,정책기반,기타,0.3,0.13,있음,,,(계양구) 계양청년마당 청년센터 운영,0.92
571000020213013B,청년의 날 기념행사,충북청주시,충북,지방,정책기반,기반·운영,0.3,0.3,찾지 못함,,,청년 희망날개 지원사업,0.564
440000020263010D,청년 창업 개인택시 면허 대출 지원사업,충북제천시,충북,지방,창업·농어업,대상자 지원,0.3,0.0,있음,,,충북 창업인재 지원사업,0.703
4420000201930056,자립준비청년 자립수당 지급,충북보은군,충북,지방,금융·생활안정,대상자 지원,0.3,0.1,있음,20250219005400210472,자립준비청년 자립수당 지급,자립준비청년 자립수당 지급,1.12
4420000202330071,청년 축제 지원,충북보은군,충북,지방,문화·건강,기반·운영,0.3,0.3,있음,,,2025 충북 청년축제,0.92
444000020213000E,청년창업지원,충북영동군,충북,지방,창업·농어업,대상자 지원,0.3,0.1,찾지 못함,,,충북 창업인재 지원사업,0.691
4450000200830833,자립준비청년(보호종료아동) 자립정착금 지원,충북진천군,충북,지방,금융·생활안정,대상자 지원,0.3,0.0,있음,,,자립준비청년 자립수당 지급,0.84
4341000202530055,고성형 청년 월세 지원사업,강원고성군,강원,지방,주거,대상자 지원,0.29,0.05,찾지 못함,,,2025년 청년 디딤돌 2배 적금 지원사업,0.665
56800002025300AE,청년농업인 안전정착 기반조성,충남당진시,충남,지방,창업·농어업,기반·운영,0.29,0.29,있음,,,청년농업인 안정정착 기반조성,1.043
3400000202530078,청년 자격시험 응시료 지원,부산기장군,부산,지방,교육·역량,대상자 지원,0.29,0.22,있음,,,기장군 청년 자격시험 응시료 지원 사업,1.02
3300000202630038,청년 행정체험단 운영,부산동래구,부산,지방,취업·일경험,기타,0.29,0.29,있음,,,부산청년멘토단 운영,0.745
3280000202130004,청년네트워크 지원 사업,부산영도구,부산,지방,참여·권리,대상자 지원,0.29,0.2,있음,,,영도청년정책네트워크 운영,0.977
493000020213015B,해남청년두드림센터 운영 및 관리,전남광주해남군,전남,지방,정책기반,기반·운영,0.29,0.29,찾지 못함,,,청년드림은행(청년재무상담소),0.62
49500002024300C9,청년 문화예술패스 지원사업,전남광주무안군,전남,지방,문화·건강,대상자 지원,0.29,0.29,찾지 못함,,,청년농업인 스타트업(초기창업) 지원사업,0.68
48700002023301BB,전남형 청년공동체 활성화 사업,전남광주구례군,전남,지방,참여·권리,기타,0.29,0.24,있음,20250119005400210341,전남형 청년공동체 활성화 사업,전남형 청년공동체 활성화 사업,1.12
48800002022301A5,전남형 청년공동체 활성화,전남광주고흥군,전남,지방,참여·권리,기타,0.29,0.24,있음,20250119005400210341,전남형 청년공동체 활성화 사업,전남형 청년공동체 활성화 사업,1.12
4920000202130151,전남형 청년공동체 활성화 사업,전남광주강진군,전남,지방,참여·권리,기타,0.29,0.27,있음,20250119005400210341,전남형 청년공동체 활성화 사업,전남형 청년공동체 활성화 사업,1.12
310000020213000E,노원 청년정책 거버넌스 센터 운영,서울노원구,서울,지방,참여·권리,기반·운영,0.29,0.24,찾지 못함,,,서울광역청년센터 운영,0.665
536000020263011A,사회연대경제 청년 일경험 시범사업,경남밀양시,경남,지방,취업·일경험,대상자 지원,0.29,0.0,있음,,,청년 일경험 지원,1.02
54300002020301D9,청년 월세 지원사업,경남남해군,경남,지방,주거,대상자 지원,0.29,0.19,있음,,,청년 월세 지원,0.92
542000020223002A,청년 월세 지원,경남고성군,경남,지방,주거,대상자 지원,0.29,0.19,있음,,,청년 월세 지원,0.92
5450000202130034,청년 월세 지원사업(도 자체),경남산청군,경남,지방,주거,대상자 지원,0.29,0.19,있음,,,청년 월세 지원,0.92
544000020213004E,청년 월세 지원사업,경남하동군,경남,지방,주거,대상자 지원,0.29,0.18,있음,,,청년 월세 지원,0.92
4170000202430118,청년 문화예술패스 사업(국가직접지원)(보조),경기양평군,경기,지방,문화·건강,대상자 지원,0.29,0.29,있음,,,청년문화예술패스,1.0
364000020193004B,청년 창업농 영농정착지원(국비),대전동구,대전,지방,창업·농어업,대상자 지원,0.29,0.09,찾지 못함,,,청년창업농장학금지원,0.667
36500002023300A7,청년농업인 영농정착지원,대전중구,대전,지방,창업·농어업,대상자 지원,0.29,0.0,찾지 못함,,,청년농업인 스마트농업 시범,0.691
52300002023300BF,청년농업인 농지임대 지원,경북예천군,경북,지방,창업·농어업,대상자 지원,0.29,0.0,있음,,,청년농업인 영농정착 지원,0.847
5210000202230050,청년창업LAB운영관리,경북성주군,경북,지방,창업·농어업,대상자 지원,0.29,0.16,찾지 못함,,,경북청년 예비창업가 육성사업,0.564
52100002021300D9,청년한부모자녀양육비지원(자체),경북성주군,경북,지방,정책기반,대상자 지원,0.29,0.22,있음,20260317005400212183,청년한부모 자녀양육비 지원,청년한부모 자녀양육비 지원,1.12
5020000201830225,청년소통활성화 지원,경북포항시,경북,지방,참여·권리,대상자 지원,0.29,0.13,찾지 못함,,,청년 화합소통행사 개최지원,0.691
3610000201830019,청년센터(청년와락) 운영,전남광주남구,광주,지방,정책기반,기타,0.29,0.11,있음,,,청년예술센터 운영,0.92
4770000202330046,사회서비스형 청년인턴 지원,전북순창군,전북,지방,취업·일경험,대상자 지원,0.29,0.29,찾지 못함,,,전북형 청년취업 지원,0.646
65400002025300B2,전북형 청년 어촌정작 지원,전북본청,전북,지방,창업·농어업,대상자 지원,0.29,0.29,있음,,,전북형 청년취업 지원,0.745
4671000202430175,전북형 청년 어촌정착 지원,전북군산시,전북,지방,창업·농어업,대상자 지원,0.29,0.19,있음,,,전북청년 지역정착 지원사업,0.752
47810002025300D0,전북형 청년 어촌정착 지원사업,전북고창군,전북,지방,창업·농어업,대상자 지원,0.29,0.06,있음,,,전북청년 지역정착 지원사업,0.882
4791000202530095,전북형 청년 어촌정착 지원,전북부안군,전북,지방,창업·농어업,대상자 지원,0.29,0.19,있음,,,전북청년 지역정착 지원사업,0.752
3560000202630040,인천 청년 자격증 응시료 지원(검단),인천서해구,인천,지방,교육·역량,대상자 지원,0.29,0.29,있음,20260722005400213267,(서해구) 청년 자격증 응시료 지원,(서해구) 청년 자격증 응시료 지원,1.12
4530000202130182,대학생아르바이트 운영,충남서산시,충남,지방,교육·역량,기타,0.28,0.24,있음,20250103005400210041,대학생 아르바이트 운영,대학생 아르바이트 운영,1.12
46200002026300E5,청년농업인 인큐베이팅 지원,충남태안군,충남,지방,창업·농어업,대상자 지원,0.28,0.28,있음,,,청년농업인 안정정착 기반조성,0.92
32600002026300B7,청년 창업자 임차료 지원사업,부산서구,부산,지방,창업·농어업,대상자 지원,0.28,0.01,있음,,,청년 자격증 시험 응시료 지원 사업,0.735
33900002026300BD,동네 청년활동공간 활성화 지원사업,부산사상구,부산,지방,정책기반,대상자 지원,0.28,0.28,있음,20260406005400212424,부산 동네 청년활동공간 활성화 지원,부산 동네 청년활동공간 활성화 지원,1.12
3290000202230068,청년마루(일자리카페) 운영,부산부산진구,부산,지방,취업·일경험,기타,0.28,0.11,있음,,,부산진구 청년마루(일자리카페) 운영,0.92
3400000202530077,청년정책 추진,부산기장군,부산,지방,정책기반,기타,0.28,0.06,있음,,,부산 청년 프로그램 지원,0.787
49100002022301F7,전남형 청년공동체 활성화 사업(시비),전남광주장흥군,전남,지방,참여·권리,기타,0.28,0.28,있음,20250119005400210341,전남형 청년공동체 활성화 사업,전남형 청년공동체 활성화 사업,1.12
49800002023301E6,전남형 청년공동체 활성화 사업,전남광주장성군,전남,지방,참여·권리,기타,0.28,0.24,있음,20250119005400210341,전남형 청년공동체 활성화 사업,전남형 청년공동체 활성화 사업,1.12
490000020263000D,전남형 청년공동체 활성화 지원,전남광주화순군,전남,지방,참여·권리,대상자 지원,0.28,0.18,있음,20250119005400210341,전남형 청년공동체 활성화 사업,전남형 청년공동체 활성화 사업,1.12
4910000202130019,청년농업인 스마트팜 경영실습 임대농장 운영,전남광주장흥군,전남,지방,창업·농어업,대상자 지원,0.28,0.17,찾지 못함,,,청년농업인 스마트팜 자립기반 구축,0.682
500000020233043F,전남형 청년공동체 활성화 사업,전남광주진도군,전남,지방,참여·권리,기타,0.28,0.18,있음,20250119005400210341,전남형 청년공동체 활성화 사업,전남형 청년공동체 활성화 사업,1.12
48300002024301FF,청년문화예술패스,전남광주나주시,전남,지방,문화·건강,대상자 지원,0.28,0.28,찾지 못함,,,전남청년 문화복지카드,0.62
4890000202430052,청년 농장일지 프로젝트 일자리 지원사업,전남광주보성군,전남,지방,취업·일경험,대상자 지원,0.28,0.03,있음,,,전남 청년 희망 일자리 지원사업,0.763
4970000202330055,영광군 청년협의체 운영,전남광주영광군,전남,지방,참여·권리,기반·운영,0.28,0.07,찾지 못함,,,전라남도 청년의 목소리 운영,0.575
54300002020300F6,청년 네트워크 운영,경남남해군,경남,지방,참여·권리,기반·운영,0.28,0.21,있음,,,청년정책네트워크 운영,1.009
64800002025302E7,청년층 자살시도자 치료비 지원,경남본청,경남,지방,금융·생활안정,대상자 지원,0.28,0.28,찾지 못함,,,청년일자리 도전 지원사업,0.62
54300002023302A7,모다드림 청년통장 지원사업,경남남해군,경남,지방,금융·생활안정,대상자 지원,0.28,0.27,있음,20250916005400211693,모다드림 청년통장 지원,모다드림 청년통장 지원,1.12
5450000202530100,산엔청 청년 베이스캠프 운영,경남산청군,경남,지방,정책기반,기타,0.28,0.18,찾지 못함,,,자립준비청년 자립프로그램 운영,0.505
5370000201930224,거제청년센터 운영,경남거제시,경남,지방,정책기반,기반·운영,0.28,0.19,찾지 못함,,,거제시 청년 스펙-UP 지원사업(자격증 응시료 지원),0.653
3740000201630182,청년정책 추진(성인지예산),경기수원시,경기,지방,정책기반,기타,0.28,0.28,찾지 못함,,,청년농업인 영농정착지원,0.582
5590000202330131,지역주도형 청년일자리사업(청년도약 일자리),경기양주시,경기,지방,취업·일경험,기타,0.28,0.13,찾지 못함,,,경기청년 일자리 매치업 플러스,0.642
57000002024300BB,청년 문화예술 패스,경기여주시,경기,지방,문화·건강,대상자 지원,0.28,0.28,찾지 못함,,,청년 융합기술 창업지원,0.495
394000020233046B,고양청년 지역혁신 일자리지원 사업(2023),경기고양시,경기,지방,취업·일경험,대상자 지원,0.28,0.12,찾지 못함,,,경기청년 재기격려지원사업,0.6
512000020213002F,[도비]청년근로자 사랑채움사업,경북문경시,경북,지방,취업·일경험,기타,0.28,0.28,있음,,,2025 청년근로자 행복카드 지원사업,0.703
51000002025300F7,도)청년농산업디자인지원,경북영천시,경북,지방,창업·농어업,대상자 지원,0.28,0.28,찾지 못함,,,청년스타트업 지원,0.646
468000020203009D,청년창업농 영농기반 임차지원,전북익산시,전북,지방,창업·농어업,대상자 지원,0.28,0.22,있음,20250718005400211442,청년창업농 영농기반 임차지원,청년창업농 영농기반 임차지원,1.12
46700002020300F5,전북형 청년창업농 영농정착지원,전북군산시,전북,지방,창업·농어업,대상자 지원,0.28,0.21,있음,,,청년창업농 영농정착지원사업,1.067
446000020223010B,청년월세 한시 특별지원,충북괴산군,충북,지방,주거,대상자 지원,0.28,0.13,있음,,,(국토부) 26년 청년월세 지원사업,0.9
41800002019300DB,청년4-H회원 기초영농 정착지원,강원춘천시,강원,지방,창업·농어업,대상자 지원,0.27,0.0,있음,,,청년농업인 영농정착 지원,0.76
419000020173014E,청년4-H회원 기초영농 지원,강원원주시,강원,지방,창업·농어업,대상자 지원,0.27,0.27,있음,,,4-H 청년농업인 기초영농지원,0.76
426100020263006D,4-H청년농업인 기초영농지원(도),강원횡성군,강원,지방,창업·농어업,대상자 지원,0.27,0.27,있음,20250502005400210767,4-H 청년농업인 기초영농지원,4-H 청년농업인 기초영농지원,1.12
4240000200730158,4-H청년농업인 기초영농지원(도),강원삼척시,강원,지방,창업·농어업,대상자 지원,0.27,0.27,있음,20250502005400210767,4-H 청년농업인 기초영농지원,4-H 청년농업인 기초영농지원,1.12
4270000201930020,청년4-H회원 기초영농 지원,강원영월군,강원,지방,창업·농어업,대상자 지원,0.27,0.25,있음,,,4-H 청년농업인 기초영농지원,0.76
428000020233011D,4-H청년농업인 기초영농지원(도비),강원평창군,강원,지방,창업·농어업,대상자 지원,0.27,0.25,있음,20250502005400210767,4-H 청년농업인 기초영농지원,4-H 청년농업인 기초영농지원,1.12
4290000201930080,청년4-H회원 기초영농 정착지원,강원정선군,강원,지방,창업·농어업,대상자 지원,0.27,0.0,있음,,,청년농업인 영농정착 지원,0.76
43010002025300AE,철원군 청년협의체 운영,강원철원군,강원,지방,참여·권리,기반·운영,0.27,0.04,찾지 못함,,,강원청년센터 운영,0.62
425000020133002B,4-H청년농업인 기초영농지원,강원홍천군,강원,지방,창업·농어업,대상자 지원,0.27,0.27,있음,20250502005400210767,4-H 청년농업인 기초영농지원,4-H 청년농업인 기초영농지원,1.12
434000020133002B,4-H청년농업인 기초영농지원,강원고성군,강원,지방,창업·농어업,대상자 지원,0.27,0.0,있음,20250502005400210767,4-H 청년농업인 기초영농지원,4-H 청년농업인 기초영농지원,1.12
4350000200730413,4-H회 육성(청년4-H회원 기초영농지원),강원양양군,강원,지방,창업·농어업,대상자 지원,0.27,0.27,찾지 못함,,,청년농업인 육성지원,0.453
431100020243009D,청년4-H 기초영농 정착지원,강원화천군,강원,지방,창업·농어업,대상자 지원,0.27,0.27,있음,,,청년농업인 영농정착 지원,0.816
427000020223009D,청년월세 한시 특별지원 사업,강원영월군,강원,지방,주거,대상자 지원,0.27,0.06,있음,,,청년월세 한시 특별지원,1.0
56800002026300E5,청년농 유통역량 강화 지원,충남당진시,충남,지방,창업·농어업,대상자 지원,0.27,0.0,있음,,,청년농업인 역량강화 지원,0.898
3350000202530007,금정구 청년정책 기본계획 수립 연구용역,부산금정구,부산,지방,정책기반,기반·운영,0.27,0.27,찾지 못함,,,금정 청년 영수증학교,0.505
325000020193006B,청년 프로그램 지원(전환사업),부산중구,부산,지방,정책기반,대상자 지원,0.27,0.2,있음,,,부산 청년 프로그램 지원,0.92
3020000202430012,청년1인가구 지원 사업,서울용산구,서울,지방,정책기반,대상자 지원,0.27,0.0,있음,,,청년 1인가구 소셜다이닝 건강한 밥상,1.02
53800002023306A1,경남청년여성 일경험 지원,경남양산시,경남,지방,취업·일경험,대상자 지원,0.27,0.27,있음,,,청년 일경험 지원,0.995
54400002019300CA,보호종료아동 자립수당 지원,경남하동군,경남,지방,금융·생활안정,대상자 지원,0.27,0.07,찾지 못함,,,자립지원전담기관 운영,0.484
560000020203002A,청년정책운영,경기포천시,경기,지방,정책기반,기타,0.27,0.24,찾지 못함,,,경기도 청년참여기구 운영,0.691
4040000202630064,청년에say(주민참여예산),경기하남시,경기,지방,참여·권리,기타,0.27,0.06,찾지 못함,,,경기청년 사다리 프로그램,0.484
3660000202330020,청년 창업자 전문기술 교육 지원,대전서구,대전,지방,창업·농어업,대상자 지원,0.27,0.0,찾지 못함,,,청년도전지원사업,0.596
5090000202430134,(도)청년 문화예술패스 지원사업,경북영주시,경북,지방,문화·건강,대상자 지원,0.27,0.27,있음,,,2025년 청년도전 지원사업,0.72
512000020253007B,[도비]청년창업 지역정착 지원사업,경북문경시,경북,지방,창업·농어업,대상자 지원,0.27,0.27,있음,,,2025년 경북 청년창업 지역정착 지원사업,1.0
5200000202130040,청년창업 지역정착 지원사업,경북고령군,경북,지방,창업·농어업,대상자 지원,0.27,0.27,있음,,,2025년 경북 청년창업 지역정착 지원사업,1.0
5240000202130049,청년창업지역정착지원,경북봉화군,경북,지방,창업·농어업,대상자 지원,0.27,0.27,있음,,,2025년 경북 청년창업 지역정착 지원사업,1.0
477000020223005B,청년월세 한시특별지원 사업,전북순창군,전북,지방,주거,대상자 지원,0.27,0.02,있음,,,(국토부) 26년 청년월세 지원사업,0.9
46400002022302A9,청년이음전주 운영,전북전주시,전북,지방,정책기반,기타,0.27,0.21,있음,,,전북특별자치도 청년마음건강센터 운영,0.745
4290000202230057,청년월세 지원,강원정선군,강원,지방,주거,대상자 지원,0.26,0.06,있음,,,청년월세 한시 특별지원,0.8
42400002020301B6,강원특별자치도 청년 취업준비 쿠폰 지원사업(도 직접지원),강원삼척시,강원,지방,취업·일경험,대상자 지원,0.26,0.26,찾지 못함,,,삼척형 청년인턴 지원사업,0.691
4540000202630043,농촌지도자 청년 후계 인력 양성 지원(도비),충남논산시,충남,지방,창업·농어업,대상자 지원,0.26,0.26,찾지 못함,,,청년후계농업인 영농정착 지원,0.62
5680000202530016,농촌지도자 청년 후계 인력 양성 지원,충남당진시,충남,지방,창업·농어업,대상자 지원,0.26,0.26,찾지 못함,,,청년후계농업인 영농정착 지원,0.62
46200002026300E1,농촌지도자 청년 후계 인력 육성 양성 지원,충남태안군,충남,지방,창업·농어업,대상자 지원,0.26,0.26,찾지 못함,,,청년후계농업인 영농정착 지원,0.587
460000020243016C,청년 문화예술패스,충남홍성군,충남,지방,문화·건강,대상자 지원,0.26,0.26,있음,20260504005400113122,청년문화예술패스,청년문화예술패스,1.12
4510000202330245,청년활동 지원(보조),충남보령시,충남,지방,정책기반,대상자 지원,0.26,0.26,찾지 못함,,,고립·은둔청년 지원,0.691
3320000202630005,청년주간행사,부산북구,부산,지방,정책기반,기반·운영,0.26,0.03,찾지 못함,,,부산청년봉사단,0.665
492000020223005C,청년 월세 한시 특별지원,전남광주강진군,전남,지방,주거,대상자 지원,0.26,0.1,있음,,,청년월세지원,1.02
4960000202230093,청년월세 한시 특별지원,전남광주함평군,전남,지방,주거,대상자 지원,0.26,0.03,있음,,,청년월세지원,1.02
4960000202530003,글로벌 혁신 인재 청년농업인 육성,전남광주함평군,전남,지방,창업·농어업,기타,0.26,0.26,찾지 못함,,,학사농업인 육성 지원,0.596
3690000202330080,청년전세보증금반환보증보증료지원,울산중구,울산,지방,주거,대상자 지원,0.26,0.09,있음,,,전세보증금 반환보증 보증료 지원,1.053
64800002016301A4,청년활동추진,경남본청,경남,지방,정책기반,기타,0.26,0.22,있음,,,청년 문화예술인 활동 지원,0.735
5330000202530065,청년성장프로젝트(청년카페),경남통영시,경남,지방,취업·일경험,기타,0.26,0.26,있음,,,청년 장인프로젝트,0.995
53600002025300F6,청년농업인 영농정착 지원(선발운영비),경남밀양시,경남,지방,창업·농어업,기반·운영,0.26,0.26,있음,20260408005400212643,청년농업인 영농정착지원,청년농업인 영농정착지원,1.12
5330000202130011,청년 역량강화,경남통영시,경남,지방,교육·역량,기타,0.26,0.26,찾지 못함,,,청년 월세 지원,0.62
54100002021300BB,청년정책네트워크 운영,경남창녕군,경남,지방,참여·권리,기반·운영,0.26,0.08,있음,20251001005400211797,창녕군 청년정책네트워크 운영,창녕군 청년정책네트워크 운영,1.12
64800002024300FE,청년어업인연합회 사무장 채용 지원(도 연합회),경남본청,경남,지방,창업·농어업,대상자 지원,0.26,0.26,찾지 못함,,,청년어업인 해외연수비 지원,0.68
542000020243018E,청년어업인연합회 사무장 채용 지원,경남고성군,경남,지방,창업·농어업,대상자 지원,0.26,0.26,찾지 못함,,,청년어업인 해외연수비 지원,0.68
5700000202330111,경기청년 역량강화 기회 지원 사업,경기여주시,경기,지방,교육·역량,대상자 지원,0.26,0.18,있음,20251107005400211812,경기청년 역량강화 기회지원,경기청년 역량강화 기회지원,1.12
392000020213000B,청년구직비용 패키지 지원,경기동두천시,경기,지방,취업·일경험,대상자 지원,0.26,0.11,찾지 못함,,,경기청년 결혼준비 지원 사업,0.596
62700002025301EA,청년층 자살시도자 치료비 지원사업,대구본청,대구,지방,금융·생활안정,대상자 지원,0.26,0.26,찾지 못함,,,청년도전지원사업 젊핑(대구시),0.68
3610000200730491,가정위탁아동 자립준비금 지원,전남광주남구,광주,지방,금융·생활안정,대상자 지원,0.26,0.18,찾지 못함,,,청년자립준비지원사업 [해시태그 멘토링],0.642
464100020263000D,청년정책 네트워크 운영,전북전주시,전북,지방,참여·권리,기반·운영,0.26,0.25,찾지 못함,,,전북 청년 직무인턴 운영,0.564
4691000202530022,청년 문화예술패스 사업,전북정읍시,전북,지방,문화·건강,대상자 지원,0.26,0.26,있음,,,청년문화예술주문배달서비스사업(청년예술 퀵),0.903
472100020243016F,청년 문화예술패스,전북완주군,전북,지방,문화·건강,대상자 지원,0.26,0.26,있음,,,청년문화예술주문배달서비스사업(청년예술 퀵),0.857
4250000201830159,청년창업농 경영실습 농장 조성 및 임대사업,강원홍천군,강원,지방,창업·농어업,기반·운영,0.25,0.21,찾지 못함,,,청년농업인 육성지원,0.468
4200000201930220,청년정책 민관협력체계 구축,강원강릉시,강원,지방,정책기반,기타,0.25,0.23,찾지 못함,,,청년농업인 정책자금 이차보전 지원,0.44
653000020263013A,청년 참여 활성화,강원본청,강원,지방,참여·권리,기타,0.25,0.25,있음,,,지역청년 참여 네트워크 구축 및 활성화,0.729
428000020213015A,청년농업인 경영실습임대농장 시설개선,강원평창군,강원,지방,창업·농어업,기반·운영,0.25,0.24,찾지 못함,,,청년농업인 영농정착 지원,0.658
431100020253002B,청년어업인 영어정착 지원,강원화천군,강원,지방,창업·농어업,대상자 지원,0.25,0.08,있음,20250430005400210742,청년어업인 영어정착 지원,청년어업인 영어정착 지원,1.12
418100020253013D,청년어촌정착 지원사업,강원춘천시,강원,지방,창업·농어업,대상자 지원,0.25,0.21,있음,,,청년어업인 정착지원 사업,0.857
454000020263007E,청년 문화예술패스 사업,충남논산시,충남,지방,문화·건강,대상자 지원,0.25,0.25,있음,20260504005400113122,청년문화예술패스,청년문화예술패스,1.12
4500000202630043,청년4-H 스마트 영농정착 기술지원 시범사업,충남공주시,충남,지방,창업·농어업,대상자 지원,0.25,0.25,찾지 못함,,,청년자립형 스마트팜 지원사업,0.682
329000020213000C,청년플랫폼(청년FLEX) 관리 및 운영,부산부산진구,부산,지방,정책기반,기타,0.25,0.15,있음,20250108005400210076,부산진구 청년플랫폼(청년FLEX) 관리 및 운영,부산진구 청년플랫폼(청년FLEX) 관리 및 운영,1.12
3360000201930048,청년어촌 정착지원사업,부산강서구,부산,지방,창업·농어업,대상자 지원,0.25,0.0,있음,,,청년어업인 정착지원 사업,0.857
3310000202330045,청년 자기개발 도서구입비 지원,부산남구,부산,지방,정책기반,대상자 지원,0.25,0.12,찾지 못함,,,부산 청년 자산형성 지원(부산청년 기쁨두배통장),0.646
3310000202630092,지역특화 청년사업(남구문화탐방단),부산남구,부산,지방,문화·건강,기타,0.25,0.09,있음,,,청년도전지원사업,0.8
4830000201930197,청년센터 프로그램 운영,전남광주나주시,전남,지방,정책기반,기타,0.25,0.2,있음,,,2026년 나주시 청년센터 하반기 「청년희망학교」 강사 모집,0.92
48900002020300AD,청년센터 활성화(도비),전남광주보성군,전남,지방,정책기반,기타,0.25,0.25,있음,,,전남형 청년공동체 활성화 사업,0.745
4930000202130167,해남청년두드림센터 프로그램 운영,전남광주해남군,전남,지방,정책기반,기타,0.25,0.21,있음,,,청년드림은행(청년재무상담소),0.735
4930000202230042,해남 청년 축제 지원,전남광주해남군,전남,지방,문화·건강,기반·운영,0.25,0.0,있음,,,2026년 서구 청년축제 「무한도ZONE」,0.92
3180000201830001,청년의 취업 역량강화 프로그램 운영,서울영등포구,서울,지방,교육·역량,대상자 지원,0.25,0.23,찾지 못함,,,서울 청년 밀키트 창업지원,0.549
3720000202430006,청년농업인 영농 스타트업 지원,울산북구,울산,지방,창업·농어업,대상자 지원,0.25,0.0,있음,20250714005400211207,청년농업인 영농 스타트업 지원,청년농업인 영농 스타트업 지원,1.12
371000020223006D,청년창업지원,울산동구,울산,지방,창업·농어업,대상자 지원,0.25,0.0,있음,,,청년 월세 지원,0.787
6310000202230036,4-H회·청년농업인 육성,울산본청,울산,지방,창업·농어업,기타,0.25,0.19,찾지 못함,,,청년농업인 영농정착 지원,0.646
4010000202030141,말산업 청년인턴 취업 지원,경기시흥시,경기,지방,취업·일경험,대상자 지원,0.25,0.04,찾지 못함,,,청년 융합기술 창업지원,0.596
37800002025301A3,청년 재무상담 지원사업,경기성남시,경기,지방,문화·건강,대상자 지원,0.25,0.2,있음,,,경기청년 재기격려지원사업,0.82
3940000202430039,보호종료아동 자립정착금,경기고양시,경기,지방,금융·생활안정,대상자 지원,0.25,0.25,찾지 못함,,,청년 노동자 통장 운영,0.342
4050000202030016,청년정책과 홍보채널 운영,경기용인시,경기,지방,정책기반,기반·운영,0.25,0.01,있음,,,"청년정책과 SNS(유튜브, 카카오톡, 인스타그램, 페이스북) 채널 운영",0.735
3990000202530019,청년크루 해외 연수단 운영,경기남양주시,경기,지방,정책기반,기타,0.25,0.04,있음,,,경기청년 해외진출(일본) 사업,0.735
40900002014300B8,보호종료아동 자립정착금,경기김포시,경기,지방,금융·생활안정,대상자 지원,0.25,0.15,찾지 못함,,,청년 노동자 통장 운영,0.342
4030000202330132,청년 취업지원 패키지,경기의왕시,경기,지방,취업·일경험,대상자 지원,0.25,0.17,찾지 못함,,,청년 융합기술 창업지원,0.646
4040000202630062,청년 재정 상담소(주민참여예산),경기하남시,경기,지방,문화·건강,대상자 지원,0.25,0.04,찾지 못함,,,경기도 청년기본소득,0.582
406000020223001E,청년정책협의체 운영,경기파주시,경기,지방,참여·권리,기반·운영,0.25,0.16,찾지 못함,,,경기도 청년참여기구 운영,0.591
4140000202230183,경기 청년공간 조성(경기청년공간 프로그램 운영),경기연천군,경기,지방,정책기반,기반·운영,0.25,0.25,찾지 못함,,,청년공동체 연구지원 사업,0.582
647000020203005A,청년농업인커뮤니티활성화지원,경북본청,경북,지방,창업·농어업,대상자 지원,0.25,0.25,찾지 못함,,,청년 무역 전문인력 양성 지원,0.582
5090000201930046,(도)청년농업인 육성,경북영주시,경북,지방,창업·농어업,기타,0.25,0.25,있음,,,경북청년 예비창업가 육성사업,0.745
5090000202530003,청년근로자 여가활동비 지원사업,경북영주시,경북,지방,취업·일경험,대상자 지원,0.25,0.03,있음,,,2025 청년근로자 행복카드 지원사업,0.787
50600002026300D5,청년농업인 육성(보조),경북김천시,경북,지방,창업·농어업,기타,0.25,0.25,있음,,,경북청년 예비창업가 육성사업,0.745
34600002023301DB,지역특화 청년사업(청년재단 중앙청년지원센터),대구수성구,대구,지방,정책기반,대상자 지원,0.25,0.25,있음,,,지역주도형 청년일자리 사업,0.72
62900002016300F5,청년예술센터운영 (광주),전남광주본청,광주,지방,문화·건강,기타,0.25,0.11,있음,20250711005400211195,청년예술센터 운영,청년예술센터 운영,1.12
476000020113004E,청년취업 지원사업,전북임실군,전북,지방,취업·일경험,대상자 지원,0.25,0.03,있음,,,전북 청년 취업 지원 패키지,0.92
47910002026300B9,청년 소통공간 활성화 사업,전북부안군,전북,지방,참여·권리,기타,0.25,0.0,있음,,,청년공동체 활성화 지원,0.826
4640000201830298,사회적경제기업 청년혁신가 지원(지역혁신형),전북전주시,전북,지방,정책기반,대상자 지원,0.25,0.07,있음,,,사회적경제 청년혁신가 지원사업,1.029
4770000201630044,청년취업 지원사업,전북순창군,전북,지방,취업·일경험,대상자 지원,0.25,0.17,있음,,,전북 청년 취업 지원 패키지,0.92
3490000202530009,청년농업인 영농정착지원사업,인천영종구,인천,지방,창업·농어업,대상자 지원,0.25,0.0,찾지 못함,,,(영종구) 인천시 청년월세 지원사업,0.665
3550000202630083,[주민참여예산] 계양청년마당 AI 면접공간 구축,인천계양구,인천,지방,취업·일경험,기타,0.25,0.0,찾지 못함,,,인천 청년공간 운영 및 확대 구축,0.691
5690000201830032,청년농업인육성,세종본청,세종,지방,창업·농어업,기타,0.25,0.06,있음,20250908005400211673,청년농업인 육성,청년농업인 육성,1.12
425000020203014C,강원특별자치도 청년 취업준비 쿠폰 지원 사업,강원홍천군,강원,지방,취업·일경험,대상자 지원,0.24,0.0,찾지 못함,,,2025 홍천군 청년 일경험 지원사업,0.62
426100020253004C,지역밀착형 청년정책 강화(대 2025),강원횡성군,강원,지방,정책기반,기타,0.24,0.2,찾지 못함,,,지역주도형 청년일자리 사업(지역혁신형),0.526
4291000202630025,청년농업인 농업기계 자동화 도입,강원정선군,강원,지방,창업·농어업,기타,0.24,0.0,찾지 못함,,,청년농업인 영농정착 지원,0.642
435000020223000B,소멸위기지역 창업청년지원형 청년일자리사업(국고),강원양양군,강원,지방,창업·농어업,대상자 지원,0.24,0.0,찾지 못함,,,지역주도형 청년일자리 사업(지역혁신형),0.625
428000020223006A,청년월세 지원사업(보조),강원평창군,강원,지방,주거,대상자 지원,0.24,0.06,있음,,,청년월세 한시 특별지원,0.8
64400002026300D4,청년수산인 단체육성,충남본청,충남,지방,문화·건강,기타,0.24,0.0,있음,,,청년수산인단체 역량강화 지원,0.898
4500000201930139,자립준비청년 자립수당,충남공주시,충남,지방,금융·생활안정,대상자 지원,0.24,0.12,있음,,,"자립준비청년 자립 지원 (자립수당, 자립정착금, 대학생활안정자금)",1.02
4530000201930028,찾아가는 청년문화 예술활동 지원사업,충남서산시,충남,지방,문화·건강,대상자 지원,0.24,0.07,있음,20250103005400210049,찾아가는 청년문화 예술 활동 지원,찾아가는 청년문화 예술 활동 지원,1.12
46000002025300E2,청년농업인(4-H) 농산업 문화 교류 지원(지역밀착),충남홍성군,충남,지방,창업·농어업,대상자 지원,0.24,0.24,있음,,,청년농업인 농지임차료 지원,0.735
3350000202230054,청년 참여기구 운영,부산금정구,부산,지방,참여·권리,기타,0.24,0.2,찾지 못함,,,부산청년센터 운영,0.691
49600002024300E0,청년센터 운영 지원,전남광주함평군,전남,지방,정책기반,기반·운영,0.24,0.17,찾지 못함,,,청년월세지원,0.691
646000020223005C,청년농업인 농지확보 지원 (전남),전남광주본청,전남,지방,창업·농어업,대상자 지원,0.24,0.22,있음,,,2026년 청년농업인(청년창업형 후계농업경영인) 영농정착지원사업(2차),0.787
4900000202630009,청년 취업자 주거비 지원,전남광주화순군,전남,지방,주거,대상자 지원,0.24,0.09,있음,20251124005400211940,청년 취업자 주거비 지원사업,청년 취업자 주거비 지원사업,1.12
4930000202530022,대학생 해남학사 지원,전남광주해남군,전남,지방,교육·역량,대상자 지원,0.24,0.08,찾지 못함,,,학사농업인 육성 지원,0.62
49400002024300E6,대학생 현장실습 활성화 지원 사업,전남광주영암군,전남,지방,교육·역량,대상자 지원,0.24,0.0,있음,20251230005400212049,대학생 현장실습 활성화 지원사업,대학생 현장실습 활성화 지원사업,1.12
497000020203008B,청년 취업자 주거비 지원,전남광주영광군,전남,지방,주거,대상자 지원,0.24,0.1,있음,20251124005400211940,청년 취업자 주거비 지원사업,청년 취업자 주거비 지원사업,1.12
4970000202030096,청년 어촌 정착지원,전남광주영광군,전남,지방,창업·농어업,대상자 지원,0.24,0.1,있음,,,청년어업인 정착지원 사업,0.769
3180000202630014,청년 커뮤니티 지원 사업 운영,서울영등포구,서울,지방,참여·권리,대상자 지원,0.24,0.24,있음,,,청년예술지원사업,0.72
3060000202630036,청년 아르바이트 운영,서울중랑구,서울,지방,정책기반,기타,0.24,0.23,찾지 못함,,,청년예술청 운영,0.62
3730000202430011,청년 자격증 응시료 지원,울산울주군,울산,지방,교육·역량,대상자 지원,0.24,0.24,있음,20250509005400210801,청년 자격증 응시료 지원사업,청년 자격증 응시료 지원사업,1.12
6480000202630068,청년농업인 드론 공동방제단 운영 시범,경남본청,경남,지방,창업·농어업,기타,0.24,0.24,있음,,,청년농업인 드론 공동방제단 운영,1.053
64800002021301D0,농업 농촌 청년활동 지원사업,경남본청,경남,지방,정책기반,대상자 지원,0.24,0.24,찾지 못함,,,청년 문화예술인 활동 지원,0.642
5420000201930008,청년농업인 취농직불제 지원,경남고성군,경남,지방,창업·농어업,대상자 지원,0.24,0.24,있음,20250918005400211769,청년농업인 취농직불제,청년농업인 취농직불제,1.12
5450000201930096,보호종료아동(자립준비청년) 자립수당,경남산청군,경남,지방,금융·생활안정,대상자 지원,0.24,0.08,찾지 못함,,,시설 퇴소청소년 자립지원수당,0.381
5450000202330130,스마트팜 청년창업 교육 시설 운영,경남산청군,경남,지방,창업·농어업,기반·운영,0.24,0.22,찾지 못함,,,청년 창업아카데미 운영,0.62
548000020193003A,청년 농업인 취농직불제,경남합천군,경남,지방,창업·농어업,기타,0.24,0.24,있음,20250918005400211769,청년농업인 취농직불제,청년농업인 취농직불제,1.12
3780000202330478,청년 발달장애인 자산형성(스마일통장) 사업,경기성남시,경기,지방,금융·생활안정,기타,0.24,0.19,찾지 못함,,,청년농업인 경쟁력제고 사업,0.52
399000020183019C,청년농업인 경쟁력 제고,경기남양주시,경기,지방,창업·농어업,기타,0.24,0.24,있음,20251107005400211816,청년농업인 경쟁력제고 사업,청년농업인 경쟁력제고 사업,1.12
553000020223022C,청년농업인 신규 영농정착 시범,경기화성시,경기,지방,창업·농어업,기타,0.24,0.24,있음,,,청년농업인 영농정착지원,0.938
39100002025301C8,청년농업인4-H회원 신규 영농정착 시범(도비),경기평택시,경기,지방,창업·농어업,기타,0.24,0.0,있음,,,청년농업인 영농정착지원,0.812
391000020203028E,청년 네트워크 운영 지원,경기평택시,경기,지방,참여·권리,기반·운영,0.24,0.1,있음,,,제7기 평택시 청년네트워크 운영 및 지원,1.02
40900002026300BE,청년어촌정착지원,경기김포시,경기,지방,창업·농어업,대상자 지원,0.24,0.13,있음,,,청년어업인 정착지원 사업,0.769
4090000201930142,청년농업인 4-H회원 신규 영농정착 시범,경기김포시,경기,지방,창업·농어업,기타,0.24,0.24,있음,,,청년농업인 영농정착지원,0.812
40300002018300B5,청년농업인 영농정착 지원(지원금),경기의왕시,경기,지방,창업·농어업,대상자 지원,0.24,0.18,있음,20251107005400211815,청년농업인 영농정착지원,청년농업인 영농정착지원,1.12
570000020253009C,청년농업인4-H회원 신규 영농정착 시범,경기여주시,경기,지방,창업·농어업,기타,0.24,0.24,있음,,,청년농업인 영농정착지원,0.812
41700002023300F6,경기청년역량강화 기회 지원(보조),경기양평군,경기,지방,교육·역량,대상자 지원,0.24,0.12,있음,20251107005400211812,경기청년 역량강화 기회지원,경기청년 역량강화 기회지원,1.12
41400002024300AE,청년농업인 4-H회원 신규 영농정착 시범(도비),경기연천군,경기,지방,창업·농어업,기타,0.24,0.24,있음,,,청년농업인 영농정착지원,0.812
5210000201930040,보호종료아동자립수당지원,경북성주군,경북,지방,금융·생활안정,대상자 지원,0.24,0.14,찾지 못함,,,자립준비청년 자립수당지원,0.62
52000002021300CF,청년일자리 창출,경북고령군,경북,지방,취업·일경험,기타,0.24,0.22,있음,,,청년일자리 로컬솔루션  프로젝트,0.92
523000020193006B,보호종료아동 자립수당 지급,경북예천군,경북,지방,금융·생활안정,대상자 지원,0.24,0.06,찾지 못함,,,자립준비청년 자립수당 지원,0.537
52500002026300EA,청년어업인 정착지원,경북울진군,경북,지방,창업·농어업,대상자 지원,0.24,0.18,있음,,,청년어업인 정착지원 사업,1.0
5140000201930023,보호종료아동 자립수당 지원,대구군위군,대구,지방,금융·생활안정,대상자 지원,0.24,0.07,찾지 못함,,,자립준비청년 자립수당 지급,0.417
36200002023301DF,청년자율공간확충,전남광주북구,광주,지방,정책기반,기타,0.24,0.22,있음,,,청년자율공간,1.02
4730000202230038,전북형 청년취업 지원사업,전북진안군,전북,지방,취업·일경험,대상자 지원,0.24,0.1,있음,20250113005400210213,전북형 청년취업 지원,전북형 청년취업 지원,1.12
351050020193000C,청년종합지원사업,인천미추홀구,인천,지방,정책기반,대상자 지원,0.24,0.14,있음,,,청년도전지원사업,0.87
3490000202430015,청년 이사비 지원사업,인천영종구,인천,지방,주거,대상자 지원,0.24,0.05,있음,,,(영종구) 인천시 청년월세 지원사업,0.787
57100002024302D2,청년(후계)농업인 워크숍 지원,충북청주시,충북,지방,창업·농어업,대상자 지원,0.24,0.15,있음,,,청년농부 네트워크 지원,0.82
444000020223008F,창업청년 임차료 지원,충북영동군,충북,지방,창업·농어업,대상자 지원,0.24,0.16,찾지 못함,,,충북 창업인재 지원사업,0.591
42110002024300B6,청년문화예술패스,강원동해시,강원,지방,문화·건강,대상자 지원,0.23,0.23,있음,,,청년예술인 지원,0.735
4260000201930071,보호종료아동 자립수당 지원(국고),강원횡성군,강원,지방,금융·생활안정,대상자 지원,0.23,0.08,찾지 못함,,,자립준비청년 자립수당 지원,0.62
45200002022301AE,지역정착 청년프로그램 운영사업,충남아산시,충남,지방,정책기반,기타,0.23,0.1,있음,20250715005400211270,지역정착 청년프로그램 운영,지역정착 청년프로그램 운영,1.12
45900002025301A4,지역정착 청년 프로그램 운영사업,충남청양군,충남,지방,정책기반,기타,0.23,0.0,있음,20250715005400211270,지역정착 청년프로그램 운영,지역정착 청년프로그램 운영,1.12
4610000202430100,지역정착청년프로그램,충남예산군,충남,지방,정책기반,기타,0.23,0.23,있음,20250715005400211270,지역정착 청년프로그램 운영,지역정착 청년프로그램 운영,1.12
4550000202330107,청년정책 추진(자체),충남금산군,충남,지방,정책기반,기타,0.23,0.2,있음,,,충청남도 청년정책 조정위원회 운영,0.92
6260000201930278,청년산학 기획,부산본청,부산,지방,정책기반,기타,0.23,0.2,찾지 못함,,,부산 청년 자산형성 지원(부산청년 기쁨두배통장),0.62
4850000201930025,청년농업인육성,전남광주담양군,전남,지방,창업·농어업,기타,0.23,0.21,있음,,,학사농업인 육성 지원,0.834
4840000200830158,중앙도서관 청년 독서서비스,전남광주광양시,전남,지방,정책기반,기타,0.23,0.17,찾지 못함,,,(광양시)청년 독서문화 거점 「미소청년 플러스+」,0.52
302000020253002B,청년 금융·부동산 교육,서울용산구,서울,지방,교육·역량,대상자 지원,0.23,0.1,찾지 못함,,,청년 부동산 중개보수 및 이사비 지원사업,0.575
3720000202130098,청년 네트워크·활동 지원,울산북구,울산,지방,참여·권리,대상자 지원,0.23,0.11,있음,,,울산청년정책네트워크 운영,0.745
5340000202530131,청년 일경험 지원사업,경남사천시,경남,지방,취업·일경험,대상자 지원,0.23,0.0,있음,20250917005400211751,청년 일경험 지원,청년 일경험 지원,1.12
53300002025300B2,경남 청년 일경험 지원사업,경남통영시,경남,지방,취업·일경험,대상자 지원,0.23,0.06,있음,20250917005400211751,청년 일경험 지원,청년 일경험 지원,1.12
5310000201930068,진주청년역사학교,경남진주시,경남,지방,교육·역량,기타,0.23,0.0,찾지 못함,,,청년 월세 지원,0.52
537000020223001F,청년통계,경남거제시,경남,지방,정책기반,기타,0.23,0.0,찾지 못함,,,청년 월세 지원,0.62
5450000202330195,모다드림 청년통장 지원사업,경남산청군,경남,지방,금융·생활안정,대상자 지원,0.23,0.23,있음,20250916005400211693,모다드림 청년통장 지원,모다드림 청년통장 지원,1.12
5480000202330190,모다드림 청년통장 지원사업,경남합천군,경남,지방,금융·생활안정,대상자 지원,0.23,0.23,있음,20250916005400211693,모다드림 청년통장 지원,모다드림 청년통장 지원,1.12
5390000202330071,경남 청년통장 지원사업,경남의령군,경남,지방,금융·생활안정,대상자 지원,0.23,0.23,있음,,,모다드림 청년통장 지원,0.92
54400002023302C1,모다드림 청년통장 지원사업,경남하동군,경남,지방,금융·생활안정,대상자 지원,0.23,0.23,있음,20250916005400211693,모다드림 청년통장 지원,모다드림 청년통장 지원,1.12
39200002024300D9,청년 문화예술패스 지원,경기동두천시,경기,지방,문화·건강,대상자 지원,0.23,0.23,찾지 못함,,,청년 융합기술 창업지원,0.62
559000020263005F,청년센터 및 창업사무실 운영(기간제 인건비),경기양주시,경기,지방,창업·농어업,대상자 지원,0.23,0.17,찾지 못함,,,청년 융합기술 창업지원,0.564
5700000202330092,지역혁신형 청년일자리 지원사업(신규1유형),경기여주시,경기,지방,취업·일경험,대상자 지원,0.23,0.23,찾지 못함,,,경기청년 재기격려지원사업,0.62
366000020223000E,청춘컬렉션 청년예술작가전,대전서구,대전,지방,문화·건강,기타,0.23,0.14,찾지 못함,,,청년도전지원사업,0.495
516000020233004D,초보청년농부멘토링지원,경북청송군,경북,지방,창업·농어업,대상자 지원,0.23,0.07,찾지 못함,,,청년 신혼부부 월세 지원사업,0.555
5100000202330013,청년농업인품목별현장지원단운영,경북영천시,경북,지방,창업·농어업,대상자 지원,0.23,0.09,찾지 못함,,,청년스타트업 지원,0.555
5090000202330076,(도)청년농업인 농지 임대료 지원사업,경북영주시,경북,지방,창업·농어업,대상자 지원,0.23,0.0,찾지 못함,,,2025년 청년도전 지원사업,0.665
343000020203008A,청년정책 추진,대구서구,대구,지방,정책기반,기타,0.23,0.13,있음,,,제3차 대구광역시 청년정책 기본계획 수립,0.92
4670000201730237,청년 어업인 영어정착자금 지원,전북군산시,전북,지방,창업·농어업,대상자 지원,0.23,0.17,있음,,,청년어업인 정착지원 사업,0.778
47800002020300A4,청년창업농 정책자금 이차보전,전북고창군,전북,지방,창업·농어업,대상자 지원,0.23,0.0,있음,20250718005400211441,청년창업농 정책자금 이차보전,청년창업농 정책자금 이차보전,1.12
4640000201930054,청년 온라인 플랫폼 운영,전북전주시,전북,지방,정책기반,기타,0.23,0.23,찾지 못함,,,전북 청년 직무인턴 운영,0.676
4740000201130054,전북형 청년취업 지원사업,전북무주군,전북,지방,취업·일경험,대상자 지원,0.23,0.07,있음,20250113005400210213,전북형 청년취업 지원,전북형 청년취업 지원,1.12
47210002026300B5,전북청년 1인 소상공인·농어업인 출산급여 지원사업,전북완주군,전북,지방,창업·농어업,대상자 지원,0.23,0.09,있음,20260330005400212344,전북 청년 1인 소상공인·농어업인 출산급여 지원,전북 청년 1인 소상공인·농어업인 출산급여 지원,1.12
44500002024300D6,청년 문화예술패스(국가직접지원),충북진천군,충북,지방,문화·건강,대상자 지원,0.23,0.23,찾지 못함,,,충북 청년사회서비스사업단 운영,0.495
4190000202330094,청년창업활동 지원,강원원주시,강원,지방,창업·농어업,대상자 지원,0.22,0.0,있음,,,청년 동아리 활동비 지원(상반기),0.787
65300002025301F9,청년층 자살시도자 치료비 지원(국고),강원본청,강원,지방,금융·생활안정,대상자 지원,0.22,0.22,찾지 못함,,,자립준비청년 자립수당 지원,0.52
421000020223001F,청년어촌 정착지원,강원동해시,강원,지방,창업·농어업,대상자 지원,0.22,0.14,있음,,,청년어업인 영어정착 지원,0.857
42500002023301D0,청년 중증장애인 자산형성,강원홍천군,강원,지방,금융·생활안정,기타,0.22,0.11,있음,,,청년 재가 중증장애인 자산형성 지원,1.037
4210000202230031,청년일자리 지역혁신형,강원동해시,강원,지방,취업·일경험,기타,0.22,0.17,찾지 못함,,,지역주도형 청년일자리 사업(지역혁신형),0.556
4321000202430045,청년 디딤돌 2배 적금 지원사업,강원양구군,강원,지방,금융·생활안정,대상자 지원,0.22,0.11,있음,20250425005400210723,2025년 청년 디딤돌 2배 적금 지원사업,2025년 청년 디딤돌 2배 적금 지원사업,1.12
4540000202230052,자립준비청년 자립지원 사업(자체),충남논산시,충남,지방,금융·생활안정,대상자 지원,0.22,0.09,있음,20250715005400211284,"자립준비청년 자립 지원 (자립수당, 자립정착금, 대학생활안정자금)","자립준비청년 자립 지원 (자립수당, 자립정착금, 대학생활안정자금)",1.12
45400002023301B0,청년농업인 영농정착지원 운영,충남논산시,충남,지방,창업·농어업,대상자 지원,0.22,0.22,있음,,,청년후계농업인 영농정착 지원,1.02
3290000202330075,청년공간이음 사업,부산부산진구,부산,지방,정책기반,기타,0.22,0.22,있음,,,부산청년센터 운영,0.92
330000020253008B,청년 채용박람회 행사,부산동래구,부산,지방,취업·일경험,기반·운영,0.22,0.22,찾지 못함,,,부산 청년 신용회복 지원,0.653
332000020263002D,청년 정책 개발,부산북구,부산,지방,정책기반,기타,0.22,0.0,찾지 못함,,,부산 청년 프로그램 지원,0.62
3370000202330035,청년 맞춤형 인재양성,부산연제구,부산,지방,정책기반,기타,0.22,0.0,찾지 못함,,,부산 청년 자산형성 지원(부산청년 기쁨두배통장),0.653
337000020243005D,동네 청년활동공간 활성화 지원사업,부산연제구,부산,지방,정책기반,대상자 지원,0.22,0.11,있음,20260406005400212424,부산 동네 청년활동공간 활성화 지원,부산 동네 청년활동공간 활성화 지원,1.12
328000020263004F,청년 기본계획 수립,부산영도구,부산,지방,정책기반,기타,0.22,0.0,찾지 못함,,,부산 청년 프로그램 지원,0.52
4930000202030027,해남형 청년 주거비 지원 사업,전남광주해남군,전남,지방,주거,대상자 지원,0.22,0.12,있음,,,청년 취업자 주거비 지원사업,0.938
489000020223013C,전남형 청년공동체 활성화 사업,전남광주보성군,전남,지방,참여·권리,기타,0.22,0.13,있음,20250119005400210341,전남형 청년공동체 활성화 사업,전남형 청년공동체 활성화 사업,1.12
3200000202330094,관악 청년 버스킹 운영,서울관악구,서울,지방,정책기반,기타,0.22,0.11,찾지 못함,,,청년예술청 운영,0.62
3240000202230098,구천면로 청년공방 조성,서울강동구,서울,지방,정책기반,기반·운영,0.22,0.21,찾지 못함,,,청년안심주택 공급활성화(임차보증금 무이자지원),0.501
31800002024300C5,청년 지역 네트워크 형성,서울영등포구,서울,지방,참여·권리,기타,0.22,0.19,찾지 못함,,,2026년 서울청년정책네트워크 하반기 모집,0.642
3060000201930039,청년지원 기반 구축,서울중랑구,서울,지방,정책기반,대상자 지원,0.22,0.21,찾지 못함,,,서울청년문화패스 지원,0.62
3200000202130093,관악청년네트워크 운영,서울관악구,서울,지방,참여·권리,기반·운영,0.22,0.18,찾지 못함,,,2026년 서울청년정책네트워크 하반기 모집,0.691
538000020203028A,대학생 학자금 대출 이자 지원,경남양산시,경남,지방,교육·역량,대상자 지원,0.22,0.02,있음,20251121005400211913,양산시 대학생 학자금대출 이자지원,양산시 대학생 학자금대출 이자지원,1.12
531000020243013B,청년성장프로젝트,경남진주시,경남,지방,취업·일경험,기타,0.22,0.0,있음,,,청년 장인프로젝트,0.995
5360000202430170,자립준비청년 자립지원,경남밀양시,경남,지방,금융·생활안정,대상자 지원,0.22,0.01,있음,20250916005400211696,자립준비청년 자립프로그램 운영,자립준비청년 자립프로그램 운영,1.12
5380000202530338,청년 면접비 지원사업,경남양산시,경남,지방,취업·일경험,대상자 지원,0.22,0.05,있음,20251121005400211921,양산시 청년 면접비 지원,양산시 청년 면접비 지원,1.12
531000020233036F,청년여성 일경험 지원사업,경남진주시,경남,지방,취업·일경험,대상자 지원,0.22,0.11,있음,,,청년 일경험 지원,0.953
40300002019300D7,청년정책 일반,경기의왕시,경기,지방,정책기반,기타,0.22,0.21,찾지 못함,,,청년농업인 영농정착지원,0.52
39100002026300B8,평택 청년-기업 이어드림 사업,경기평택시,경기,지방,정책기반,기타,0.22,0.18,있음,20260326005400212284,2026년 평택 청년-기업 이어드림 사업,2026년 평택 청년-기업 이어드림 사업,1.12
3910000202530069,평택청년 취업성공 지원사업 운영,경기평택시,경기,지방,취업·일경험,대상자 지원,0.22,0.07,있음,20260325005400212279,2026 평택청년 취업성공 지원사업,2026 평택청년 취업성공 지원사업,1.12
4060000202130039,파주 청년드림옷장,경기파주시,경기,지방,정책기반,기타,0.22,0.19,찾지 못함,,,청년 노동자 통장 운영,0.52
409000020223002A,김포청년 내일옷장 사업,경기김포시,경기,지방,정책기반,기타,0.22,0.18,찾지 못함,,,경기청년 해외진출(일본) 사업,0.564
5050000201930027,청년정책 지원,경북경주시,경북,지방,정책기반,대상자 지원,0.22,0.11,찾지 못함,,,2025년 청년도전 지원사업,0.691
647000020253030F,청년층자살시도자치료비지원사업,경북본청,경북,지방,금융·생활안정,대상자 지원,0.22,0.22,있음,,,2025년 청년도전 지원사업,0.729
5110000202430097,[도]청년 문화예술패스사업 지원,경북상주시,경북,지방,문화·건강,대상자 지원,0.22,0.22,있음,,,청년스타트업 지원,0.72
344000020263004C,청년친화도시 조성,대구남구,대구,지방,정책기반,기반·운영,0.22,0.2,찾지 못함,,,청년 정착 워라밸 기업문화 조성,0.596
3600000202530137,청년농업인영농정착지원,전남광주서구,광주,지방,창업·농어업,대상자 지원,0.22,0.12,있음,20260513005400213183,2026년 청년농업인(청년창업형 후계농업경영인) 영농정착지원사업(2차),2026년 청년농업인(청년창업형 후계농업경영인) 영농정착지원사업(2차),1.12
36300002023301B8,청년자율활동공간운영·지원,전남광주광산구,광주,지방,정책기반,대상자 지원,0.22,0.22,있음,,,청년자율공간,0.977
47800002018300BD,청년농업인영농정착지원(선발운영),전북고창군,전북,지방,창업·농어업,대상자 지원,0.22,0.16,있음,,,청년창업농 영농정착지원사업,0.92
46800002019300CC,청년 문화 프로그램 운영,전북익산시,전북,지방,문화·건강,기타,0.22,0.22,있음,,,청년문화예술주문배달서비스사업(청년예술 퀵),0.92
468000020203001B,청년 취업 역량 강화 프로그램 운영,전북익산시,전북,지방,교육·역량,대상자 지원,0.22,0.22,있음,20260330005400212331,청년 취업 역량 강화 프로그램 운영,청년 취업 역량 강화 프로그램 운영,1.12
4720000201730013,청년정책 활성화 추진,전북완주군,전북,지방,정책기반,기타,0.22,0.15,있음,,,청년공동체 활성화 지원,0.787
3530000202030027,청년미디어타워 운영,인천남동구,인천,지방,정책기반,기타,0.22,0.21,있음,20260406005400212428,(남동구) 청년미디어타워 운영,(남동구) 청년미디어타워 운영,1.12
3560000202630040,인천 청년 자격증 응시료 지원,인천검단구,인천,지방,교육·역량,대상자 지원,0.22,0.22,있음,20260722005400213266,(검단구) 청년 자격증 응시료 지원,(검단구) 청년 자격증 응시료 지원,1.12
35800002018300DA,청년농업인 영농정착 지원금,인천옹진군,인천,지방,창업·농어업,대상자 지원,0.22,0.22,있음,,,청년농업인 영농정착지원,1.077
44700002024300D4,청년 문화예술패스,충북음성군,충북,지방,문화·건강,대상자 지원,0.22,0.22,찾지 못함,,,충북 청년사회서비스사업단 운영,0.495
44300002024300A4,청년농업인 영농자재 바우처 지원,충북옥천군,충북,지방,창업·농어업,대상자 지원,0.22,0.15,찾지 못함,,,청년후계농 영농정착 지원,0.68
4241000202430131,청년 문화예술패스 지원(도),강원삼척시,강원,지방,문화·건강,대상자 지원,0.21,0.21,있음,,,청년예술인 지원,0.826
450000020243013A,청년농업인 농업용 드론교육지원 시범사업,충남공주시,충남,지방,창업·농어업,대상자 지원,0.21,0.0,찾지 못함,,,청년농업인 농지임차료 지원,0.653
451000020263009B,청년 문화예술패스(국가직접지원),충남보령시,충남,지방,문화·건강,대상자 지원,0.21,0.21,있음,20260504005400113122,청년문화예술패스,청년문화예술패스,1.12
32900002023300A6,청년 취업 지원,부산부산진구,부산,지방,취업·일경험,대상자 지원,0.21,0.0,있음,,,부산진구 청년취업매니저,0.92
3280000202530005,청년 동아리 활동 지원 사업,부산영도구,부산,지방,참여·권리,대상자 지원,0.21,0.06,있음,,,부산 청년도전 지원사업,0.752
328000020223004E,영도청년 자격증 응시료 지원사업,부산영도구,부산,지방,교육·역량,대상자 지원,0.21,0.15,있음,20250114005400210238,영도 청년 자격증 응시료 지원사업,영도 청년 자격증 응시료 지원사업,1.12
3360000202630022,청년 자격시험 응시료 지원 사업,부산강서구,부산,지방,교육·역량,대상자 지원,0.21,0.19,찾지 못함,,,부산 청년도전 지원사업,0.691
335000020263002B,청년인턴 일경험 지원사업,부산금정구,부산,지방,취업·일경험,대상자 지원,0.21,0.12,있음,,,부산 청년도전 지원사업,0.752
4920000202330142,강진특화통계(청년통계),전남광주강진군,전남,지방,정책기반,기타,0.21,0.0,찾지 못함,,,,
49600002023301F3,전남형 청년공동체 활성화 사업(보조),전남광주함평군,전남,지방,참여·권리,기타,0.21,0.12,있음,20250119005400210341,전남형 청년공동체 활성화 사업,전남형 청년공동체 활성화 사업,1.12
3110000202530040,청년 마음건강 프로젝트(참여예산),서울은평구,서울,지방,문화·건강,기타,0.21,0.21,찾지 못함,,,서울 청년 밀키트 창업지원,0.473
313000020253000D,청년 일자리 페스타,서울마포구,서울,지방,취업·일경험,기타,0.21,0.01,있음,,,미래 청년 일자리 사업,0.787
3100000202330159,노원 청년평생교육센터 청년배움 운영,서울노원구,서울,지방,교육·역량,대상자 지원,0.21,0.16,찾지 못함,,,서울광역청년센터 운영,0.62
373000020203002F,청년정책협의체 및 위원회 운영,울산울주군,울산,지방,참여·권리,기반·운영,0.21,0.21,있음,,,울산광역시 청년정책조정위원회 운영,0.87
3730000202530157,지역특화 청년사업,울산울주군,울산,지방,정책기반,기타,0.21,0.16,있음,,,지역 청년 일경험 사업,0.826
5360000202430126,청년 문화예술패스 사업,경남밀양시,경남,지방,문화·건강,대상자 지원,0.21,0.21,있음,,,청년 문화예술인 활동 지원,0.826
535000020263011F,청년성장프로젝트,경남김해시,경남,지방,취업·일경험,기타,0.21,0.21,있음,,,청년 장인프로젝트,0.995
5380000202430202,청년성장프로젝트,경남양산시,경남,지방,취업·일경험,기타,0.21,0.21,있음,,,청년 장인프로젝트,0.995
4030000202030018,청년창업주택 창업지원 프로그램 운영,경기의왕시,경기,지방,창업·농어업,대상자 지원,0.21,0.1,찾지 못함,,,청년 융합기술 창업지원,0.62
3820000202230051,청년 취업비용 지원,경기의정부시,경기,지방,취업·일경험,대상자 지원,0.21,0.21,찾지 못함,,,청년 융합기술 창업지원,0.676
4030000202630073,청년 공간 프로그램 (도비),경기의왕시,경기,지방,정책기반,기타,0.21,0.06,있음,,,청년공간 운영사업,0.92
40100002018301E2,지역특화 청년무역전문가 양성사업단 지원,경기시흥시,경기,지방,취업·일경험,대상자 지원,0.21,0.21,찾지 못함,,,지역사회서비스분야 청년사업단 지원,0.649
55400002020300D3,말산업 청년인턴 취업지원,경기광주시,경기,지방,취업·일경험,대상자 지원,0.21,0.0,찾지 못함,,,청년 융합기술 창업지원,0.596
4160000202030083,말산업 청년인턴 취업 지원사업(보조),경기가평군,경기,지방,취업·일경험,대상자 지원,0.21,0.21,찾지 못함,,,청년 면접 지원 사업,0.691
39700002024300C6,청년 문화예술패스,경기과천시,경기,지방,문화·건강,대상자 지원,0.21,0.21,찾지 못함,,,청년 융합기술 창업지원,0.495
414000020203014C,말산업 청년인턴 취업지원(도비),경기연천군,경기,지방,취업·일경험,대상자 지원,0.21,0.0,찾지 못함,,,청년 융합기술 창업지원,0.596
52200002019300C7,청년농업인 육성,경북칠곡군,경북,지방,창업·농어업,기타,0.21,0.2,있음,,,경북청년 예비창업가 육성사업,0.745
52000002024300A6,경북 청년 신혼부부 월세 지원사업,경북고령군,경북,지방,주거,대상자 지원,0.21,0.13,있음,20250827005400211525,청년 신혼부부 월세 지원사업,청년 신혼부부 월세 지원사업,1.12
5110000202630067,[지]청년농업인 영농정착지원 선발운영,경북상주시,경북,지방,창업·농어업,대상자 지원,0.21,0.1,찾지 못함,,,청년스타트업 지원,0.555
5170000202130050,청년농업인육성(보조),경북영양군,경북,지방,창업·농어업,기타,0.21,0.21,있음,,,경북청년 예비창업가 육성사업,0.745
359000020173002D,청년 협치 및 참여 활성화(성인지예산),전남광주동구,광주,지방,참여·권리,기타,0.21,0.09,찾지 못함,,,(1차) 2026 광주청년 구직활동수당 및 활동지원사업,0.501
4640000202430054,취업준비 청년 교통비 지원사업,전북전주시,전북,지방,취업·일경험,대상자 지원,0.21,0.21,찾지 못함,,,2026년 청년부부 결혼비용 지원사업,0.68
4750000201130070,청년일자리 사업,전북장수군,전북,지방,취업·일경험,기타,0.21,0.14,있음,,,지역주도형 청년일자리사업(시군),1.02
468000020173011D,대학생 학자금 이자지원,전북익산시,전북,지방,교육·역량,대상자 지원,0.21,0.21,있음,,,대학생 학자금 대출이자 지원,1.029
47800002020300A5,청년창업농 영농기반 임차지원,전북고창군,전북,지방,창업·농어업,대상자 지원,0.21,0.0,있음,20250718005400211442,청년창업농 영농기반 임차지원,청년창업농 영농기반 임차지원,1.12
3530000201830092,청년농업인 영농정착 지원,인천남동구,인천,지방,창업·농어업,대상자 지원,0.21,0.21,있음,20260506005400213147,청년농업인 영농정착지원,청년농업인 영농정착지원,1.12
4440000202630059,청년센터 운영,충북영동군,충북,지방,정책기반,기반·운영,0.21,0.09,있음,,,충북청년희망센터 운영,0.92
4270000202230033,청년 정책 네트워크 운영,강원영월군,강원,지방,참여·권리,기반·운영,0.2,0.1,찾지 못함,,,강원청년센터 운영,0.62
41800002022300CE,춘천시 지역특화 청년일자리,강원춘천시,강원,지방,취업·일경험,기타,0.2,0.15,찾지 못함,,,지역주도형 청년일자리 사업(지역혁신형),0.636
4180000202330209,청년농업인 경영실습임대농장 조성,강원춘천시,강원,지방,창업·농어업,기반·운영,0.2,0.02,있음,20250501005400210754,청년농업인 경영실습 임대농장 조성,청년농업인 경영실습 임대농장 조성,1.12
418100020253008D,청년창업 우수기업 인증제,강원춘천시,강원,지방,창업·농어업,대상자 지원,0.2,0.2,있음,20250501005400210753,청년창업 우수기업 인증제,청년창업 우수기업 인증제,1.12
4201000202430032,청년 후계축산인 육성 지원사업,강원강릉시,강원,지방,창업·농어업,대상자 지원,0.2,0.19,찾지 못함,,,청년예술인 지원,0.62
43200002023300B1,양구군 청년지킴이 사업 (보조),강원양구군,강원,지방,정책기반,기타,0.2,0.17,찾지 못함,,,(국토부) 26년 청년월세 지원사업,0.556
432100020253013D,양구군 청년의날 행사 개최 지원,강원양구군,강원,지방,정책기반,기반·운영,0.2,0.2,찾지 못함,,,청년예술인 지원,0.52
6530000202630194,정부-지자체 청년플랫폼 연계,강원본청,강원,지방,정책기반,기타,0.2,0.0,찾지 못함,,,자립준비청년 자립수당 지원,0.393
449000020243009F,천안형 청년친화기업 지원,충남천안시,충남,지방,정책기반,대상자 지원,0.2,0.0,찾지 못함,,,청년이 일하기 좋은 청년친화적 기업 지원,0.691
4490000202530074,청년 버스 운전자 양성 과정,충남천안시,충남,지방,정책기반,기타,0.2,0.2,있음,,,청년 버스 운전자 양성 프로그램,1.02
4500000202330321,농업계학교 졸업 청년농업인 농창업 지원,충남공주시,충남,지방,창업·농어업,대상자 지원,0.2,0.1,찾지 못함,,,청년농업인 농지임차료 지원,0.672
450000020253007A,청년농업인 스마트팜 사관학교 운영,충남공주시,충남,지방,창업·농어업,기타,0.2,0.09,있음,,,충남형 스마트팜 사관학교 체계 구축운영,0.787
452000020233037A,보호종료아동 대학생활안정자금 지원,충남아산시,충남,지방,교육·역량,대상자 지원,0.2,0.04,찾지 못함,,,대학생 연합설계 지원,0.52
45200002024301D8,청년창업 개인택시면허 양수 대출 이자 지원,충남아산시,충남,지방,창업·농어업,대상자 지원,0.2,0.05,찾지 못함,,,청년 도내 농창업 지원,0.564
558000020183000F,보호종료아동 자립정착금 지원,충남계룡시,충남,지방,금융·생활안정,대상자 지원,0.2,0.1,찾지 못함,,,자립지원 사업,0.541
4590000201730086,보호종료아동 자립정착금 지원,충남청양군,충남,지방,금융·생활안정,대상자 지원,0.2,0.0,찾지 못함,,,자립지원 사업,0.541
4610000202430178,청년잡온,충남예산군,충남,지방,취업·일경험,기타,0.2,0.0,있음,,,청년 브릿지 온,0.72
46000002026300E1,청년농업인 조직 육성,충남홍성군,충남,지방,창업·농어업,기타,0.2,0.2,있음,,,청년농업인 안정정착 기반조성,0.756
3270000202330021,동네 청년활동 공간 활성화 지원,부산동구,부산,지방,정책기반,대상자 지원,0.2,0.05,있음,20260406005400212424,부산 동네 청년활동공간 활성화 지원,부산 동네 청년활동공간 활성화 지원,1.12
32700002023300B3,보호종료아동 전세자금 지원사업,부산동구,부산,지방,주거,대상자 지원,0.2,0.0,찾지 못함,,,부산 전세피해 임차인 버팀목 전세자금 대출이자 지원사업,0.564
3290000201930005,자립준비청년 자립정착금 지원,부산부산진구,부산,지방,금융·생활안정,대상자 지원,0.2,0.0,있음,20260430005400212955,부산 자립준비청년 자립정착금 지원,부산 자립준비청년 자립정착금 지원,1.12
332000020263002B,청년 취업 활동 지원,부산북구,부산,지방,취업·일경험,대상자 지원,0.2,0.19,있음,,,부산 청년 커뮤니티 활동 지원,0.787
3370000201630005,청년 역량 강화 및 봉사활동 지원,부산연제구,부산,지방,교육·역량,대상자 지원,0.2,0.2,찾지 못함,,,부산청년봉사단,0.691
3350000202230057,청년 커뮤니티 지원사업,부산금정구,부산,지방,참여·권리,대상자 지원,0.2,0.14,있음,20250517005400210840,부산 청년커뮤니티 운영,부산 청년커뮤니티 운영,1.12
480000020243001B,"자립준비청년 교육비 지원 (여성가족과, 지정)",전남광주목포시,전남,지방,교육·역량,대상자 지원,0.2,0.08,찾지 못함,,,청년월세지원,0.591
64600002026300BC,청년 참여 못난이 농산물 업사이클링 (전남),전남광주본청,전남,지방,참여·권리,기타,0.2,0.0,찾지 못함,,,청년농업인 스타트업(초기창업) 지원사업,0.477
482000020263002E,청년연합회 지원,전남광주순천시,전남,지방,정책기반,대상자 지원,0.2,0.2,있음,,,청년월세지원,0.735
4870000202330076,보호종료아동 자립지원 사업,전남광주구례군,전남,지방,금융·생활안정,대상자 지원,0.2,0.0,찾지 못함,,,정보보호 특성화 대학 지원,0.348
484000020243015D,대학생 현장실습 활성화 지원사업,전남광주광양시,전남,지방,교육·역량,대상자 지원,0.2,0.0,있음,20251230005400212049,대학생 현장실습 활성화 지원사업,대학생 현장실습 활성화 지원사업,1.12
48400002026300AB,청년 버디 사업,전남광주광양시,전남,지방,정책기반,기타,0.2,0.1,있음,,,(광양시)청년 이음버디 사업,0.92
48900002024300B1,녹차골보성향토시장 청년몰 운영,전남광주보성군,전남,지방,정책기반,기타,0.2,0.12,찾지 못함,,,청년 희망디딤돌 통장 운영,0.468
493000020263001C,군복무 청년 상해보험 가입지원,전남광주해남군,전남,지방,금융·생활안정,대상자 지원,0.2,0.2,찾지 못함,,,군복무 청년 상해보험 지원,0.567
49500002021300D7,대학일자리플러스센터,전남광주무안군,전남,지방,취업·일경험,기타,0.2,0.2,찾지 못함,,,,
49500002024300D1,대학생 현장실습 활성화 지원사업,전남광주무안군,전남,지방,교육·역량,대상자 지원,0.2,0.2,있음,20251230005400212049,대학생 현장실습 활성화 지원사업,대학생 현장실습 활성화 지원사업,1.12
4990000201930108,자립준비청년 자립정착금 지원사업,전남광주완도군,전남,지방,금융·생활안정,대상자 지원,0.2,0.1,찾지 못함,,,전남 청년 희망 일자리 지원사업,0.658
646000020233050B,자립준비청년 자립지원 사업비(자체) (전남),전남광주본청,전남,지방,금융·생활안정,대상자 지원,0.2,0.0,있음,,,청년자립준비지원사업 [해시태그 멘토링],0.953
300000020183006E,종로청년창업센터 운영,서울종로구,서울,지방,창업·농어업,기반·운영,0.2,0.11,있음,,,서울광역청년센터 운영,0.787
30900002024300D1,사회적 고립‧은둔 청년 지원 사업,서울도봉구,서울,지방,정책기반,대상자 지원,0.2,0.08,있음,,,서울시 고립·은둔청년 지원사업,0.953
3110000202430033,미취업 청년 자격증 응시료 지원사업,서울은평구,서울,지방,교육·역량,대상자 지원,0.2,0.2,찾지 못함,,,청년예술지원사업,0.642
3170000202630005,청년 주거환경 개선사업 SOS (주민참여),서울금천구,서울,지방,주거,대상자 지원,0.2,0.02,찾지 못함,,,청년 매입임대주택 사업,0.555
53500002025300C1,청년 시각예술인 지원,경남김해시,경남,지방,문화·건강,대상자 지원,0.2,0.06,있음,,,청년 문화예술인 활동 지원,0.82
531000020233037C,청년농업인 농지 임대료 지원,경남진주시,경남,지방,창업·농어업,대상자 지원,0.2,0.0,있음,,,청년후계농 농지 임대료 지원,0.953
53500002025300E5,사회적경제 청년 인턴 지원 사업,경남김해시,경남,지방,취업·일경험,대상자 지원,0.2,0.2,찾지 못함,,,청년어업인 귀어 인턴 지원,0.62
538000020223017C,보호종료아동 대학생활안정자금지원,경남양산시,경남,지방,교육·역량,대상자 지원,0.2,0.18,있음,,,자립준비청년 대학생활안정자금 지원,0.745
54200002025301ED,고성 청년 취업성장 지원사업,경남고성군,경남,지방,취업·일경험,대상자 지원,0.2,0.18,있음,,,모다드림 청년통장 지원사업,0.756
54300002025300EF,귀어청년 사각지대 해소 지원,경남남해군,경남,지방,창업·농어업,대상자 지원,0.2,0.14,있음,20250918005400211775,귀어 청년 사각지대 해소 지원,귀어 청년 사각지대 해소 지원,1.12
543000020253013B,남해군 청년의 삶 실태조사,경남남해군,경남,지방,정책기반,기반·운영,0.2,0.0,찾지 못함,,,경남 청년 보금자리 조성,0.495
37400002024302B3,청년 아이디어톤 대회,경기수원시,경기,지방,정책기반,기반·운영,0.2,0.04,찾지 못함,,,경기청년 역량강화 기회지원,0.52
405000020223016D,용인 강소기업 청년인턴 지원(지역혁신형),경기용인시,경기,지방,취업·일경험,대상자 지원,0.2,0.2,찾지 못함,,,청년농업인 영농정착지원,0.596
40500002026300D2,청년정책제안사업 추진,경기용인시,경기,지방,정책기반,기타,0.2,0.0,찾지 못함,,,용인미래정책제안 공모전,0.653
3930000202430158,대학일자리플러스센터 사업비 지원,경기안산시,경기,지방,취업·일경험,대상자 지원,0.2,0.2,찾지 못함,,,,
39900002024300D0,자립준비청년 지원사업,경기남양주시,경기,지방,금융·생활안정,대상자 지원,0.2,0.2,있음,,,자립준비청년 주거비 지원사업,1.02
55300002026304A4,느린학습자 청년인턴 시범사업,경기화성시,경기,지방,취업·일경험,대상자 지원,0.2,0.06,찾지 못함,,,청년농업인 경쟁력제고 사업,0.52
3910000202430057,청년 창업도전 아카데미 운영,경기평택시,경기,지방,창업·농어업,대상자 지원,0.2,0.07,있음,20260326005400212290,2026년 평택시 청년창업도전 아카데미,2026년 평택시 청년창업도전 아카데미,1.12
4080000201830111,한경대 대학일자리센터 지원사업,경기안성시,경기,지방,취업·일경험,대상자 지원,0.2,0.2,있음,,,대학일자리센터 지원,1.02
3980000202230003,청년의 날 운영,경기구리시,경기,지방,정책기반,기타,0.2,0.0,찾지 못함,,,경기도 청년참여기구 운영,0.691
408000020263011B,우수청년공간 운영,경기안성시,경기,지방,정책기반,기반·운영,0.2,0.0,찾지 못함,,,경기도 청년참여기구 운영,0.62
4140000201530173,자립준비청년 자립정착금 지원(도비),경기연천군,경기,지방,금융·생활안정,대상자 지원,0.2,0.15,있음,,,자립준비청년 주거비 지원사업,0.735
40400002026300EC,사회연대경제 청년 일경험 시범사업,경기하남시,경기,지방,취업·일경험,대상자 지원,0.2,0.12,있음,,,사회연대경제 청년 일경험 시범 지원,1.0
55300002026300A0,청년정책 홍보 서포터즈 운영,경기화성시,경기,지방,참여·권리,기반·운영,0.2,0.17,찾지 못함,,,청년층 정신건강 서비스 강화,0.52
3680000202630066,자립준비청년 운전면허 취득비용 지원사업(가족친화과),대전대덕구,대전,지방,금융·생활안정,대상자 지원,0.2,0.04,찾지 못함,,,청년도전지원사업,0.658
50200002026300D6,청년농업인 온라인 마케팅 경쟁력 제고<보조>,경북포항시,경북,지방,창업·농어업,기타,0.2,0.19,찾지 못함,,,청년 무역 전문인력 양성 지원,0.428
505000020243000F,청년 면접준비비 지원사업,경북경주시,경북,지방,취업·일경험,대상자 지원,0.2,0.04,있음,20260320005400212240,청년 면접 준비비 지원사업,청년 면접 준비비 지원사업,1.12
5060000202530063,자립준비청년 취업준비비 지원 사업,경북김천시,경북,지방,금융·생활안정,대상자 지원,0.2,0.0,있음,,,자립준비청년 자립수당지원,0.713
508000020263004A,제44차전국불교청년대회,경북구미시,경북,지방,정책기반,기반·운영,0.2,0.19,찾지 못함,,,2025년 청년도전 지원사업,0.37
5090000202330041,청년 이사비용 지원사업,경북영주시,경북,지방,주거,대상자 지원,0.2,0.18,있음,,,2025년 청년도전 지원사업,0.787
5090000202330105,청년 어학 및 자격시험 응시료 지원사업,경북영주시,경북,지방,교육·역량,대상자 지원,0.2,0.14,찾지 못함,,,2025년 청년도전 지원사업,0.62
509000020243003F,청년 자기개발 도서구입비 지원사업,경북영주시,경북,지방,정책기반,대상자 지원,0.2,0.17,있음,,,2025년 청년도전 지원사업,0.787
510000020243000E,미취업청년역량강화지원사업,경북영천시,경북,지방,교육·역량,대상자 지원,0.2,0.2,있음,,,2025년 청년도전 지원사업,0.752
5190000201730095,자립준비청년자립정착금지원,경북청도군,경북,지방,금융·생활안정,대상자 지원,0.2,0.1,있음,20260330005400212328,자립준비청년 자립정착금 지원,자립준비청년 자립정착금 지원,1.12
5200000202230084,청년창업자 임차료 지원,경북고령군,경북,지방,창업·농어업,대상자 지원,0.2,0.14,있음,20260527005400213221,2026년 청년창업자 임차료 지원사업,2026년 청년창업자 임차료 지원사업,1.12
5200000202330050,청년창업공간 리모델링 지원,경북고령군,경북,지방,창업·농어업,기반·운영,0.2,0.05,있음,20260331005400212358,청년창업공간 리모델링 지원사업,청년창업공간 리모델링 지원사업,1.12
52300002024300C1,청년 신혼부부 월세 지원(저출생),경북예천군,경북,지방,주거,대상자 지원,0.2,0.1,있음,20250827005400211525,청년 신혼부부 월세 지원사업,청년 신혼부부 월세 지원사업,1.12
5240000202330046,청년농업인품목중심농업기술과제현장적용,경북봉화군,경북,지방,창업·농어업,기타,0.2,0.2,찾지 못함,,,청년스타트업 지원,0.42
526000020173008D,취약계층아동건전육성(자립준비청년자립정착금지원),경북울릉군,경북,지방,금융·생활안정,대상자 지원,0.2,0.0,찾지 못함,,,경북청년 예비창업가 육성사업,0.331
348000020253002F,달성군청소년센터 청소년휴게실 리모델링(군 청소년청년형),대구달성군,대구,지방,정책기반,기반·운영,0.2,0.17,찾지 못함,,,대구광역시 청년마음건강센터 운영,0.428
3430000202330044,청년 커뮤니티 활성화 지원,대구서구,대구,지방,참여·권리,대상자 지원,0.2,0.14,있음,20250115005400210293,청년커뮤니티활성화지원사업,청년커뮤니티활성화지원사업,1.12
3470000202330069,청년자립 역량강화,대구달서구,대구,지방,교육·역량,기타,0.2,0.14,찾지 못함,,,2025년 달서청년 자격증 응시료 지원사업,0.549
514100020253001C,군위청년문화카드지원사업,대구군위군,대구,지방,문화·건강,대상자 지원,0.2,0.13,찾지 못함,,,청년도전지원사업 젊핑(대구시),0.665
514100020263005E,청년 군위 체험 프로그램 운영,대구군위군,대구,지방,정책기반,기타,0.2,0.09,찾지 못함,,,대구광역시 청년마음건강센터 운영,0.484
3450000202130114,북구 청년 취업멘토링 사업,대구북구,대구,지방,교육·역량,대상자 지원,0.2,0.19,찾지 못함,,,청년농업인 영농정착지원사업,0.575
360000020263006A,서구청년정책기본계획수립,전남광주서구,광주,지방,정책기반,기타,0.2,0.0,있음,,,청년 주도 정책 설계 워크숍 참여자 모집,0.92
36000002026300A6,청년웰컴박스지원(주민참여예산),전남광주서구,광주,지방,참여·권리,대상자 지원,0.2,0.18,있음,,,[서구]2026년 전입 청년 웰컴 박스 지원사업,1.02
36000002026300A7,청년드림업프로젝트지원(주민참여예산),전남광주서구,광주,지방,참여·권리,대상자 지원,0.2,0.18,찾지 못함,,,광주청년드림은행(청년재무상담소),0.653
36000002026300A9,청년정책바로ON알림운영(주민참여예산),전남광주서구,광주,지방,참여·권리,기타,0.2,0.0,찾지 못함,,,광주청년센터 운영,0.564
3610000202330032,청년 자격증 응시료 지원,전남광주남구,광주,지방,교육·역량,대상자 지원,0.2,0.2,있음,,,2025 구직청년 자격증 취득지원,0.787
363000020233022E,구직청년자격증취득비용지원,전남광주광산구,광주,지방,교육·역량,대상자 지원,0.2,0.2,있음,,,2025 구직청년 자격증 취득지원,1.037
47500002022300AF,청년월세 한시 특별지원사업,전북장수군,전북,지방,주거,대상자 지원,0.2,0.03,있음,,,(국토부) 26년 청년월세 지원사업,0.9
4720000201830097,청년농업인 영농정착지원(선발운영),전북완주군,전북,지방,창업·농어업,대상자 지원,0.2,0.12,있음,,,청년창업농 영농정착지원사업,0.92
6450000201830174,청년창업농 영농정착지원(운영),전북본청,전북,지방,창업·농어업,대상자 지원,0.2,0.06,있음,20250718005400211410,청년창업농 영농정착지원사업,청년창업농 영농정착지원사업,1.12
4681000202630126,청년소통공간 활성화 사업,전북익산시,전북,지방,참여·권리,기타,0.2,0.0,있음,,,청년공동체 활성화 지원,0.826
47810002026300C9,청년 소통공간 활성화  사업,전북고창군,전북,지방,참여·권리,기타,0.2,0.1,있음,,,청년공동체 활성화 지원,0.826
4730000202230082,전북형 청년창업농 영농정착 지원,전북진안군,전북,지방,창업·농어업,대상자 지원,0.2,0.14,있음,,,청년창업농 영농정착지원사업,1.067
4701000202430111,청년 문화예술패스 지원사업(보조),전북남원시,전북,지방,문화·건강,대상자 지원,0.2,0.2,있음,,,청년문화예술패스,1.0
3490000202330145,자립준비청년 자립정착금 지원,인천영종구,인천,지방,금융·생활안정,대상자 지원,0.2,0.2,찾지 못함,,,자립준비청년 자립정착금 지원,0.65
569000020173009C,자립준비청년 자립정착금 지원,세종본청,세종,지방,금융·생활안정,대상자 지원,0.2,0.2,있음,,,보호종료아동 자립수당 및 자립정착금 지원,0.701
4450000202330058,진천군 특화형 신성장분야 청년일자리사업,충북진천군,충북,지방,취업·일경험,기타,0.2,0.1,찾지 못함,,,청년 농촌보금자리 조성사업,0.52
4470000202330051,청년 면접 지원사업,충북음성군,충북,지방,취업·일경험,대상자 지원,0.2,0.2,있음,,,음성군 청년월세 지원사업,0.87
4480000200830700,보호종료아동 자립정착금 지원,충북단양군,충북,지방,금융·생활안정,대상자 지원,0.2,0.1,찾지 못함,,,청년후계농 영농정착 지원,0.453
4180000202330194,청년정책 활성화,강원춘천시,강원,지방,정책기반,기타,0.19,0.04,찾지 못함,,,지역청년 참여 네트워크 구축 및 활성화,0.555
423100020243007B,청년문화예술패스,강원속초시,강원,지방,문화·건강,대상자 지원,0.19,0.19,있음,,,청년예술인 지원,0.735
42400002022300BE,지역혁신형 청년일자리사업(국고),강원삼척시,강원,지방,취업·일경험,기타,0.19,0.19,있음,,,지역주도형 청년일자리 사업(지역혁신형),0.833
44900002017301BB,청년인재 양성,충남천안시,충남,지방,정책기반,기타,0.19,0.1,있음,,,인재육성사업 추진,0.72
56800002026300F1,청년바다마을조성,충남당진시,충남,지방,정책기반,기반·운영,0.19,0.0,찾지 못함,,,청년새마을연합회 사업 지원,0.62
33100002026300A7,국시비보조금 반환(청년정책과),부산남구,부산,지방,정책기반,기타,0.19,0.0,찾지 못함,,,부산 전세보증금 반환보증 보증료 지원,0.52
3270000202530094,청년 문화 공간 연계프로그램 사업(25년 지방소멸대응기금),부산동구,부산,지방,문화·건강,기타,0.19,0.19,찾지 못함,,,부산 청년문화육성 지원,0.691
4890000202430050,보성군 청년 가업승계지원,전남광주보성군,전남,지방,정책기반,대상자 지원,0.19,0.07,찾지 못함,,,2026년도 청년창업특례보증 지원,0.596
4840000202230173,친환경농산물 계약재배 청년농가 육성,전남광주광양시,전남,지방,창업·농어업,기타,0.19,0.19,있음,20250119005400210342,친환경농산물 계약재배 청년농가 육성,친환경농산물 계약재배 청년농가 육성,1.12
4940000201930172,청년 취업자 주거비 지원 사업,전남광주영암군,전남,지방,주거,대상자 지원,0.19,0.04,있음,20251124005400211940,청년 취업자 주거비 지원사업,청년 취업자 주거비 지원사업,1.12
4830000201630133,청년일자리창출지원,전남광주나주시,전남,지방,취업·일경험,대상자 지원,0.19,0.13,있음,,,데이터 사이언스 전문가 양성 프로젝트,0.92
538000020203022A,청년정책단 운영,경남양산시,경남,지방,참여·권리,기타,0.19,0.13,있음,20251121005400211926,양산시 청년정책단 운영,양산시 청년정책단 운영,1.12
5340000202130086,청년주택 지원사업,경남사천시,경남,지방,주거,대상자 지원,0.19,0.12,있음,,,청년 주택 임차보증금 이자 지원,0.92
5480000202630033,청년월세지원,경남합천군,경남,지방,주거,대상자 지원,0.19,0.11,있음,,,청년 월세 지원,0.92
53300002023301DB,청년 어업인  귀어 인턴 지원사업,경남통영시,경남,지방,창업·농어업,대상자 지원,0.19,0.0,있음,20250917005400211752,청년어업인 귀어 인턴 지원,청년어업인 귀어 인턴 지원,1.12
538000020193032B,청년농업인 육성,경남양산시,경남,지방,창업·농어업,기타,0.19,0.15,있음,,,청년농업인 커뮤니티 활성화 지원,0.752
3970000202330017,청년 네트워크 사업,경기과천시,경기,지방,참여·권리,기타,0.19,0.16,찾지 못함,,,경기청년 해외진출(일본) 사업,0.62
40200002019300E7,청년활동지원,경기군포시,경기,지방,정책기반,대상자 지원,0.19,0.13,있음,,,청년공동체 연구지원 사업,0.708
554000020223002A,청년 꿈이룸 프로젝트,경기광주시,경기,지방,정책기반,기타,0.19,0.19,있음,,,꿈이룸 프로젝트,1.02
39200002023300EF,청년협의체 운영,경기동두천시,경기,지방,참여·권리,기반·운영,0.19,0.13,찾지 못함,,,경기도 청년참여기구 운영,0.653
40200002025300A7,경기 청년공간 조성(생활밀착형 청년공간 운영)(도시),경기군포시,경기,지방,금융·생활안정,기반·운영,0.19,0.12,찾지 못함,,,청년공동체 연구지원 사업,0.582
3820000202330100,의정부시 청년협의체 운영 지원,경기의정부시,경기,지방,참여·권리,기반·운영,0.19,0.16,찾지 못함,,,청년농업인 영농정착지원,0.537
51000002025300A0,도)청년문화예술패스사업(국가직접지원),경북영천시,경북,지방,문화·건강,대상자 지원,0.19,0.19,찾지 못함,,,경북청년 예비창업가 육성사업,0.575
5190000201930017,청년농업인전문교육운영,경북청도군,경북,지방,창업·농어업,대상자 지원,0.19,0.09,찾지 못함,,,2025년 청년도전 지원사업,0.582
51300002025300D6,(도비보조)청년농업인커뮤니티활성화지원,경북경산시,경북,지방,창업·농어업,대상자 지원,0.19,0.19,찾지 못함,,,청년 무역 전문인력 양성 지원,0.582
3600000202330292,청년자율공간확충,전남광주서구,광주,지방,정책기반,기타,0.19,0.18,있음,,,청년자율공간,1.02
3590000202230119,청년농업인 영농정착 지원(균특사업),전남광주동구,광주,지방,창업·농어업,대상자 지원,0.19,0.1,있음,20260513005400213183,2026년 청년농업인(청년창업형 후계농업경영인) 영농정착지원사업(2차),2026년 청년농업인(청년창업형 후계농업경영인) 영농정착지원사업(2차),1.12
4641000202530185,사회적경제기업 청년혁신가 지원(지역정착형),전북전주시,전북,지방,정책기반,대상자 지원,0.19,0.12,있음,,,사회적경제 청년혁신가 지원사업,1.029
473000020223001A,청년창업지원사업,전북진안군,전북,지방,창업·농어업,대상자 지원,0.19,0.18,있음,,,청년창업농 영농정착지원사업,0.92
3550000202330015,청년정책 활성화 지원,인천계양구,인천,지방,정책기반,대상자 지원,0.19,0.15,있음,,,청년문화 활성화 사업,0.834
439000020193015E,청년몰 운영 지원,충북충주시,충북,지방,정책기반,대상자 지원,0.19,0.19,있음,,,충주시 청년 입영지원금,0.834
4480000201930101,청년단체 지원사업,충북단양군,충북,지방,참여·권리,대상자 지원,0.19,0.1,있음,,,신 취약청년(가족돌봄·고립은둔) 지원사업,0.826
4191000202430040,청년4-H 자율모임체 연구활동 지원,강원원주시,강원,지방,창업·농어업,대상자 지원,0.18,0.14,찾지 못함,,,청년 동아리 활동비 지원(상반기),0.6
42300002023301AE,강원특별자치도 청년 중증장애인 자산형성,강원속초시,강원,지방,금융·생활안정,기타,0.18,0.12,있음,,,청년 재가 중증장애인 자산형성 지원,1.037
56800002017301F2,청년정책 추진,충남당진시,충남,지방,정책기반,기타,0.18,0.06,있음,,,충청남도 청년정책 조정위원회 운영,0.92
4540000202330152,자립준비청년 대학생활안정자금 지원,충남논산시,충남,지방,교육·역량,대상자 지원,0.18,0.14,있음,,,자립준비청년 지원,1.02
56800002017301F5,청년문화 육성,충남당진시,충남,지방,문화·건강,기타,0.18,0.0,찾지 못함,,,청년문화예술패스,0.691
457000020223009D,청년농업인 영농정착 지원(운영비),충남부여군,충남,지방,창업·농어업,기반·운영,0.18,0.18,있음,,,청년후계농업인 영농정착 지원,1.037
46000002022300F6,청년농업인 영농정착 지원(선발 운영비),충남홍성군,충남,지방,창업·농어업,기반·운영,0.18,0.05,있음,,,청년후계농업인 영농정착 지원,1.037
4600000202330041,청년네트워크 운영,충남홍성군,충남,지방,참여·권리,기반·운영,0.18,0.03,있음,,,충남 청년네트워크 구성 운영,1.02
55800002020300E9,청년정책 사업,충남계룡시,충남,지방,정책기반,기타,0.18,0.16,있음,,,충청남도 청년정책 조정위원회 운영,0.92
4550000202130061,청년농업인 경영실습 임대농장 운영(자체),충남금산군,충남,지방,창업·농어업,대상자 지원,0.18,0.09,있음,,,청년후계농업인 영농정착 지원,0.703
4500000202330261,소멸위기지역대응 청년창업지원사업(2023),충남공주시,충남,지방,창업·농어업,대상자 지원,0.18,0.18,있음,,,청년 창업‧창직 지원사업,0.735
333000020263001C,해운대청년정책네트워크 운영,부산해운대구,부산,지방,참여·권리,기반·운영,0.18,0.16,찾지 못함,,,부산청년센터 운영,0.541
325000020253001D,청년 정책 사업(청년기금),부산중구,부산,지방,정책기반,기타,0.18,0.07,있음,,,부산 청년 프로그램 지원,0.787
3340000202530080,청년 프로그램 지원 사업,부산사하구,부산,지방,정책기반,대상자 지원,0.18,0.18,있음,,,부산 청년 프로그램 지원,0.92
3310000202630043,청년 예술가 활동 지원,부산남구,부산,지방,문화·건강,대상자 지원,0.18,0.04,있음,,,부산 청년 커뮤니티 활동 지원,0.752
4960000202230124,친환경농산물 계약재배 청년농가 육성사업,전남광주함평군,전남,지방,창업·농어업,기타,0.18,0.0,있음,20250119005400210342,친환경농산물 계약재배 청년농가 육성,친환경농산물 계약재배 청년농가 육성,1.12
302000020263000B,청년 마음건강·법률상담 지원,서울용산구,서울,지방,문화·건강,대상자 지원,0.18,0.12,찾지 못함,,,서울청년문화패스 지원,0.52
3190000201830032,5.동작 청년내일근속 지원,서울동작구,서울,지방,정책기반,대상자 지원,0.18,0.06,찾지 못함,,,청년내일저축계좌(근로능력 있는 수급자의 탈수급 지원),0.591
5460000202630009,청년농업인 커뮤니티 활성화 지원,경남함양군,경남,지방,창업·농어업,대상자 지원,0.18,0.18,있음,20250917005400211718,청년농업인 커뮤니티 활성화 지원,청년농업인 커뮤니티 활성화 지원,1.12
5410000202330093,경남 청년통장 지원사업,경남창녕군,경남,지방,금융·생활안정,대상자 지원,0.18,0.18,있음,,,모다드림 청년통장 지원,0.92
6480000202530065,귀어 청년 사각지대 해소 지원,경남본청,경남,지방,창업·농어업,대상자 지원,0.18,0.18,있음,20250918005400211775,귀어 청년 사각지대 해소 지원,귀어 청년 사각지대 해소 지원,1.12
53700002022300E8,자립준비청년 대학생활안정자금 지원,경남거제시,경남,지방,교육·역량,대상자 지원,0.18,0.06,있음,20250916005400211697,자립준비청년 대학생활안정자금 지원,자립준비청년 대학생활안정자금 지원,1.12
5430000202530034,청년 역량강화교육,경남남해군,경남,지방,교육·역량,대상자 지원,0.18,0.18,찾지 못함,,,청년4-H회 과제교육 지원,0.653
54200002022300CE,자립준비청년 대학생활안정자금 지원,경남고성군,경남,지방,교육·역량,대상자 지원,0.18,0.16,있음,20250916005400211697,자립준비청년 대학생활안정자금 지원,자립준비청년 대학생활안정자금 지원,1.12
54700002024300DE,청년 문화예술패스,경남거창군,경남,지방,문화·건강,대상자 지원,0.18,0.18,있음,,,청년 문화예술인 활동 지원,0.826
53500002023302B3,청년후계농 농지 임대료 지원사업,경남김해시,경남,지방,창업·농어업,대상자 지원,0.18,0.03,있음,20250918005400211770,청년후계농 농지 임대료 지원,청년후계농 농지 임대료 지원,1.12
5370000202030174,청년정책위원회 및 청년정책네트워크 운영,경남거제시,경남,지방,참여·권리,기반·운영,0.18,0.06,있음,,,청년정책네트워크 운영,1.02
37800002026301EE,자립준비청년 주거비 지원,경기성남시,경기,지방,주거,대상자 지원,0.18,0.09,있음,20251231005400212061,자립준비청년 주거비 지원사업,자립준비청년 주거비 지원사업,1.12
4040000202330060,청년명예시장제 운영,경기하남시,경기,지방,정책기반,기타,0.18,0.03,찾지 못함,,,경기도 청년참여기구 운영,0.653
397000020193007D,보호종료아동 자립수당 지원(국비),경기과천시,경기,지방,금융·생활안정,대상자 지원,0.18,0.14,찾지 못함,,,자립준비청년 주거비 지원사업,0.44
414000020193010A,자립준비청년 자립수당 지원(국비),경기연천군,경기,지방,금융·생활안정,대상자 지원,0.18,0.15,있음,,,자립준비청년 자립수당 지급,0.917
3640000202330001,지역사회결합형 청년커뮤니티 활동 지원사업,대전동구,대전,지방,참여·권리,대상자 지원,0.18,0.18,찾지 못함,,,청년도전지원사업,0.564
63000002025301B1,청년층 자살시도자 치료비 지원사업,대전본청,대전,지방,금융·생활안정,대상자 지원,0.18,0.18,있음,,,청년도전지원사업,0.729
50800002023303A4,청년농업인농지임대지원,경북구미시,경북,지방,창업·농어업,대상자 지원,0.18,0.0,찾지 못함,,,청년스타트업 지원,0.646
5150000201930028,보호종료아동자립수당지급(국비),경북의성군,경북,지방,금융·생활안정,대상자 지원,0.18,0.14,찾지 못함,,,자립준비청년 자립수당지원,0.537
511000020183005B,청년농업인 육성,경북상주시,경북,지방,창업·농어업,기타,0.18,0.15,있음,,,경북청년 예비창업가 육성사업,0.745
515000020213005B,청년근로자사랑채움사업(도비),경북의성군,경북,지방,취업·일경험,기타,0.18,0.18,있음,,,2025 청년근로자 행복카드 지원사업,0.703
519000020253007E,청년근로자사랑채움사업,경북청도군,경북,지방,취업·일경험,기타,0.18,0.18,있음,,,2025 청년근로자 행복카드 지원사업,0.703
3610000202630002,구직청년 면접용 정장대여,전남광주남구,광주,지방,취업·일경험,기타,0.18,0.09,있음,20260722005400213299,[남구] 2026년 구직 청년 면접용 정장대여,[남구] 2026년 구직 청년 면접용 정장대여,1.12
3630000201830129,청년일자리창출지원,전남광주광산구,광주,지방,취업·일경험,대상자 지원,0.18,0.18,있음,,,광주형 청년일자리 공제,0.787
4711000202430104,청년 문화예술패스 지원(보조),전북김제시,전북,지방,문화·건강,대상자 지원,0.18,0.18,있음,,,청년문화예술패스,1.0
474000020203009A,전북형 청년창업농 영농정착 지원,전북무주군,전북,지방,창업·농어업,대상자 지원,0.18,0.12,있음,,,청년창업농 영농정착지원사업,1.067
47200002020300EE,전북형 청년창업농 영농정착지원 사업,전북완주군,전북,지방,창업·농어업,대상자 지원,0.18,0.13,있음,,,청년창업농 영농정착지원사업,1.083
4740000202130023,무주 청년 키움 두배 통장 지원사업,전북무주군,전북,지방,금융·생활안정,대상자 지원,0.18,0.14,찾지 못함,,,전북청년 함께 두배적금 사업,0.62
473000020243000E,청년 농업인 경영실습 임대농장 운영,전북진안군,전북,지방,창업·농어업,대상자 지원,0.18,0.06,찾지 못함,,,청년농업인 유치 임대스마트팜 건립,0.62
469100020263007E,"청년 소상공인, 농어업인 출산급여 지원",전북정읍시,전북,지방,창업·농어업,대상자 지원,0.18,0.09,찾지 못함,,,전북형 청년취업 지원,0.555
471100020263002B,전북청년 1인 소상공인·농어업인 출산급여 지원사업,전북김제시,전북,지방,창업·농어업,대상자 지원,0.18,0.13,찾지 못함,,,청년친화 친구기업 지원사업,0.557
4730000202230017,청년의 날 운영,전북진안군,전북,지방,정책기반,기타,0.18,0.18,찾지 못함,,,전북 청년 직무인턴 운영,0.691
4750000202030028,청년창업 더하기지원사업,전북장수군,전북,지방,창업·농어업,대상자 지원,0.18,0.0,있음,20250716005400211323,청년창업더하기 지원사업,청년창업더하기 지원사업,1.12
47600002023300BA,전북형 청년활력수당,전북임실군,전북,지방,금융·생활안정,대상자 지원,0.18,0.04,있음,20250113005400210207,전북형 청년활력수당,전북형 청년활력수당,1.12
46400002024300BE,전주시 청년의 날 행사 개최,전북전주시,전북,지방,정책기반,기반·운영,0.18,0.0,찾지 못함,,,전북청년 함께 두배적금 사업,0.453
34900002023301A9,청년어촌정착지원사업,인천영종구,인천,지방,창업·농어업,대상자 지원,0.18,0.0,있음,,,청년어업인 정착지원 사업,0.857
3500000202430074,청년 이사비 지원사업,인천제물포구,인천,지방,주거,대상자 지원,0.18,0.03,있음,,,전입청년 이사 지원사업,0.962
557000020193004F,자립준비청년 자립수당 지급,충북증평군,충북,지방,금융·생활안정,대상자 지원,0.18,0.15,있음,20250219005400210472,자립준비청년 자립수당 지급,자립준비청년 자립수당 지급,1.12
4260000202230087,청년일자리 지역혁신사업(균특),강원횡성군,강원,지방,취업·일경험,기타,0.17,0.17,찾지 못함,,,지역주도형 청년일자리 사업(지역혁신형),0.609
42900002021300FE,청년일자리 상생기반대응사업,강원정선군,강원,지방,취업·일경험,기타,0.17,0.16,찾지 못함,,,청년일자리 강소기업 선정,0.583
55800002024300AE,청년 문화예술패스,충남계룡시,충남,지방,문화·건강,대상자 지원,0.17,0.17,있음,20260504005400113122,청년문화예술패스,청년문화예술패스,1.12
64400002024301F0,천주교 세계청년대회 기반조성 자문위원회 운영,충남본청,충남,지방,참여·권리,기반·운영,0.17,0.17,찾지 못함,,,충청남도 청년정책 조정위원회 운영,0.636
3380000202030099,청년 프로그램 지원 사업(보조사업),부산수영구,부산,지방,정책기반,대상자 지원,0.17,0.17,있음,,,부산 청년 프로그램 지원,0.92
3250000202530044,청년 역량강화,부산중구,부산,지방,교육·역량,기타,0.17,0.17,있음,,,부산 청년 프로그램 지원,0.787
326000020193008E,청년프로그램 운영 지원사업,부산서구,부산,지방,정책기반,대상자 지원,0.17,0.17,있음,,,부산 청년 프로그램 지원,0.92
33900002026300B8,청년 프로그램 지원사업 ,부산사상구,부산,지방,정책기반,대상자 지원,0.17,0.17,있음,,,부산 청년 프로그램 지원,0.92
33200002020300C2,청년 프로그램 지원 사업,부산북구,부산,지방,정책기반,대상자 지원,0.17,0.17,있음,,,부산 청년 프로그램 지원,0.92
48200002018301C5,청년 창업농장 조성사업,전남광주순천시,전남,지방,창업·농어업,기반·운영,0.17,0.0,있음,20250304005400210579,청년 창업농장 조성,청년 창업농장 조성,1.12
48300002024300D2,청년 창업농장 조성사업,전남광주나주시,전남,지방,창업·농어업,기반·운영,0.17,0.0,있음,20250304005400210579,청년 창업농장 조성,청년 창업농장 조성,1.12
486000020193004D,청년 창업농장 조성사업,전남광주곡성군,전남,지방,창업·농어업,기반·운영,0.17,0.0,있음,20250304005400210579,청년 창업농장 조성,청년 창업농장 조성,1.12
484000020183002A,청년 창업농장 조성사업,전남광주광양시,전남,지방,창업·농어업,기반·운영,0.17,0.17,있음,20250304005400210579,청년 창업농장 조성,청년 창업농장 조성,1.12
488000020173017E,청년 창업농장 조성,전남광주고흥군,전남,지방,창업·농어업,기반·운영,0.17,0.16,있음,20250304005400210579,청년 창업농장 조성,청년 창업농장 조성,1.12
4890000202630071,청년 창업농장 조성사업,전남광주보성군,전남,지방,창업·농어업,기반·운영,0.17,0.0,있음,20250304005400210579,청년 창업농장 조성,청년 창업농장 조성,1.12
49100002025300D3,청년 창업농장 조성사업(도비),전남광주장흥군,전남,지방,창업·농어업,기반·운영,0.17,0.0,있음,20250304005400210579,청년 창업농장 조성,청년 창업농장 조성,1.12
49600002020300F1,청년 창업농장 조성사업,전남광주함평군,전남,지방,창업·농어업,기반·운영,0.17,0.0,있음,20250304005400210579,청년 창업농장 조성,청년 창업농장 조성,1.12
4970000201730265,청년 창업농장 조성,전남광주영광군,전남,지방,창업·농어업,기반·운영,0.17,0.0,있음,20250304005400210579,청년 창업농장 조성,청년 창업농장 조성,1.12
49800002026300B1,청년 창업농장 지원사업,전남광주장성군,전남,지방,창업·농어업,대상자 지원,0.17,0.0,있음,,,청년 창업농장 조성,1.02
5010000202330376,청년창업농장지원(보조),전남광주신안군,전남,지방,창업·농어업,대상자 지원,0.17,0.17,있음,,,청년 창업농장 조성,1.02
4980000201630093,청년4-H회원 맞춤형 과제사업,전남광주장성군,전남,지방,창업·농어업,기타,0.17,0.17,있음,,,청년4-H회원 우수과제 창업농 육성 사업,0.787
4980000202030012,청년농업인 정예인력 양성 전문교육,전남광주장성군,전남,지방,창업·농어업,대상자 지원,0.17,0.11,찾지 못함,,,청년농업인 스타트업(초기창업) 지원사업,0.537
4920000201930069,청년취업자주거지원금지원사업,전남광주강진군,전남,지방,주거,대상자 지원,0.17,0.04,있음,,,청년 취업자 주거비 지원사업,0.995
4930000202330378,청년농업인 농지확보 지원사업,전남광주해남군,전남,지방,창업·농어업,대상자 지원,0.17,0.02,있음,,,청년농업인 스타트업(초기창업) 지원사업,0.812
485000020183007B,청년정책추진,전남광주담양군,전남,지방,정책기반,기타,0.17,0.16,있음,,,청년정책 서포터즈 2기,0.92
3180000202630012,청년 창업공간 지원 및 창업 활성화,서울영등포구,서울,지방,창업·농어업,대상자 지원,0.17,0.05,찾지 못함,,,청년안심주택 공급활성화(임차보증금 무이자지원),0.642
31000002023301E2,노원 청년 공유오피스 청년도약,서울노원구,서울,지방,정책기반,기타,0.17,0.13,찾지 못함,,,청년과 어르신 주거공유(한지붕세대공감),0.468
3110000202630019,은평 전입청년 이사 지원(참여예산),서울은평구,서울,지방,주거,대상자 지원,0.17,0.07,찾지 못함,,,서울청년문화패스 지원,0.62
3100000202530063,노원 청년 생활금융 클래스,서울노원구,서울,지방,금융·생활안정,기타,0.17,0.11,찾지 못함,,,서울청년문화패스,0.473
3090000202330038,청년정책 지원사업,서울도봉구,서울,지방,정책기반,대상자 지원,0.17,0.14,있음,,,2026년 서울청년정책네트워크 하반기 모집,0.92
3710000202030022,청년정책 네트워크 활성화,울산동구,울산,지방,참여·권리,기타,0.17,0.08,있음,,,울산청년정책네트워크 운영,0.857
5670000202230040,미래농업 성장동력 청년4-H회 육성,경남창원시,경남,지방,창업·농어업,기타,0.17,0.17,찾지 못함,,,청년4-H회 과제교육 지원,0.62
54700002025300B4,청년후계농 선발운영비,경남거창군,경남,지방,창업·농어업,기반·운영,0.17,0.0,찾지 못함,,,청년후계농 농지 임대료 지원,0.676
4170000201930124,지역 맞춤형 청년정책 추진,경기양평군,경기,지방,정책기반,기타,0.17,0.08,찾지 못함,,,지역사회서비스분야 청년사업단 지원,0.501
41600002026300B0,가평청년 공간 운영 및 관리,경기가평군,경기,지방,정책기반,기반·운영,0.17,0.05,찾지 못함,,,경기청년 사다리 프로그램,0.62
5180000202330079,청년농업인 농지임대료 지원사업(도비보조),경북영덕군,경북,지방,창업·농어업,대상자 지원,0.17,0.04,찾지 못함,,,2025년 청년도전 지원사업,0.665
515000020233007B,청년농업인농지임대지원(도비),경북의성군,경북,지방,창업·농어업,대상자 지원,0.17,0.1,찾지 못함,,,청년농업인 스마트팜 영농정착 컨설팅 지원,0.672
5230000202330020,예천군 청년 취업 올인원 지원사업,경북예천군,경북,지방,취업·일경험,대상자 지원,0.17,0.04,있음,,,2025년 청년도전 지원사업,0.752
361000020173008F,청년정책추진 기반 조성,전남광주남구,광주,지방,정책기반,기반·운영,0.17,0.06,찾지 못함,,,청년정책 서포터즈 [광주 청년톡파원] 1기,0.676
645000020203005D,청년축산인 육성교육 운영,전북본청,전북,지방,교육·역량,대상자 지원,0.17,0.14,있음,20250114005400210218,청년축산인 육성교육 운영(전북),청년축산인 육성교육 운영(전북),1.12
4740000202230116,청년 정책활동 활성화 지원,전북무주군,전북,지방,정책기반,대상자 지원,0.17,0.17,있음,,,청년공동체 활성화 지원,0.882
468000020193000F,청년 설자리(참여) 지원,전북익산시,전북,지방,참여·권리,대상자 지원,0.17,0.09,있음,,,청년나래 일자리 지원사업,0.787
475000020203009F,전북형 청년창업농 영농정착 지원,전북장수군,전북,지방,창업·농어업,대상자 지원,0.17,0.12,있음,20260331005400212370,장수형 청년창업농 영농정착지원,장수형 청년창업농 영농정착지원,1.12
349000020233017C,인천 청년 자격증 응시료 지원사업,인천영종구,인천,지방,교육·역량,대상자 지원,0.17,0.09,있음,20260724005400213300,(영종구) 청년 자격증 응시료 지원,(영종구) 청년 자격증 응시료 지원,1.12
3490000202230114,청년월세 지원사업(35세~39세)(명시이월),인천영종구,인천,지방,주거,대상자 지원,0.17,0.02,있음,,,(영종구) 인천시 청년월세 지원사업,0.92
4231000202430042,청년농업인 영농정착지원,강원속초시,강원,지방,창업·농어업,대상자 지원,0.16,0.12,있음,20250430005400210740,청년농업인 영농정착 지원,청년농업인 영농정착 지원,1.12
642000020183011E,청년농업인 영농정착 지원(직접)(국고),강원본청,강원,지방,창업·농어업,대상자 지원,0.16,0.06,있음,20250430005400210740,청년농업인 영농정착 지원,청년농업인 영농정착 지원,1.12
419100020243006D,청년회복 지원,강원원주시,강원,지방,정책기반,대상자 지원,0.16,0.05,있음,,,청년예술인 지원,0.735
42410002024301CB,청년농업인 창업 경쟁력 제고 지원,강원삼척시,강원,지방,창업·농어업,대상자 지원,0.16,0.16,있음,,,청년농업인 육성지원,0.729
46100002024300FB,청년문화예술패스,충남예산군,충남,지방,문화·건강,대상자 지원,0.16,0.16,있음,20260504005400113122,청년문화예술패스,청년문화예술패스,1.12
4540000202630020,지역 청년 활성화 사업(주민참여예산),충남논산시,충남,지방,참여·권리,기타,0.16,0.16,있음,,,지역정착 청년프로그램 운영,0.735
45900002025301CE,청년농 스마트팜 금융지원 이차보전금(자체),충남청양군,충남,지방,창업·농어업,대상자 지원,0.16,0.06,찾지 못함,,,청년자립형 스마트팜 지원사업,0.672
46100002025300EE,청년농미디어커머스지원,충남예산군,충남,지방,창업·농어업,대상자 지원,0.16,0.0,있음,20260504005400113080,청년농 미디어커머스 지원,청년농 미디어커머스 지원,1.12
3300000202530088,청년정책네트워크 지원사업,부산동래구,부산,지방,참여·권리,대상자 지원,0.16,0.14,있음,,,부산 청년도전 지원사업,0.72
3280000202630076,청년활동공간 활성화 지원,부산영도구,부산,지방,정책기반,대상자 지원,0.16,0.16,있음,,,부산 동네 청년활동공간 활성화 지원,1.037
3280000202630079,청년활동공간 활성화 지원,부산영도구,부산,지방,정책기반,대상자 지원,0.16,0.16,있음,,,부산 동네 청년활동공간 활성화 지원,1.037
339000020243002B,청년 역량강화 지원사업,부산사상구,부산,지방,교육·역량,대상자 지원,0.16,0.07,있음,,,부산 청년도전 지원사업,0.87
6460000202030041,청년농업인 연구동아리 지원 (전남),전남광주본청,전남,지방,창업·농어업,대상자 지원,0.16,0.15,있음,20250304005400210582,청년농업인 연구동아리 지원,청년농업인 연구동아리 지원,1.12
490000020243014B,청년 문화예술패스 지원,전남광주화순군,전남,지방,문화·건강,대상자 지원,0.16,0.16,찾지 못함,,,전남청년 문화복지카드,0.676
3190000202430001,3.동작구 청년구청장 운영,서울동작구,서울,지방,정책기반,기타,0.16,0.0,찾지 못함,,,청년예술청 운영,0.653
3100000202330134,청년 팝업스토어 운영,서울노원구,서울,지방,정책기반,기타,0.16,0.1,찾지 못함,,,청년예술청 운영,0.62
3170000202630022,청년들을 위한 콘서트(음악회) 개최(주민참여),서울금천구,서울,지방,참여·권리,기타,0.16,0.01,찾지 못함,,,가족돌봄청년을 위한 사회서비스 지원,0.6
3710000202430002,청년 응시료 지원,울산동구,울산,지방,교육·역량,대상자 지원,0.16,0.16,있음,,,청년 자격증 응시료 지원사업,0.889
3690000201830059,청년농업인 영농정착 지원금,울산중구,울산,지방,창업·농어업,대상자 지원,0.16,0.13,있음,20250714005400111206,청년농업인 영농정착금 지원사업,청년농업인 영농정착금 지원사업,1.12
53100002022300EA,보호종료아동 대학생활안정자금 지원,경남진주시,경남,지방,교육·역량,대상자 지원,0.16,0.0,있음,,,자립준비청년 대학생활안정자금 지원,0.745
53400002023302C8,청년후계농 농지 임대료 지원,경남사천시,경남,지방,창업·농어업,대상자 지원,0.16,0.0,있음,20250918005400211770,청년후계농 농지 임대료 지원,청년후계농 농지 임대료 지원,1.12
5340000202330327,국토부 청년 전세보증금 반환보증 보증료 지원사업,경남사천시,경남,지방,주거,대상자 지원,0.16,0.07,있음,,,전세보증금반환보증 보증료 지원,0.9
5360000202030029,밀양형 청년내일채움공제,경남밀양시,경남,지방,정책기반,기타,0.16,0.16,찾지 못함,,,청년 일경험 지원,0.495
53800002023306BE,보호종료아동 자립정착금 지원(시추가),경남양산시,경남,지방,금융·생활안정,대상자 지원,0.16,0.04,찾지 못함,,,자립준비청년 자립정착금 지원,0.658
40400002019300D1,청년 면접 지원사업,경기하남시,경기,지방,취업·일경험,대상자 지원,0.16,0.12,있음,,,2025년 1차 경기도 청년면접수당 모집,0.92
391000020263018C,청년농업인4-H회원 스마트팜 기술보급 시범(도비),경기평택시,경기,지방,창업·농어업,기타,0.16,0.15,찾지 못함,,,청년농업인 영농정착지원,0.52
409000020263009B,청년농업인 4-H회원 스마트팜 기술보급 시범,경기김포시,경기,지방,창업·농어업,기타,0.16,0.16,찾지 못함,,,청년농업인 영농정착지원,0.52
57000002025300A4,청년농업인 4-H회원 스마트팜 기술보급 시범,경기여주시,경기,지방,창업·농어업,기타,0.16,0.16,찾지 못함,,,청년농업인 영농정착지원,0.52
4010000202530035,청년정책 서포터즈단 운영,경기시흥시,경기,지방,참여·권리,기타,0.16,0.06,찾지 못함,,,청년층 정신건강 서비스 강화,0.541
3990000201830256,청년정책협의체 등 청년참여활동 지원,경기남양주시,경기,지방,참여·권리,기반·운영,0.16,0.09,찾지 못함,,,경기도 청년참여기구 운영,0.52
386000020203002A,청년네트워크 운영,경기부천시,경기,지방,참여·권리,기반·운영,0.16,0.05,찾지 못함,,,경기도 청년참여기구 운영,0.62
5070000202530186,[도]청년농산업 디자인 지원,경북안동시,경북,지방,창업·농어업,대상자 지원,0.16,0.0,찾지 못함,,,청년스타트업 지원,0.676
50600002019301D2,청년농업인영농정착지원선발운영(보조),경북김천시,경북,지방,창업·농어업,대상자 지원,0.16,0.05,찾지 못함,,,청년스타트업 지원,0.555
5080000202630108,청년농산업디자인지원,경북구미시,경북,지방,창업·농어업,대상자 지원,0.16,0.16,찾지 못함,,,청년스타트업 지원,0.676
52100002025300DB,청년농산업디자인지원,경북성주군,경북,지방,창업·농어업,대상자 지원,0.16,0.0,찾지 못함,,,청년스타트업 지원,0.676
5200000202630043,청년농산업디자인지원,경북고령군,경북,지방,창업·농어업,대상자 지원,0.16,0.0,찾지 못함,,,청년스타트업 지원,0.676
514000020223003F,청년월세지원사업,대구군위군,대구,지방,주거,대상자 지원,0.16,0.05,있음,,,(국토부) 26년 청년월세 지원사업,0.8
36100002023300BA,청년 자율공간 확충(보조),전남광주남구,광주,지방,정책기반,기타,0.16,0.16,있음,,,청년자율공간,1.02
46700002020300F6,청년창업농 정책자금 이차보전,전북군산시,전북,지방,창업·농어업,대상자 지원,0.16,0.13,있음,20250718005400211441,청년창업농 정책자금 이차보전,청년창업농 정책자금 이차보전,1.12
467000020203011C,청년창업농 영농기반 임차지원,전북군산시,전북,지방,창업·농어업,대상자 지원,0.16,0.1,있음,20250718005400211442,청년창업농 영농기반 임차지원,청년창업농 영농기반 임차지원,1.12
4680000202430008,청년시청 관내대학교 특화과정 운영,전북익산시,전북,지방,교육·역량,기타,0.16,0.16,있음,,,청년시청 운영,1.02
46400002024300AC,청년농업인교육 지원,전북전주시,전북,지방,창업·농어업,대상자 지원,0.16,0.16,있음,,,청년농업인 생생동아리 지원,0.787
4701000202630127,"근로능력있는수급자의탈수급지원(청년내일저축계좌-차상위이하,초과)",전북남원시,전북,지방,금융·생활안정,대상자 지원,0.16,0.0,찾지 못함,,,,
4741000202630101,무주군 청년센터 운영 물품 구입,전북무주군,전북,지방,정책기반,기반·운영,0.16,0.0,찾지 못함,,,전북특별자치도 청년마음건강센터 운영,0.642
464000020163026B,청년희망단 운영,전북전주시,전북,지방,정책기반,기타,0.16,0.15,있음,,,제10기 청년희망단 운영,1.02
47200002023301BC,전북 군복무 청년 상해보험 가입,전북완주군,전북,지방,금융·생활안정,기타,0.16,0.15,있음,20250110005400210162,전북 군복무 청년 상해보험 가입 지원,전북 군복무 청년 상해보험 가입 지원,1.12
3560000202630118,인천형 청년월세 지원사업(만35~39세),인천검단구,인천,지방,주거,대상자 지원,0.16,0.07,있음,,,(검단구) 인천시 청년월세 지원사업,1.009
3510000201830095,청년정책 활성화,인천미추홀구,인천,지방,정책기반,기타,0.16,0.1,있음,,,청년문화 활성화 사업,0.834
64300002025302AB,청년층 자살시도자 치료비 지원사업,충북본청,충북,지방,금융·생활안정,대상자 지원,0.16,0.16,찾지 못함,,,신 취약청년(가족돌봄·고립은둔) 지원사업,0.62
4440000202430048,청년 단계별 취업 지원,충북영동군,충북,지방,취업·일경험,대상자 지원,0.16,0.09,찾지 못함,,,청년후계농 영농정착 지원,0.62
4320000202230044,청년월세 한시 특별지원 사업,강원양구군,강원,지방,주거,대상자 지원,0.15,0.12,있음,,,청년월세 한시 특별지원,1.0
42000002022300CD,지역혁신형 청년일자리 사업,강원강릉시,강원,지방,취업·일경험,기타,0.15,0.1,있음,,,지역주도형 청년일자리 사업(지역혁신형),0.833
65300002026300D4,청년 리더십 워크숍 운영,강원본청,강원,지방,정책기반,기타,0.15,0.15,찾지 못함,,,강원청년센터 운영,0.62
4230000202330118,지역혁신형 청년일자리,강원속초시,강원,지방,취업·일경험,기타,0.15,0.1,있음,,,지역주도형 청년일자리 사업(지역혁신형),0.8
4231000202530023,속초시 청년 이사비용 지원사업,강원속초시,강원,지방,주거,대상자 지원,0.15,0.15,있음,20250512005400210809,속초시 청년 이사비용 지원사업,속초시 청년 이사비용 지원사업,1.12
42610002026300AC,사회연대경제 청년 일경험 시범사업,강원횡성군,강원,지방,취업·일경험,대상자 지원,0.15,0.0,있음,,,사회연대경제 청년 일경험 시범 지원,1.0
43210002026300D2,양구군 사회연대경제 청년 일경험 시범사업,강원양구군,강원,지방,취업·일경험,대상자 지원,0.15,0.0,있음,,,사회연대경제 청년 일경험 시범 지원,0.9
4311000202630073,사회연대경제 청년 일경험 시범사업,강원화천군,강원,지방,취업·일경험,대상자 지원,0.15,0.0,있음,,,사회연대경제 청년 일경험 시범 지원,1.0
43510002026300D5,사회연대경제 청년 일경험 시범사업,강원양양군,강원,지방,취업·일경험,대상자 지원,0.15,0.0,있음,,,사회연대경제 청년 일경험 시범 지원,1.0
45400002018300F4,지역착근형 청년프로그램 운영,충남논산시,충남,지방,정책기반,기타,0.15,0.0,있음,,,지역정착 청년프로그램 운영,1.0
45000002022301D7,청년구직자 면접비 지원,충남공주시,충남,지방,취업·일경험,대상자 지원,0.15,0.12,있음,20260430005400212981,청년구직자 면접비 지원사업,청년구직자 면접비 지원사업,1.12
558000020243002B,청년 사람유두종바이러스(HPV) 예방접종 지원,충남계룡시,충남,지방,정책기반,대상자 지원,0.15,0.0,있음,20260504005400213088,청년 사람유두종 바이러스 예방접종 지원,청년 사람유두종 바이러스 예방접종 지원,1.12
4610000202430180,2026년청년마을운영지원,충남예산군,충남,지방,참여·권리,대상자 지원,0.15,0.15,있음,,,청년새마을연합회 사업 지원,0.787
4600000202630128,청년마을 운영지원,충남홍성군,충남,지방,참여·권리,대상자 지원,0.15,0.0,있음,,,청년새마을연합회 사업 지원,0.787
4620000202330015,태안군 청년 스타트업,충남태안군,충남,지방,창업·농어업,기타,0.15,0.12,있음,,,태안 청년 창업 지원,0.787
331000020263002D,청년 창업 아이디어 경진대회,부산남구,부산,지방,창업·농어업,기반·운영,0.15,0.01,있음,20260824005400213350,부산 남구 청년 창업 아이디어 경진대회,부산 남구 청년 창업 아이디어 경진대회,1.12
48700002026300E3,사회연대경제 청년 일경험,전남광주구례군,전남,지방,취업·일경험,대상자 지원,0.15,0.01,있음,,,사회연대경제 청년 일경험사업 시범사업(3차),1.037
48900002026300B6,사회연대경제 청년 일경험 시범사업,전남광주보성군,전남,지방,취업·일경험,대상자 지원,0.15,0.01,있음,20260810005400213326,사회연대경제 청년 일경험사업 시범사업(3차),사회연대경제 청년 일경험사업 시범사업(3차),1.12
5860000202630152,사회연대경제 청년 일경험 시범사업(국비),전남광주장흥군,전남,지방,취업·일경험,대상자 지원,0.15,0.0,있음,20260810005400213326,사회연대경제 청년 일경험사업 시범사업(3차),사회연대경제 청년 일경험사업 시범사업(3차),1.12
49900002026300A9,사회연대경제 청년 일경험 시범사업,전남광주완도군,전남,지방,취업·일경험,대상자 지원,0.15,0.01,있음,20260810005400213326,사회연대경제 청년 일경험사업 시범사업(3차),사회연대경제 청년 일경험사업 시범사업(3차),1.12
50000002026300EA,사회연대경제 청년 일경험 시범사업,전남광주진도군,전남,지방,취업·일경험,대상자 지원,0.15,0.0,있음,20260810005400213326,사회연대경제 청년 일경험사업 시범사업(3차),사회연대경제 청년 일경험사업 시범사업(3차),1.12
5010000202630119,사회연대경제청년일경험(보조),전남광주신안군,전남,지방,취업·일경험,대상자 지원,0.15,0.03,있음,,,사회연대경제 청년 일경험사업 시범사업(3차),1.037
49200002024302FE,빈집 빈점포 활용 청년공간 조성사업,전남광주강진군,전남,지방,정책기반,기반·운영,0.15,0.06,찾지 못함,,,빈집.빈점포 임대료 지원사업,0.639
48800002024300A3,청년부부 내 집 마련 대출이자 지원,전남광주고흥군,전남,지방,금융·생활안정,대상자 지원,0.15,0.04,찾지 못함,,,2026년 신혼부부 전세자금 대출이자 지원 안내,0.653
49200002019300CB,청년4-H회 중앙대회 및 교육 참여 지원,전남광주강진군,전남,지방,창업·농어업,기반·운영,0.15,0.05,찾지 못함,,,청년4-H회원 우수과제 창업농 육성 사업,0.534
498000020253014D,청년 자격시험 응시료 지원,전남광주장성군,전남,지방,교육·역량,대상자 지원,0.15,0.07,찾지 못함,,,[7월 마감] 2026년 구직청년 자격증 취득지원 사업(8월 3일 10시 접수 예정),0.62
485000020223022D,전남형 청년공동체 활성화사업,전남광주담양군,전남,지방,참여·권리,기타,0.15,0.14,있음,20250119005400210341,전남형 청년공동체 활성화 사업,전남형 청년공동체 활성화 사업,1.12
4920000202530060,시군 청년센터 활성화 지원사업(자체),전남광주강진군,전남,지방,정책기반,대상자 지원,0.15,0.08,있음,,,전남형 청년공동체 활성화 사업,0.703
300000020223004F,종로 청년생활 아카데미,서울종로구,서울,지방,교육·역량,기타,0.15,0.01,찾지 못함,,,서울 청년수당,0.406
32400002016300A8,청년정책 추진을 위한 거버넌스,서울강동구,서울,지방,참여·권리,기타,0.15,0.11,찾지 못함,,,가족돌봄청년을 위한 사회서비스 지원,0.6
3020000202630072,청년의 날 및 청년 월간 운영(보조),서울용산구,서울,지방,정책기반,기타,0.15,0.0,찾지 못함,,,청년예술청 운영,0.676
3010000202630015,1인가구 고립 청년 마음건강사업,서울중구,서울,지방,문화·건강,기타,0.15,0.07,찾지 못함,,,서울시 고립·은둔청년 지원사업,0.6
3100000202630021,[청년자율예산제] 청년 프리랜서 길잡이,서울노원구,서울,지방,취업·일경험,기타,0.15,0.01,찾지 못함,,,미래 청년 일자리 사업,0.495
3060000202630072,2026 중랑 청년 위크(2026년 서울시 자치구 청년의날 지원사업),서울중랑구,서울,지방,정책기반,대상자 지원,0.15,0.02,찾지 못함,,,서울 청년수당,0.62
6310000202330389,청년농업인 영농 스타트업 지원,울산본청,울산,지방,창업·농어업,대상자 지원,0.15,0.15,있음,20250714005400211207,청년농업인 영농 스타트업 지원,청년농업인 영농 스타트업 지원,1.12
3730000202530091,청년정책협의체 행사 운영,울산울주군,울산,지방,참여·권리,기반·운영,0.15,0.1,찾지 못함,,,울산광역시 청년정책조정위원회 운영,0.665
5330000201930161,청년정책 네트워크 운영,경남통영시,경남,지방,참여·권리,기반·운영,0.15,0.09,있음,20250908005400211675,청년정책네트워크 운영,청년정책네트워크 운영,1.12
54000002024300DF,청년 문화예술패스,경남함안군,경남,지방,문화·건강,대상자 지원,0.15,0.15,있음,,,청년 문화예술인 활동 지원,0.826
6480000202430106,청년어업인 커뮤니티 활성화 지원,경남본청,경남,지방,창업·농어업,대상자 지원,0.15,0.15,있음,20250917005400211716,청년어업인 커뮤니티 활성화 지원,청년어업인 커뮤니티 활성화 지원,1.12
53100002026301F1,2026년 경남형 청년마을 조성사업,경남진주시,경남,지방,참여·권리,기반·운영,0.15,0.0,찾지 못함,,,청년 소규모 스마트팜 조성,0.676
53400002026300E8,청년 일경험 지원사업(자체),경남사천시,경남,지방,취업·일경험,대상자 지원,0.15,0.0,있음,20250917005400211751,청년 일경험 지원,청년 일경험 지원,1.12
536000020253006D,청년 문화예술인 활동지원,경남밀양시,경남,지방,문화·건강,대상자 지원,0.15,0.0,있음,20250908005400211672,청년 문화예술인 활동 지원,청년 문화예술인 활동 지원,1.12
533000020233013E,통영 청년수호 일자리사업,경남통영시,경남,지방,취업·일경험,기타,0.15,0.1,있음,,,청년일자리 도전 지원사업,0.834
54100002025300BC,청년주택 임차보증금 이자 지원사업,경남창녕군,경남,지방,주거,대상자 지원,0.15,0.0,있음,20250917005400211732,청년 주택 임차보증금 이자 지원,청년 주택 임차보증금 이자 지원,1.12
5400000202530096,청년주택 임차보증금 이자지원,경남함안군,경남,지방,주거,대상자 지원,0.15,0.0,있음,20250917005400211732,청년 주택 임차보증금 이자 지원,청년 주택 임차보증금 이자 지원,1.12
5430000200630808,보호종료아동 자립정착금,경남남해군,경남,지방,금융·생활안정,대상자 지원,0.15,0.0,찾지 못함,,,자립준비청년 자립정착금 지원,0.575
5430000202530086,청년주택 임차보증금 이자지원사업,경남남해군,경남,지방,주거,대상자 지원,0.15,0.04,있음,20251203005400211948,남해군 청년주택 임차보증금 이자지원사업,남해군 청년주택 임차보증금 이자지원사업,1.12
542000020243018D,청년어업인 커뮤니티 활성화 지원사업,경남고성군,경남,지방,창업·농어업,대상자 지원,0.15,0.15,있음,20250917005400211716,청년어업인 커뮤니티 활성화 지원,청년어업인 커뮤니티 활성화 지원,1.12
542000020253001D,고성 청년 체력 up 활력 up 지원사업,경남고성군,경남,지방,정책기반,대상자 지원,0.15,0.02,찾지 못함,,,청년일자리 도전 지원사업,0.6
544000020253013B,청년주택 임차보증금 이자 지원사업,경남하동군,경남,지방,주거,대상자 지원,0.15,0.0,있음,20250917005400211732,청년 주택 임차보증금 이자 지원,청년 주택 임차보증금 이자 지원,1.12
5450000202530073,산청군 청년연합회 한마음 체육대회 지원,경남산청군,경남,지방,문화·건강,기반·운영,0.15,0.15,찾지 못함,,,청년4-H회 과제교육 지원,0.6
3780000202430069,성남이 청년과 함께 앙상블,경기성남시,경기,지방,정책기반,기타,0.15,0.15,찾지 못함,,,군복무 경기청년 상해보험 가입지원,0.393
394000020243004A,보호종료아동 자립정착금,경기고양시,경기,지방,금융·생활안정,대상자 지원,0.15,0.0,찾지 못함,,,청년 노동자 통장 운영,0.342
3830000202630103,경계선지능청년 지원,경기안양시,경기,지방,정책기반,대상자 지원,0.15,0.0,있음,,,경계선지능청년지원,1.0
39100002026301C4,청년 모임활동비 지원(주민참여),경기평택시,경기,지방,참여·권리,대상자 지원,0.15,0.15,찾지 못함,,,2026 평택시 청년 독서모임 및 프로그램 운영,0.691
3820000202630047,청년 AI구독서비스 바우처 지원(주민참여예산),경기의정부시,경기,지방,금융·생활안정,대상자 지원,0.15,0.15,찾지 못함,,,청년층 정신건강 서비스 강화,0.575
4080000201830145,지역정착형 청년일자리 사업,경기안성시,경기,지방,취업·일경험,기타,0.15,0.15,찾지 못함,,,경기청년 일자리 매치업 플러스,0.642
4080000202530033,청년 축산리더 ALL 300 육성 프로그램,경기안성시,경기,지방,정책기반,기타,0.15,0.05,찾지 못함,,,경기청년 사다리 프로그램,0.639
417000020253009D,자립준비청년 자립정착금 지원(보조),경기양평군,경기,지방,금융·생활안정,대상자 지원,0.15,0.0,있음,,,자립준비청년 자립지원 사업,0.9
41400002022300FC,지역주도형 청년일자리사업(지역정착형)(균특),경기연천군,경기,지방,취업·일경험,기타,0.15,0.12,찾지 못함,,,경기청년 일자리 매치업 플러스,0.642
40700002024302A7,청년어촌정착지원,경기이천시,경기,지방,창업·농어업,대상자 지원,0.15,0.08,있음,,,청년어업인 정착지원 사업,0.769
3930000202630081,근로능력있는수급자의탈수급지원(청년내일저축계좌),경기안산시,경기,지방,금융·생활안정,대상자 지원,0.15,0.15,찾지 못함,,,,
40700002021302C3,청년활동 네트워크 운영,경기이천시,경기,지방,참여·권리,기반·운영,0.15,0.09,찾지 못함,,,청년 노동자 통장 운영,0.646
3650000202430038,자립준비청년 지원사업,대전중구,대전,지방,금융·생활안정,대상자 지원,0.15,0.06,있음,,,청년도전지원사업,0.92
51200002024300BB,[도비]청년 문화예술패스,경북문경시,경북,지방,문화·건강,대상자 지원,0.15,0.15,찾지 못함,,,청년스타트업 지원,0.549
5070000202430130,[도]전통공예 청년승계자 특별지원사업,경북안동시,경북,지방,정책기반,대상자 지원,0.15,0.09,찾지 못함,,,2025년 청년도전 지원사업,0.642
5060000202030070,초보청년농부멘토링지원(보조),경북김천시,경북,지방,창업·농어업,대상자 지원,0.15,0.09,찾지 못함,,,청년 신혼부부 월세 지원사업,0.555
5090000201730161,(도)청년예비농업인 멘토링지원,경북영주시,경북,지방,창업·농어업,대상자 지원,0.15,0.09,찾지 못함,,,경북청년 예비창업가 육성사업,0.646
5070000202630123,[도]초보 청년농부 멘토링 지원,경북안동시,경북,지방,창업·농어업,대상자 지원,0.15,0.12,찾지 못함,,,청년 신혼부부 월세 지원사업,0.555
5110000202030050,[도]초보청년농부멘토링지원,경북상주시,경북,지방,창업·농어업,대상자 지원,0.15,0.07,찾지 못함,,,청년 신혼부부 월세 지원사업,0.555
5160000202030057,청년예비창업지원사업,경북청송군,경북,지방,창업·농어업,대상자 지원,0.15,0.15,있음,,,2025년도 경북청년예비창업가 육성사업,1.02
5170000201930041,경북청년예비창업가육성사업(보조),경북영양군,경북,지방,창업·농어업,대상자 지원,0.15,0.15,있음,20250901005400211545,경북청년 예비창업가 육성사업,경북청년 예비창업가 육성사업,1.12
5190000202030055,경북청년예비창업가육성사업,경북청도군,경북,지방,창업·농어업,대상자 지원,0.15,0.15,있음,20250901005400211545,경북청년 예비창업가 육성사업,경북청년 예비창업가 육성사업,1.12
521000020253002A,청년예비창업가육성사업,경북성주군,경북,지방,창업·농어업,대상자 지원,0.15,0.15,있음,20250901005400211545,경북청년 예비창업가 육성사업,경북청년 예비창업가 육성사업,1.12
52500002020300AA,경북청년 예비창업가 육성지원사업,경북울진군,경북,지방,창업·농어업,대상자 지원,0.15,0.15,있음,20250901005400211545,경북청년 예비창업가 육성사업,경북청년 예비창업가 육성사업,1.12
5150000202230076,청년월세지원사업(국비),경북의성군,경북,지방,주거,대상자 지원,0.15,0.04,있음,,,청년 신혼부부 월세 지원사업,0.92
581500020263009E,사회연대경제 청년 일경험 시범사업(보조),전남광주남구,광주,지방,취업·일경험,대상자 지원,0.15,0.01,있음,20260810005400213326,사회연대경제 청년 일경험사업 시범사업(3차),사회연대경제 청년 일경험사업 시범사업(3차),1.12
469000020193007B,청년농업인 생생동아리 지원,전북정읍시,전북,지방,창업·농어업,대상자 지원,0.15,0.15,있음,20250718005400211443,청년농업인 생생동아리 지원,청년농업인 생생동아리 지원,1.12
47700002019300B1,청년혁신가 예비창업지원사업,전북순창군,전북,지방,창업·농어업,대상자 지원,0.15,0.15,있음,,,시군 청년혁신가 예비창업지원,1.02
3490000202530096,청년의 날 기념 청년축제 개최,인천영종구,인천,지방,문화·건강,기반·운영,0.15,0.0,찾지 못함,,,(영종구) 인천시 청년월세 지원사업,0.355
5710000201730086,청년정책 기반조성 및 역량강화,충북청주시,충북,지방,교육·역량,기반·운영,0.15,0.14,찾지 못함,,,청년농업인 스마트팜 기반 조성,0.62
4420000202330054,청년동아리 지원사업,충북보은군,충북,지방,참여·권리,대상자 지원,0.15,0.15,있음,,,신 취약청년(가족돌봄·고립은둔) 지원사업,0.787
4241000202630041,청년농업인 활성화 사업(4-H),강원삼척시,강원,지방,창업·농어업,기타,0.14,0.14,있음,,,청년농업인 육성지원,0.92
4500000202430100,청년농업인 스마트팜 기술연수,충남공주시,충남,지방,창업·농어업,기타,0.14,0.12,있음,,,청년자립형 스마트팜 지원사업,0.72
45000002022300BF,청년농업인 인큐베이팅 기술 지원,충남공주시,충남,지방,창업·농어업,대상자 지원,0.14,0.14,있음,,,청년농업인 안정정착 기반조성,0.92
452000020263001C,청년농업인 인큐베이팅 지원,충남아산시,충남,지방,창업·농어업,대상자 지원,0.14,0.14,있음,,,청년농업인 안정정착 기반조성,0.92
454000020223003D,청년농업인 인큐베이팅 지원(도비),충남논산시,충남,지방,창업·농어업,대상자 지원,0.14,0.0,있음,,,청년농업인 안정정착 기반조성,0.92
459000020243005C,청년농업인 인큐베이팅 지원사업(도),충남청양군,충남,지방,창업·농어업,대상자 지원,0.14,0.14,있음,,,청년농업인 인큐베이팅 기술지원,1.029
455000020223000A,청년농업인 인큐베이팅 기술지원(도비),충남금산군,충남,지방,창업·농어업,대상자 지원,0.14,0.1,있음,,,청년농업인 안정정착 기반조성,0.92
46100002024300BD,청년농업인인큐베이팅지원사업,충남예산군,충남,지방,창업·농어업,대상자 지원,0.14,0.14,있음,,,청년농업인 안정정착 기반조성,0.92
568000020203007F,청년주거양육지원,충남당진시,충남,지방,주거,대상자 지원,0.14,0.06,있음,,,청년 창업농 주거지원 사업,0.752
3300000202530006,동래구 청년주간 운영,부산동래구,부산,지방,정책기반,기타,0.14,0.0,찾지 못함,,,부산청년센터 운영,0.653
3370000202530089,청년 프로그램 지원 사업,부산연제구,부산,지방,정책기반,대상자 지원,0.14,0.1,있음,,,부산 청년 프로그램 지원,0.92
3320000202130015,청년정책 거버넌스 운영,부산북구,부산,지방,참여·권리,기타,0.14,0.1,찾지 못함,,,부산청년센터 운영,0.62
3330000202630034,청년어촌정착지원 사업,부산해운대구,부산,지방,창업·농어업,대상자 지원,0.14,0.09,있음,,,청년어업인 정착지원 사업,0.857
4880000201930093,청년 취업자 주거비 지원,전남광주고흥군,전남,지방,주거,대상자 지원,0.14,0.02,있음,20251124005400211940,청년 취업자 주거비 지원사업,청년 취업자 주거비 지원사업,1.12
4890000201930085,청년 취업자 주거지원금 지원 사업,전남광주보성군,전남,지방,주거,대상자 지원,0.14,0.05,있음,,,청년 취업자 주거비 지원사업,0.995
493000020223001D,청년 창업공간 지원 사업,전남광주해남군,전남,지방,창업·농어업,대상자 지원,0.14,0.11,있음,,,청년농업인 맞춤형 창업 성공모델 지원사업,0.763
493000020243015A,청년 문화예술패스 사업(국가직접지원),전남광주해남군,전남,지방,문화·건강,대상자 지원,0.14,0.14,찾지 못함,,,전남청년 문화복지카드,0.62
4820000202030108,순천형 청년 공유공간 운영,전남광주순천시,전남,지방,정책기반,기반·운영,0.14,0.12,찾지 못함,,,광주형 청년일자리 공제(추가모집_마감),0.653
48200002025300BA,청년마을 만들기 사업,전남광주순천시,전남,지방,참여·권리,기타,0.14,0.1,있음,,,전남형 청년마을 조성사업,0.92
4860000202630046,전남형 청년공동체 활성화 사업,전남광주곡성군,전남,지방,참여·권리,기타,0.14,0.14,있음,20250119005400210341,전남형 청년공동체 활성화 사업,전남형 청년공동체 활성화 사업,1.12
64600002018301A5,청년어촌정착지원(운영비) (전남),전남광주본청,전남,지방,창업·농어업,기반·운영,0.14,0.08,있음,,,청년어업인 정착지원 사업,0.769
3020000202130031,청년 지역연계 활동 공모사업 지원,서울용산구,서울,지방,정책기반,대상자 지원,0.14,0.14,찾지 못함,,,지역연계형 청년 창업 지원사업(넥스트로컬),0.68
3170000202230041,자립준비청년 등 자립지원,서울금천구,서울,지방,금융·생활안정,대상자 지원,0.14,0.08,있음,,,자립준비청년 자립수당 지원,0.99
310000020263001F,[청년자율예산제] 청년이 그린(Green) 노원 실험실,서울노원구,서울,지방,정책기반,기타,0.14,0.1,찾지 못함,,,서울청년문화패스 지원,0.453
317000020263002B,"노인, 청년이 함께하는 세대공감 프로젝트 '기억의 다리'(주민참여)",서울금천구,서울,지방,참여·권리,기타,0.14,0.14,찾지 못함,,,2026년 서울청년정책네트워크 하반기 모집,0.349
546000020263000D,청년후계농 농지 임대료 지원,경남함양군,경남,지방,창업·농어업,대상자 지원,0.14,0.1,있음,20250918005400211770,청년후계농 농지 임대료 지원,청년후계농 농지 임대료 지원,1.12
5440000202330084,청년정책운영지원,경남하동군,경남,지방,정책기반,대상자 지원,0.14,0.12,있음,,,매체 활용 청년정책 홍보,0.92
648000020223013C,대학생 농촌인력지원,경남본청,경남,지방,교육·역량,대상자 지원,0.14,0.14,있음,20250917005400211724,대학생 농촌인력 지원,대학생 농촌인력 지원,1.12
53300002022300AA,보호종료아동 대학생활안정자금 지원,경남통영시,경남,지방,교육·역량,대상자 지원,0.14,0.1,있음,,,자립준비청년 대학생활안정자금 지원,0.745
5400000202230062,보호종료아동 대학생활안정자금 지원,경남함안군,경남,지방,교육·역량,대상자 지원,0.14,0.06,있음,,,자립준비청년 대학생활안정자금 지원,0.745
5410000202530095,청년 일경험 지원 사업,경남창녕군,경남,지방,취업·일경험,대상자 지원,0.14,0.05,있음,20250917005400211751,청년 일경험 지원,청년 일경험 지원,1.12
5400000202530078,청년 일경험(인턴) 지원사업,경남함안군,경남,지방,취업·일경험,대상자 지원,0.14,0.0,있음,20250917005400211751,청년 일경험 지원,청년 일경험 지원,1.12
54700002025300D7,청년 일경험(인턴) 지원사업,경남거창군,경남,지방,취업·일경험,대상자 지원,0.14,0.0,있음,20250917005400211751,청년 일경험 지원,청년 일경험 지원,1.12
4010000202530026,청년 면접정장 대여,경기시흥시,경기,지방,취업·일경험,기타,0.14,0.11,찾지 못함,,,경기도 청년 면접수당,0.691
386000020263003C,소사청년공간 소사로움 운영,경기부천시,경기,지방,정책기반,기타,0.14,0.12,있음,20260910005400213404,소사청년공간 소사로움 운영,소사청년공간 소사로움 운영,1.12
368000020193007E,청년후계농 영농정착지원(국비),대전대덕구,대전,지방,창업·농어업,대상자 지원,0.14,0.0,찾지 못함,,,청년도전지원사업,0.541
512000020233009D,[도비]청년농업인농지임대지원,경북문경시,경북,지방,창업·농어업,대상자 지원,0.14,0.14,찾지 못함,,,청년스타트업 지원,0.646
5210000201830064,청년농업인영농정착지원선발운영,경북성주군,경북,지방,창업·농어업,대상자 지원,0.14,0.07,찾지 못함,,,청년스타트업 지원,0.555
506000020193000A,청년농업인 창업 플랜 교육,경북김천시,경북,지방,창업·농어업,대상자 지원,0.14,0.14,찾지 못함,,,경북청년 예비창업가 육성사업,0.62
524000020263009E,사회연대경제청년일경험시범사업,경북봉화군,경북,지방,취업·일경험,대상자 지원,0.14,0.0,있음,,,사회연대경제 청년 일경험 시범 지원,1.0
50500002023302C7,청년농업인농지임대지원,경북경주시,경북,지방,창업·농어업,대상자 지원,0.14,0.0,찾지 못함,,,청년스타트업 지원,0.646
50700002023300A1,[도]청년농업인 농지임대료 지원,경북안동시,경북,지방,창업·농어업,대상자 지원,0.14,0.0,찾지 못함,,,청년스타트업 지원,0.62
5210000202330078,청년농업인농지임대지원,경북성주군,경북,지방,창업·농어업,대상자 지원,0.14,0.09,찾지 못함,,,청년스타트업 지원,0.646
5260000202430099,청년월세한시특별지원,경북울릉군,경북,지방,주거,대상자 지원,0.14,0.06,있음,,,(국토부) 26년 청년월세 지원사업,0.9
5050000202030074,지역민과 함께하는 대학생 문화활동 지원,경북경주시,경북,지방,교육·역량,대상자 지원,0.14,0.14,찾지 못함,,,2025 지역대학 글로벌 무역전문가 양성지원,0.544
3590000202330140,청년 자율공간 확충,전남광주동구,광주,지방,정책기반,기타,0.14,0.14,있음,,,청년자율공간,1.02
36200002025300C7,청년창업아이디어경진대회,전남광주북구,광주,지방,창업·농어업,기반·운영,0.14,0.14,있음,,,제4회 광주 북구청장배 청년 창업 아이디어 경진대회,1.02
4671000202530010,대학생 학자금 이자 지원,전북군산시,전북,지방,교육·역량,대상자 지원,0.14,0.14,있음,,,대학생 학자금 대출이자 지원,1.029
46410002026301CE,청년어업인 정착지원,전북전주시,전북,지방,창업·농어업,대상자 지원,0.14,0.0,있음,,,청년어업인 정착지원 사업,1.0
4700000202430067,청년어촌 정착 지원,전북남원시,전북,지방,창업·농어업,대상자 지원,0.14,0.07,있음,,,전북청년 지역정착 지원사업,0.787
470100020263006C,전북청년 1인 소상공인·농업인 출산급여 지원사업,전북남원시,전북,지방,창업·농어업,대상자 지원,0.14,0.14,찾지 못함,,,청년친화 친구기업 지원사업,0.572
4741000202530093,신혼부부 및 청년 전세자금 대출이자 지원사업,전북무주군,전북,지방,주거,대상자 지원,0.14,0.06,찾지 못함,,,청년나래 일자리 지원사업,0.587
4791000202630070,전북청년 1인 출산급여 지원사업,전북부안군,전북,지방,정책기반,대상자 지원,0.14,0.05,찾지 못함,,,전북청년 지역정착 지원사업,0.665
35800002024301B4,청년농업인 육성 지원,인천옹진군,인천,지방,창업·농어업,대상자 지원,0.14,0.0,있음,,,청년 인재육성 사업,0.889
5690000202230163,청년정책 기획 및 조정,세종본청,세종,지방,정책기반,기타,0.14,0.13,찾지 못함,,,청년정책 홍보 사업,0.653
42200002021300F4,청년협의체 운영,강원태백시,강원,지방,참여·권리,기반·운영,0.13,0.12,있음,,,강원청년센터 운영,0.735
425100020253010E,청년어촌정착지원,강원홍천군,강원,지방,창업·농어업,대상자 지원,0.13,0.1,있음,,,청년어업인 영어정착 지원,0.857
4330000202230041,청년월세 한시 특별지원[국비],강원인제군,강원,지방,주거,대상자 지원,0.13,0.05,있음,,,청년월세 한시 특별지원,1.0
42510002024300B0,청년 문화예술패스,강원홍천군,강원,지방,문화·건강,대상자 지원,0.13,0.13,있음,,,청년예술인 지원,0.735
4340000202230050,청년월세 지원사업,강원고성군,강원,지방,주거,대상자 지원,0.13,0.07,있음,,,청년월세 한시 특별지원,0.8
4280000202230094,지역주도형 청년일자리 상생기반대응(소멸위기지역)사업(보조),강원평창군,강원,지방,취업·일경험,기타,0.13,0.11,있음,,,지역주도형 청년일자리 사업(지역혁신형),0.9
46100002026300CE,청년농 유통역량 강화,충남예산군,충남,지방,창업·농어업,기타,0.13,0.0,있음,,,청년농업인 역량강화 지원,0.834
4620000202130076,태안 청년 창업 지원(태안의후예),충남태안군,충남,지방,창업·농어업,대상자 지원,0.13,0.09,있음,20251111005400211842,태안 청년 창업 지원,태안 청년 창업 지원,1.12
45700002024300DF,청년문화예술패스사업,충남부여군,충남,지방,문화·건강,대상자 지원,0.13,0.13,있음,20260504005400113122,청년문화예술패스,청년문화예술패스,1.12
330000020243002A,청년 성장플러스 지원사업,부산동래구,부산,지방,정책기반,대상자 지원,0.13,0.07,있음,,,부산 청년도전 지원사업,0.752
335000020243006C,청년후계농 영농정착 지원사업,부산금정구,부산,지방,창업·농어업,대상자 지원,0.13,0.0,찾지 못함,,,부산 청년도전 지원사업,0.691
33900002026300AA,청년농업인 영농정착지원사업,부산사상구,부산,지방,창업·농어업,대상자 지원,0.13,0.13,찾지 못함,,,부산 청년도전 지원사업,0.691
4950000202430020,청년 구직 활동 지원,전남광주무안군,전남,지방,취업·일경험,대상자 지원,0.13,0.08,있음,,,청년농업인 연구동아리 지원,0.72
50000002026300EC,청년 공공임대주택 운영관리,전남광주진도군,전남,지방,주거,대상자 지원,0.13,0.13,찾지 못함,,,전남 청년 희망 일자리 지원사업,0.473
5000000202230079,청년내일저축계좌(차상위초과),전남광주진도군,전남,지방,금융·생활안정,대상자 지원,0.13,0.13,있음,,,청년내일저축계좌 운영,1.0
48800002024301B5,청년 문화예술패스,전남광주고흥군,전남,지방,문화·건강,대상자 지원,0.13,0.13,찾지 못함,,,전남청년 문화복지카드,0.62
6460000202330479,대학생 인턴십 지원 (전남),전남광주본청,전남,지방,교육·역량,대상자 지원,0.13,0.0,찾지 못함,,,SW중심대학 지원,0.62
48400002023302AE,청년 전세보증반환보증 보증료 지원사업,전남광주광양시,전남,지방,주거,대상자 지원,0.13,0.05,있음,,,전세보증금반환보증 보증료 지원,0.88
497000020243012B,청년 문화예술패스,전남광주영광군,전남,지방,문화·건강,대상자 지원,0.13,0.13,찾지 못함,,,전남청년 문화복지카드,0.62
5350000202630134,청년어촌정착지원사업,경남김해시,경남,지방,창업·농어업,대상자 지원,0.13,0.0,있음,,,청년어업인 정착지원 사업,0.857
53900002022300CF,도시청년 의령 살아보기 사업,경남의령군,경남,지방,정책기반,기타,0.13,0.08,있음,,,청년 의령 살아보기,0.9
5390000202330183,청년후계농 농지 임대료 지원사업,경남의령군,경남,지방,창업·농어업,대상자 지원,0.13,0.12,있음,20250918005400211770,청년후계농 농지 임대료 지원,청년후계농 농지 임대료 지원,1.12
4160000202430174,청년문화예술패스(보조),경기가평군,경기,지방,문화·건강,대상자 지원,0.13,0.13,있음,,,청년문화예술패스,1.0
40300002026300B8,생활밀착형 청년공간 운영,경기의왕시,경기,지방,금융·생활안정,기반·운영,0.13,0.11,있음,,,청년공간 운영사업,1.02
39900002023303FB,청년 소통 SNS 운영,경기남양주시,경기,지방,참여·권리,기타,0.13,0.01,찾지 못함,,,청년 노동자 통장 운영,0.676
4090000202230047,청년농업인 사관학교,경기김포시,경기,지방,창업·농어업,기타,0.13,0.13,찾지 못함,,,청년농업인 경쟁력제고 사업,0.691
366000020173000E,청년거버넌스 활성화,대전서구,대전,지방,참여·권리,기타,0.13,0.06,찾지 못함,,,청년 네트워크 활성화 지원사업,0.676
522000020183010F,청년취업지원,경북칠곡군,경북,지방,취업·일경험,대상자 지원,0.13,0.13,있음,,,청년스타트업 지원,0.834
516000020223004F,청년월세지원사업,경북청송군,경북,지방,주거,대상자 지원,0.13,0.08,있음,,,청년 신혼부부 월세 지원사업,0.92
5100000201730153,지)청년후계농영농정착지원선발운영,경북영천시,경북,지방,창업·농어업,대상자 지원,0.13,0.13,찾지 못함,,,자립준비청년 자립정착금 지원,0.534
3410000202430099,청년정책네트워크운영,대구중구,대구,지방,참여·권리,기타,0.13,0.05,있음,20250804005400211509,대구청년정책네트워크,대구청년정책네트워크,1.12
3600000201730101,청년네트워크지원,전남광주서구,광주,지방,참여·권리,대상자 지원,0.13,0.1,있음,,,광주청년센터 운영,0.92
47500002020300A0,청년창업농 정책자금 이차보전,전북장수군,전북,지방,창업·농어업,대상자 지원,0.13,0.07,있음,20250718005400211441,청년창업농 정책자금 이차보전,청년창업농 정책자금 이차보전,1.12
4680000202330388,청년 면접 정장 대여사업,전북익산시,전북,지방,취업·일경험,기타,0.13,0.08,있음,20250716005400211324,청년 면접 정장 대여사업,청년 면접 정장 대여사업,1.12
3500000202030003,청년정책활성화사업,인천제물포구,인천,지방,정책기반,기타,0.13,0.0,있음,,,청년문화 활성화 사업,0.898
4220000202230041,지역주도형 청년일자리사업(지역혁신형),강원태백시,강원,지방,취업·일경험,기타,0.12,0.12,있음,,,지역주도형 청년일자리 사업(지역혁신형),1.0
429000020233011E,청년일자리 지역혁신사업,강원정선군,강원,지방,취업·일경험,기타,0.12,0.1,찾지 못함,,,지역주도형 청년일자리 사업(지역혁신형),0.609
642000020173003A,청년일자리 지원,강원본청,강원,지방,취업·일경험,대상자 지원,0.12,0.11,있음,,,지역주도형 청년일자리 사업(지역혁신형),0.9
4201000202530087,청년창업 활성화 지원 사업,강원강릉시,강원,지방,창업·농어업,대상자 지원,0.12,0.12,있음,,,청년농업인 육성지원,0.72
4320000202030155,청년 취업준비쿠폰 지원사업,강원양구군,강원,지방,취업·일경험,대상자 지원,0.12,0.0,찾지 못함,,,2025년 청년 디딤돌 2배 적금 지원사업,0.6
4300000201330076,보호아동 대학생활안정 지원,강원철원군,강원,지방,교육·역량,대상자 지원,0.12,0.07,찾지 못함,,,대학생 행정체험연수 운영,0.591
4350000202030110,청년 취업준비 쿠폰 지원사업,강원양양군,강원,지방,취업·일경험,대상자 지원,0.12,0.0,찾지 못함,,,2025년 청년 디딤돌 2배 적금 지원사업,0.6
4191000202630003,국립청년극단 운영 지원,강원원주시,강원,지방,정책기반,대상자 지원,0.12,0.12,찾지 못함,,,강원청년센터 운영,0.62
4500000202330323,청년후계농 시군 심사 및 모니터링단 운영,충남공주시,충남,지방,창업·농어업,기타,0.12,0.04,찾지 못함,,,충청남도 청년센터 운영,0.555
45200002024300E3,청년농업인 영농정착지원사업(선발운영비),충남아산시,충남,지방,창업·농어업,기반·운영,0.12,0.12,있음,,,청년후계농업인 영농정착 지원,1.02
455000020243014A,청년문화예술 패스 지원(도비),충남금산군,충남,지방,문화·건강,대상자 지원,0.12,0.12,있음,20260504005400113122,청년문화예술패스,청년문화예술패스,1.12
4620000202430173,청년 문화예술패스 지원,충남태안군,충남,지방,문화·건강,대상자 지원,0.12,0.12,있음,20260504005400113122,청년문화예술패스,청년문화예술패스,1.12
451000020233033A,지역특화 청년사업(공모),충남보령시,충남,지방,정책기반,기타,0.12,0.12,있음,,,지역특화형 비자사업,0.826
45400002026300C1,청년어촌정착지원,충남논산시,충남,지방,창업·농어업,대상자 지원,0.12,0.09,있음,,,청년어업인 정착지원 사업,0.769
4590000201930088,보호종료아동 자립수당,충남청양군,충남,지방,금융·생활안정,대상자 지원,0.12,0.06,찾지 못함,,,자립지원 사업,0.453
46000002018300E1,청년 어촌정착 지원,충남홍성군,충남,지방,창업·농어업,대상자 지원,0.12,0.09,있음,,,청년어업인 정착지원 사업,0.769
45700002023301A0,자립준비청년 대학생활안정자금 지원,충남부여군,충남,지방,교육·역량,대상자 지원,0.12,0.1,있음,,,자립준비청년 지원,1.02
453000020233016C,자립준비청년 대학생활안정자금 지원,충남서산시,충남,지방,교육·역량,대상자 지원,0.12,0.08,있음,,,"자립준비청년 자립 지원 (자립수당, 자립정착금, 대학생활안정자금)",0.812
461000020233016B,자립준비청년대학생활안정자금지원,충남예산군,충남,지방,교육·역량,대상자 지원,0.12,0.08,있음,,,자립준비청년 지원,1.02
331000020263002E,청년 참여 활성화,부산남구,부산,지방,참여·권리,기타,0.12,0.04,찾지 못함,,,부산 청년 생활인구 유입 활성화(부산온나청년패스),0.676
33100002023300AC,청년어촌정착지원,부산남구,부산,지방,창업·농어업,대상자 지원,0.12,0.07,있음,,,청년어업인 정착지원 사업,0.769
3340000202530059,청년어촌정착지원사업,부산사하구,부산,지방,창업·농어업,대상자 지원,0.12,0.08,있음,,,청년어업인 정착지원 사업,0.857
3360000202330063,자립준비청년 자립수당 지급(자체),부산강서구,부산,지방,금융·생활안정,대상자 지원,0.12,0.08,있음,,,부산 자립준비청년 자립수당 지원,1.037
328000020193006A,청년프로그램 지원사업,부산영도구,부산,지방,정책기반,대상자 지원,0.12,0.12,있음,,,부산 청년 프로그램 지원,0.92
3350000201730010,청년창업문화촌 운영,부산금정구,부산,지방,창업·농어업,대상자 지원,0.12,0.12,있음,,,부산시 금정구 청년창업문화촌 운영,1.02
6260000201730355,청년의 자립기반 마련,부산본청,부산,지방,금융·생활안정,기타,0.12,0.12,찾지 못함,,,부산 자립준비청년 자립수당 지원,0.541
48700002019301B7,청년센터 활성화 지원사업,전남광주구례군,전남,지방,정책기반,대상자 지원,0.12,0.06,있음,,,전남형 청년공동체 활성화 사업,0.756
4870000202630003,청년 행정인턴 운영,전남광주구례군,전남,지방,취업·일경험,대상자 지원,0.12,0.1,찾지 못함,,,청년드림은행(청년재무상담소),0.62
6460000202530231,청년층 자살시도자 치료비 지원사업 (전남),전남광주본청,전남,지방,금융·생활안정,대상자 지원,0.12,0.12,있음,,,2026년 완도군 청년 자격증 응시료 지원사업,0.787
483000020253002C,청년창업농 경영실습 임대농장 운영,전남광주나주시,전남,지방,창업·농어업,대상자 지원,0.12,0.11,찾지 못함,,,청년 창업농장 조성,0.691
48300002025300AA,청년어촌정착 지원사업,전남광주나주시,전남,지방,창업·농어업,대상자 지원,0.12,0.12,있음,,,청년어업인 정착지원 사업,0.857
487000020193013D,보호종료아동 자립수당,전남광주구례군,전남,지방,금융·생활안정,대상자 지원,0.12,0.0,찾지 못함,,,시설 퇴소청소년 자립지원수당,0.381
4880000202330242,청년농업인 농지확보 지원,전남광주고흥군,전남,지방,창업·농어업,대상자 지원,0.12,0.08,있음,,,청년농업인 연구동아리 지원,0.729
486000020243007B,전남 청년 희망 일자리 지원사업,전남광주곡성군,전남,지방,취업·일경험,대상자 지원,0.12,0.12,있음,20251124005400211937,전남 청년 희망 일자리 지원사업,전남 청년 희망 일자리 지원사업,1.12
494000020233019F,청년농업인 농지확보 지원사업,전남광주영암군,전남,지방,창업·농어업,대상자 지원,0.12,0.0,있음,,,청년농업인 스타트업(초기창업) 지원사업,0.812
494000020243013E,청년 문화예술패스 지원 사업,전남광주영암군,전남,지방,문화·건강,대상자 지원,0.12,0.12,찾지 못함,,,청년농업인 스타트업(초기창업) 지원사업,0.68
48000002017300C6,청년정책 기반 조성,전남광주목포시,전남,지방,정책기반,기반·운영,0.12,0.09,찾지 못함,,,청년정책 서포터즈 2기,0.676
49700002019301A5,청년농업인 영농정착 지원,전남광주영광군,전남,지방,창업·농어업,대상자 지원,0.12,0.07,있음,,,청년농업인 연구동아리 지원,0.729
65000002025302BA,청년층 자살시도자 치료비 지원사업,제주본청,제주,지방,금융·생활안정,대상자 지원,0.12,0.12,있음,20260421005400212802,청년층 자살시도자 치료비 지원사업,청년층 자살시도자 치료비 지원사업,1.12
3100000201930102,노원형(지역주도형) 청년일자리 사업,서울노원구,서울,지방,취업·일경험,기타,0.12,0.03,있음,,,미래 청년 일자리 사업,0.857
3100000202330037,청년창업 역량강화 코칭클래스 운영,서울노원구,서울,지방,창업·농어업,대상자 지원,0.12,0.12,찾지 못함,,,서울 청년 밀키트 창업지원,0.564
32000002016300A1,청년정책위원회 운영,서울관악구,서울,지방,참여·권리,기반·운영,0.12,0.12,찾지 못함,,,청년예술청 운영,0.62
3120000201330010,청소년 대학생 멘토링 사업,서울서대문구,서울,지방,교육·역량,기타,0.12,0.06,찾지 못함,,,서울희망대학진로장학금,0.342
372000020223003F,청년정책 발굴,울산북구,울산,지방,정책기반,기타,0.12,0.1,있음,,,청년정책 홍보사업,0.787
63100002025300D0,청년층 자살시도자 치료비 지원사업,울산본청,울산,지방,금융·생활안정,대상자 지원,0.12,0.07,있음,,,청년 자격증 응시료 지원사업,0.787
5370000201930140,청년 농업인 취농직불제 지원(보조),경남거제시,경남,지방,창업·농어업,대상자 지원,0.12,0.12,있음,20250918005400211769,청년농업인 취농직불제,청년농업인 취농직불제,1.12
537000020213003A,청년창업농 정착 지원,경남거제시,경남,지방,창업·농어업,대상자 지원,0.12,0.12,있음,,,청년농업인 영농정착지원,0.92
53900002019300D2,청년농업인 취농직불제 사업,경남의령군,경남,지방,창업·농어업,기타,0.12,0.12,있음,20250918005400211769,청년농업인 취농직불제,청년농업인 취농직불제,1.12
54100002018300AD,청년어업인 영어정착지원사업,경남창녕군,경남,지방,창업·농어업,대상자 지원,0.12,0.06,있음,,,청년어업인 정착지원 사업,0.917
543000020193001D,청년농업인 취농직불제,경남남해군,경남,지방,창업·농어업,기타,0.12,0.12,있음,20250918005400211769,청년농업인 취농직불제,청년농업인 취농직불제,1.12
54300002022300D9,보호종료아동 대학생활안정자금,경남남해군,경남,지방,교육·역량,기타,0.12,0.12,찾지 못함,,,자립준비청년 대학생활안정자금 지원,0.691
5420000202230174,청년 동아리 '다모아',경남고성군,경남,지방,참여·권리,기타,0.12,0.12,찾지 못함,,,청년일자리 도전 지원사업,0.52
5440000202530100,선발운영(청년농업인 영농정착지원사업),경남하동군,경남,지방,창업·농어업,대상자 지원,0.12,0.09,찾지 못함,,,,
544000020193013C,청년농업인 취농직불제 사업,경남하동군,경남,지방,창업·농어업,기타,0.12,0.12,있음,20250918005400211769,청년농업인 취농직불제,청년농업인 취농직불제,1.12
5470000202330163,청년후계농 농지 임대료 지원사업,경남거창군,경남,지방,창업·농어업,대상자 지원,0.12,0.12,있음,20250918005400211770,청년후계농 농지 임대료 지원,청년후계농 농지 임대료 지원,1.12
3990000202330317,내일드림 청년키움사업(신규사업),경기남양주시,경기,지방,정책기반,기타,0.12,0.12,찾지 못함,,,경기청년 해외진출(일본) 사업,0.564
400000020213006F,청년 디지털 일자리 사업,경기오산시,경기,지방,취업·일경험,기타,0.12,0.1,찾지 못함,,,경기청년 일자리 매치업 플러스,0.691
40600002024300C6,경기청년 역량강화 기회 지원(자체),경기파주시,경기,지방,교육·역량,대상자 지원,0.12,0.06,있음,20251107005400211812,경기청년 역량강화 기회지원,경기청년 역량강화 기회지원,1.12
3980000202130133,청년참여기구 운영,경기구리시,경기,지방,참여·권리,기타,0.12,0.06,있음,20251231005400212067,경기도 청년참여기구 운영,경기도 청년참여기구 운영,1.12
38200002024300DF,생활밀착형 청년공간 조성 및 운영,경기의정부시,경기,지방,금융·생활안정,기반·운영,0.12,0.12,찾지 못함,,,경기도 청년참여기구 운영,0.484
4090000201930224,청년정책네트워크 운영,경기김포시,경기,지방,참여·권리,기반·운영,0.12,0.04,찾지 못함,,,경기도 청년참여기구 운영,0.564
3990000202530018,예비청년 지원,경기남양주시,경기,지방,정책기반,대상자 지원,0.12,0.12,찾지 못함,,,경기청년 역량강화 기회지원,0.691
4070000200930201,결혼이민자 취업준비 교육 지원,경기이천시,경기,지방,교육·역량,대상자 지원,0.12,0.12,찾지 못함,,,경기청년 결혼준비 지원 사업,0.642
36800002019300FB,청년정책활성화사업,대전대덕구,대전,지방,정책기반,기타,0.12,0.12,있음,,,청년 네트워크 활성화 지원사업,0.756
5190000202530082,청년월세지원사업,경북청도군,경북,지방,주거,대상자 지원,0.12,0.06,있음,,,청년 신혼부부 월세 지원사업,0.92
516000020223004D,청년근로자사랑채움사업,경북청송군,경북,지방,취업·일경험,기타,0.12,0.12,있음,20250901005400211560,2025년 경북 청년근로자 사랑채움사업,2025년 경북 청년근로자 사랑채움사업,1.12
521000020203005D,청년근로자사랑채움사업,경북성주군,경북,지방,취업·일경험,기타,0.12,0.12,있음,,,2025 청년근로자 행복카드 지원사업,0.703
523000020213004F,청년근로자 사랑채움사업,경북예천군,경북,지방,취업·일경험,기타,0.12,0.12,있음,,,2025 청년근로자 행복카드 지원사업,0.703
5260000202330094,청년근로자사랑채움사업,경북울릉군,경북,지방,취업·일경험,기타,0.12,0.12,있음,20250903005400111594,청년근로자 사랑채움사업,청년근로자 사랑채움사업,1.12
508000020193003B,청년상인지원,경북구미시,경북,지방,정책기반,대상자 지원,0.12,0.07,찾지 못함,,,2025년 청년도전 지원사업,0.691
5160000202630051,경북농어업청년리더양성,경북청송군,경북,지방,정책기반,기타,0.12,0.12,찾지 못함,,,경북 산촌어촌 청년일자리사업,0.564
5190000201930060,보호종료아동자립수당지원,경북청도군,경북,지방,금융·생활안정,대상자 지원,0.12,0.04,찾지 못함,,,자립준비청년 자립수당지원,0.62
5190000202230042,청년한부모자녀양육비지원,경북청도군,경북,지방,정책기반,대상자 지원,0.12,0.04,있음,20260317005400212183,청년한부모 자녀양육비 지원,청년한부모 자녀양육비 지원,1.12
5220000202530126,청년어업인 영어정착지원,경북칠곡군,경북,지방,창업·농어업,대상자 지원,0.12,0.06,있음,,,청년어업인 정착지원 사업,0.875
524000020263003C,청년농산업디자인지원,경북봉화군,경북,지방,창업·농어업,대상자 지원,0.12,0.0,찾지 못함,,,청년스타트업 지원,0.676
520000020223004A,청년 월세 지원 사업,경북고령군,경북,지방,주거,대상자 지원,0.12,0.06,있음,,,청년 신혼부부 월세 지원사업,0.92
347000020183007A,청년농업인 영농정착 지원,대구달서구,대구,지방,창업·농어업,대상자 지원,0.12,0.0,있음,20250724005400111489,청년농업인 영농정착지원사업,청년농업인 영농정착지원사업,1.12
6290000202530142,청년층자살시도자치료비지원 (광주),전남광주본청,광주,지방,금융·생활안정,대상자 지원,0.12,0.12,찾지 못함,,,2026년 완도군 청년 자격증 응시료 지원사업,0.68
3620000200830449,청년간부회의운영,전남광주북구,광주,지방,정책기반,기타,0.12,0.1,찾지 못함,,,광주청년센터 운영,0.691
362000020193004C,청년정책추진,전남광주북구,광주,지방,정책기반,기타,0.12,0.06,있음,,,청년정책 서포터즈 [광주 청년톡파원] 1기,0.92
4670000201830110,사회적경제 청년혁신가 지원,전북군산시,전북,지방,정책기반,대상자 지원,0.12,0.05,있음,20250113005400210195,사회적경제 청년혁신가 지원사업,사회적경제 청년혁신가 지원사업,1.12
47000002019300D8,농식품기업 청년인턴 취업지원사업,전북남원시,전북,지방,취업·일경험,대상자 지원,0.12,0.1,있음,,,전북특별자치도 창업 식품기업 지원사업,0.76
4691000202630069,청년후계농 육성사업,전북정읍시,전북,지방,창업·농어업,기타,0.12,0.12,찾지 못함,,,전북형 청년친화 기업 육성,0.62
47400002019300FD,보호종료아동 자립수당 지급,전북무주군,전북,지방,금융·생활안정,대상자 지원,0.12,0.04,찾지 못함,,,퇴소아동 자립정착금,0.501
4720000202430091,완주군 자립준비 청년수당,전북완주군,전북,지방,금융·생활안정,대상자 지원,0.12,0.06,있음,,,자립준비청년 자립지원 체계 구축,0.72
464000020163026C,청년소통 활성화,전북전주시,전북,지방,참여·권리,기타,0.12,0.09,있음,,,청년공동체 활성화 지원,0.787
470000020233015C,군복무 청년 상해보험 가입 지원(도비직접지원사업),전북남원시,전북,지방,금융·생활안정,대상자 지원,0.12,0.11,있음,20250110005400210162,전북 군복무 청년 상해보험 가입 지원,전북 군복무 청년 상해보험 가입 지원,1.12
4741000202630034,전북청년 1인 소상공인․농어업인 출산급여 지원,전북무주군,전북,지방,창업·농어업,대상자 지원,0.12,0.03,찾지 못함,,,전북형 청년취업 지원,0.52
4761000202630042,전북청년 1인 소상공인·농어업인 출산급여 지원사업,전북임실군,전북,지방,창업·농어업,대상자 지원,0.12,0.0,찾지 못함,,,청년친화 친구기업 지원사업,0.557
4770000201830033,청년농업인 영농정착지원(선발운영),전북순창군,전북,지방,창업·농어업,대상자 지원,0.12,0.03,있음,,,청년창업농 영농정착지원사업,0.92
4781000202430116,청년문화예술패스 지원사업,전북고창군,전북,지방,문화·건강,대상자 지원,0.12,0.12,있음,,,청년문화예술주문배달서비스사업(청년예술 퀵),0.857
4420000202330125,지역혁신 청년정착 일자리사업,충북보은군,충북,지방,취업·일경험,기타,0.12,0.07,찾지 못함,,,사회적경제기업 혁신일자리지원 사업,0.603
5570000200730330,자립준비청년(보호종료아동) 자립정착금 지원,충북증평군,충북,지방,금융·생활안정,대상자 지원,0.12,0.0,있음,,,자립준비청년 자립수당 지급,0.84
44600002024300B8,청년어촌정착지원 사업,충북괴산군,충북,지방,창업·농어업,대상자 지원,0.12,0.09,있음,,,청년어업인 정착지원 사업,0.857
44300002024300AA,청년 문화예술패스 지원(보조),충북옥천군,충북,지방,문화·건강,대상자 지원,0.12,0.12,있음,,,청년문화예술패스,1.0
42610002024300EC,청년문화예술패스 지원(도),강원횡성군,강원,지방,문화·건강,대상자 지원,0.11,0.11,있음,,,청년예술인 지원,0.826
43010002024300AA,청년문화예술패스 사업,강원철원군,강원,지방,문화·건강,대상자 지원,0.11,0.11,있음,,,청년예술인 지원,0.735
46200002018301F1,청년네트워크 운영,충남태안군,충남,지방,참여·권리,기반·운영,0.11,0.03,있음,,,충남 청년네트워크 구성 운영,1.02
33200002023300A1,이웃을 찾아가는 청년콘서트 개최 사업,부산북구,부산,지방,정책기반,기타,0.11,0.11,찾지 못함,,,부산 청년 마음이음 사업,0.453
329000020193008F,청년정책 활성화,부산부산진구,부산,지방,정책기반,기타,0.11,0.04,찾지 못함,,,부산 청년 생활인구 유입 활성화(부산온나청년패스),0.676
3300000202630036,청년 부동산 중개수수료 지원사업,부산동래구,부산,지방,정책기반,대상자 지원,0.11,0.04,찾지 못함,,,부산 청년도전 지원사업,0.665
3370000202630074,이웃을 찾아가는 청년콘서트 개최 사업,부산연제구,부산,지방,정책기반,기타,0.11,0.1,찾지 못함,,,부산 청년 마음이음 사업,0.453
34000002026300DB,이웃을 찾아가는 청년콘서트 개최,부산기장군,부산,지방,정책기반,기타,0.11,0.1,찾지 못함,,,부산청년 정장대여서비스(드림옷장),0.381
4820000202030120,청년4-H회 중앙대회 참여 및 교육지원,전남광주순천시,전남,지방,창업·농어업,기반·운영,0.11,0.01,찾지 못함,,,청년4-H회원 우수과제 창업농 육성 사업,0.534
4900000202630013,청년 푸드트럭 지원,전남광주화순군,전남,지방,정책기반,대상자 지원,0.11,0.1,찾지 못함,,,청년월세지원,0.691
49200002025300F5,청년농업인 영농정착 지원사업 선발·운영비,전남광주강진군,전남,지방,창업·농어업,기반·운영,0.11,0.08,있음,,,청년농업인 스타트업(초기창업) 지원사업,0.701
499000020203007C,청년4-H회원 한마음 교육,전남광주완도군,전남,지방,창업·농어업,대상자 지원,0.11,0.08,찾지 못함,,,청년4-H회원 우수과제 창업농 육성 사업,0.658
5010000201930159,청년4-H회중앙대회참여(보조),전남광주신안군,전남,지방,창업·농어업,기반·운영,0.11,0.11,찾지 못함,,,청년4-H회원 우수과제 창업농 육성 사업,0.505
3200000202230014,청년 동아리 활동 지원,서울관악구,서울,지방,참여·권리,대상자 지원,0.11,0.11,찾지 못함,,,서울 동아리ON(대학생 동아리 사회 기여 활동 지원) 사업,0.62
648000020253012C,청년일자리 지원 운영경비,경남본청,경남,지방,취업·일경험,대상자 지원,0.11,0.11,있음,,,청년일자리 도전 지원사업,0.834
54200002024301B0,청년문화예술패스 지원,경남고성군,경남,지방,문화·건강,대상자 지원,0.11,0.11,있음,,,청년 문화예술인 활동 지원,0.882
5410000202330153,청년후계농 농지 임대료 지원사업,경남창녕군,경남,지방,창업·농어업,대상자 지원,0.11,0.03,있음,20250918005400211770,청년후계농 농지 임대료 지원,청년후계농 농지 임대료 지원,1.12
54400002025300ED,청년여성 일경험 지원 사업,경남하동군,경남,지방,취업·일경험,대상자 지원,0.11,0.11,있음,,,청년 일경험 지원,0.953
5480000202430087,청년여성 일경험 및 채용지원사업,경남합천군,경남,지방,취업·일경험,대상자 지원,0.11,0.11,있음,,,청년 일경험 지원,0.787
54400002021300CB,청년어촌정착 지원사업,경남하동군,경남,지방,창업·농어업,대상자 지원,0.11,0.08,있음,,,청년어업인 정착지원 사업,0.857
3780000202430116,성남시 청년 주거안심 동행사업,경기성남시,경기,지방,주거,기반·운영,0.11,0.09,찾지 못함,,,자립준비청년 주거비 지원사업,0.582
40000002023300E0,청년창업농 영농정착지원금,경기오산시,경기,지방,창업·농어업,대상자 지원,0.11,0.0,있음,,,청년농업인 영농정착지원,0.903
394000020213024C,청년정책 업무 추진,경기고양시,경기,지방,정책기반,기타,0.11,0.07,찾지 못함,,,청년 융합기술 창업지원,0.549
391000020243005B,청년 창업자를 위한 크라우드 펀딩 사업 지원,경기평택시,경기,지방,창업·농어업,대상자 지원,0.11,0.0,있음,20260326005400212291,2026년 평택시 청년창업자를 위한 크라우드 펀딩사업 지원,2026년 평택시 청년창업자를 위한 크라우드 펀딩사업 지원,1.12
56000002024300DD,청년어촌정착 지원사업,경기포천시,경기,지방,창업·농어업,대상자 지원,0.11,0.11,있음,,,청년어업인 정착지원 사업,0.857
414000020253019F,청년어촌 정착지원사업(사업비)(국비),경기연천군,경기,지방,창업·농어업,대상자 지원,0.11,0.0,있음,,,청년어업인 정착지원 사업,0.857
406000020253018A,경기 청년공간 조성(생활밀착형 청년공간 운영),경기파주시,경기,지방,금융·생활안정,기반·운영,0.11,0.07,찾지 못함,,,청년공동체 연구지원 사업,0.582
38600002017302E4,청년정책 활성화,경기부천시,경기,지방,정책기반,기타,0.11,0.04,찾지 못함,,,부천시 청년정책협의체 위원 모집(기간 연장),0.564
36400002019300F1,청년거버넌스 활성화,대전동구,대전,지방,참여·권리,기타,0.11,0.11,찾지 못함,,,청년 네트워크 활성화 지원사업,0.676
5060000202230066,전통시장 청년몰 운영지원(보조),경북김천시,경북,지방,정책기반,대상자 지원,0.11,0.11,찾지 못함,,,2025년 청년도전 지원사업,0.591
5180000202230126,靑품고 청년집합뜰 조성(지방소멸대응기금),경북영덕군,경북,지방,정책기반,기반·운영,0.11,0.11,찾지 못함,,,경북청년 예비창업가 육성사업,0.453
5230000202430097,청년문화예술패스,경북예천군,경북,지방,문화·건강,대상자 지원,0.11,0.11,찾지 못함,,,청년스타트업 지원,0.549
3410000202630053,자매도시청년교류,대구중구,대구,지방,참여·권리,기타,0.11,0.1,찾지 못함,,,지역주도형 청년일자리 사업,0.453
3460000202330060,청년 다드림 옷장,대구수성구,대구,지방,정책기반,기타,0.11,0.01,찾지 못함,,,청년희망적금,0.428
3480000201930157,청년정책사업 관리,대구달성군,대구,지방,정책기반,기타,0.11,0.08,찾지 못함,,,대구청년정책네트워크,0.691
359000020243000E,1인가구 청년 전·월세 안심계약 지원 사업,전남광주동구,광주,지방,주거,대상자 지원,0.11,0.02,찾지 못함,,,[북구]2026년 청년도전지원사업,0.68
4720000202330130,청년창업농 영농기반 임차지원,전북완주군,전북,지방,창업·농어업,대상자 지원,0.11,0.05,있음,20250718005400211442,청년창업농 영농기반 임차지원,청년창업농 영농기반 임차지원,1.12
471000020233015E,군복무 청년 상해보험 가입 지원 사업(도 직접지원),전북김제시,전북,지방,금융·생활안정,대상자 지원,0.11,0.11,있음,20250110005400210162,전북 군복무 청년 상해보험 가입 지원,전북 군복무 청년 상해보험 가입 지원,1.12
4680000202230076,청년어촌정착지원사업,전북익산시,전북,지방,창업·농어업,대상자 지원,0.11,0.08,있음,,,전북청년 지역정착 지원사업,0.92
65400002025302AD,청년층 자살시도자 치료비 지원사업,전북본청,전북,지방,금융·생활안정,대상자 지원,0.11,0.05,찾지 못함,,,청년나래 일자리 지원사업,0.658
47200002019300C3,청년 어촌정착 지원사업,전북완주군,전북,지방,창업·농어업,대상자 지원,0.11,0.0,있음,,,전북청년 지역정착 지원사업,0.92
477000020203012B,청년 콘텐츠 스튜디오 운영,전북순창군,전북,지방,정책기반,기타,0.11,0.08,찾지 못함,,,순창군 청년문화센터 운영,0.541
47200002020300F0,전북형 청년창업농 정책자금 이차보전,전북완주군,전북,지방,창업·농어업,대상자 지원,0.11,0.07,있음,,,청년창업농 정책자금 이차보전,1.083
4310000202230028,청년월세 지원 사업,강원화천군,강원,지방,주거,대상자 지원,0.1,0.08,있음,,,청년월세 한시 특별지원,0.8
42210002024300EA,청년문화예술패스 사업,강원태백시,강원,지방,문화·건강,대상자 지원,0.1,0.1,있음,,,청년예술인 지원,0.735
42500002022300DD,소멸위기지역 청년창업,강원홍천군,강원,지방,창업·농어업,대상자 지원,0.1,0.1,찾지 못함,,,지역특화 청년무역 전문가 양성사업,0.52
434000020233013D,청년중증장애인 자산형성사업,강원고성군,강원,지방,금융·생활안정,기타,0.1,0.06,있음,,,청년 재가 중증장애인 자산형성 지원,1.037
42500002013300CC,보호아동 대학생활안정금 지원,강원홍천군,강원,지방,교육·역량,대상자 지원,0.1,0.05,찾지 못함,,,대학생 행정체험연수 운영,0.564
4340000202330080,지역혁신형 청년일자리 지역정착지원사업(1유형/신규),강원고성군,강원,지방,취업·일경험,대상자 지원,0.1,0.1,찾지 못함,,,지역주도형 청년일자리 사업(지역혁신형),0.667
430000020153008B,보호종료아동 자립정착금 지원,강원철원군,강원,지방,금융·생활안정,대상자 지원,0.1,0.1,찾지 못함,,,자립준비청년 자립정착금 지원,0.658
4500000202130064,청년네트워크 운영,충남공주시,충남,지방,참여·권리,기반·운영,0.1,0.1,있음,,,충남 청년네트워크 구성 운영,1.02
4620000202630132,사회연대경제 청년 일경험 시범사업,충남태안군,충남,지방,취업·일경험,대상자 지원,0.1,0.01,있음,,,사회연대경제 청년 일경험 시범 지원,1.0
454000020243011C,청년꿈키움광장 조성(특조),충남논산시,충남,지방,정책기반,기반·운영,0.1,0.1,찾지 못함,,,청년 농촌보금자리 조성사업,0.541
4540000202430043,자립준비청년 마음챙김 사업,충남논산시,충남,지방,문화·건강,기타,0.1,0.0,있음,,,자립준비청년 지원,1.02
6440000202130395,지역특화 청년 무역전문가 양성(국가직접지원),충남본청,충남,지방,정책기반,대상자 지원,0.1,0.1,있음,,,지역문화 전문인력 양성,0.729
4500000202230043,청년농부 되기 진로교육 시범 사업,충남공주시,충남,지방,창업·농어업,대상자 지원,0.1,0.0,찾지 못함,,,친환경청년농부 시설지원,0.596
45000002022300ED,청년농업인 역량강화지원 시범 사업,충남공주시,충남,지방,창업·농어업,대상자 지원,0.1,0.01,있음,,,청년농업인 역량강화 지원,1.02
45000002022300EF,청년 농업인 온라인 마케팅 기술 시범 사업,충남공주시,충남,지방,창업·농어업,기타,0.1,0.0,있음,,,청년농업인 역량강화 지원,0.92
4500000202630109,공주시 청년정책 고도화를 위한 릴레이 포럼,충남공주시,충남,지방,참여·권리,기반·운영,0.1,0.0,찾지 못함,,,공주시 청년센터 운영,0.52
4520000202530056,아산시 청년농업인과 함께하는 '놀자팜' 지원,충남아산시,충남,지방,창업·농어업,대상자 지원,0.1,0.0,찾지 못함,,,청년과 함께하는 자치경찰제 운영,0.691
4520000202630022,청년농업인 온라인 마케팅 지원,충남아산시,충남,지방,창업·농어업,대상자 지원,0.1,0.0,있음,,,청년농업인 역량강화 지원,0.92
454000020173009C,청년농업인 역량강화(농업전문자격취득) 지원(도비),충남논산시,충남,지방,창업·농어업,대상자 지원,0.1,0.1,있음,20251214005400211982,청년농업인 역량강화 지원,청년농업인 역량강화 지원,1.12
45400002022300A2,청년농업인 품목별 연구동아리 육성 지원(도비),충남논산시,충남,지방,창업·농어업,대상자 지원,0.1,0.1,있음,,,청년농업인 역량강화 지원,0.92
4540000202530057,청년구직활동 지원사업,충남논산시,충남,지방,취업·일경험,대상자 지원,0.1,0.1,있음,,,청년 창업‧창직 지원사업,0.82
4550000202630046,청년 공동체 활성화 지원(자체),충남금산군,충남,지방,참여·권리,대상자 지원,0.1,0.0,찾지 못함,,,청년수산인단체 역량강화 지원,0.596
5680000202530008,청년농업인 역량강화(농업전문자격취득)지원,충남당진시,충남,지방,창업·농어업,대상자 지원,0.1,0.0,있음,20251214005400211982,청년농업인 역량강화 지원,청년농업인 역량강화 지원,1.12
568000020253000A,청년농업인 품목별 연구동아리 육성 지원,충남당진시,충남,지방,창업·농어업,대상자 지원,0.1,0.1,있음,,,청년농업인 역량강화 지원,0.92
5680000202630083,청년농업인 온라인 마케팅 지원,충남당진시,충남,지방,창업·농어업,대상자 지원,0.1,0.09,있음,,,청년농업인 역량강화 지원,0.92
4590000202430045,청년농부되기 진로교육(도),충남청양군,충남,지방,창업·농어업,대상자 지원,0.1,0.0,있음,,,청년농업인 역량강화 지원,0.92
459000020243006A,청년농업인 역량강화(농업전문자격취득) 지원(도),충남청양군,충남,지방,창업·농어업,대상자 지원,0.1,0.01,있음,20251214005400211982,청년농업인 역량강화 지원,청년농업인 역량강화 지원,1.12
45500002018300AA,지역주도형 청년일자리 사업(균특),충남금산군,충남,지방,취업·일경험,기타,0.1,0.07,찾지 못함,,,지역특화형 비자사업,0.691
4550000202230008,청년농부 되기 진로교육시범사업(도비),충남금산군,충남,지방,창업·농어업,대상자 지원,0.1,0.1,찾지 못함,,,친환경청년농부 시설지원,0.596
4550000202230009,청년농업인 온라인 마케팅기술 시범사업(도비),충남금산군,충남,지방,창업·농어업,기타,0.1,0.08,있음,,,청년농업인 역량강화 지원,0.92
45700002024300AE,청년 농창업 지원사업,충남부여군,충남,지방,창업·농어업,대상자 지원,0.1,0.0,있음,,,청년 창업‧창직 지원사업,0.962
458000020253006D,청년 도내 농창업지원,충남서천군,충남,지방,창업·농어업,대상자 지원,0.1,0.06,있음,20250715005400211276,청년 도내 농창업 지원,청년 도내 농창업 지원,1.12
4610000202230120,농업계고졸업청년농업인농창업지원사업,충남예산군,충남,지방,창업·농어업,대상자 지원,0.1,0.1,찾지 못함,,,청년 창업‧창직 지원사업,0.691
460000020223012C,청년 도내 농창업 지원,충남홍성군,충남,지방,창업·농어업,대상자 지원,0.1,0.06,있음,20250715005400211276,청년 도내 농창업 지원,청년 도내 농창업 지원,1.12
46000002023300A1,스마트공장 구축기업 청년채용지원,충남홍성군,충남,지방,취업·일경험,대상자 지원,0.1,0.05,찾지 못함,,,스마트팜 청년 창업 교육,0.555
46000002023300D0,보호종료아동 대학생활안정자금 지원,충남홍성군,충남,지방,교육·역량,대상자 지원,0.1,0.1,찾지 못함,,,대학생 연합설계 지원,0.52
46000002024300F9,청년농부되기 진로교육(도비),충남홍성군,충남,지방,창업·농어업,대상자 지원,0.1,0.1,있음,,,청년농업인 역량강화 지원,0.92
4600000202430105,청년농업인 역량강화 지원(도비),충남홍성군,충남,지방,창업·농어업,대상자 지원,0.1,0.0,있음,20251214005400211982,청년농업인 역량강화 지원,청년농업인 역량강화 지원,1.12
460000020263012A,지역연계형 청년 창업 지원(넥스트로컬),충남홍성군,충남,지방,창업·농어업,대상자 지원,0.1,0.0,있음,,,청년 도내 농창업 지원,0.72
46200002024300E8,청년 이사비 지원,충남태안군,충남,지방,주거,대상자 지원,0.1,0.07,있음,,,태안 청년 이사비 지원,1.02
46200002026300E3,청년농업인 온라인 마케팅 지원,충남태안군,충남,지방,창업·농어업,대상자 지원,0.1,0.0,있음,,,청년농업인 역량강화 지원,0.92
46200002026300E4,청년농업인 품목별 연구동아리 육성 지원,충남태안군,충남,지방,창업·농어업,대상자 지원,0.1,0.08,있음,,,청년농업인 역량강화 지원,0.92
4610000201330036,청년농업인역량강화지원(보조),충남예산군,충남,지방,창업·농어업,대상자 지원,0.1,0.1,있음,20251214005400211982,청년농업인 역량강화 지원,청년농업인 역량강화 지원,1.12
45000002022300F1,청년농업인 연구복지 동아리 육성 지원 사업,충남공주시,충남,지방,창업·농어업,대상자 지원,0.1,0.07,찾지 못함,,,청년농업인 농지임차료 지원,0.653
4550000202230053,청년농업인 품목별 연구동아리 육성 지원사업(도비),충남금산군,충남,지방,창업·농어업,대상자 지원,0.1,0.1,있음,,,청년농업인 역량강화 지원,0.92
327000020223001C,청년 자격증 응시료 지원 사업,부산동구,부산,지방,교육·역량,대상자 지원,0.1,0.1,있음,,,2025년 부산 동구 청년 자격증 시험 응시료 지원 사업,1.043
335000020263008E,대학일자리플러스센터 지원사업,부산금정구,부산,지방,취업·일경험,대상자 지원,0.1,0.0,찾지 못함,,,,
3390000202530024,사상구 청년주간 운영,부산사상구,부산,지방,정책기반,기타,0.1,0.0,있음,,,부산 청년 프로그램 지원,0.787
3390000202530025,청년활동지원 공모사업,부산사상구,부산,지방,정책기반,대상자 지원,0.1,0.1,있음,20250114005400210235,사상구 청년활동지원 공모사업,사상구 청년활동지원 공모사업,1.12
626000020203016D,청년거버넌스 활동 지원,부산본청,부산,지방,참여·권리,대상자 지원,0.1,0.09,있음,,,부산 청년 커뮤니티 활동 지원,0.72
6260000201730354,청년위원회 운영,부산본청,부산,지방,참여·권리,기반·운영,0.1,0.1,있음,,,부산청년센터 운영,0.735
4980000201830080,청년 정책 추진,전남광주장성군,전남,지방,정책기반,기타,0.1,0.07,있음,,,청년정책 서포터즈 2기,0.92
4930000202630010,청년 창업 맞춤패스 지원사업,전남광주해남군,전남,지방,창업·농어업,대상자 지원,0.1,0.02,있음,,,청년농업인 창업 스케일업(성장) 지원사업,0.787
5010000201430073,전남청년근속장려금(보조),전남광주신안군,전남,지방,취업·일경험,대상자 지원,0.1,0.02,있음,20250710005400211181,전남 청년 근속장려금,전남 청년 근속장려금,1.12
487000020243011D,청년지원 업무 추진,전남광주구례군,전남,지방,정책기반,대상자 지원,0.1,0.09,찾지 못함,,,청년월세지원,0.691
4890000201830065,청년농업인 영농정착지원사업 선발·운영비,전남광주보성군,전남,지방,창업·농어업,기반·운영,0.1,0.1,있음,,,청년농업인 스타트업(초기창업) 지원사업,0.701
498000020183003C,청년농업인영농정착지원사업선발운영비,전남광주장성군,전남,지방,창업·농어업,기반·운영,0.1,0.06,있음,,,청년농업인 스타트업(초기창업) 지원사업,0.701
492000020253001A,청년농업인 임대형 스마트팜(자체),전남광주강진군,전남,지방,창업·농어업,대상자 지원,0.1,0.04,있음,,,청년농업인 스마트팜 자립기반 구축,0.787
49200002023301C0,청년대학 운영,전남광주강진군,전남,지방,정책기반,기타,0.1,0.03,찾지 못함,,,창업 청년 임대료 지원사업,0.665
497000020263001D,청년 영농정착 소모임 활성화,전남광주영광군,전남,지방,창업·농어업,기타,0.1,0.01,찾지 못함,,,전남형 청년공동체 활성화 사업,0.596
49100002019300E0,청년 취업자 주거비 지원 사업(시비),전남광주장흥군,전남,지방,주거,대상자 지원,0.1,0.05,있음,20251124005400211940,청년 취업자 주거비 지원사업,청년 취업자 주거비 지원사업,1.12
4910000202430123,청년농업인 농지확보 지원사업(도비),전남광주장흥군,전남,지방,창업·농어업,대상자 지원,0.1,0.01,있음,,,청년농업인 스타트업(초기창업) 지원사업,0.812
49800002019300A1,청년 취업자 주거비 지원사업,전남광주장성군,전남,지방,주거,대상자 지원,0.1,0.03,있음,20251124005400211940,청년 취업자 주거비 지원사업,청년 취업자 주거비 지원사업,1.12
5000000201930119,청년취업자 주거지원,전남광주진도군,전남,지방,주거,대상자 지원,0.1,0.04,있음,,,청년 취업자 주거비 지원사업,1.053
3100000202130094,노원구 청년마켓 운영,서울노원구,서울,지방,정책기반,기타,0.1,0.0,찾지 못함,,,청년예술청 운영,0.62
3190000202530035,11.양녕 청년주택 운영 관리,서울동작구,서울,지방,주거,기타,0.1,0.01,찾지 못함,,,청년 매입임대주택 사업,0.564
300000020253001D,미취업청년 자격시험 응시료 지원사업,서울종로구,서울,지방,교육·역량,대상자 지원,0.1,0.1,찾지 못함,,,청년예술지원사업,0.62
305000020243006E,청년 생활 아카데미,서울동대문구,서울,지방,교육·역량,기타,0.1,0.1,찾지 못함,,,서울 청년수당,0.453
3160000202230062,자립준비청년(보호종료아동) 지원사업,서울구로구,서울,지방,금융·생활안정,대상자 지원,0.1,0.08,있음,,,자립준비청년 자립수당 지원,1.02
320000020253007F,청년 1인가구 소셜다이닝 건강한 밥상,서울관악구,서울,지방,문화·건강,기타,0.1,0.0,있음,20250522005400210867,청년 1인가구 소셜다이닝 건강한 밥상,청년 1인가구 소셜다이닝 건강한 밥상,1.12
3700000202430003,청년모임활동 지원사업,울산남구,울산,지방,정책기반,대상자 지원,0.1,0.06,있음,,,청년활동경험지원사업,0.92
542000020193009E,청년정책추진,경남고성군,경남,지방,정책기반,기타,0.1,0.09,있음,,,매체 활용 청년정책 홍보,0.92
54100002024300F9,청년문화예술패스 사업,경남창녕군,경남,지방,문화·건강,대상자 지원,0.1,0.1,있음,,,청년 문화예술인 활동 지원,0.826
53500002025300CE,청년예술인 문화활동 지원,경남김해시,경남,지방,문화·건강,대상자 지원,0.1,0.1,있음,,,청년 문화예술인 활동 지원,0.938
53600002021300BD,청년농업인 커뮤니티 활성화,경남밀양시,경남,지방,창업·농어업,기타,0.1,0.09,있음,20250917005400211718,청년농업인 커뮤니티 활성화 지원,청년농업인 커뮤니티 활성화 지원,1.12
5360000202230088,보호종료아동 대학생활안정자금 지원,경남밀양시,경남,지방,교육·역량,대상자 지원,0.1,0.1,있음,,,자립준비청년 대학생활안정자금 지원,0.745
53800002025301E1,청년 버스킹 챌린지,경남양산시,경남,지방,정책기반,기타,0.1,0.0,찾지 못함,,,청년 월세 지원,0.549
5440000202530008,청년친화도시 조성,경남하동군,경남,지방,정책기반,기반·운영,0.1,0.1,찾지 못함,,,청년친화기업 지원,0.691
54500002026300CE,청년활동 지원,경남산청군,경남,지방,정책기반,대상자 지원,0.1,0.1,있음,,,청년 문화예술인 활동 지원,0.826
5470000202330040,청년 구직자 자격증 취득 응시료 지원사업,경남거창군,경남,지방,교육·역량,대상자 지원,0.1,0.04,찾지 못함,,,청년일자리 도전 지원사업,0.62
5370000202430024,거제 청년 도전 지원프로젝트,경남거제시,경남,지방,정책기반,대상자 지원,0.1,0.05,있음,,,청년 장인프로젝트,0.787
5390000202130019,청년 월세 지원사업,경남의령군,경남,지방,주거,대상자 지원,0.1,0.05,있음,,,청년 월세 지원,0.92
382000020193002B,청년정책 추진,경기의정부시,경기,지방,정책기반,기타,0.1,0.08,찾지 못함,,,청년농업인 영농정착지원,0.582
38300002019301B7,청년공간 조성,경기안양시,경기,지방,정책기반,기반·운영,0.1,0.1,찾지 못함,,,청년공동체 연구지원 사업,0.582
394000020253025A,생활밀착형 청년공간 운영,경기고양시,경기,지방,금융·생활안정,기반·운영,0.1,0.1,찾지 못함,,,경기도 청년참여기구 운영,0.541
39200002023300E9,경기청년 역량강화 기회 지원,경기동두천시,경기,지방,교육·역량,대상자 지원,0.1,0.07,있음,20251107005400211812,경기청년 역량강화 기회지원,경기청년 역량강화 기회지원,1.12
64100002026300FE,자립준비청년 코칭지원사업(주민참여예산)(자체/직접),경기본청,경기,지방,교육·역량,대상자 지원,0.1,0.1,있음,,,자립준비청년 주거비 지원사업,0.92
40500002021300B7,청년 학자금대출 신용회복지원,경기용인시,경기,지방,교육·역량,대상자 지원,0.1,0.1,있음,,,경기도 학자금대출 장기연체 신용회복 지원,0.906
3990000202530050,청년 리커넥트 프로젝트,경기남양주시,경기,지방,정책기반,기타,0.1,0.05,찾지 못함,,,경기청년 사다리 프로그램,0.646
391000020263029E,경계선지능청년 지원(국비),경기평택시,경기,지방,정책기반,대상자 지원,0.1,0.1,있음,,,경계선지능청년지원,1.0
391000020243005C,청년창업자 금융지원사업 이차보전 지원,경기평택시,경기,지방,창업·농어업,대상자 지원,0.1,0.07,있음,,,2026년 평택시 청년창업 금융지원사업 이차보전 지원,1.09
4060000202330191,청년 혁신기업 정규직 채용지원,경기파주시,경기,지방,취업·일경험,대상자 지원,0.1,0.1,찾지 못함,,,청년 융합기술 창업지원,0.642
40600002026301AC,경기청년공간 조성(우수청년공간 프로그램 운영),경기파주시,경기,지방,정책기반,기반·운영,0.1,0.0,찾지 못함,,,청년공동체 연구지원 사업,0.582
390000020253005A,고립 은둔 청년 지원사업,경기광명시,경기,지방,정책기반,대상자 지원,0.1,0.1,있음,20251231005400212062,경기 고립은둔청년 지원,경기 고립은둔청년 지원,1.12
559000020253012C,청년의 날 기념 체육대회,경기양주시,경기,지방,문화·건강,기반·운영,0.1,0.0,찾지 못함,,,경기청년 역량강화 기회지원,0.62
402000020233009D,군포기업+청년상생 일자리사업(신규)(균도시),경기군포시,경기,지방,취업·일경험,기타,0.1,0.0,있음,,,기후미래직업 청년일자리 전문교육 지원,0.703
402000020263001B,대학일자리플러스센터 지원,경기군포시,경기,지방,취업·일경험,대상자 지원,0.1,0.1,찾지 못함,,,대학일자리플러스센터 지원 사업,0.667
5700000202630025,청년 주간 행사운영,경기여주시,경기,지방,정책기반,기반·운영,0.1,0.07,찾지 못함,,,경기청년 사다리 프로그램,0.665
560000020203002E,청년 취업패키지 지원사업,경기포천시,경기,지방,취업·일경험,대상자 지원,0.1,0.03,찾지 못함,,,경기청년 재기격려지원사업,0.691
56000002023302F1,청년취창업센터 운영(해볼랩),경기포천시,경기,지방,창업·농어업,기반·운영,0.1,0.1,찾지 못함,,,포천 청년 창업자 임차료 지원,0.653
5590000202030094,청년정책 운영,경기양주시,경기,지방,정책기반,기타,0.1,0.03,찾지 못함,,,경기도 청년참여기구 운영,0.691
3650000202230083,청년거버넌스활성화,대전중구,대전,지방,참여·권리,기타,0.1,0.04,찾지 못함,,,청년 네트워크 활성화 지원사업,0.676
6300000202630116,청년농업인4-H 육성 지원,대전본청,대전,지방,창업·농어업,대상자 지원,0.1,0.07,찾지 못함,,,청년농업인 스마트농업 시범,0.596
5020000202330180,청년농업인농지임대지원<보조>,경북포항시,경북,지방,창업·농어업,대상자 지원,0.1,0.04,찾지 못함,,,청년스타트업 지원,0.646
51000002023300B9,도)청년농업인임대료지원사업,경북영천시,경북,지방,창업·농어업,대상자 지원,0.1,0.0,찾지 못함,,,2025년 청년도전 지원사업,0.691
5200000202330088,청년농업인농지임대지원,경북고령군,경북,지방,창업·농어업,대상자 지원,0.1,0.0,찾지 못함,,,청년스타트업 지원,0.646
523000020233010E,청년정책협의체 활성화 지원,경북예천군,경북,지방,참여·권리,기반·운영,0.1,0.01,찾지 못함,,,청년자립마을 활성화 지원사업,0.56
525000020243010E,청년문화예술패스 지원 사업,경북울진군,경북,지방,문화·건강,대상자 지원,0.1,0.1,있음,,,2025년 청년도전 지원사업,0.72
524000020223001E,청년월세지원사업,경북봉화군,경북,지방,주거,대상자 지원,0.1,0.06,있음,,,청년 신혼부부 월세 지원사업,0.92
6470000202130028,청년복지권익업무추진,경북본청,경북,지방,정책기반,기타,0.1,0.1,찾지 못함,,,2025년 청년도전 지원사업,0.564
50200002023301AF,청년농업인4-H회원활동지원<보조>,경북포항시,경북,지방,창업·농어업,대상자 지원,0.1,0.1,찾지 못함,,,청년스타트업 지원,0.596
5050000201530130,청년농업인4-H회원과제활동지원,경북경주시,경북,지방,창업·농어업,대상자 지원,0.1,0.06,찾지 못함,,,청년스타트업 지원,0.555
50600002023300ED,청년 전세보증금반환보증 보증료 지원사업(보조),경북김천시,경북,지방,주거,대상자 지원,0.1,0.06,있음,,,전세보증금반환보증 보증료 지원,0.923
51000002013300E1,도)청년농업인4-H회원활동지원,경북영천시,경북,지방,창업·농어업,대상자 지원,0.1,0.1,찾지 못함,,,청년스타트업 지원,0.575
512000020243010E,[도비]청년 신혼부부 월세 지원사업,경북문경시,경북,지방,주거,대상자 지원,0.1,0.02,있음,20250827005400211525,청년 신혼부부 월세 지원사업,청년 신혼부부 월세 지원사업,1.12
5100000202430024,청년학자금대출장기연체자지원사업,경북영천시,경북,지방,교육·역량,대상자 지원,0.1,0.1,있음,,,청년일자리창출 우수기업  지원사업,0.701
51000002024300EA,도)청년신혼부부월세지원사업,경북영천시,경북,지방,주거,대상자 지원,0.1,0.04,있음,,,청년 신혼부부 월세 지원사업,1.08
5120000201530089,[도비]청년농업인4-H회원 활동지원,경북문경시,경북,지방,창업·농어업,대상자 지원,0.1,0.1,찾지 못함,,,청년스타트업 지원,0.596
512000020213000F,청년·사회적경제 상생한마당,경북문경시,경북,지방,정책기반,기타,0.1,0.0,찾지 못함,,,2025 경북 청년애꿈 수당 사업(근속장려수당),0.453
517000020223005B,청년월세지원사업(보조),경북영양군,경북,지방,주거,대상자 지원,0.1,0.0,있음,,,청년 신혼부부 월세 지원사업,0.92
51700002017300C2,자립준비청년자립정착금지원(보조),경북영양군,경북,지방,금융·생활안정,대상자 지원,0.1,0.1,있음,20260330005400212328,자립준비청년 자립정착금 지원,자립준비청년 자립정착금 지원,1.12
518000020193006B,청년농업인4-H회원활동지원(도비보조),경북영덕군,경북,지방,창업·농어업,대상자 지원,0.1,0.0,찾지 못함,,,청년스타트업 지원,0.596
5190000201730018,청년농업인4-H회원활동지원,경북청도군,경북,지방,창업·농어업,대상자 지원,0.1,0.1,찾지 못함,,,청년스타트업 지원,0.596
5210000200930789,청년농업인4-H회원과제활동지원,경북성주군,경북,지방,창업·농어업,대상자 지원,0.1,0.1,찾지 못함,,,청년스타트업 지원,0.555
5210000202130005,청년농업인영농정착기반조성,경북성주군,경북,지방,창업·농어업,기반·운영,0.1,0.1,찾지 못함,,,청년농부 창농기반 구축,0.642
5220000202430122,자립준비청년 자립정착금 지원,경북칠곡군,경북,지방,금융·생활안정,대상자 지원,0.1,0.1,있음,20260330005400212328,자립준비청년 자립정착금 지원,자립준비청년 자립정착금 지원,1.12
52300002019300AD,청년농업인 4-H회원 과제활동 지원(도비),경북예천군,경북,지방,창업·농어업,대상자 지원,0.1,0.1,찾지 못함,,,청년농업인 영농정착 지원,0.658
524000020163003B,청년농업인4-H회원활동지원,경북봉화군,경북,지방,창업·농어업,대상자 지원,0.1,0.1,찾지 못함,,,청년스타트업 지원,0.596
524000020193003F,자립준비청년자립정착금지원,경북봉화군,경북,지방,금융·생활안정,대상자 지원,0.1,0.05,있음,20260330005400212328,자립준비청년 자립정착금 지원,자립준비청년 자립정착금 지원,1.12
5250000202530017,청년 이사비 지원사업,경북울진군,경북,지방,주거,대상자 지원,0.1,0.04,있음,,,2025년 청년도전 지원사업,0.826
52500002025300CE,청년농업인4-H회원활동지원,경북울진군,경북,지방,창업·농어업,대상자 지원,0.1,0.1,찾지 못함,,,청년스타트업 지원,0.596
5200000202430008,청년임대주택 운영,경북고령군,경북,지방,주거,대상자 지원,0.1,0.01,찾지 못함,,,고령군 청년 월세 주거비 지원사업,0.582
515000020193008C,청년농업인영농정착지원선발운영(지특),경북의성군,경북,지방,창업·농어업,대상자 지원,0.1,0.09,있음,,,청년농업인 스마트팜 영농정착 컨설팅 지원,0.787
512000020193010D,[도비]전통시장청년몰운영지원,경북문경시,경북,지방,정책기반,대상자 지원,0.1,0.1,찾지 못함,,,2025년 청년도전 지원사업,0.591
5141000202630024,청년 커뮤니티 활동 지원사업,대구군위군,대구,지방,참여·권리,대상자 지원,0.1,0.1,있음,,,2025년 청년사회진입 활동지원사업,0.787
3460000202330047,청년네트워크 운영,대구수성구,대구,지방,참여·권리,기반·운영,0.1,0.05,있음,,,대구청년정책네트워크,0.977
3460000202630016,청년정책 포럼 개최(구 참여형),대구수성구,대구,지방,참여·권리,기반·운영,0.1,0.0,찾지 못함,,,대구청년정책네트워크,0.62
3460000202630017,청년 자격증 응시료 지원(구 참여형),대구수성구,대구,지방,교육·역량,대상자 지원,0.1,0.09,있음,,,대구광역시 청년 국가기술자격시험 응시료 지원,0.84
346000020263001A,청년 상담소 운영(구 참여형),대구수성구,대구,지방,문화·건강,대상자 지원,0.1,0.05,찾지 못함,,,대구광역시 청년마음건강센터 운영,0.591
36200002021300CC,청년주간운영,전남광주북구,광주,지방,정책기반,기타,0.1,0.0,있음,,,2026 전남광주 청년주간 청년페스타: 피파페,0.92
474000020223010C,청년월세 한시 특별지원,전북무주군,전북,지방,주거,대상자 지원,0.1,0.0,있음,,,(국토부) 26년 청년월세 지원사업,0.9
4640000202130105,청년창업농 정책자금 이차보전,전북전주시,전북,지방,창업·농어업,대상자 지원,0.1,0.05,있음,20250718005400211441,청년창업농 정책자금 이차보전,청년창업농 정책자금 이차보전,1.12
46910002026300BD,청년 소통공간 활성화 사업,전북정읍시,전북,지방,참여·권리,기타,0.1,0.1,있음,,,청년공동체 활성화 지원,0.826
47410002025300AD,무주군 청년마을 만들기 지원사업,전북무주군,전북,지방,참여·권리,대상자 지원,0.1,0.1,있음,,,전북 청년마을 만들기,1.02
4721000202530089,완주형 청년창업 지원,전북완주군,전북,지방,창업·농어업,대상자 지원,0.1,0.09,있음,,,전북형 청년취업 지원,0.977
4750000202230018,지역주도형 청년일자리사업(청년비상 일자리),전북장수군,전북,지방,취업·일경험,기타,0.1,0.05,있음,20250718005400211401,지역주도형 청년일자리사업(시군),지역주도형 청년일자리사업(시군),1.12
4780000202330053,청년네트워크 동아리 활동비 지원,전북고창군,전북,지방,참여·권리,대상자 지원,0.1,0.1,찾지 못함,,,청년농업인 생생동아리 지원,0.658
47810002026300F7,행안부 청년마을 만들기 사업,전북고창군,전북,지방,참여·권리,기타,0.1,0.1,있음,,,전북 청년마을 만들기,1.02
4791000202430109,청년 문화예술패스 지원,전북부안군,전북,지방,문화·건강,대상자 지원,0.1,0.1,있음,,,청년문화예술주문배달서비스사업(청년예술 퀵),0.857
469100020263008A,청년마을 활성화 지원사업,전북정읍시,전북,지방,참여·권리,대상자 지원,0.1,0.1,있음,,,청년공동체 활성화 지원,0.787
472100020253010B,전북형 청년 어촌정착 지원사업,전북완주군,전북,지방,창업·농어업,대상자 지원,0.1,0.0,있음,,,전북청년 지역정착 지원사업,0.882
475000020213006E,장수형 청년창업농 영농정착 지원,전북장수군,전북,지방,창업·농어업,대상자 지원,0.1,0.1,있음,20260331005400212370,장수형 청년창업농 영농정착지원,장수형 청년창업농 영농정착지원,1.12
35500002023301E1,대학생 천원의 아침밥 사업 지원,인천계양구,인천,지방,교육·역량,대상자 지원,0.1,0.1,있음,,,인천형 천원의 아침밥 지원,0.87
3570000202430060,인천형 청년월세 지원사업(보조),인천강화군,인천,지방,주거,대상자 지원,0.1,0.04,있음,,,인천시 청년월세 지원사업,1.009
350000020253001C,자립준비청년 자립정착금 지원,인천제물포구,인천,지방,금융·생활안정,대상자 지원,0.1,0.0,있음,20250718005400211453,자립준비청년 자립정착금 지원,자립준비청년 자립정착금 지원,1.12
3570000201830084,청년농업인 영농정착 선발운영비(보조),인천강화군,인천,지방,창업·농어업,기반·운영,0.1,0.07,있음,,,청년농업인 영농정착지원,1.02
3580000200830720,자립준비청년 자립정착금 지원,인천옹진군,인천,지방,금융·생활안정,대상자 지원,0.1,0.1,있음,20250718005400211453,자립준비청년 자립정착금 지원,자립준비청년 자립정착금 지원,1.12
3500000202130017,청년 발달장애인 자산형성 지원,인천제물포구,인천,지방,금융·생활안정,대상자 지원,0.1,0.03,있음,20260406005400212494,청년발달장애인 자산형성지원(행복씨앗통장),청년발달장애인 자산형성지원(행복씨앗통장),1.12
4420000202430093,청년 공유 플랫폼 유지 관리,충북보은군,충북,지방,정책기반,기타,0.1,0.1,찾지 못함,,,충북 청년여성 일자리 플랫폼 운영,0.596
4390000201830079,대학생 학자금 이자지원,충북충주시,충북,지방,교육·역량,대상자 지원,0.1,0.1,있음,20250220005400210486,대학생 학자금 이자 지원,대학생 학자금 이자 지원,1.12
643000020243003A,청년 부실채무자 신용회복 지원,충북본청,충북,지방,금융·생활안정,대상자 지원,0.1,0.1,있음,,,청년 학자금 대출 부실채무자 신용회복 지원,0.959
4400000202630030,자립준비청년지원,충북제천시,충북,지방,금융·생활안정,대상자 지원,0.1,0.0,있음,,,자립준비청년 자립수당 지급,1.02
55700002020300E5,대학일자리센터 지원(국가직접지원),충북증평군,충북,지방,취업·일경험,대상자 지원,0.1,0.1,있음,,,충청북도일자리지원센터 운영,1.02
44600002026300CF,청년임대주택 운영 관리,충북괴산군,충북,지방,주거,대상자 지원,0.1,0.04,찾지 못함,,,충북 청년카페 운영,0.62
447000020243003A,청년귀농인 농지임대료 지원사업,충북음성군,충북,지방,창업·농어업,대상자 지원,0.1,0.05,찾지 못함,,,음성군 청년월세 지원사업,0.665
447000020263011D,청년단체 지원,충북음성군,충북,지방,참여·권리,대상자 지원,0.1,0.0,찾지 못함,,,음성군 청년월세 지원사업,0.691
42610002025300F2,미래농업 100년 청년토마토연구회 육성,강원횡성군,강원,지방,정책기반,기타,0.09,0.08,찾지 못함,,,2025년도 미래농업대학 스마트농업인 양성 과정,0.52
42710002024300A9,청년 문화예술패스,강원영월군,강원,지방,문화·건강,대상자 지원,0.09,0.09,있음,,,청년예술인 지원,0.735
419100020243006E,청년교육 지원,강원원주시,강원,지방,교육·역량,대상자 지원,0.09,0.0,있음,,,청년 맞춤형 교육 추진,0.847
45300002026300EA,청년어촌정착지원사업,충남서산시,충남,지방,창업·농어업,대상자 지원,0.09,0.09,있음,,,청년어업인 정착지원 사업,0.857
4540000202330230,청년정책 활성화를 위한 역량강화 사업,충남논산시,충남,지방,교육·역량,기타,0.09,0.0,찾지 못함,,,충청남도 청년정책 조정위원회 운영,0.596
339000020243002A,청년정책네트워크 운영,부산사상구,부산,지방,참여·권리,기반·운영,0.09,0.07,찾지 못함,,,부산청년센터 운영,0.62
33300002021300B3,청년정책 추진,부산해운대구,부산,지방,정책기반,기타,0.09,0.09,있음,,,부산 청년 프로그램 지원,0.787
330000020203000F,청년연합회 단체 지원,부산동래구,부산,지방,참여·권리,대상자 지원,0.09,0.09,있음,,,부산 청년 신용회복 지원,0.708
4950000202330028,청년농업인 드론방제 봉사단 운영 지원,전남광주무안군,전남,지방,창업·농어업,대상자 지원,0.09,0.0,찾지 못함,,,청년농업인 연구동아리 지원,0.62
4830000201830039,청년정책위원 및 청년정책협의체 운영,전남광주나주시,전남,지방,참여·권리,기반·운영,0.09,0.08,찾지 못함,,,청년 예술가 및 청년 창작자 지원,0.52
4970000202630110,청년 자립형 스마트팜 운영,전남광주영광군,전남,지방,창업·농어업,기타,0.09,0.01,찾지 못함,,,청년농업인 스마트팜 자립기반 구축,0.62
5000000202330077,청년농업인 경영실습 임대농장 운영,전남광주진도군,전남,지방,창업·농어업,대상자 지원,0.09,0.07,찾지 못함,,,청년 창업농장 조성,0.596
4850000202430110,청년 문화예술패스 사업,전남광주담양군,전남,지방,문화·건강,대상자 지원,0.09,0.09,찾지 못함,,,전남청년 문화복지카드,0.62
3010000202430015,청년 정책참여 채널 운영,서울중구,서울,지방,참여·권리,기타,0.09,0.04,찾지 못함,,,청년예술청 운영,0.591
5390000202530096,청년 일경험(인턴) 지원사업,경남의령군,경남,지방,취업·일경험,대상자 지원,0.09,0.0,있음,20250917005400211751,청년 일경험 지원,청년 일경험 지원,1.12
5420000202530164,청년 일경험(인턴) 지원사업,경남고성군,경남,지방,취업·일경험,대상자 지원,0.09,0.05,있음,20250917005400211751,청년 일경험 지원,청년 일경험 지원,1.12
54300002025300CA,청년 일경험(인턴) 사업,경남남해군,경남,지방,취업·일경험,대상자 지원,0.09,0.0,있음,20250917005400211751,청년 일경험 지원,청년 일경험 지원,1.12
5440000202530131,청년 일경험(인턴) 지원사업,경남하동군,경남,지방,취업·일경험,대상자 지원,0.09,0.0,있음,20250917005400211751,청년 일경험 지원,청년 일경험 지원,1.12
54500002025300F0,청년 일경험(인턴) 지원사업,경남산청군,경남,지방,취업·일경험,대상자 지원,0.09,0.0,있음,20250917005400211751,청년 일경험 지원,청년 일경험 지원,1.12
5460000202530133,청년 일경험(인턴) 지원사업,경남함양군,경남,지방,취업·일경험,대상자 지원,0.09,0.0,있음,20250917005400211751,청년 일경험 지원,청년 일경험 지원,1.12
54800002025300D3,청년 일경험(인턴) 지원사업,경남합천군,경남,지방,취업·일경험,대상자 지원,0.09,0.0,있음,20250917005400211751,청년 일경험 지원,청년 일경험 지원,1.12
548000020233015B,지역 주력산업 청년 일자리 지원사업,경남합천군,경남,지방,취업·일경험,대상자 지원,0.09,0.05,있음,,,청년일자리 도전 지원사업,0.812
5670000202130191,청년농업인 커뮤니티 활성화 지원사업,경남창원시,경남,지방,창업·농어업,대상자 지원,0.09,0.09,있음,20250917005400211718,청년농업인 커뮤니티 활성화 지원,청년농업인 커뮤니티 활성화 지원,1.12
531000020213015D,청년농업인 커뮤니티 활성화 지원,경남진주시,경남,지방,창업·농어업,대상자 지원,0.09,0.09,있음,20250917005400211718,청년농업인 커뮤니티 활성화 지원,청년농업인 커뮤니티 활성화 지원,1.12
53500002021301B3,청년농업인 커뮤니티 활성화 지원사업,경남김해시,경남,지방,창업·농어업,대상자 지원,0.09,0.09,있음,20250917005400211718,청년농업인 커뮤니티 활성화 지원,청년농업인 커뮤니티 활성화 지원,1.12
537000020233038F,청년농업인 커뮤니티 활성화 지원,경남거제시,경남,지방,창업·농어업,대상자 지원,0.09,0.09,있음,20250917005400211718,청년농업인 커뮤니티 활성화 지원,청년농업인 커뮤니티 활성화 지원,1.12
53300002021301A5,청년농업인 커뮤니티 활성화 지원,경남통영시,경남,지방,창업·농어업,대상자 지원,0.09,0.09,있음,20250917005400211718,청년농업인 커뮤니티 활성화 지원,청년농업인 커뮤니티 활성화 지원,1.12
53900002021300EC,청년농업인 커뮤니티 활성화 지원사업,경남의령군,경남,지방,창업·농어업,대상자 지원,0.09,0.09,있음,20250917005400211718,청년농업인 커뮤니티 활성화 지원,청년농업인 커뮤니티 활성화 지원,1.12
54100002021300BC,청년농업인 커뮤니티 활성화 지원,경남창녕군,경남,지방,창업·농어업,대상자 지원,0.09,0.09,있음,20250917005400211718,청년농업인 커뮤니티 활성화 지원,청년농업인 커뮤니티 활성화 지원,1.12
54000002021300B7,청년농업인 커뮤니티 활성화 지원,경남함안군,경남,지방,창업·농어업,대상자 지원,0.09,0.09,있음,20250917005400211718,청년농업인 커뮤니티 활성화 지원,청년농업인 커뮤니티 활성화 지원,1.12
5420000202130145,청년농업인 커뮤니티 활성화 지원,경남고성군,경남,지방,창업·농어업,대상자 지원,0.09,0.09,있음,20250917005400211718,청년농업인 커뮤니티 활성화 지원,청년농업인 커뮤니티 활성화 지원,1.12
54400002025300EA,청년농업인 커뮤니티 활성화 지원,경남하동군,경남,지방,창업·농어업,대상자 지원,0.09,0.09,있음,20250917005400211718,청년농업인 커뮤니티 활성화 지원,청년농업인 커뮤니티 활성화 지원,1.12
54400002022300CD,청년 동아리지원,경남하동군,경남,지방,참여·권리,대상자 지원,0.09,0.09,있음,,,청년동아리 활동비 지원사업,1.02
5310000202430088,자립준비청년 심리정서서비스 및 직업훈련 지원,경남진주시,경남,지방,교육·역량,대상자 지원,0.09,0.0,찾지 못함,,,자립준비청년 자립정착금 지원,0.665
3910000201630136,청년일자리 창출사업 지원,경기평택시,경기,지방,취업·일경험,대상자 지원,0.09,0.09,찾지 못함,,,청년 융합기술 창업지원,0.691
4060000202330065,청년동아리 지원,경기파주시,경기,지방,참여·권리,대상자 지원,0.09,0.09,있음,,,경기청년 사다리 프로그램,0.72
5700000202430029,여주시 청년 도전 프로젝트,경기여주시,경기,지방,정책기반,기타,0.09,0.09,찾지 못함,,,경기청년 사다리 프로그램,0.52
40100002026300D6,경기청년공간 프로그램 운영(청년협업마을),경기시흥시,경기,지방,정책기반,기타,0.09,0.06,있음,,,경기청년 사다리 프로그램,0.752
3990000201130095,대학생 플래너즈 운영,경기남양주시,경기,지방,교육·역량,기타,0.09,0.09,찾지 못함,,,경기도 대학혁신플랫폼 지원,0.549
402000020263000E,청년 전월세 안심계약 도움서비스,경기군포시,경기,지방,주거,대상자 지원,0.09,0.06,있음,,,청년 1인가구 전월세 안심계약 지원,0.787
414000020243018C,청년 문화예술패스 사업,경기연천군,경기,지방,문화·건강,대상자 지원,0.09,0.09,찾지 못함,,,경기청년 해외진출(일본) 사업,0.564
630000020183006B,청년거버넌스 활성화,대전본청,대전,지방,참여·권리,기타,0.09,0.02,찾지 못함,,,청년 네트워크 활성화 지원사업,0.676
5210000202530004,청년농업인맞춤형교육프로그램,경북성주군,경북,지방,창업·농어업,대상자 지원,0.09,0.0,찾지 못함,,,경북청년 예비창업가 육성사업,0.541
506000020203017E,청년농업인 커뮤니티 활성화 지원(보조),경북김천시,경북,지방,창업·농어업,대상자 지원,0.09,0.09,있음,,,서귀포시 청년 커뮤니티 활동 지원사업,0.7
509000020203014A,(도)청년농업인 커뮤니티 활성화 지원,경북영주시,경북,지방,창업·농어업,대상자 지원,0.09,0.09,찾지 못함,,,청년 무역 전문인력 양성 지원,0.582
516000020253007C,청년농업인커뮤니티활성화지원,경북청송군,경북,지방,창업·농어업,대상자 지원,0.09,0.09,찾지 못함,,,청년 무역 전문인력 양성 지원,0.582
512000020253006B,[도비]청년농업인커뮤니티활성화지원,경북문경시,경북,지방,창업·농어업,대상자 지원,0.09,0.0,찾지 못함,,,청년 무역 전문인력 양성 지원,0.582
5100000202530058,도)청년농업인커뮤니티활성화지원,경북영천시,경북,지방,창업·농어업,대상자 지원,0.09,0.09,찾지 못함,,,청년 무역 전문인력 양성 지원,0.564
519000020253003E,청년농업인커뮤니티활성화지원,경북청도군,경북,지방,창업·농어업,대상자 지원,0.09,0.09,찾지 못함,,,청년 무역 전문인력 양성 지원,0.582
52100002023300FC,청년농업인커뮤니티활성화지원사업,경북성주군,경북,지방,창업·농어업,대상자 지원,0.09,0.09,찾지 못함,,,성주군 청년스타트업 지원사업,0.658
515000020233008D,청년창업및인프라구축,경북의성군,경북,지방,창업·농어업,대상자 지원,0.09,0.09,찾지 못함,,,청년농부 창농기반 구축,0.62
5050000202030071,지역과 함께하는 대학생 봉사단 지원,경북경주시,경북,지방,교육·역량,대상자 지원,0.09,0.06,찾지 못함,,,2025 지역대학 글로벌 무역전문가 양성지원,0.507
342000020243006C,동구 청년 미래 포럼,대구동구,대구,지방,참여·권리,기반·운영,0.09,0.01,찾지 못함,,,대구 경북 청년 아카데미,0.62
6290000201930028,청년농업인육성교육 (광주),전남광주본청,광주,지방,창업·농어업,대상자 지원,0.09,0.04,있음,,,학사농업인 육성 지원,0.745
4770000202030071,청년창업농 정책자금 이차보전,전북순창군,전북,지방,창업·농어업,대상자 지원,0.09,0.08,있음,20250718005400211441,청년창업농 정책자금 이차보전,청년창업농 정책자금 이차보전,1.12
476000020203003A,청년농업인 정책자금 이차보전,전북임실군,전북,지방,창업·농어업,기타,0.09,0.0,있음,,,청년창업농 정책자금 이차보전,0.966
47500002022300E3,청년농업인 영농정착지원 선발운영비,전북장수군,전북,지방,창업·농어업,기반·운영,0.09,0.06,있음,,,청년창업농 영농정착지원사업,0.787
4710000201930102,청년일자리창출,전북김제시,전북,지방,취업·일경험,기타,0.09,0.09,있음,,,사회적경제 청년혁신가 지원사업,0.92
46400002016301FB,청년정책 활성화 추진,전북전주시,전북,지방,정책기반,기타,0.09,0.09,있음,,,청년공동체 활성화 지원,0.787
4670000201830172,청년농업인 생생동아리 지원사업,전북군산시,전북,지방,창업·농어업,대상자 지원,0.09,0.09,있음,20250718005400211443,청년농업인 생생동아리 지원,청년농업인 생생동아리 지원,1.12
468000020193007A,청년농업인 생생동아리 지원,전북익산시,전북,지방,창업·농어업,대상자 지원,0.09,0.09,있음,20250718005400211443,청년농업인 생생동아리 지원,청년농업인 생생동아리 지원,1.12
4730000202230081,청년 농업인 생생동아리 지원,전북진안군,전북,지방,창업·농어업,대상자 지원,0.09,0.09,있음,20250718005400211443,청년농업인 생생동아리 지원,청년농업인 생생동아리 지원,1.12
473000020223007F,청년 농업인 영농정착 지원(운영비),전북진안군,전북,지방,창업·농어업,기반·운영,0.09,0.09,있음,,,청년창업농 영농정착지원사업,0.92
47300002018300C2,청년권익증진,전북진안군,전북,지방,정책기반,기타,0.09,0.06,찾지 못함,,,전북형 청년취업 지원,0.484
464000020203017B,청년창업농 영농기반 임차지원,전북전주시,전북,지방,창업·농어업,대상자 지원,0.09,0.09,있음,20250718005400211442,청년창업농 영농기반 임차지원,청년창업농 영농기반 임차지원,1.12
4640000201830172,전통시장 청년 창업 공간 운영,전북전주시,전북,지방,창업·농어업,기반·운영,0.09,0.09,찾지 못함,,,청년창업농 영농정착지원사업,0.591
34900002022300A9,청년 네트워크 운영,인천영종구,인천,지방,참여·권리,기반·운영,0.09,0.0,있음,20260506005400213169,(영종구) 청년네트워크(청년불패) 운영,(영종구) 청년네트워크(청년불패) 운영,1.12
64300002025301A5,청년어촌정착지원 사업,충북본청,충북,지방,창업·농어업,대상자 지원,0.09,0.09,있음,,,청년어업인 정착지원 사업,0.857
44400002024300B2,청년 문화예술패스(보조),충북영동군,충북,지방,문화·건강,대상자 지원,0.09,0.09,있음,,,청년문화예술패스,1.0
4430000202530060,청년 거버넌스 운영,충북옥천군,충북,지방,참여·권리,기타,0.09,0.01,찾지 못함,,,충북 청년카페 운영,0.691
557000020243006A,청년 문화예술패스,충북증평군,충북,지방,문화·건강,대상자 지원,0.09,0.09,찾지 못함,,,충북 청년사회서비스사업단 운영,0.495
42410002023302FB,강원특별자치도 청년 중증장애인 자산형성사업(도),강원삼척시,강원,지방,금융·생활안정,기타,0.08,0.02,있음,,,청년 재가 중증장애인 자산형성 지원,1.037
42810002024300EF,청년문화예술패스 지원(도비),강원평창군,강원,지방,문화·건강,대상자 지원,0.08,0.08,있음,,,청년예술인 지원,0.826
428000020233017D,청년 중증장애인 자산형성사업(도비),강원평창군,강원,지방,금융·생활안정,기타,0.08,0.07,있음,,,청년 재가 중증장애인 자산형성 지원,1.037
43010002023301B4,청년 중증장애인 자산형성사업,강원철원군,강원,지방,금융·생활안정,기타,0.08,0.04,있음,,,청년 재가 중증장애인 자산형성 지원,1.037
4280000201930091,청년농업인 육성지원(도비),강원평창군,강원,지방,창업·농어업,대상자 지원,0.08,0.07,있음,20250502005400210766,청년농업인 육성지원,청년농업인 육성지원,1.12
4520000202530109,우수 청년농업인 육성 국외역량강화(스마트팜 기술연수),충남아산시,충남,지방,창업·농어업,기타,0.08,0.08,있음,,,청년농업인 역량강화 지원,0.82
4540000202530091,청년농업인 스마트팜 기술 연수(도비),충남논산시,충남,지방,창업·농어업,기타,0.08,0.08,있음,,,청년자립형 스마트팜 지원사업,0.72
568000020253000B,우수 청년농업인 육성 국외역량 강화,충남당진시,충남,지방,창업·농어업,기타,0.08,0.08,있음,,,청년농업인 역량강화 지원,0.82
4590000202530076,청년농업인 스마트팜 기술 연수,충남청양군,충남,지방,창업·농어업,기타,0.08,0.08,있음,,,청년농업인 인큐베이팅 기술지원,0.729
45500002024300C5,청년농업인 스마트팜 기술연수(도비),충남금산군,충남,지방,창업·농어업,기타,0.08,0.08,있음,,,청년자립형 스마트팜 지원사업,0.72
4610000202430094,청년농업인 스마트팜 기술연수,충남예산군,충남,지방,창업·농어업,기타,0.08,0.08,있음,,,청년자립형 스마트팜 지원사업,0.72
46000002026300D5,청년농업인 스마트팜 기술 연수,충남홍성군,충남,지방,창업·농어업,기타,0.08,0.08,있음,,,청년자립형 스마트팜 지원사업,0.72
46200002025300D6,청년농업인 스마트팜 기술연수,충남태안군,충남,지방,창업·농어업,기타,0.08,0.08,있음,,,청년자립형 스마트팜 지원사업,0.72
45900002024301B5,청년문화예술패스사업,충남청양군,충남,지방,문화·건강,대상자 지원,0.08,0.08,있음,20260504005400113122,청년문화예술패스,청년문화예술패스,1.12
644000020253002D,신 취약청년 지원,충남본청,충남,지방,정책기반,대상자 지원,0.08,0.05,찾지 못함,,,고립·은둔청년 지원,0.653
4500000202330333,보호종료아동 대학생활안정자금 지원,충남공주시,충남,지방,교육·역량,대상자 지원,0.08,0.02,찾지 못함,,,대학생 연합설계 지원,0.52
454000020253016A,청년농 미디어커머스 지원,충남논산시,충남,지방,창업·농어업,대상자 지원,0.08,0.08,있음,20260504005400113080,청년농 미디어커머스 지원,청년농 미디어커머스 지원,1.12
568000020233014C,보호종료아동  대학생활안정자금 지원,충남당진시,충남,지방,교육·역량,대상자 지원,0.08,0.06,찾지 못함,,,대학생 연합설계 지원,0.52
4590000202330153,보호(종료)아동 대학생활안정자금 지원,충남청양군,충남,지방,교육·역량,대상자 지원,0.08,0.08,찾지 못함,,,대학생 연합설계 지원,0.555
45800002026300A9,청년농 미디어커머스 지원,충남서천군,충남,지방,창업·농어업,대상자 지원,0.08,0.0,있음,20260504005400113080,청년농 미디어커머스 지원,청년농 미디어커머스 지원,1.12
462000020233022E,청년농업인 육성을 위한 사회적농업 지원,충남태안군,충남,지방,창업·농어업,대상자 지원,0.08,0.0,있음,,,청년농업인 육성을 위한 충남형 사회적 농업 지원,1.091
4620000202530176,청년농 미디어커머스 지원사업,충남태안군,충남,지방,창업·농어업,대상자 지원,0.08,0.08,있음,20260504005400113080,청년농 미디어커머스 지원,청년농 미디어커머스 지원,1.12
33000002023300B2,(2023 신규사업) 지역주도형 청년일자리 사업(청년 디지털 일자리 이음 사업),부산동래구,부산,지방,취업·일경험,기타,0.08,0.07,찾지 못함,,,부산청년 머물자리론,0.591
327000020223006F,동구 청년 창업 지원 사업,부산동구,부산,지방,창업·농어업,대상자 지원,0.08,0.08,있음,,,부산 청년도전 지원사업,0.87
3330000202530050,저소득청년 지원,부산해운대구,부산,지방,정책기반,대상자 지원,0.08,0.01,있음,,,부산 청년 월세 지원,0.735
33600002022300D8,청년정책 추진,부산강서구,부산,지방,정책기반,기타,0.08,0.0,있음,,,부산 청년 프로그램 지원,0.787
32600002023300CA,청년정책네트워크 운영,부산서구,부산,지방,참여·권리,기반·운영,0.08,0.03,있음,20250117005400210329,서구 청년정책네트워크 운영,서구 청년정책네트워크 운영,1.12
3350000202030042,청년정책 추진,부산금정구,부산,지방,정책기반,기타,0.08,0.08,있음,,,금정 청년정책 네트워크 및 체험형 인턴,0.92
4930000201830066,청년정책 추진 기반 조성,전남광주해남군,전남,지방,정책기반,기반·운영,0.08,0.07,찾지 못함,,,청년정책 서포터즈 2기,0.676
4910000202530132,청년농업인 영농정착지원(국비)(선발운영비),전남광주장흥군,전남,지방,창업·농어업,기반·운영,0.08,0.05,있음,,,청년농업인 연구동아리 지원,0.729
496000020263009D,청년농업인 영농정착지원(선발운영비),전남광주함평군,전남,지방,창업·농어업,기반·운영,0.08,0.03,있음,,,청년농업인 연구동아리 지원,0.729
4820000202030184,청년농업인 연구동아리 지원사업,전남광주순천시,전남,지방,창업·농어업,대상자 지원,0.08,0.04,있음,20250304005400210582,청년농업인 연구동아리 지원,청년농업인 연구동아리 지원,1.12
488000020213003D,청년 참여·소통 플랫폼 운영,전남광주고흥군,전남,지방,참여·권리,기타,0.08,0.0,찾지 못함,,,청년 희망디딤돌 통장 운영,0.575
4930000202130026,청년 소모임 활동 지원,전남광주해남군,전남,지방,정책기반,대상자 지원,0.08,0.08,있음,20250108005400210091,청년 소모임 활동 지원,청년 소모임 활동 지원,1.12
489000020243011B,청년 문화예술패스 지원사업,전남광주보성군,전남,지방,문화·건강,대상자 지원,0.08,0.08,찾지 못함,,,청년농업인 스타트업(초기창업) 지원사업,0.68
484000020213004E,청년정책협의체 운영,전남광주광양시,전남,지방,참여·권리,기반·운영,0.08,0.05,있음,20260317005400212174,(광양시)청년정책협의체 운영,(광양시)청년정책협의체 운영,1.12
3020000201930007,청년 취업특강,서울용산구,서울,지방,취업·일경험,대상자 지원,0.08,0.0,찾지 못함,,,서울 청년 밀키트 창업지원,0.582
3020000202430072,대학생 재능봉사캠프 운영,서울용산구,서울,지방,교육·역량,기타,0.08,0.05,찾지 못함,,,대학생 동아리 사회기여활동 지원,0.381
3200000202230013,청년 커뮤니티 활성화 지원,서울관악구,서울,지방,참여·권리,대상자 지원,0.08,0.0,찾지 못함,,,서울청년문화패스 지원,0.646
531000020263018F,귀어 청년 사각지대 해소 지원사업,경남진주시,경남,지방,창업·농어업,대상자 지원,0.08,0.0,있음,20250918005400211775,귀어 청년 사각지대 해소 지원,귀어 청년 사각지대 해소 지원,1.12
534000020233028D,보호종료아동 대학생활안정자금 지원,경남사천시,경남,지방,교육·역량,대상자 지원,0.08,0.06,있음,,,자립준비청년 대학생활안정자금 지원,0.745
5410000202230092,보호종료아동 대학생활안정자금 지원,경남창녕군,경남,지방,교육·역량,대상자 지원,0.08,0.06,있음,,,자립준비청년 대학생활안정자금 지원,0.745
540000020233017A,청년후계농 농지 임대료 지원,경남함안군,경남,지방,창업·농어업,대상자 지원,0.08,0.08,있음,20250918005400211770,청년후계농 농지 임대료 지원,청년후계농 농지 임대료 지원,1.12
54300002023302AE,청년후계농  농지 임대료 지원,경남남해군,경남,지방,창업·농어업,대상자 지원,0.08,0.08,있음,20250918005400211770,청년후계농 농지 임대료 지원,청년후계농 농지 임대료 지원,1.12
542000020223016E,청년 시험 응시료 지원사업,경남고성군,경남,지방,교육·역량,대상자 지원,0.08,0.06,찾지 못함,,,청년 일경험 지원,0.676
54500002023301C0,청년후계농 농지 임대료 지원사업,경남산청군,경남,지방,창업·농어업,대상자 지원,0.08,0.08,있음,20250918005400211770,청년후계농 농지 임대료 지원,청년후계농 농지 임대료 지원,1.12
5440000202330116,청년정책사업발굴,경남하동군,경남,지방,정책기반,기타,0.08,0.08,찾지 못함,,,청년정책네트워크 운영,0.691
545000020263004B,청년 자격증 응시료 지원사업,경남산청군,경남,지방,교육·역량,대상자 지원,0.08,0.02,있음,,,청년일자리 도전 지원사업,0.729
54600002024300A7,청년 문화예술패스 사업,경남함양군,경남,지방,문화·건강,대상자 지원,0.08,0.08,있음,,,청년 문화예술인 활동 지원,0.826
5430000202430162,청년 문화예술패스,경남남해군,경남,지방,문화·건강,대상자 지원,0.08,0.08,있음,,,청년 문화예술인 활동 지원,0.826
3980000202630030,지역주도형 청년일자리사업(자율지원),경기구리시,경기,지방,취업·일경험,대상자 지원,0.08,0.07,찾지 못함,,,경기청년 일자리 매치업 플러스,0.642
39300002022300C5,청년지원,경기안산시,경기,지방,정책기반,대상자 지원,0.08,0.08,있음,,,경기 고립은둔청년 지원,0.92
391000020193013A,청년농업인 영농정착지원 선발운영(국비),경기평택시,경기,지방,창업·농어업,대상자 지원,0.08,0.06,있음,,,청년농업인 영농정착지원,1.02
4060000202030125,청년농업인 영농정착지원 선발 운영,경기파주시,경기,지방,창업·농어업,대상자 지원,0.08,0.04,있음,,,청년농업인 영농정착지원,1.02
40700002018302E2,청년 농업인 영농정착 지원 선발운영,경기이천시,경기,지방,창업·농어업,대상자 지원,0.08,0.02,있음,,,청년농업인 영농정착지원,1.02
5590000202630117,청년센터 및 창업사무실 운영(자체재원),경기양주시,경기,지방,창업·농어업,대상자 지원,0.08,0.05,찾지 못함,,,청년 융합기술 창업지원,0.564
4020000202630039,주민참여예산사업(청년),경기군포시,경기,지방,참여·권리,기타,0.08,0.02,있음,,,경기도 청년참여기구 운영,0.92
56000002019300EC,청년농업인 영농정착 지원사업 선발 운영,경기포천시,경기,지방,창업·농어업,대상자 지원,0.08,0.03,있음,,,청년농업인 영농정착지원,1.02
40400002025300D3,하남시 생활밀착형 청년공간 운영,경기하남시,경기,지방,금융·생활안정,기반·운영,0.08,0.06,찾지 못함,,,경기도 청년참여기구 운영,0.484
41600002023301DE,경기청년 역량강화 기회 지원(보조),경기가평군,경기,지방,교육·역량,대상자 지원,0.08,0.05,있음,20251107005400211812,경기청년 역량강화 기회지원,경기청년 역량강화 기회지원,1.12
5160000202130094,청년한부모자녀양육비지원,경북청송군,경북,지방,정책기반,대상자 지원,0.08,0.05,있음,20260317005400212183,청년한부모 자녀양육비 지원,청년한부모 자녀양육비 지원,1.12
5240000202230024,청년한부모자녀양육비지원,경북봉화군,경북,지방,정책기반,대상자 지원,0.08,0.06,있음,20260317005400212183,청년한부모 자녀양육비 지원,청년한부모 자녀양육비 지원,1.12
509000020223001C,청년동아리 활동비 지원사업,경북영주시,경북,지방,참여·권리,대상자 지원,0.08,0.07,있음,,,2025년 청년도전 지원사업,0.72
50500002018300BA,청년농업인 영농정착 지원 선발운영(보조),경북경주시,경북,지방,창업·농어업,대상자 지원,0.08,0.08,찾지 못함,,,청년스타트업 지원,0.555
50700002019300D8,[지]청년농업인영농정착지원 선발운영비,경북안동시,경북,지방,창업·농어업,기반·운영,0.08,0.02,찾지 못함,,,청년스타트업 지원,0.537
5090000201830080,(국)청년농업인 영농정착지원 선발,경북영주시,경북,지방,창업·농어업,대상자 지원,0.08,0.05,찾지 못함,,,청년스타트업 지원,0.596
51300002025300DD,(도비보조)청년농산업디자인지원,경북경산시,경북,지방,창업·농어업,대상자 지원,0.08,0.08,찾지 못함,,,청년스타트업 지원,0.676
512000020183006A,[지특]청년농업인영농정착지원선발운영,경북문경시,경북,지방,창업·농어업,대상자 지원,0.08,0.08,찾지 못함,,,청년스타트업 지원,0.555
5190000201830081,청년농업인영농정착지원선발운영,경북청도군,경북,지방,창업·농어업,대상자 지원,0.08,0.04,찾지 못함,,,청년스타트업 지원,0.555
3410000202230016,청년커뮤니티활동지원,대구중구,대구,지방,참여·권리,대상자 지원,0.08,0.08,찾지 못함,,,2025년 청년사회진입 활동지원사업,0.665
346000020203000F,청년정책추진 강화,대구수성구,대구,지방,정책기반,기타,0.08,0.08,있음,,,제3차 대구광역시 청년정책 기본계획 수립,0.92
6290000202130170,청년일자리창출활성화 (광주),전남광주본청,광주,지방,취업·일경험,기타,0.08,0.07,있음,,,전남 청년 희망 일자리 지원사업,0.708
4641000202530179,청년문화예술기획단 운영,전북전주시,전북,지방,문화·건강,기타,0.08,0.08,있음,,,청년문화예술주문배달서비스사업(청년예술 퀵),0.72
4730000202230080,청년 창업농 영농기반 임차 지원,전북진안군,전북,지방,창업·농어업,대상자 지원,0.08,0.06,있음,20250718005400211442,청년창업농 영농기반 임차지원,청년창업농 영농기반 임차지원,1.12
47000002019300C5,청년과 만남의 날 운영,전북남원시,전북,지방,참여·권리,기타,0.08,0.08,찾지 못함,,,전북 청년 직무인턴 운영,0.591
4780000202330057,청년정책 운영,전북고창군,전북,지방,정책기반,기타,0.08,0.06,있음,,,전북청년 지역정착 지원사업,0.72
5690000202030086,청년정책 네트워크 운영,세종본청,세종,지방,참여·권리,기반·운영,0.08,0.07,있음,,,세종 청년정책네트워크 구성·운영,1.029
446000020253000F,"수옥정 여행자 쉼터 운영(수옥정관광지, 청년관광활력특화사업)",충북괴산군,충북,지방,문화·건강,기타,0.08,0.06,찾지 못함,,,,
422100020243011B,청년농업인 정책자금 이차보전 지원,강원태백시,강원,지방,창업·농어업,대상자 지원,0.07,0.0,있음,20250618005400211056,청년농업인 정책자금 이차보전 지원,청년농업인 정책자금 이차보전 지원,1.12
4221000202430140,청년 취업준비 쿠폰 지원사업,강원태백시,강원,지방,취업·일경험,대상자 지원,0.07,0.0,찾지 못함,,,2025년 청년 디딤돌 2배 적금 지원사업,0.6
42400002022300BF,청년 스타트업 창업 지원사업(국고),강원삼척시,강원,지방,창업·농어업,대상자 지원,0.07,0.07,있음,,,삼척형 청년스타트업 창업지원사업,1.08
431100020263005E,청년4-H 공동과제포 지원,강원화천군,강원,지방,창업·농어업,대상자 지원,0.07,0.07,찾지 못함,,,청년예술인 지원,0.564
4331000202430092,청년문화예술패스 지원[도비],강원인제군,강원,지방,문화·건강,대상자 지원,0.07,0.07,있음,,,청년예술인 지원,0.826
427100020233024E,청년 중증장애인 자산형성사업,강원영월군,강원,지방,금융·생활안정,기타,0.07,0.06,있음,,,청년 재가 중증장애인 자산형성 지원,1.037
42910002024300A1,청년 문화예술패스,강원정선군,강원,지방,문화·건강,대상자 지원,0.07,0.07,있음,,,청년예술인 지원,0.735
4580000202330040,지역주도형 청년일자리사업(지역혁신형),충남서천군,충남,지방,취업·일경험,기타,0.07,0.07,찾지 못함,,,지역특화형 비자사업,0.691
64400002018301DB,청년어촌정착지원(운영),충남본청,충남,지방,창업·농어업,대상자 지원,0.07,0.04,있음,,,청년어업인 정착지원 사업,0.769
4520000202430149,청년농업인 역량강화 지원,충남아산시,충남,지방,창업·농어업,대상자 지원,0.07,0.07,있음,20251214005400211982,청년농업인 역량강화 지원,청년농업인 역량강화 지원,1.12
4550000202430008,우수 청년농업인 양성(자체),충남금산군,충남,지방,창업·농어업,기타,0.07,0.0,있음,,,청년농업인 역량강화 지원,0.745
3380000202630024,청년정책네트워크 운영,부산수영구,부산,지방,참여·권리,기반·운영,0.07,0.05,찾지 못함,,,부산청년센터 운영,0.62
3350000202030043,청년정책위원회 운영,부산금정구,부산,지방,참여·권리,기반·운영,0.07,0.07,찾지 못함,,,부산청년센터 운영,0.653
3400000202530074,청년 면접수당 지원,부산기장군,부산,지방,금융·생활안정,대상자 지원,0.07,0.03,있음,,,기장군 청년 면접수당 지원 사업,1.02
5010000202530063,청년문화예술패스(국가직접),전남광주신안군,전남,지방,문화·건강,대상자 지원,0.07,0.07,찾지 못함,,,전남청년 문화복지카드,0.62
4910000202430181,청년문화예술패스 사업(도비),전남광주장흥군,전남,지방,문화·건강,대상자 지원,0.07,0.07,찾지 못함,,,전남청년 문화복지카드,0.62
48700002019300B1,청년 취업자 주거지원금 지원사업,전남광주구례군,전남,지방,주거,대상자 지원,0.07,0.02,있음,,,청년 취업자 주거비 지원사업,0.995
4960000202630008,청년 취업자 주거비 지원사업(보조),전남광주함평군,전남,지방,주거,대상자 지원,0.07,0.01,있음,20251124005400211940,청년 취업자 주거비 지원사업,청년 취업자 주거비 지원사업,1.12
499000020243002A,청년 취업자 주거비 지원사업,전남광주완도군,전남,지방,주거,대상자 지원,0.07,0.02,있음,20251124005400211940,청년 취업자 주거비 지원사업,청년 취업자 주거비 지원사업,1.12
58400002026300FA,구례 청년하우스 운영 관리,전남광주구례군,전남,지방,정책기반,기타,0.07,0.05,찾지 못함,,,전남 청년 희망 일자리 지원사업,0.495
48600002019300BB,청년공간 관리 및 활동지원,전남광주곡성군,전남,지방,정책기반,대상자 지원,0.07,0.07,찾지 못함,,,청년월세지원,0.591
4840000202130038,청년 역량강화 교육,전남광주광양시,전남,지방,교육·역량,대상자 지원,0.07,0.06,있음,20260319005400212222,(광양시)청년 역량 강화 교육,(광양시)청년 역량 강화 교육,1.12
4930000202430052,청년 취업 활동 지원사업,전남광주해남군,전남,지방,취업·일경험,대상자 지원,0.07,0.04,있음,,,청년 취업자 주거비 지원사업,0.847
4910000202530005,서울시 지역연계형 청년창업  넥스트로컬 지원,전남광주장흥군,전남,지방,창업·농어업,대상자 지원,0.07,0.05,찾지 못함,,,지역자원 연계 청년창업 지원,0.69
4990000202530009,청년정책 추진,전남광주완도군,전남,지방,정책기반,기타,0.07,0.07,있음,,,청년정책 서포터즈 2기,0.92
49200002024302BD,청년 문화예술패스,전남광주강진군,전남,지방,문화·건강,대상자 지원,0.07,0.07,찾지 못함,,,전남청년 문화복지카드,0.62
501000020183007C,청년농업인영농정착선발및운영(보조),전남광주신안군,전남,지방,창업·농어업,기타,0.07,0.03,찾지 못함,,,청년농업인 스타트업(초기창업) 지원사업,0.596
489000020193017B,청년센터 기반구축,전남광주보성군,전남,지방,정책기반,기타,0.07,0.06,찾지 못함,,,청년농업인 스마트팜 자립기반 구축,0.642
3140000201230041,청년인턴제 운영,서울양천구,서울,지방,취업·일경험,대상자 지원,0.07,0.05,있음,,,서울청년 예비인턴,0.847
3070000201630008,청년지원협의체 운영,서울성북구,서울,지방,참여·권리,기반·운영,0.07,0.04,찾지 못함,,,청년예술청 운영,0.62
30600002020300BE,청년 참여 활성화 지원사업,서울중랑구,서울,지방,참여·권리,대상자 지원,0.07,0.05,있음,,,청년참여 활성화 및 서울청년참여기구 운영 지원,0.9
5390000202530090,경남 청년주택 임차보증금 이자 지원사업,경남의령군,경남,지방,주거,대상자 지원,0.07,0.0,있음,20250917005400211732,청년 주택 임차보증금 이자 지원,청년 주택 임차보증금 이자 지원,1.12
541000020213007E,창녕형 스마트 혁신 청년일자리사업,경남창녕군,경남,지방,취업·일경험,기타,0.07,0.07,있음,,,청년일자리 도전 지원사업,0.703
54200002025300D0,청년주택 임차보증금 이자 지원,경남고성군,경남,지방,주거,대상자 지원,0.07,0.0,있음,20250917005400211732,청년 주택 임차보증금 이자 지원,청년 주택 임차보증금 이자 지원,1.12
54500002025300F9,청년주택 임차보증금 이자지원사업,경남산청군,경남,지방,주거,대상자 지원,0.07,0.03,있음,20250917005400211732,청년 주택 임차보증금 이자 지원,청년 주택 임차보증금 이자 지원,1.12
5460000202530046,청년주택 임차보증금 이자 지원사업,경남함양군,경남,지방,주거,대상자 지원,0.07,0.04,있음,20250917005400211732,청년 주택 임차보증금 이자 지원,청년 주택 임차보증금 이자 지원,1.12
54800002025300D7,청년주택 임차보증금 이자 지원사업,경남합천군,경남,지방,주거,대상자 지원,0.07,0.0,있음,20250917005400211732,청년 주택 임차보증금 이자 지원,청년 주택 임차보증금 이자 지원,1.12
54300002020301F2,청년 빈 집 채움 프로젝트,경남남해군,경남,지방,정책기반,기타,0.07,0.0,있음,,,청년 장인프로젝트,0.787
544000020243010E,청년 문화예술패스 사업,경남하동군,경남,지방,문화·건강,대상자 지원,0.07,0.07,있음,,,청년 문화예술인 활동 지원,0.826
53800002026300FC,양산시 청년 활동 포인트제,경남양산시,경남,지방,정책기반,기타,0.07,0.02,찾지 못함,,,청년 장인프로젝트,0.62
540000020253007B,청년농업인 영농정착지원 선발운영비,경남함안군,경남,지방,창업·농어업,기반·운영,0.07,0.04,있음,,,청년농업인 영농정착지원,1.02
40100002023301F3,청년뉴딜일자리 (신규 인원),경기시흥시,경기,지방,취업·일경험,기타,0.07,0.07,찾지 못함,,,경기청년 일자리 매치업 플러스,0.676
55300002025300C6,청년정책 아이디어 공모전,경기화성시,경기,지방,정책기반,기타,0.07,0.03,있음,,,2025년 화성시 청년정책 아이디어 공모전,1.0
39100002020302F9,청년정책 기반구축,경기평택시,경기,지방,정책기반,기타,0.07,0.07,찾지 못함,,,경기도 청년참여기구 운영,0.691
407000020223000B,대학생 본인부담 등록금 지원,경기이천시,경기,지방,교육·역량,대상자 지원,0.07,0.02,찾지 못함,,,2026년 상반기 경기도 대학생 학자금 대출이자 지원,0.564
416000020253001D,청년정책 추진(자체),경기가평군,경기,지방,정책기반,기타,0.07,0.07,찾지 못함,,,청년 면접 지원 사업,0.62
647000020203037D,청년도전지원사업,경북본청,경북,지방,취업·일경험,대상자 지원,0.07,0.0,있음,,,2025년 청년도전 지원사업,0.92
5060000202330009,보호종료아동 자립 지원,경북김천시,경북,지방,금융·생활안정,대상자 지원,0.07,0.0,찾지 못함,,,자립준비청년 자립수당지원,0.484
5190000202530089,청년신혼부부월세지원사업,경북청도군,경북,지방,주거,대상자 지원,0.07,0.02,있음,20250827005400211525,청년 신혼부부 월세 지원사업,청년 신혼부부 월세 지원사업,1.12
5080000202330385,청년고민상담소운영,경북구미시,경북,지방,문화·건강,대상자 지원,0.07,0.07,찾지 못함,,,청년 고민상담소,0.65
5020000202330176,청년고민상담소운영<보조>,경북포항시,경북,지방,문화·건강,대상자 지원,0.07,0.07,찾지 못함,,,청년 고민상담소,0.65
50200002023301E9,청년고민상담소운영<보조>,경북포항시,경북,지방,문화·건강,대상자 지원,0.07,0.07,찾지 못함,,,청년 고민상담소,0.65
505000020233027B,청년고민상담소 운영,경북경주시,경북,지방,문화·건강,대상자 지원,0.07,0.07,찾지 못함,,,청년 고민상담소,0.65
50600002023300E0,청년고민상담소 운영,경북김천시,경북,지방,문화·건강,대상자 지원,0.07,0.07,찾지 못함,,,청년 고민상담소,0.65
5090000202330078,(도)청년고민상담소 운영,경북영주시,경북,지방,문화·건강,대상자 지원,0.07,0.07,찾지 못함,,,청년 고민상담소,0.65
511000020233002D,[도]청년고민상담소운영,경북상주시,경북,지방,문화·건강,대상자 지원,0.07,0.07,찾지 못함,,,청년 고민상담소,0.65
5130000202330067,(도비보조)청년고민상담소운영,경북경산시,경북,지방,문화·건강,대상자 지원,0.07,0.07,찾지 못함,,,청년 고민상담소,0.65
51000002023300A0,도)청년고민상담소운영,경북영천시,경북,지방,문화·건강,대상자 지원,0.07,0.07,찾지 못함,,,청년 고민상담소,0.583
5220000202330192,청년고민상담소운영,경북칠곡군,경북,지방,문화·건강,대상자 지원,0.07,0.07,찾지 못함,,,청년 고민상담소,0.65
50700002023300D9,[국]청년전세보증금반환보증보증료지원사업,경북안동시,경북,지방,주거,대상자 지원,0.07,0.02,있음,,,전세보증금반환보증 보증료 지원,0.923
50600002023300B7,청년농업인 농지임대료 지원(보조),경북김천시,경북,지방,창업·농어업,대상자 지원,0.07,0.0,찾지 못함,,,청년스타트업 지원,0.62
513000020233006E,(도비보조)청년농업인 농지임대 지원,경북경산시,경북,지방,창업·농어업,대상자 지원,0.07,0.01,찾지 못함,,,청년스타트업 지원,0.646
516000020233004A,청년농업인농지임대료지원,경북청송군,경북,지방,창업·농어업,대상자 지원,0.07,0.04,찾지 못함,,,청년스타트업 지원,0.62
5170000202330093,청년농업인농지임대지원(보조),경북영양군,경북,지방,창업·농어업,대상자 지원,0.07,0.01,찾지 못함,,,청년스타트업 지원,0.646
5190000202330079,청년농업인농지임대지원,경북청도군,경북,지방,창업·농어업,대상자 지원,0.07,0.0,찾지 못함,,,청년스타트업 지원,0.646
5150000202530051,청년문화예술패스지원(국가직접지원),경북의성군,경북,지방,문화·건강,대상자 지원,0.07,0.07,찾지 못함,,,청년스타트업 지원,0.676
517000020223005A,청년근로자사랑채움사업(보조),경북영양군,경북,지방,취업·일경험,기타,0.07,0.07,있음,,,2025 청년근로자 행복카드 지원사업,0.703
5180000202030092,청년근로자사랑채움사업(도비보조),경북영덕군,경북,지방,취업·일경험,기타,0.07,0.07,있음,,,2025 청년근로자 행복카드 지원사업,0.703
5200000202230049,청년근로자 사랑채움사업,경북고령군,경북,지방,취업·일경험,기타,0.07,0.07,있음,,,고령군 청년근로자 교통비 지원사업,0.729
5240000202030057,청년근로자사랑채움사업,경북봉화군,경북,지방,취업·일경험,기타,0.07,0.07,있음,,,2025 청년근로자 행복카드 지원사업,0.703
5250000202230097,청년근로자 사랑채움사업,경북울진군,경북,지방,취업·일경험,기타,0.07,0.07,있음,,,2025 청년근로자 행복카드 지원사업,0.703
341000020203007D,청년정책추진강화,대구중구,대구,지방,정책기반,기타,0.07,0.07,있음,,,제3차 대구광역시 청년정책 기본계획 수립,0.92
3460000201530023,자립준비청년 자립지원(자체),대구수성구,대구,지방,금융·생활안정,대상자 지원,0.07,0.06,찾지 못함,,,대구광역시 사회적 고립청년 지원사업,0.596
3410000202630023,청년마일리지챌린지,대구중구,대구,지방,정책기반,기타,0.07,0.03,찾지 못함,,,지역주도형 청년일자리 사업,0.541
47200002018301B2,지역주도형 청년 일자리사업 (사회적경제 청년 혁신가),전북완주군,전북,지방,취업·일경험,기타,0.07,0.07,있음,20250718005400211401,지역주도형 청년일자리사업(시군),지역주도형 청년일자리사업(시군),1.12
47800002019300A1,청년농업인 생생동아리 지원사업,전북고창군,전북,지방,창업·농어업,대상자 지원,0.07,0.07,있음,20250718005400211443,청년농업인 생생동아리 지원,청년농업인 생생동아리 지원,1.12
478100020263007D,신혼부부 및 청년 전세자금 대출이자 지원사업,전북고창군,전북,지방,주거,대상자 지원,0.07,0.04,찾지 못함,,,대학생 학자금 대출이자 지원,0.636
474000020203009B,청년농업인 영농기반 임차 지원,전북무주군,전북,지방,창업·농어업,대상자 지원,0.07,0.05,있음,,,청년창업농 영농기반 임차지원,0.966
47710002024300A6,청년 문화예술패스 지원사업,전북순창군,전북,지방,문화·건강,대상자 지원,0.07,0.07,있음,,,청년문화예술주문배달서비스사업(청년예술 퀵),0.857
4780000202330164,활력고창 청년창업 지원사업,전북고창군,전북,지방,창업·농어업,대상자 지원,0.07,0.03,있음,,,청년창업농 영농정착지원사업,0.76
4710000201730097,대학생 학자금 이자지원,전북김제시,전북,지방,교육·역량,대상자 지원,0.07,0.07,있음,,,대학생 학자금 대출이자 지원,1.029
4790000202330151,부안군 지역특화형 청년일자리 프로젝트,전북부안군,전북,지방,취업·일경험,기타,0.07,0.0,있음,,,지역주도형 청년일자리사업(시군),0.713
47800002023301D5,전북 군복무 청년 상해보험 가입 지원사업,전북고창군,전북,지방,금융·생활안정,대상자 지원,0.07,0.07,있음,20250110005400210162,전북 군복무 청년 상해보험 가입 지원,전북 군복무 청년 상해보험 가입 지원,1.12
628000020203008E,청년정책조정위원회 운영 관리,인천본청,인천,지방,참여·권리,기반·운영,0.07,0.07,찾지 못함,,,2026년 인천 청년정책네트워크 위원 모집,0.642
35700002023301A0,인천 청년 자격증 응시료 지원(보조),인천강화군,인천,지방,교육·역량,대상자 지원,0.07,0.05,있음,20260406005400212447,(강화군) 청년 자격증 응시료 지원,(강화군) 청년 자격증 응시료 지원,1.12
350000020243006C,인천형 청년월세 지원사업(35세~39세),인천제물포구,인천,지방,주거,대상자 지원,0.07,0.01,있음,,,(동구) 인천시 청년월세 지원사업,1.009
4470000202230087,혁신기업 청년채용 지원,충북음성군,충북,지방,취업·일경험,대상자 지원,0.07,0.0,찾지 못함,,,신 취약청년(가족돌봄·고립은둔) 지원사업,0.646
43900002016301EB,장애인 및 장애인자녀 대학생 지원,충북충주시,충북,지방,교육·역량,대상자 지원,0.07,0.0,찾지 못함,,,"대학생 주거 지원(서‧동서울관, 청주관)",0.596
4400000201830090,대학생 학자금 이자지원 사업(보조),충북제천시,충북,지방,교육·역량,대상자 지원,0.07,0.07,있음,20250220005400210486,대학생 학자금 이자 지원,대학생 학자금 이자 지원,1.12
4290000202330173,강원도 청년 중증장애인 자산형성사업,강원정선군,강원,지방,금융·생활안정,기타,0.06,0.03,있음,,,청년 재가 중증장애인 자산형성 지원,1.0
4321000202330148,청년 중증장애인 자산형성 지원,강원양구군,강원,지방,금융·생활안정,대상자 지원,0.06,0.05,있음,,,청년 재가 중증장애인 자산형성 지원,1.049
42210002023301B7,청년 중증장애인 자산형성사업,강원태백시,강원,지방,금융·생활안정,기타,0.06,0.04,있음,,,청년 재가 중증장애인 자산형성 지원,1.037
4271000202630029,청년농업인 영농정착지원 사업 선발운영비(국고),강원영월군,강원,지방,창업·농어업,기반·운영,0.06,0.06,있음,,,청년농업인 영농정착 지원,1.02
42810002025300B7,청년농업인 영농정착지원 선발운영비(보조),강원평창군,강원,지방,창업·농어업,기반·운영,0.06,0.04,있음,,,청년농업인 영농정착 지원,1.02
43010002025300A3,청년농업인 영농정착지원 선발 운영비,강원철원군,강원,지방,창업·농어업,기반·운영,0.06,0.02,있음,,,청년농업인 영농정착 지원,1.02
434100020233015C,청년 취업준비 쿠폰 지원사업,강원고성군,강원,지방,취업·일경험,대상자 지원,0.06,0.0,있음,,,강원 고성군 청년 취업수당 지원,0.72
45900002022300DE,청년후계농 영농정착 지원사업 선발운영비,충남청양군,충남,지방,창업·농어업,기반·운영,0.06,0.01,있음,,,청년후계농업인 영농정착 지원,0.903
4500000202030054,스타트업 청년농업인 창농스쿨 운영,충남공주시,충남,지방,창업·농어업,기타,0.06,0.0,찾지 못함,,,청년농업인 창농 신성장 활동,0.68
452000020263013B,청년농업인 스마트팜 기술 연수(농업기술과),충남아산시,충남,지방,창업·농어업,기타,0.06,0.06,있음,,,청년자립형 스마트팜 지원사업,0.72
45500002023300A8,자립준비청년 대학생활안정자금 지원(도비),충남금산군,충남,지방,교육·역량,대상자 지원,0.06,0.04,있음,,,자립준비청년 지원,1.02
4610000202130031,청년예술인공연활성화,충남예산군,충남,지방,문화·건강,기타,0.06,0.06,있음,,,청년예술인 해외 공연,0.857
462000020193017C,자립준비청년 자립수당,충남태안군,충남,지방,금융·생활안정,대상자 지원,0.06,0.0,있음,,,"자립준비청년 자립 지원 (자립수당, 자립정착금, 대학생활안정자금)",1.02
46200002023301B2,자립준비청년 대학생활안정자금 지원,충남태안군,충남,지방,교육·역량,대상자 지원,0.06,0.02,있음,,,자립준비청년 지원,1.02
4510000202630034,청년자립형 스마트팜 이차보전 지원,충남보령시,충남,지방,창업·농어업,대상자 지원,0.06,0.04,있음,,,청년자립형 스마트팜 지원사업,1.02
339000020253004A,청년공간 운영,부산사상구,부산,지방,정책기반,기반·운영,0.06,0.06,있음,,,부산 청년공간 오름라운지 운영,0.92
500000020243011F,청년 문화예술패스 사업,전남광주진도군,전남,지방,문화·건강,대상자 지원,0.06,0.06,찾지 못함,,,전남청년 문화복지카드,0.62
48100002020301BD,청년농업인 연구동아리 지원,전남광주여수시,전남,지방,창업·농어업,대상자 지원,0.06,0.02,있음,20250304005400210582,청년농업인 연구동아리 지원,청년농업인 연구동아리 지원,1.12
48600002023300CC,청년농업인 농지확보 지원사업,전남광주곡성군,전남,지방,창업·농어업,대상자 지원,0.06,0.05,있음,,,청년농업인 스타트업(초기창업) 지원사업,0.812
6500000201930098,청년 인재양성 프로그램 운영,제주본청,제주,지방,정책기반,기타,0.06,0.05,있음,,,청년농업인 교육 프로그램 운영(제주 청년농업인 아카데미),0.84
3100000201930040,청년지원 정책발굴 및 활동생태계 조성,서울노원구,서울,지방,정책기반,기반·운영,0.06,0.03,찾지 못함,,,서울청년문화패스 지원,0.453
5440000202330081,청년 렌터카 지원사업,경남하동군,경남,지방,정책기반,대상자 지원,0.06,0.06,있음,,,청년일자리 도전 지원사업,0.72
54500002024300E9,청년 문화예술패스,경남산청군,경남,지방,문화·건강,대상자 지원,0.06,0.06,있음,,,청년 문화예술인 활동 지원,0.826
54800002024300B0,청년 문화예술패스 사업,경남합천군,경남,지방,문화·건강,대상자 지원,0.06,0.06,있음,,,청년 문화예술인 활동 지원,0.826
53900002022300B4,청년창업농 경영실습 임대농장 조성,경남의령군,경남,지방,창업·농어업,기반·운영,0.06,0.01,찾지 못함,,,청년 창업농 맞춤형 지원,0.555
5440000202130136,청년정책 홍보단,경남하동군,경남,지방,정책기반,기반·운영,0.06,0.03,있음,,,매체 활용 청년정책 홍보,0.826
54700002022300CD,자립준비청년 대학생활안정자금 지원,경남거창군,경남,지방,교육·역량,대상자 지원,0.06,0.06,있음,20250916005400211697,자립준비청년 대학생활안정자금 지원,자립준비청년 대학생활안정자금 지원,1.12
4160000202630069,경기청년공간 지원(거점형)(보조),경기가평군,경기,지방,정책기반,대상자 지원,0.06,0.0,있음,,,청년공동체 연구지원 사업,0.708
386000020263011D,경기청년공간 운영(오정청년공간),경기부천시,경기,지방,정책기반,기반·운영,0.06,0.0,있음,,,소사청년공간 소사로움 운영,0.92
391000020243023E,생활밀착형 청년공간 운영 지원(도비),경기평택시,경기,지방,금융·생활안정,기반·운영,0.06,0.06,찾지 못함,,,제7기 평택시 청년네트워크 운영 및 지원,0.564
55400002024301DC,경기청년공간 생활밀착형 청년공간 지원사업,경기광주시,경기,지방,금융·생활안정,대상자 지원,0.06,0.06,찾지 못함,,,청년공동체 연구지원 사업,0.62
55900002024300E0,생활밀착형 청년공간 운영,경기양주시,경기,지방,금융·생활안정,기반·운영,0.06,0.06,찾지 못함,,,경기도 청년참여기구 운영,0.541
39200002024300D0,생활밀착형 청년공간 운영 지원,경기동두천시,경기,지방,금융·생활안정,기반·운영,0.06,0.06,찾지 못함,,,청년농업인 영농정착지원,0.537
3970000202530087,경기 청년공간 프로그램 운영(생활밀착형 청년공간 운영)(도비),경기과천시,경기,지방,금융·생활안정,기반·운영,0.06,0.01,있음,,,경기청년 사다리 프로그램,0.752
3860000202630198,경기청년공간 운영 사업,경기부천시,경기,지방,정책기반,기반·운영,0.06,0.0,있음,,,소사청년공간 소사로움 운영,0.92
3740000202630054,청년 결혼장려 인식개선,경기수원시,경기,지방,금융·생활안정,기타,0.06,0.06,찾지 못함,,,경기청년 결혼준비 지원 사업,0.62
4090000201830218,청년농업인 영농정착 지원 선발운영,경기김포시,경기,지방,창업·농어업,대상자 지원,0.06,0.02,있음,,,청년농업인 영농정착지원,1.02
5590000201830132,청년농업인 영농정착지원 사업 선발 및 운영,경기양주시,경기,지방,창업·농어업,대상자 지원,0.06,0.03,있음,,,청년농업인 영농정착지원,1.02
57000002019300BA,청년농업인 영농정착 지원 선발운영(보조),경기여주시,경기,지방,창업·농어업,대상자 지원,0.06,0.03,있음,,,청년농업인 영농정착지원,1.02
416000020223004E,지역대학생 기숙사 지원(자체),경기가평군,경기,지방,주거,대상자 지원,0.06,0.04,있음,,,대학기숙사 확충,0.787
41600002023301E9,청년 농업인 영농정착지원 선발 운영(보조),경기가평군,경기,지방,창업·농어업,대상자 지원,0.06,0.04,있음,,,청년농업인 영농정착지원,1.02
41400002023302A3,청년 농업인 영농정착지원금 선발 운영,경기연천군,경기,지방,창업·농어업,대상자 지원,0.06,0.06,있음,,,청년농업인 영농정착지원,1.02
3990000202330408,청년참여 정책추진,경기남양주시,경기,지방,참여·권리,기타,0.06,0.06,있음,,,경기도 청년참여기구 운영,0.787
414000020233025A,경기 청년 역량강화 기회 지원사업,경기연천군,경기,지방,교육·역량,대상자 지원,0.06,0.03,있음,20251107005400211812,경기청년 역량강화 기회지원,경기청년 역량강화 기회지원,1.12
4040000202230109,청년정책위원회 운영,경기하남시,경기,지방,참여·권리,기반·운영,0.06,0.05,찾지 못함,,,경기도 청년참여기구 운영,0.591
4030000202530036,청년 직무멘토링 운영,경기의왕시,경기,지방,교육·역량,기타,0.06,0.05,찾지 못함,,,경기도 청년참여기구 운영,0.591
63000002014300C7,대학생 시정홍보단 운영,대전본청,대전,지방,교육·역량,기반·운영,0.06,0.05,찾지 못함,,,,
51900002024300D6,청년문화예술패스사업,경북청도군,경북,지방,문화·건강,대상자 지원,0.06,0.06,찾지 못함,,,경북청년 예비창업가 육성사업,0.596
50800002019300CB,청년농업인영농정착지원선발운영(지특도자율),경북구미시,경북,지방,창업·농어업,대상자 지원,0.06,0.03,찾지 못함,,,청년스타트업 지원,0.555
513000020193007D,(국비보조)청년농업인영농정착지원선발운영,경북경산시,경북,지방,창업·농어업,대상자 지원,0.06,0.02,찾지 못함,,,청년스타트업 지원,0.555
520000020183004B,청년농업인 영농정착 선발운영,경북고령군,경북,지방,창업·농어업,기타,0.06,0.03,찾지 못함,,,2025년 경북 청년창업 지역정착 지원사업,0.526
523000020183004F,청년농업인 영농정착지원 선발 운영,경북예천군,경북,지방,창업·농어업,대상자 지원,0.06,0.05,있음,,,청년농업인 영농정착 지원,1.02
521000020253007E,청년문화예술패스사업(국가직접지원),경북성주군,경북,지방,문화·건강,대상자 지원,0.06,0.06,찾지 못함,,,성주군 청년스타트업 지원사업,0.62
50500002021301E9,전통시장청년몰운영지원,경북경주시,경북,지방,정책기반,대상자 지원,0.06,0.06,찾지 못함,,,2025년 청년도전 지원사업,0.591
51500002024300B9,청년신혼부부월세지원(도비),경북의성군,경북,지방,주거,대상자 지원,0.06,0.0,있음,20250827005400211525,청년 신혼부부 월세 지원사업,청년 신혼부부 월세 지원사업,1.12
51600002024300AB,청년신혼부부 월세지원사업,경북청송군,경북,지방,주거,대상자 지원,0.06,0.0,있음,20250827005400211525,청년 신혼부부 월세 지원사업,청년 신혼부부 월세 지원사업,1.12
517000020243008F,청년신혼부부월세지원사업(보조),경북영양군,경북,지방,주거,대상자 지원,0.06,0.04,있음,20250827005400211525,청년 신혼부부 월세 지원사업,청년 신혼부부 월세 지원사업,1.12
5190000201930028,바르게살기운동청년회조직활성화,경북청도군,경북,지방,정책기반,기타,0.06,0.06,찾지 못함,,,경북청년 예비창업가 육성사업,0.37
5190000202530021,청년정책추진및홍보,경북청도군,경북,지방,정책기반,기반·운영,0.06,0.05,찾지 못함,,,2025년 청년도전 지원사업,0.484
52100002024300CE,청년신혼부부월세지원사업,경북성주군,경북,지방,주거,대상자 지원,0.06,0.06,있음,20250827005400211525,청년 신혼부부 월세 지원사업,청년 신혼부부 월세 지원사업,1.12
5200000201930063,보호종료아동자립수당 지원,경북고령군,경북,지방,금융·생활안정,대상자 지원,0.06,0.0,찾지 못함,,,자립준비청년 자립수당지원,0.62
5240000201930048,보호종료아동자립수당지원,경북봉화군,경북,지방,금융·생활안정,대상자 지원,0.06,0.0,찾지 못함,,,자립준비청년 자립수당지원,0.62
52400002024300B5,청년신혼부부월세지원,경북봉화군,경북,지방,주거,대상자 지원,0.06,0.0,있음,20250827005400211525,청년 신혼부부 월세 지원사업,청년 신혼부부 월세 지원사업,1.12
51800002024300E5,청년 신혼부부 월세 지원사업(도비보조),경북영덕군,경북,지방,주거,대상자 지원,0.06,0.04,있음,20250827005400211525,청년 신혼부부 월세 지원사업,청년 신혼부부 월세 지원사업,1.12
525000020243014B,청년 신혼부부 월세 지원사업,경북울진군,경북,지방,주거,대상자 지원,0.06,0.03,있음,20250827005400211525,청년 신혼부부 월세 지원사업,청년 신혼부부 월세 지원사업,1.12
51800002024300B9,청년 문화예술패스(도비보조),경북영덕군,경북,지방,문화·건강,대상자 지원,0.06,0.06,찾지 못함,,,청년스타트업 지원,0.549
520000020243008F,청년예술패스 사업,경북고령군,경북,지방,문화·건강,대상자 지원,0.06,0.06,찾지 못함,,,경북청년 예비창업가 육성사업,0.646
5140000201930055,청년농업인 영농정착지원 선발운영,대구군위군,대구,지방,창업·농어업,대상자 지원,0.06,0.04,있음,,,청년농업인 영농정착지원사업,1.02
348000020213013C,청년농업인 영농정착지원 행정경비,대구달성군,대구,지방,창업·농어업,대상자 지원,0.06,0.02,있음,,,청년농업인 영농정착지원사업,1.02
36100002025300CA,청년 1인가구 주거 안심물품 지원,전남광주남구,광주,지방,주거,대상자 지원,0.06,0.0,찾지 못함,,,청년 주거급여 분리지급,0.537
3620000202430032,청년도전지원사업(자체),전남광주북구,광주,지방,취업·일경험,대상자 지원,0.06,0.06,있음,,,[북구]2026년 청년도전지원사업,0.92
479000020233017F,전북 군복무 청년 상해보험 가입지원,전북부안군,전북,지방,금융·생활안정,대상자 지원,0.06,0.06,있음,20250110005400210162,전북 군복무 청년 상해보험 가입 지원,전북 군복무 청년 상해보험 가입 지원,1.12
46710002024300FD,청년지원추진,전북군산시,전북,지방,정책기반,대상자 지원,0.06,0.06,있음,,,전북형 청년취업 지원,0.735
4700000201930089,청년농업인 생생동아리 지원,전북남원시,전북,지방,창업·농어업,대상자 지원,0.06,0.06,있음,20250718005400211443,청년농업인 생생동아리 지원,청년농업인 생생동아리 지원,1.12
4770000202030072,청년창업농 영농기반 임차지원,전북순창군,전북,지방,창업·농어업,대상자 지원,0.06,0.0,있음,20250718005400211442,청년창업농 영농기반 임차지원,청년창업농 영농기반 임차지원,1.12
47410002024300B9,청년 문화예술패스 지원 사업,전북무주군,전북,지방,문화·건강,대상자 지원,0.06,0.06,있음,,,청년문화예술주문배달서비스사업(청년예술 퀵),0.857
3510500201930009,K콘텐츠 청년창업실 운영,인천미추홀구,인천,지방,창업·농어업,대상자 지원,0.06,0.04,있음,20260406005400212469,(미추홀구)K-콘텐츠 청년창업실 운영,(미추홀구)K-콘텐츠 청년창업실 운영,1.12
5710000202330306,청년유교교실,충북청주시,충북,지방,정책기반,기타,0.06,0.06,찾지 못함,,,충북 청년카페 운영,0.52
5570000201930014,군복무 청년 상해보험,충북증평군,충북,지방,금융·생활안정,기타,0.06,0.06,찾지 못함,,,청년 농촌보금자리 조성사업,0.436
4460000201930080,보호종료아동 자립수당 지급,충북괴산군,충북,지방,금융·생활안정,대상자 지원,0.06,0.01,찾지 못함,,,자립준비청년 자립수당 지급,0.62
4460000202430106,청년 문화예술패스,충북괴산군,충북,지방,문화·건강,대상자 지원,0.06,0.06,찾지 못함,,,충북 청년사회서비스사업단 운영,0.495
44200002024300E7,청년 문화예술패스,충북보은군,충북,지방,문화·건강,대상자 지원,0.06,0.06,찾지 못함,,,충북 청년사회서비스사업단 운영,0.495
43210002024300C4,청년문화예술패스 지원,강원양구군,강원,지방,문화·건강,대상자 지원,0.05,0.05,있음,,,청년예술인 지원,0.826
4300000202330056,단위사업운영경비(청년정책),강원철원군,강원,지방,정책기반,기타,0.05,0.03,찾지 못함,,,,
4250000202330125,청년정책 추진,강원홍천군,강원,지방,정책기반,기타,0.05,0.05,찾지 못함,,,청년 맞춤형 교육 추진,0.653
4221000202530099,청년 어학 및 자격시험 응시료 지원사업,강원태백시,강원,지방,교육·역량,대상자 지원,0.05,0.05,찾지 못함,,,2025년 청년 디딤돌 2배 적금 지원사업,0.534
4231000202530024,속초시 청년 취업자격증 응시료 지원사업,강원속초시,강원,지방,교육·역량,대상자 지원,0.05,0.05,있음,,,속초시 청년 취업자격증 취득 응시료 지원사업,1.053
424100020233032B,청년농업인 정책자금 이차보전 지원(도),강원삼척시,강원,지방,창업·농어업,대상자 지원,0.05,0.0,있음,20250618005400211056,청년농업인 정책자금 이차보전 지원,청년농업인 정책자금 이차보전 지원,1.12
4280000202230075,지역주도형 청년일자리 지역혁신사업(보조),강원평창군,강원,지방,취업·일경험,기타,0.05,0.05,있음,,,지역주도형 청년일자리 사업(지역혁신형),0.9
428100020253000A,청년 전월세 보증금 대출이자 지원사업,강원평창군,강원,지방,주거,대상자 지원,0.05,0.01,찾지 못함,,,2025년 청년 디딤돌 2배 적금 지원사업,0.603
433000020223005F,지역혁신형 청년일자리사업[균특],강원인제군,강원,지방,취업·일경험,기타,0.05,0.05,있음,,,지역주도형 청년일자리 사업(지역혁신형),0.833
435100020243009C,청년 문화예술패스 사업,강원양양군,강원,지방,문화·건강,대상자 지원,0.05,0.05,있음,,,청년예술인 지원,0.735
4200000201930224,청년정책 사업 운영경비,강원강릉시,강원,지방,정책기반,기타,0.05,0.04,찾지 못함,,,청년층 정신건강 서비스 강화,0.62
43110002024300AA,청년 문화예술패스 지원,강원화천군,강원,지방,문화·건강,대상자 지원,0.05,0.05,있음,,,청년예술인 지원,0.826
4520000202630018,청년농업인 역량강화(농업전문자격취득) 지원,충남아산시,충남,지방,창업·농어업,대상자 지원,0.05,0.0,있음,20251214005400211982,청년농업인 역량강화 지원,청년농업인 역량강화 지원,1.12
5580000202630005,청년 AI 자격증 취득 과정 지원(주민참여예산),충남계룡시,충남,지방,교육·역량,대상자 지원,0.05,0.05,있음,,,청년 AI 자격증 취득 지원,1.037
4590000202430058,청년농업인 품목별 연구동아리 육성지원(도),충남청양군,충남,지방,창업·농어업,대상자 지원,0.05,0.05,있음,,,청년농업인 역량강화 지원,0.92
4550000201730053,청년농업인 역량강화 지원 시범사업(도비),충남금산군,충남,지방,창업·농어업,대상자 지원,0.05,0.0,있음,,,청년농업인 역량강화 지원,1.02
4610000202230072,청년농업인품목별연구동아리육성지원사업,충남예산군,충남,지방,창업·농어업,대상자 지원,0.05,0.05,있음,,,청년농업인 역량강화 지원,0.92
4600000202630059,청년 농업인 품목별 연구 동아리 육성 지원(도비),충남홍성군,충남,지방,창업·농어업,대상자 지원,0.05,0.01,있음,,,청년농업인 역량강화 지원,0.92
4620000202330014,태안군 청년과 함께 혁신,충남태안군,충남,지방,정책기반,기타,0.05,0.05,찾지 못함,,,태안 청년 창업 지원,0.62
46200002026300E2,청년농업인 역량강화(농업전문자격취득) 지원,충남태안군,충남,지방,창업·농어업,대상자 지원,0.05,0.02,있음,20251214005400211982,청년농업인 역량강화 지원,청년농업인 역량강화 지원,1.12
3350000202630006,청년 창업가 임차료 지원사업,부산금정구,부산,지방,창업·농어업,대상자 지원,0.05,0.03,있음,,,부산 청년도전 지원사업,0.72
32700002021300D7,청년 정책 활성화(시군구전환사업),부산동구,부산,지방,정책기반,기타,0.05,0.02,찾지 못함,,,부산 청년 생활인구 유입 활성화(부산온나청년패스),0.676
3310000202330025,청년 1인가구 지원사업,부산남구,부산,지방,정책기반,대상자 지원,0.05,0.02,있음,,,부산 청년도전 지원사업,0.787
3270000202630027,구직청년 AI 면접 코칭 지원사업,부산동구,부산,지방,교육·역량,대상자 지원,0.05,0.0,찾지 못함,,,부산 청년도전 지원사업,0.665
335000020253001B,사회적 고립청년 지원,부산금정구,부산,지방,정책기반,대상자 지원,0.05,0.05,있음,20250114005400210222,사회적 고립청년 지원(부산시 금정구),사회적 고립청년 지원(부산시 금정구),1.12
3350000202630003,청년 전월세 중개수수료 지원사업,부산금정구,부산,지방,주거,대상자 지원,0.05,0.05,있음,,,부산 청년도전 지원사업,0.756
62600002019300AF,청년중간지원조직 운영,부산본청,부산,지방,정책기반,대상자 지원,0.05,0.05,찾지 못함,,,부산 청년공간 오름라운지 운영,0.691
485000020193004F,청년 취업자 주거지원금 지원,전남광주담양군,전남,지방,주거,대상자 지원,0.05,0.03,있음,,,청년 취업자 주거비 지원사업,0.995
486000020243005A,청년문화예술패스사업,전남광주곡성군,전남,지방,문화·건강,대상자 지원,0.05,0.05,찾지 못함,,,전남청년 문화복지카드,0.62
496000020243013A,청년 문화예술패스 지원사업,전남광주함평군,전남,지방,문화·건강,대상자 지원,0.05,0.05,찾지 못함,,,청년농업인 스타트업(초기창업) 지원사업,0.68
48300002025300CD,청년 꿈이룸서비스(정장대여 및 면접사진)지원사업,전남광주나주시,전남,지방,취업·일경험,대상자 지원,0.05,0.04,있음,,,청년 취업자 주거비 지원사업,0.703
4870000202530003,청년농업인 리더 육성 지원,전남광주구례군,전남,지방,창업·농어업,대상자 지원,0.05,0.0,있음,,,학사농업인 육성 지원,0.82
4900000201730126,청년정책 수립 및 협의체 운영,전남광주화순군,전남,지방,참여·권리,기반·운영,0.05,0.0,찾지 못함,,,전라남도 청년의 목소리 운영,0.537
490000020263000E,대학생 현장실습 활성화 지원,전남광주화순군,전남,지방,교육·역량,대상자 지원,0.05,0.0,있음,20251230005400212049,대학생 현장실습 활성화 지원사업,대학생 현장실습 활성화 지원사업,1.12
4950000202330029,청년농업인 스마트영농단 육성 지원,전남광주무안군,전남,지방,창업·농어업,대상자 지원,0.05,0.0,있음,,,청년농업인 스타트업(초기창업) 지원사업,0.763
4950000202330210,자립준비청년 자립지원 사업,전남광주무안군,전남,지방,금융·생활안정,대상자 지원,0.05,0.01,있음,,,전남 청년 희망 일자리 지원사업,0.729
48700002024300DC,청년 문화예술패스 사업 지원,전남광주구례군,전남,지방,문화·건강,대상자 지원,0.05,0.05,찾지 못함,,,전남청년 문화복지카드,0.62
310000020233023C,청년 포털 시스템 유지관리,서울노원구,서울,지방,정책기반,기반·운영,0.05,0.04,찾지 못함,,,서울청년문화패스 지원,0.541
30700002018300BD,지역주도형 청년일자리사업,서울성북구,서울,지방,취업·일경험,기타,0.05,0.05,있음,,,미래 청년 일자리 사업,0.787
3160000202230057,G밸리 의료 IT 청년인재 채용지원,서울구로구,서울,지방,취업·일경험,대상자 지원,0.05,0.05,찾지 못함,,,해양경찰청 청년인턴 채용,0.526
3200000202530041,지역상권과 함께하는 청년정보통,서울관악구,서울,지방,정책기반,기타,0.05,0.04,찾지 못함,,,청년 몽땅 정보통 운영,0.476
3140000201930001,청년정책위원회 운영,서울양천구,서울,지방,참여·권리,기반·운영,0.05,0.05,찾지 못함,,,청년예술청 운영,0.62
53800002023307F8,청년정책 추진,경남양산시,경남,지방,정책기반,기타,0.05,0.04,있음,,,양산시 청년정책단 운영,0.92
5440000202330196,청년 농식품수출  마케터 지원,경남하동군,경남,지방,정책기반,대상자 지원,0.05,0.05,있음,20250917005400211745,경남 청년 농식품수출 마케터 지원,경남 청년 농식품수출 마케터 지원,1.12
56700002023302A7,경남 청년 농식품수출 마케터 지원,경남창원시,경남,지방,정책기반,대상자 지원,0.05,0.0,있음,20250917005400211745,경남 청년 농식품수출 마케터 지원,경남 청년 농식품수출 마케터 지원,1.12
53100002020300BB,경남 청년 농식품수출 마케터 지원사업,경남진주시,경남,지방,정책기반,대상자 지원,0.05,0.03,있음,20250917005400211745,경남 청년 농식품수출 마케터 지원,경남 청년 농식품수출 마케터 지원,1.12
5350000202530033,청년4-H 공동과제포 운영,경남김해시,경남,지방,창업·농어업,기타,0.05,0.05,있음,,,청년4-H회 과제교육 지원,0.787
53800002020300F0,저소득층 군복무청년 상해보험 가입,경남양산시,경남,지방,금융·생활안정,기타,0.05,0.03,찾지 못함,,,청년 일경험 지원,0.42
53900002024300BE,청년 참여확대  공간 조성,경남의령군,경남,지방,참여·권리,기반·운영,0.05,0.0,있음,,,청년 참여 위원회 확대,0.752
5420000202530119,청년 버스킹 챌린지 사업,경남고성군,경남,지방,정책기반,기타,0.05,0.0,찾지 못함,,,청년일자리 도전 지원사업,0.596
54300002020300F7,청년 커뮤니티 활성화 지원,경남남해군,경남,지방,참여·권리,대상자 지원,0.05,0.05,있음,20251203005400211949,청년 커뮤니티(동아리) 활성화 지원사업,청년 커뮤니티(동아리) 활성화 지원사업,1.12
542000020243000D,청년 이사비용 지원사업,경남고성군,경남,지방,주거,대상자 지원,0.05,0.05,찾지 못함,,,청년일자리 도전 지원사업,0.691
5450000202630122,경남형 청년마을 조성사업,경남산청군,경남,지방,참여·권리,기반·운영,0.05,0.0,찾지 못함,,,청년 소규모 스마트팜 조성,0.676
5470000202330147,거창군 청년 디지털일자리사업,경남거창군,경남,지방,취업·일경험,기타,0.05,0.05,있음,,,시군 주도 청년일자리,0.72
3920000202130009,청년동아리 활동 지원,경기동두천시,경기,지방,참여·권리,대상자 지원,0.05,0.05,찾지 못함,,,경기청년 사다리 프로그램,0.62
4050000201930264,청년농업인 육성,경기용인시,경기,지방,창업·농어업,기타,0.05,0.0,있음,,,청년농업인 영농정착지원,0.745
383000020233018D,2023년 안양형 뉴딜 청년일자리 사업,경기안양시,경기,지방,취업·일경험,기타,0.05,0.05,찾지 못함,,,경기청년 일자리 매치업 플러스,0.642
3820000202330269,지역혁신형 청년일자리 사업(신규유형),경기의정부시,경기,지방,취업·일경험,기타,0.05,0.05,찾지 못함,,,경기청년 일자리 매치업 플러스,0.642
3820000202630051,의정부시 청년 여행 지원금(주민참여예산),경기의정부시,경기,지방,문화·건강,대상자 지원,0.05,0.04,찾지 못함,,,경기 청년기회 여행감독 육성 및 지원,0.62
4090000202330231,지역주도형 청년일자리사업 1유형(2023년),경기김포시,경기,지방,취업·일경험,기타,0.05,0.05,찾지 못함,,,경기청년 일자리 매치업 플러스,0.582
40300002018300C0,지역주도형 청년일자리사업(희망 의왕 청년 내일로),경기의왕시,경기,지방,취업·일경험,기타,0.05,0.05,찾지 못함,,,경기청년 일자리 매치업 플러스,0.642
4080000200830011,대학생 행정인턴십 운영,경기안성시,경기,지방,교육·역량,대상자 지원,0.05,0.05,찾지 못함,,,대학생 천원의 아침밥,0.473
3660000202530090,건축전공대학생 직업체험 프로그램 운영,대전서구,대전,지방,교육·역량,기반·운영,0.05,0.0,찾지 못함,,,청년 행정체험연수 운영,0.44
3670000202330037,자립준비청년 자립정착지원,대전유성구,대전,지방,금융·생활안정,대상자 지원,0.05,0.05,찾지 못함,,,청년도전지원사업,0.52
5240000202430092,청년문화예술패스사업지원,경북봉화군,경북,지방,문화·건강,대상자 지원,0.05,0.05,있음,,,청년스타트업 지원,0.72
5020000202330281,청년정책지원,경북포항시,경북,지방,정책기반,대상자 지원,0.05,0.05,찾지 못함,,,2025년 청년도전 지원사업,0.691
508000020243004E,바르게살기운동청년회조직활성화,경북구미시,경북,지방,정책기반,기타,0.05,0.0,찾지 못함,,,청년성장프로젝트,0.381
51200002019300DF,[도비]바르게살기운동 청년회 조직 활성화,경북문경시,경북,지방,정책기반,기타,0.05,0.05,찾지 못함,,,경북청년 예비창업가 육성사업,0.37
5020000201830128,청년농업인영농정착지원선발운영<보조>,경북포항시,경북,지방,창업·농어업,대상자 지원,0.05,0.02,찾지 못함,,,청년스타트업 지원,0.555
5130000202130006,(자체사업)대학생 학자금대출 이자지원,경북경산시,경북,지방,교육·역량,대상자 지원,0.05,0.0,찾지 못함,,,지역산업 연계형 대학 특성화학과 혁신지원사업,0.432
5160000201930056,청년농업인영농정착지원선발운영,경북청송군,경북,지방,창업·농어업,대상자 지원,0.05,0.04,찾지 못함,,,청년스타트업 지원,0.555
647000020193018E,청년어업인영어정착지원(행정비),경북본청,경북,지방,창업·농어업,대상자 지원,0.05,0.05,있음,,,청년어업인 정착지원 사업,0.875
3600000202530004,자립준비청년자립역량강화,전남광주서구,광주,지방,교육·역량,기타,0.05,0.05,있음,,,청년자립준비지원사업 [해시태그 멘토링],0.889
6290000202630018,청년농업인연구동아리지원 (광주),전남광주본청,광주,지방,창업·농어업,대상자 지원,0.05,0.05,있음,20250304005400210582,청년농업인 연구동아리 지원,청년농업인 연구동아리 지원,1.12
3600000202530012,서구청년축제,전남광주서구,광주,지방,문화·건강,기반·운영,0.05,0.02,있음,,,2026년 서구 청년축제 「무한도ZONE」,0.92
629000020223020F,청년소통활성화 (광주),전남광주본청,광주,지방,참여·권리,기타,0.05,0.05,있음,,,전남형 청년공동체 활성화 사업,0.745
47310002024300A9,청년 문화예술패스 지원,전북진안군,전북,지방,문화·건강,대상자 지원,0.05,0.05,있음,,,청년문화예술주문배달서비스사업(청년예술 퀵),0.857
4671000202530057,청년 면접정장 대여 지원사업,전북군산시,전북,지방,취업·일경험,대상자 지원,0.05,0.03,있음,,,전북청년 지역정착 지원사업,0.756
4681000202530097,사회적경제기업 청년혁신가 지원(인센티브),전북익산시,전북,지방,정책기반,대상자 지원,0.05,0.05,있음,,,사회적경제 청년혁신가 지원사업,1.029
470000020193000C,사회적경제 청년혁신가 지원사업(인건비),전북남원시,전북,지방,정책기반,대상자 지원,0.05,0.05,있음,20250113005400210195,사회적경제 청년혁신가 지원사업,사회적경제 청년혁신가 지원사업,1.12
4741000202630044,청춘이음-무주청년만남행사,전북무주군,전북,지방,참여·권리,기반·운영,0.05,0.05,찾지 못함,,,지역주도형 청년일자리사업(시군),0.453
474000020203009D,청년창업농 정책자금 이차보전 지원,전북무주군,전북,지방,창업·농어업,대상자 지원,0.05,0.01,있음,20250718005400211441,청년창업농 정책자금 이차보전,청년창업농 정책자금 이차보전,1.12
47600002023300F2,출산청년 업무추진,전북임실군,전북,지방,정책기반,기타,0.05,0.0,찾지 못함,,,,
645000020193029A,청년 어촌정착 지원(행정경비),전북본청,전북,지방,창업·농어업,대상자 지원,0.05,0.05,있음,,,전북청년 지역정착 지원사업,0.787
47510002024300CF,청년문화예술패스 지원사업,전북장수군,전북,지방,문화·건강,대상자 지원,0.05,0.05,있음,,,청년문화예술주문배달서비스사업(청년예술 퀵),0.857
3530000202130081,청년정책활성화,인천남동구,인천,지방,정책기반,기타,0.05,0.04,있음,,,청년문화 활성화 사업,0.834
448000020243008F,청년 문화예술패스(국가직접지원),충북단양군,충북,지방,문화·건강,대상자 지원,0.05,0.05,찾지 못함,,,충북 청년사회서비스사업단 운영,0.495
55700002018300C0,지역주도형 청년일자리,충북증평군,충북,지방,취업·일경험,기타,0.05,0.05,찾지 못함,,,충북 청년여성 일자리 플랫폼 운영,0.62
4460000202030100,청년농업인 영농정착 지원(운영비),충북괴산군,충북,지방,창업·농어업,기반·운영,0.05,0.03,있음,,,청년후계농 영농정착 지원,0.938
445000020223015A,청년 지원 활성화,충북진천군,충북,지방,정책기반,대상자 지원,0.05,0.04,찾지 못함,,,신 취약청년(가족돌봄·고립은둔) 지원사업,0.62
4460000202630129,산촌청년공동체활성화센터 운영관리,충북괴산군,충북,지방,참여·권리,기반·운영,0.05,0.0,찾지 못함,,,충북청년희망센터 운영,0.62
43000002020300F2,강원특별자치도 청년구직활동 지원사업,강원철원군,강원,지방,취업·일경험,대상자 지원,0.04,0.04,찾지 못함,,,2025년 청년 디딤돌 2배 적금 지원사업,0.642
4270000202130082,청년농업인 육성 지원사업,강원영월군,강원,지방,창업·농어업,대상자 지원,0.04,0.02,있음,20250502005400210766,청년농업인 육성지원,청년농업인 육성지원,1.12
4290000201330038,보호아동 대학생활안정금 지원,강원정선군,강원,지방,교육·역량,대상자 지원,0.04,0.03,찾지 못함,,,대학생 행정체험연수 운영,0.564
4291000202530082,청년농업인 영농정착지원사업 선발운영비,강원정선군,강원,지방,창업·농어업,기반·운영,0.04,0.02,있음,,,청년농업인 영농정착 지원,1.02
43410002025300B9,청년농업인 영농정착 지원사업(선발운영비),강원고성군,강원,지방,창업·농어업,기반·운영,0.04,0.04,있음,20250430005400210740,청년농업인 영농정착 지원,청년농업인 영농정착 지원,1.12
43510002026300A4,청년농업인영농정착지원사업 선발·운영비,강원양양군,강원,지방,창업·농어업,기반·운영,0.04,0.04,있음,,,청년농업인 영농정착 지원,1.02
4340000201630041,보호종료아동 자립수당지원,강원고성군,강원,지방,금융·생활안정,대상자 지원,0.04,0.0,찾지 못함,,,자립준비청년 자립수당 지원,0.62
4290000202130055,청년농업인 육성 지원,강원정선군,강원,지방,창업·농어업,대상자 지원,0.04,0.04,있음,20250502005400210766,청년농업인 육성지원,청년농업인 육성지원,1.12
4580000201930170,예치금(청년기금),충남서천군,충남,지방,정책기반,기타,0.04,0.0,찾지 못함,,,,
4540000202330188,지역주도형 청년일자리 사업(상생일자리),충남논산시,충남,지방,취업·일경험,기타,0.04,0.04,찾지 못함,,,지역특화형 비자사업,0.691
558000020233012E,보호종료아동 대학생활안정자금 지원,충남계룡시,충남,지방,교육·역량,대상자 지원,0.04,0.02,찾지 못함,,,대학생 연합설계 지원,0.52
4510000202330155,보호종료아동 대학생활안정자금 지원,충남보령시,충남,지방,교육·역량,대상자 지원,0.04,0.0,찾지 못함,,,대학생 연합설계 지원,0.52
45500002018300AB,청년농업인 경영진단분석 컨설팅(자체),충남금산군,충남,지방,창업·농어업,대상자 지원,0.04,0.0,찾지 못함,,,청년후계농업인 영농정착 지원,0.6
5680000201830152,지역주도형 청년일자리 사업(보조),충남당진시,충남,지방,취업·일경험,기타,0.04,0.04,찾지 못함,,,지역특화형 비자사업,0.691
6260000201630185,청년일자리 거버넌스 활성화,부산본청,부산,지방,취업·일경험,기타,0.04,0.04,찾지 못함,,,부산 청년 자산형성 지원(부산청년 기쁨두배통장),0.564
328000020263007E,청년프로그램 지원사업,부산영도구,부산,지방,정책기반,대상자 지원,0.04,0.04,있음,,,부산 청년 프로그램 지원,0.92
3320000202430005,자립준비청년 대학등록금 등 지원,부산북구,부산,지방,금융·생활안정,대상자 지원,0.04,0.01,있음,,,부산 자립준비청년 자립정착금 지원,0.787
334000020203003E,청년 지원 활성화,부산사하구,부산,지방,정책기반,대상자 지원,0.04,0.02,있음,,,부산 청년 생활인구 유입 활성화(부산온나청년패스),0.745
62600002015301C9,청년정책 네트워크 운영,부산본청,부산,지방,참여·권리,기반·운영,0.04,0.04,찾지 못함,,,부산청년센터 운영,0.62
62600002012300B8,청년 취업역량 향상,부산본청,부산,지방,교육·역량,대상자 지원,0.04,0.04,찾지 못함,,,부산청년 취업성공풀(Full) 패키지 지원,0.564
48400002024300AD,귀농청년 자격증 취득비 지원,전남광주광양시,전남,지방,창업·농어업,대상자 지원,0.04,0.0,있음,20260319005400212228,(광양시)귀농청년 자격증 취득비 지원,(광양시)귀농청년 자격증 취득비 지원,1.12
49000002020300D6,청년농업인 연구동아리 지원,전남광주화순군,전남,지방,창업·농어업,대상자 지원,0.04,0.04,있음,20250304005400210582,청년농업인 연구동아리 지원,청년농업인 연구동아리 지원,1.12
499000020253008D,청년 전세보증금반환보증 보증료 지원,전남광주완도군,전남,지방,주거,대상자 지원,0.04,0.0,있음,,,전세보증금반환보증 보증료 지원,0.933
481000020243000A,청년지원 시책 추진,전남광주여수시,전남,지방,정책기반,대상자 지원,0.04,0.04,찾지 못함,,,청년월세지원,0.691
4830000202430193,청년농업인 연구동아리 지원사업,전남광주나주시,전남,지방,창업·농어업,대상자 지원,0.04,0.04,있음,20250304005400210582,청년농업인 연구동아리 지원,청년농업인 연구동아리 지원,1.12
48300002025300FB,전라남도 청년농업인 연구동아리 지원사업,전남광주나주시,전남,지방,창업·농어업,대상자 지원,0.04,0.04,있음,,,청년농업인 연구동아리 지원,1.02
487000020203013A,청년농업인 연구동아리 지원사업,전남광주구례군,전남,지방,창업·농어업,대상자 지원,0.04,0.04,있음,20250304005400210582,청년농업인 연구동아리 지원,청년농업인 연구동아리 지원,1.12
484000020213015B,청년농업인 연구동아리 지원,전남광주광양시,전남,지방,창업·농어업,대상자 지원,0.04,0.04,있음,20250304005400210582,청년농업인 연구동아리 지원,청년농업인 연구동아리 지원,1.12
494000020203010E,청년농업인 연구동아리 지원사업,전남광주영암군,전남,지방,창업·농어업,대상자 지원,0.04,0.0,있음,20250304005400210582,청년농업인 연구동아리 지원,청년농업인 연구동아리 지원,1.12
4930000202030194,청년농업인 연구동아리 지원,전남광주해남군,전남,지방,창업·농어업,대상자 지원,0.04,0.04,있음,20250304005400210582,청년농업인 연구동아리 지원,청년농업인 연구동아리 지원,1.12
49600002020300F3,청년농업인 연구동아리 지원,전남광주함평군,전남,지방,창업·농어업,대상자 지원,0.04,0.02,있음,20250304005400210582,청년농업인 연구동아리 지원,청년농업인 연구동아리 지원,1.12
500000020233039E,청년농업인 연구동아리 지원사업,전남광주진도군,전남,지방,창업·농어업,대상자 지원,0.04,0.02,있음,20250304005400210582,청년농업인 연구동아리 지원,청년농업인 연구동아리 지원,1.12
49700002018301BE,청년 정책 지원,전남광주영광군,전남,지방,정책기반,대상자 지원,0.04,0.04,있음,,,청년정책 서포터즈 2기,0.92
49900002022300A8,청년 창업농장 조성사업,전남광주완도군,전남,지방,창업·농어업,기반·운영,0.04,0.0,있음,20250304005400210579,청년 창업농장 조성,청년 창업농장 조성,1.12
49800002023301EC,청년 전세보증금반환보증 보증료 지원사업,전남광주장성군,전남,지방,주거,대상자 지원,0.04,0.0,있음,,,전세보증금반환보증 보증료 지원,0.923
4850000202330234,청년농업인 농지확보 지원사업,전남광주담양군,전남,지방,창업·농어업,대상자 지원,0.04,0.0,있음,,,청년농업인 스타트업(초기창업) 지원사업,0.812
48700002023301F9,청년농업인 농지확보 지원사업,전남광주구례군,전남,지방,창업·농어업,대상자 지원,0.04,0.0,있음,,,청년농업인 스타트업(초기창업) 지원사업,0.812
49800002024300D4,청년농업인 농지확보 지원사업,전남광주장성군,전남,지방,창업·농어업,대상자 지원,0.04,0.0,있음,,,청년농업인 스타트업(초기창업) 지원사업,0.812
500000020233039F,청년농업인 농지확보 지원사업,전남광주진도군,전남,지방,창업·농어업,대상자 지원,0.04,0.0,있음,,,청년농업인 스타트업(초기창업) 지원사업,0.812
3040000202330093,청년 소통 활성화,서울광진구,서울,지방,참여·권리,기타,0.04,0.04,찾지 못함,,,청년안심주택 공급활성화(임차보증금 무이자지원),0.676
3200000202330046,청년 주거 안정 지원,서울관악구,서울,지방,주거,대상자 지원,0.04,0.04,찾지 못함,,,서울청년문화패스 지원,0.62
3050000202130015,청년 정책 지원사업,서울동대문구,서울,지방,정책기반,대상자 지원,0.04,0.02,있음,,,2026년 서울청년정책네트워크 하반기 모집,0.92
317000020173004B,청년자립기반 구축,서울금천구,서울,지방,금융·생활안정,기타,0.04,0.02,찾지 못함,,,자립준비청년 자립수당 지원,0.564
3040000202530090,대학생 정책기획단 운영,서울광진구,서울,지방,교육·역량,기타,0.04,0.04,찾지 못함,,,2026년 서울청년정책네트워크 하반기 모집,0.406
3200000202030054,4차산업 IT 청년인재 양성,서울관악구,서울,지방,정책기반,기타,0.04,0.04,찾지 못함,,,서울청년 예비인턴,0.453
37300002026300C7,지역특화 청년사업 행사 운영,울산울주군,울산,지방,정책기반,기반·운영,0.04,0.0,찾지 못함,,,지역 청년 일경험 사업,0.691
53800002020301DB,청년정책위원회 운영,경남양산시,경남,지방,참여·권리,기반·운영,0.04,0.02,있음,,,경상남도청년정책조정위원회 운영,1.02
567000020183003D,청년4-H회 과제 교육지원(도비),경남창원시,경남,지방,창업·농어업,대상자 지원,0.04,0.03,있음,20250908005400211669,청년4-H회 과제교육 지원,청년4-H회 과제교육 지원,1.12
535000020173004D,청년4-H회 과제 교육 지원,경남김해시,경남,지방,창업·농어업,대상자 지원,0.04,0.03,있음,20250908005400211669,청년4-H회 과제교육 지원,청년4-H회 과제교육 지원,1.12
5380000201830038,청년4-H회 과제교육 지원,경남양산시,경남,지방,창업·농어업,대상자 지원,0.04,0.04,있음,20250908005400211669,청년4-H회 과제교육 지원,청년4-H회 과제교육 지원,1.12
53400002017300BB,청년4-H회 과제 교육 지원,경남사천시,경남,지방,창업·농어업,대상자 지원,0.04,0.0,있음,20250908005400211669,청년4-H회 과제교육 지원,청년4-H회 과제교육 지원,1.12
53300002020300F4,청년4-H회 과제 교육 지원,경남통영시,경남,지방,창업·농어업,대상자 지원,0.04,0.04,있음,20250908005400211669,청년4-H회 과제교육 지원,청년4-H회 과제교육 지원,1.12
539000020163000D,청년4-H 과제활동지원,경남의령군,경남,지방,창업·농어업,대상자 지원,0.04,0.04,있음,,,청년4-H회 과제교육 지원,0.882
53900002022300F0,보호종료아동 대학생활안정자금 지원,경남의령군,경남,지방,교육·역량,대상자 지원,0.04,0.02,있음,,,자립준비청년 대학생활안정자금 지원,0.745
543000020203007E,청년4-H회 과제교육 지원,경남남해군,경남,지방,창업·농어업,대상자 지원,0.04,0.04,있음,20250908005400211669,청년4-H회 과제교육 지원,청년4-H회 과제교육 지원,1.12
54200002017300D7,청년4-H회 과제 교육 지원,경남고성군,경남,지방,창업·농어업,대상자 지원,0.04,0.04,있음,20250908005400211669,청년4-H회 과제교육 지원,청년4-H회 과제교육 지원,1.12
5450000201930085,청년4-H 과제 교육 지원,경남산청군,경남,지방,창업·농어업,대상자 지원,0.04,0.04,있음,,,청년4-H회 과제교육 지원,1.072
545000020223010C,보호종료아동(자립준비청년) 대학생활안정자금 지원,경남산청군,경남,지방,교육·역량,대상자 지원,0.04,0.04,있음,,,자립준비청년 대학생활안정자금 지원,0.745
546000020223006A,보호종료아동 대학생활안정자금 지원,경남함양군,경남,지방,교육·역량,대상자 지원,0.04,0.0,있음,,,자립준비청년 대학생활안정자금 지원,0.745
5470000201830043,청년4-H 과제 교육 지원,경남거창군,경남,지방,창업·농어업,대상자 지원,0.04,0.01,있음,,,청년4-H회 과제교육 지원,1.072
548000020223006B,자립준비청년 대학생활안정자금 지원,경남합천군,경남,지방,교육·역량,대상자 지원,0.04,0.02,있음,20250916005400211697,자립준비청년 대학생활안정자금 지원,자립준비청년 대학생활안정자금 지원,1.12
53900002024300C1,청년 문화예술패스,경남의령군,경남,지방,문화·건강,대상자 지원,0.04,0.04,있음,,,청년 문화예술인 활동 지원,0.826
544000020233026F,청년후계농 농지 임대료 지원사업,경남하동군,경남,지방,창업·농어업,대상자 지원,0.04,0.04,있음,20250918005400211770,청년후계농 농지 임대료 지원,청년후계농 농지 임대료 지원,1.12
3820000202330094,청년 1인가구 응원박스 지원사업,경기의정부시,경기,지방,정책기반,대상자 지원,0.04,0.04,찾지 못함,,,청년공동체 연구지원 사업,0.68
57000002025300FC,청년정책 홍보사업 (정책가이드북 발간 등),경기여주시,경기,지방,정책기반,기반·운영,0.04,0.04,찾지 못함,,,경기청년 해외진출(일본) 사업,0.62
41400002020302F7,청년정책지원,경기연천군,경기,지방,정책기반,대상자 지원,0.04,0.02,있음,,,청년농업인 영농정착지원,0.708
3740000201830187,청년농업인 영농정착 지원 운영(균특),경기수원시,경기,지방,창업·농어업,대상자 지원,0.04,0.01,있음,20251107005400211815,청년농업인 영농정착지원,청년농업인 영농정착지원,1.12
378000020193029D,청년농업인 영농정착 지원 선발 운영,경기성남시,경기,지방,창업·농어업,대상자 지원,0.04,0.0,있음,,,청년농업인 영농정착지원,1.02
401000020183013E,청년농업인 영농정착 지원사업 선발운영,경기시흥시,경기,지방,창업·농어업,대상자 지원,0.04,0.01,있음,,,청년농업인 영농정착지원,1.02
4030000201830060,청년농업인 영농정착 지원(선발운영),경기의왕시,경기,지방,창업·농어업,대상자 지원,0.04,0.0,있음,20251107005400211815,청년농업인 영농정착지원,청년농업인 영농정착지원,1.12
57000002020301D2,청년활동협의체 운영,경기여주시,경기,지방,참여·권리,기반·운영,0.04,0.03,찾지 못함,,,청년공동체 연구지원 사업,0.691
507000020263012F,보전지출(청년중소기업육성기금),경북안동시,경북,지방,정책기반,기타,0.04,0.0,찾지 못함,,,,
510000020243009B,국)청년전세보증금반환보증보증료지원사업,경북영천시,경북,지방,주거,대상자 지원,0.04,0.0,있음,,,전세보증금반환보증 보증료 지원,0.9
52600002024300C2,청년신혼부부월세지원사업,경북울릉군,경북,지방,주거,대상자 지원,0.04,0.0,있음,20250827005400211525,청년 신혼부부 월세 지원사업,청년 신혼부부 월세 지원사업,1.12
5080000202330381,청년고민상담소운영,경북구미시,경북,지방,문화·건강,대상자 지원,0.04,0.04,찾지 못함,,,청년 고민상담소,0.65
51200002023300A3,[도비]청년고민상담소 운영,경북문경시,경북,지방,문화·건강,대상자 지원,0.04,0.04,찾지 못함,,,청년 고민상담소,0.65
5150000202330073,청년고민상담소운영(도비),경북의성군,경북,지방,문화·건강,대상자 지원,0.04,0.0,찾지 못함,,,청년 고민상담소,0.65
516000020233004F,청년고민상담소운영,경북청송군,경북,지방,문화·건강,대상자 지원,0.04,0.04,찾지 못함,,,청년 고민상담소,0.65
51700002023300A1,청년고민상담소운영(보조),경북영양군,경북,지방,문화·건강,대상자 지원,0.04,0.03,찾지 못함,,,청년 고민상담소,0.65
519000020233008F,청년고민상담소운영,경북청도군,경북,지방,문화·건강,대상자 지원,0.04,0.04,찾지 못함,,,청년 고민상담소,0.65
521000020233006B,청년고민상담소운영,경북성주군,경북,지방,문화·건강,대상자 지원,0.04,0.04,찾지 못함,,,청년 고민상담소,0.65
520000020233008A,청년고민상담소 운영,경북고령군,경북,지방,문화·건강,대상자 지원,0.04,0.03,찾지 못함,,,청년 고민상담소,0.65
523000020233007C,청년고민상담소운영,경북예천군,경북,지방,문화·건강,대상자 지원,0.04,0.03,있음,20250901005400211562,청년 고민상담소,청년 고민상담소,1.12
5240000202330076,청년고민상담소운영,경북봉화군,경북,지방,문화·건강,대상자 지원,0.04,0.04,찾지 못함,,,청년 고민상담소,0.65
526000020243004D,청년고민상담소운영,경북울릉군,경북,지방,문화·건강,대상자 지원,0.04,0.03,찾지 못함,,,청년 고민상담소,0.65
5180000202330061,청년고민상담소운영(도비보조),경북영덕군,경북,지방,문화·건강,대상자 지원,0.04,0.02,찾지 못함,,,청년 고민상담소,0.65
525000020233024A,청년고민상담소운영,경북울진군,경북,지방,문화·건강,대상자 지원,0.04,0.04,찾지 못함,,,청년 고민상담소,0.65
5240000202330066,청년농업인농지임대지원,경북봉화군,경북,지방,창업·농어업,대상자 지원,0.04,0.01,찾지 못함,,,청년스타트업 지원,0.646
3450000202030089,산격종합시장 청년몰 지원,대구북구,대구,지방,정책기반,대상자 지원,0.04,0.04,찾지 못함,,,청년농업인 맞춤 지원,0.564
467000020223004E,청년창업플랫폼(청춘미가) 사업,전북군산시,전북,지방,창업·농어업,대상자 지원,0.04,0.04,있음,20250716005400211293,2025년 군산시 청년창업플랫폼(청춘미가) 지원사업,2025년 군산시 청년창업플랫폼(청춘미가) 지원사업,1.12
47300002023300AD,군복무 청년상해보험 가입지원사업,전북진안군,전북,지방,금융·생활안정,대상자 지원,0.04,0.03,있음,20250110005400210162,전북 군복무 청년 상해보험 가입 지원,전북 군복무 청년 상해보험 가입 지원,1.12
468000020193000E,청년정책 및 창업 지원,전북익산시,전북,지방,창업·농어업,대상자 지원,0.04,0.04,있음,,,전북형 청년취업 지원,0.745
4770000202330141,군복무 청년 상해보험 가입 지원사업,전북순창군,전북,지방,금융·생활안정,대상자 지원,0.04,0.04,있음,20250110005400210162,전북 군복무 청년 상해보험 가입 지원,전북 군복무 청년 상해보험 가입 지원,1.12
4641000202630141,NOW청년프로젝트 시즌5,전북전주시,전북,지방,정책기반,기타,0.04,0.04,찾지 못함,,,창업기업 양성 프로젝트,0.484
476100020243006D,청년 문화예술패스 지원,전북임실군,전북,지방,문화·건강,대상자 지원,0.04,0.04,있음,,,청년문화예술주문배달서비스사업(청년예술 퀵),0.857
47600002023300B9,군복무 청년 상해보험 가입 지원사업,전북임실군,전북,지방,금융·생활안정,대상자 지원,0.04,0.02,있음,20250110005400210162,전북 군복무 청년 상해보험 가입 지원,전북 군복무 청년 상해보험 가입 지원,1.12
476000020203003B,청년농업인 영농기반 임차 지원,전북임실군,전북,지방,창업·농어업,대상자 지원,0.04,0.0,있음,,,청년창업농 영농기반 임차지원,0.966
4721000202630001,대학생 학자금 대출이자 지원,전북완주군,전북,지방,교육·역량,대상자 지원,0.04,0.04,있음,20250717005400211332,대학생 학자금 대출이자 지원,대학생 학자금 대출이자 지원,1.12
3500000202330077,인천 청년 자격증 응시료 지원사업,인천제물포구,인천,지방,교육·역량,대상자 지원,0.04,0.04,있음,20260406005400212454,(중구) 청년 자격증 응시료 지원,(중구) 청년 자격증 응시료 지원,1.12
3550000202030096,청년농업인 영농정착 선발운영비,인천계양구,인천,지방,창업·농어업,기반·운영,0.04,0.01,있음,,,청년농업인 영농정착지원,1.02
569000020253019F,청년층 자살시도자 치료비 지원사업,세종본청,세종,지방,금융·생활안정,대상자 지원,0.04,0.04,있음,,,청년도전지원사업 『도전캠퍼스』,0.729
571000020163009A,청년정책위원회 운영,충북청주시,충북,지방,참여·권리,기반·운영,0.04,0.03,있음,,,충청북도 청년정책조정위원회 운영,1.02
439000020193017E,청년정책 운영,충북충주시,충북,지방,정책기반,기타,0.04,0.04,있음,,,충청북도 청년정책조정위원회 운영,0.92
557000020253005E,청년 네트워크 활성화 지원,충북증평군,충북,지방,참여·권리,대상자 지원,0.04,0.02,있음,,,청년농부 네트워크 지원,0.882
44700002018300DF,대학생 학자금 이자 지원,충북음성군,충북,지방,교육·역량,대상자 지원,0.04,0.04,있음,20250220005400210486,대학생 학자금 이자 지원,대학생 학자금 이자 지원,1.12
4230000202030129,청년정책 추진 사업,강원속초시,강원,지방,정책기반,기타,0.03,0.03,찾지 못함,,,강원청년센터 운영,0.62
41910002026300CA,찾아가는 청년 희망드림버스,강원원주시,강원,지방,정책기반,기타,0.03,0.03,찾지 못함,,,청년층 정신건강 서비스 강화,0.393
4310000202230016,지역주도형 청년일자리사업(지역혁신형),강원화천군,강원,지방,취업·일경험,기타,0.03,0.03,있음,,,지역주도형 청년일자리 사업(지역혁신형),1.0
435000020223000A,지역혁신형 청년일자리사업(국고),강원양양군,강원,지방,취업·일경험,기타,0.03,0.03,있음,,,지역주도형 청년일자리 사업(지역혁신형),0.833
558000020243001E,청년 일자리 지원,충남계룡시,충남,지방,취업·일경험,대상자 지원,0.03,0.03,있음,,,찾아가는 청년일자리버스(소통공간),1.02
459000020213006D,청년 등 생애주기별 마음건강 사업(통합정신건강),충남청양군,충남,지방,문화·건강,기타,0.03,0.0,있음,20251112005400211867,청년 등 생애주기별 마음건강사업,청년 등 생애주기별 마음건강사업,1.12
4600000202530115,청년도전지원사업,충남홍성군,충남,지방,취업·일경험,대상자 지원,0.03,0.0,있음,,,청년농 지원사업 홍보,0.826
450000020263015A,청년농 농산물 유통역량 강화 지원,충남공주시,충남,지방,창업·농어업,대상자 지원,0.03,0.0,있음,,,청년농업인 역량강화 지원,0.787
451000020193000F,대학생 학자금 이자 지원,충남보령시,충남,지방,교육·역량,대상자 지원,0.03,0.01,찾지 못함,,,대학생 연합설계 지원,0.646
5580000201930072,지역주도형  청년일자리사업,충남계룡시,충남,지방,취업·일경험,기타,0.03,0.03,찾지 못함,,,지역특화형 비자사업,0.691
4610000202330139,지역주도형청년일자리사업(예산군청년디딤돌일자리지원),충남예산군,충남,지방,금융·생활안정,대상자 지원,0.03,0.0,찾지 못함,,,지역특화형 비자사업,0.691
3390000202330040,청년정책위원회 운영,부산사상구,부산,지방,참여·권리,기반·운영,0.03,0.03,찾지 못함,,,부산청년센터 운영,0.653
3390000202430029,청년정책 활성화,부산사상구,부산,지방,정책기반,기타,0.03,0.03,찾지 못함,,,부산 청년 생활인구 유입 활성화(부산온나청년패스),0.676
62600002019302AB,청년어촌정착지원(행정비),부산본청,부산,지방,창업·농어업,대상자 지원,0.03,0.03,있음,,,청년어업인 정착지원 사업,0.769
3300000202630056,청년성장프로젝트(공모사업 인센티브),부산동래구,부산,지방,취업·일경험,기타,0.03,0.03,있음,,,부산 청년잡(JOB) 성장프로젝트,1.061
482000020253013B,청년농업인 영농정착지원사업 선발운영비 지원,전남광주순천시,전남,지방,창업·농어업,기반·운영,0.03,0.03,찾지 못함,,,청년농업인 스타트업(초기창업) 지원사업,0.665
4970000202130096,청년 창업농 경영실습 임대농장 조성,전남광주영광군,전남,지방,창업·농어업,기반·운영,0.03,0.02,있음,,,청년 창업농장 조성,0.816
480000020203001C,지역상생 청년일자리 창출 사업,전남광주목포시,전남,지방,취업·일경험,기타,0.03,0.0,있음,,,전남 청년 희망 일자리 지원사업,0.703
498000020253014E,장성군 청년활동 포인트제,전남광주장성군,전남,지방,정책기반,기타,0.03,0.0,찾지 못함,,,청년농업인 스타트업(초기창업) 지원사업,0.52
4990000202430030,청년 자격증 응시료 지원사업,전남광주완도군,전남,지방,교육·역량,대상자 지원,0.03,0.02,있음,20250113005400210181,완도군 청년 자격증 응시료 지원사업,완도군 청년 자격증 응시료 지원사업,1.12
500000020183017F,청년농업인 경영진단분석 컨설팅,전남광주진도군,전남,지방,창업·농어업,대상자 지원,0.03,0.0,찾지 못함,,,청년농업인 스타트업(초기창업) 지원사업,0.555
4830000202330069,청년창업농 영농정착지원사업(자체),전남광주나주시,전남,지방,창업·농어업,대상자 지원,0.03,0.03,있음,,,청년 창업농장 조성,0.708
5010000202630109,신안군청년센터운영,전남광주신안군,전남,지방,정책기반,기타,0.03,0.0,찾지 못함,,,광주청년센터 운영,0.55
4810000201930177,청년어업인 영어정착지원(행정비),전남광주여수시,전남,지방,창업·농어업,대상자 지원,0.03,0.03,있음,,,청년어업인 정착지원 사업,0.875
3140000202230008,청소년·청년 당뇨병 환자 지원 사업,서울양천구,서울,지방,정책기반,대상자 지원,0.03,0.02,찾지 못함,,,청년예술지원사업,0.665
3040000202330069,지역기반 광진청년 혁신·성장 지원,서울광진구,서울,지방,정책기반,대상자 지원,0.03,0.03,찾지 못함,,,지역연계형 청년 창업 지원사업(넥스트로컬),0.564
5410000202330140,창녕군 창업청년 버팀목 사업,경남창녕군,경남,지방,창업·농어업,대상자 지원,0.03,0.03,찾지 못함,,,청년 동아리 지원사업,0.564
5470000202430070,청년농업인 품목네트워크 활성화 시범,경남거창군,경남,지방,창업·농어업,기타,0.03,0.0,찾지 못함,,,청년농업인 커뮤니티 활성화 지원,0.691
648000020133010B,공무원 대학생자녀 대여학자금 부담금,경남본청,경남,지방,교육·역량,기타,0.03,0.02,찾지 못함,,,대학생 학자금대출 이자 지원,0.582
4140000201430031,청년농업인 육성(4-H 등),경기연천군,경기,지방,창업·농어업,기타,0.03,0.01,있음,,,청년농업인 영농정착지원,0.745
6410000201930274,청년어촌정착지원 행정비(균특/지원),경기본청,경기,지방,창업·농어업,대상자 지원,0.03,0.03,찾지 못함,,,청년어업인 정착지원 사업,0.636
3860000202330068,청년 사진 지원,경기부천시,경기,지방,정책기반,대상자 지원,0.03,0.01,있음,,,부천 청년 사진 Dream(드림),0.92
3980000202630032,청년창업 인큐베이터시설 푸드트럭존 조성,경기구리시,경기,지방,창업·농어업,기반·운영,0.03,0.02,찾지 못함,,,경기도 청년 복지포인트,0.44
3920000202330041,청년아트페어 참여 지원,경기동두천시,경기,지방,참여·권리,대상자 지원,0.03,0.03,찾지 못함,,,경기도 청년참여기구 운영,0.691
4170000202630120,청년어촌정착지원(보조),경기양평군,경기,지방,창업·농어업,대상자 지원,0.03,0.0,있음,,,청년어업인 정착지원 사업,0.769
39900002018301CF,청년정책위원회 운영,경기남양주시,경기,지방,참여·권리,기반·운영,0.03,0.03,찾지 못함,,,경기도 청년참여기구 운영,0.591
55300002022300E5,청년농업인 신규 발굴 및 육성 사업,경기화성시,경기,지방,창업·농어업,기타,0.03,0.03,찾지 못함,,,청년농업인 경쟁력제고 사업,0.658
4090000201930013,청년정책위원회 운영,경기김포시,경기,지방,참여·권리,기반·운영,0.03,0.02,찾지 못함,,,경기도 청년참여기구 운영,0.591
57000002020301C9,청년정책위원회 운영,경기여주시,경기,지방,참여·권리,기반·운영,0.03,0.01,찾지 못함,,,경기도 청년참여기구 운영,0.591
3920000202130007,청년정책위원회 운영,경기동두천시,경기,지방,참여·권리,기반·운영,0.03,0.02,찾지 못함,,,경기도 청년참여기구 운영,0.591
3860000202330033,지역주도형 청년일자리 사업(신규1유형),경기부천시,경기,지방,취업·일경험,기타,0.03,0.03,찾지 못함,,,경기청년 일자리 매치업 플러스,0.642
39100002018301FD,청년 중소기업 채용 지원사업(국비),경기평택시,경기,지방,취업·일경험,대상자 지원,0.03,0.03,있음,,,경기청년 재기격려지원사업,0.756
51800002019300EA,청년어업인영어정착지원 사업운영 및 평가(균특보조),경북영덕군,경북,지방,창업·농어업,대상자 지원,0.03,0.03,있음,,,청년어업인 정착지원 사업,0.759
5160000202430091,청년문화예술패스,경북청송군,경북,지방,문화·건강,대상자 지원,0.03,0.03,찾지 못함,,,청년스타트업 지원,0.549
5180000201830069,청년농업인영농정착지원선발운영(균특보조),경북영덕군,경북,지방,창업·농어업,대상자 지원,0.03,0.03,찾지 못함,,,청년스타트업 지원,0.555
524000020183006E,청년농업인영농정착지원선발운영,경북봉화군,경북,지방,창업·농어업,대상자 지원,0.03,0.03,찾지 못함,,,청년스타트업 지원,0.555
525000020233024F,청년농업인농지임대지원,경북울진군,경북,지방,창업·농어업,대상자 지원,0.03,0.0,찾지 못함,,,청년스타트업 지원,0.646
5020000201930186,청년어업인영어정착지원(행정비)<보조>,경북포항시,경북,지방,창업·농어업,대상자 지원,0.03,0.0,있음,,,청년어업인 정착지원 사업,0.875
5170000202530093,청년문화예술패스사업(보조),경북영양군,경북,지방,문화·건강,대상자 지원,0.03,0.03,있음,,,청년문화예술패스,1.0
522000020233019D,청년농업인 영농정착지원 선발운영,경북칠곡군,경북,지방,창업·농어업,대상자 지원,0.03,0.01,찾지 못함,,,청년스타트업 지원,0.555
52200002022300AD,지역주도형 청년일자리 시군직접사업(1유형),경북칠곡군,경북,지방,취업·일경험,기타,0.03,0.03,찾지 못함,,,경북 산촌어촌 청년일자리사업,0.639
50200002023302E2,경북소셜비즈니스청년일자리사업<보조>,경북포항시,경북,지방,취업·일경험,기타,0.03,0.03,있음,,,경북 산촌어촌 청년일자리사업,0.703
50900002023300EB,(국)경북 소셜 비즈니스 청년일자리사업,경북영주시,경북,지방,취업·일경험,기타,0.03,0.03,있음,,,경북 산촌어촌 청년일자리사업,0.703
51500002023300BA,경북소셜비즈니스청년일자리(지특),경북의성군,경북,지방,취업·일경험,기타,0.03,0.03,찾지 못함,,,경북 산촌어촌 청년일자리사업,0.62
3440000202130013,청년정책위원회 운영,대구남구,대구,지방,참여·권리,기반·운영,0.03,0.03,찾지 못함,,,대구청년정책네트워크,0.653
346000020253009C,청년커뮤니티 지원,대구수성구,대구,지방,참여·권리,대상자 지원,0.03,0.03,있음,,,대구광역시 청년 국가기술자격시험 응시료 지원,0.92
36100002025300C7,구직청년 증명사진 촬영 지원,전남광주남구,광주,지방,취업·일경험,대상자 지원,0.03,0.0,있음,20260728005400213308,[남구] 구직청년 증명사진 촬영지원,[남구] 구직청년 증명사진 촬영지원,1.12
4751000202630084,청년창업농 영농기반 임차지원,전북장수군,전북,지방,창업·농어업,대상자 지원,0.03,0.0,있음,20250718005400211442,청년창업농 영농기반 임차지원,청년창업농 영농기반 임차지원,1.12
4710000202430024,종자산업 청년 일자리 지원(보조),전북김제시,전북,지방,금융·생활안정,대상자 지원,0.03,0.03,있음,,,청년나래 일자리 지원사업,0.756
474000020233017B,전북청년 군복무 상해보험 가입지원,전북무주군,전북,지방,금융·생활안정,대상자 지원,0.03,0.03,있음,,,전북 군복무 청년 상해보험 가입 지원,0.966
4750000202330144,전라북도 군복무 청년 상해보험 가입 지원,전북장수군,전북,지방,금융·생활안정,대상자 지원,0.03,0.03,있음,,,전북 군복무 청년 상해보험 가입 지원,1.02
464100020263025B,2026 전주 대학생 e스포츠 챔피언스리그,전북전주시,전북,지방,교육·역량,기타,0.03,0.0,찾지 못함,,,대학생 학자금 대출이자 지원,0.381
46900002023301CC,청년참여포인트 제도 운영,전북정읍시,전북,지방,참여·권리,기타,0.03,0.03,찾지 못함,,,전북 청년 직무인턴 운영,0.646
47400002019300C8,청년농업인 생생동아리 지원,전북무주군,전북,지방,창업·농어업,대상자 지원,0.03,0.03,있음,20250718005400211443,청년농업인 생생동아리 지원,청년농업인 생생동아리 지원,1.12
4750000201930104,청년농업인 생생동아리 지원,전북장수군,전북,지방,창업·농어업,대상자 지원,0.03,0.03,있음,20250718005400211443,청년농업인 생생동아리 지원,청년농업인 생생동아리 지원,1.12
4770000201930060,청년농업인 생생동아리 지원(보조),전북순창군,전북,지방,창업·농어업,대상자 지원,0.03,0.03,있음,20250718005400211443,청년농업인 생생동아리 지원,청년농업인 생생동아리 지원,1.12
46400002023306A9,국도비보조금반환(청년정책과),전북전주시,전북,지방,정책기반,기타,0.03,0.0,찾지 못함,,,,
47900002021300FC,청년 어업인 영어정착 지원사업(행정경비),전북부안군,전북,지방,창업·농어업,대상자 지원,0.03,0.02,있음,,,청년어업인 정착지원 사업,0.917
3580000202430183,청년월세 지원사업(만19세이상~만34세이하),인천옹진군,인천,지방,주거,대상자 지원,0.03,0.02,있음,,,인천시 청년월세 지원사업,0.92
3510500202330061,청년활동 지원,인천미추홀구,인천,지방,정책기반,대상자 지원,0.03,0.01,있음,,,청년농업인4-H 연합회 활동지원,0.72
3580000202330307,인천 청년 자격증 응시료 지원사업,인천옹진군,인천,지방,교육·역량,대상자 지원,0.03,0.01,있음,20260406005400212448,(옹진군) 청년 자격증 응시료 지원,(옹진군) 청년 자격증 응시료 지원,1.12
62800002024301ED,청년농업인 영농정착 워크숍,인천본청,인천,지방,창업·농어업,기타,0.03,0.0,있음,,,청년농업인 영농정착지원,1.02
3550000202330063,지역기업연계 청년일자리 지원사업(23년 시작),인천계양구,인천,지방,취업·일경험,대상자 지원,0.03,0.03,있음,,,인천 지역전략산업 청년일자리 지원 사업,0.92
4450000201830077,대학생 학자금 이자 지원,충북진천군,충북,지방,교육·역량,대상자 지원,0.03,0.03,있음,20250220005400210486,대학생 학자금 이자 지원,대학생 학자금 이자 지원,1.12
4400000201930097,청년창업농 선발 운영비(보조),충북제천시,충북,지방,창업·농어업,기반·운영,0.03,0.01,찾지 못함,,,청년 창업발굴 프로젝트,0.676
4190000202330100,청년커뮤니티 지원,강원원주시,강원,지방,참여·권리,대상자 지원,0.02,0.01,찾지 못함,,,청년예술인 지원,0.653
4210000202030003,청년행복 정책 추진,강원동해시,강원,지방,정책기반,기타,0.02,0.02,찾지 못함,,,청년 맞춤형 교육 추진,0.591
42210002026300A3,청년농업인 육성 지원(취업농),강원태백시,강원,지방,창업·농어업,대상자 지원,0.02,0.0,있음,20250502005400210766,청년농업인 육성지원,청년농업인 육성지원,1.12
4320000201930087,청년농업인 육성 지원,강원양구군,강원,지방,창업·농어업,대상자 지원,0.02,0.02,있음,20250502005400210766,청년농업인 육성지원,청년농업인 육성지원,1.12
43300002018300A4,청년취업농 지원[도비],강원인제군,강원,지방,취업·일경험,대상자 지원,0.02,0.0,있음,,,청년농업인 영농정착 지원,0.787
431100020253005E,청년농업인 영농정착지원 평가 운영비,강원화천군,강원,지방,창업·농어업,기반·운영,0.02,0.02,있음,,,청년농업인 영농정착 지원,1.02
4260000201630056,청년일자리창출 지원사업,강원횡성군,강원,지방,취업·일경험,대상자 지원,0.02,0.02,있음,,,강원특별자치도 관광콘텐츠 스타트업,0.8
3330000202230010,청년 온라인플랫폼 운영,부산해운대구,부산,지방,정책기반,기타,0.02,0.02,찾지 못함,,,부산청년센터 운영,0.62
3300000202530010,자립준비청년 자립물품 지원 사업,부산동래구,부산,지방,금융·생활안정,대상자 지원,0.02,0.01,있음,,,부산 자립준비청년 자립수당 지원,0.92
34000002026300D7,청년어촌정착지원사업(행정비),부산기장군,부산,지방,창업·농어업,대상자 지원,0.02,0.0,있음,,,청년어업인 정착지원 사업,0.857
49200002018300E2,지역주도형 청년일자리사업,전남광주강진군,전남,지방,취업·일경험,기타,0.02,0.02,있음,,,광주형 청년일자리 공제(추가모집_마감),0.787
49700002023302A1,청년농업인 농지확보 지원,전남광주영광군,전남,지방,창업·농어업,대상자 지원,0.02,0.0,있음,,,청년농업인 연구동아리 지원,0.729
5010000202330475,청년전세보증금반환보증보증료(보조),전남광주신안군,전남,지방,주거,대상자 지원,0.02,0.0,있음,,,전세보증금반환보증 보증료 지원,0.923
48600002020300C0,청년농업인 연구동아리 활동 지원사업,전남광주곡성군,전남,지방,창업·농어업,대상자 지원,0.02,0.02,있음,,,청년농업인 연구동아리 지원,1.029
487000020263009B,청년 교류 협력 지원,전남광주구례군,전남,지방,참여·권리,대상자 지원,0.02,0.02,찾지 못함,,,청년월세지원,0.691
48800002019300F4,청년 어촌정착 지원(운영비),전남광주고흥군,전남,지방,창업·농어업,기반·운영,0.02,0.01,있음,,,청년어업인 정착지원 사업,0.769
4930000201930265,청년어촌정착지원(운영비),전남광주해남군,전남,지방,창업·농어업,기반·운영,0.02,0.01,있음,,,청년어업인 정착지원 사업,0.769
49100002022301D8,청년농업인 연구동아리(도비),전남광주장흥군,전남,지방,창업·농어업,기타,0.02,0.0,있음,20250304005400210582,청년농업인 연구동아리 지원,청년농업인 연구동아리 지원,1.12
4970000202030154,청년농업인 연구동아리 지원,전남광주영광군,전남,지방,창업·농어업,대상자 지원,0.02,0.02,있음,20250304005400210582,청년농업인 연구동아리 지원,청년농업인 연구동아리 지원,1.12
5010000202030179,청년농업인연구동아리(보조),전남광주신안군,전남,지방,창업·농어업,기타,0.02,0.02,있음,20250304005400210582,청년농업인 연구동아리 지원,청년농업인 연구동아리 지원,1.12
646000020213030D,청년농업인정책 평가 시상 (전남),전남광주본청,전남,지방,창업·농어업,기타,0.02,0.02,있음,,,2026년 청년농업인(청년창업형 후계농업경영인) 영농정착지원사업(2차),0.72
49600002023301FB,청년 전세보증금반환보증 보증료 지원사업,전남광주함평군,전남,지방,주거,대상자 지원,0.02,0.0,있음,,,전세보증금반환보증 보증료 지원,0.923
324000020183001B,청년주택 조성 및 운영,서울강동구,서울,지방,주거,기반·운영,0.02,0.01,찾지 못함,,,청년안심주택 공급활성화(임차보증금 무이자지원),0.676
5330000201930017,청년일자리 기반 구축,경남통영시,경남,지방,취업·일경험,기타,0.02,0.02,있음,,,청년일자리 도전 지원사업,0.745
5380000202630101,새마을 청년연대 활동지원,경남양산시,경남,지방,정책기반,대상자 지원,0.02,0.02,찾지 못함,,,청년 문화예술인 활동 지원,0.665
54400002022300CA,보호종료아동 대학생활안정자금 지원,경남하동군,경남,지방,교육·역량,대상자 지원,0.02,0.0,있음,,,자립준비청년 대학생활안정자금 지원,0.745
3910000202330291,반공청년운동 유공자 위령제,경기평택시,경기,지방,정책기반,기타,0.02,0.02,찾지 못함,,,청년 노동자 통장 운영,0.541
5530000202030211,청년어촌 정착지원 행정비,경기화성시,경기,지방,창업·농어업,대상자 지원,0.02,0.01,찾지 못함,,,청년어업인 정착지원 사업,0.636
4060000202430156,청년월세 지원(국비)(자체),경기파주시,경기,지방,주거,대상자 지원,0.02,0.01,있음,,,(국토부) 26년 청년월세 지원사업,0.8
4160000202330096,청년 면접 지원(자체),경기가평군,경기,지방,취업·일경험,대상자 지원,0.02,0.02,있음,,,청년 면접 지원 사업,0.92
3990000202430089,청년 정책업무 추진,경기남양주시,경기,지방,정책기반,기타,0.02,0.02,찾지 못함,,,청년 융합기술 창업지원,0.549
399000020243008A,청년 일자리업무 추진,경기남양주시,경기,지방,취업·일경험,기타,0.02,0.02,있음,,,경기청년 일자리 매치업 플러스,0.787
4140000200730899,대학생자녀 학자금 지원,경기연천군,경기,지방,교육·역량,대상자 지원,0.02,0.0,있음,,,2026년 상반기 경기도 대학생 학자금 대출이자 지원,0.76
6300000202630059,청년농업인 4-H 품앗이 활성화,대전본청,대전,지방,창업·농어업,기타,0.02,0.0,찾지 못함,,,청년 네트워크 활성화 지원사업,0.575
526000020213007E,한부모가족지원(청년한부모자녀양육비지원),경북울릉군,경북,지방,정책기반,대상자 지원,0.02,0.0,있음,,,청년한부모 자녀양육비 지원,0.92
506000020193025E,청년일자리 지원,경북김천시,경북,지방,취업·일경험,대상자 지원,0.02,0.02,있음,,,미래형 신산업기업 청년일자리사업,1.02
5110000202330044,[국]청년전세보증금반환보증보증료지원사업,경북상주시,경북,지방,주거,대상자 지원,0.02,0.0,있음,,,전세보증금반환보증 보증료 지원,0.923
5200000202330047,청년 커뮤니티공간 운영,경북고령군,경북,지방,참여·권리,기반·운영,0.02,0.01,있음,,,청년커뮤니티 활동 지원사업,0.87
5170000201930090,청년후계농영농정착지원운영비(보조),경북영양군,경북,지방,창업·농어업,기반·운영,0.02,0.02,찾지 못함,,,자립준비청년 자립정착금 지원,0.564
525000020183009C,청년농업인 영농정착지원 선발운영,경북울진군,경북,지방,창업·농어업,대상자 지원,0.02,0.02,찾지 못함,,,청년스타트업 지원,0.555
3450000202630040,청년정책위원회 운영,대구북구,대구,지방,참여·권리,기반·운영,0.02,0.02,찾지 못함,,,대구청년정책네트워크,0.653
3590000202030010,지역사회 대학생 실습 운영 관리,전남광주동구,광주,지방,교육·역량,기타,0.02,0.01,찾지 못함,,,대학(원)생 학자금 대출이자 지원(2024년 2학기),0.406
35900002021300EF,지역사회 대학생 실습 운영 관리(치매안심센터),전남광주동구,광주,지방,교육·역량,기타,0.02,0.0,찾지 못함,,,대학(원)생 학자금 대출이자 지원(2024년 2학기),0.406
362000020183013F,청년창업지원,전남광주북구,광주,지방,창업·농어업,대상자 지원,0.02,0.01,있음,,,청년창업농 인큐베이터 농장 운영,0.92
4640000202030179,전북형 청년창업농 영농정착지원,전북전주시,전북,지방,창업·농어업,대상자 지원,0.02,0.0,있음,,,청년창업농 영농정착지원사업,1.067
4740000202130109,청년마루운영,전북무주군,전북,지방,정책기반,기타,0.02,0.02,있음,,,전북특별자치도 청년마음건강센터 운영,0.745
47100002019300DF,청년 어촌정착 지원 운영비(보조),전북김제시,전북,지방,창업·농어업,기반·운영,0.02,0.02,있음,,,전북청년 지역정착 지원사업,0.735
4691000202530065,청년 취업용 건강진단서 발급비용 지원,전북정읍시,전북,지방,문화·건강,대상자 지원,0.02,0.01,찾지 못함,,,전북형 청년취업 지원,0.691
4700000202430073,대학생 학자금 이자지원(보조),전북남원시,전북,지방,교육·역량,대상자 지원,0.02,0.02,있음,,,대학생 학자금 대출이자 지원,1.029
4780000202330247,청년 전세보증금 반환보증 보증료 지원사업,전북고창군,전북,지방,주거,대상자 지원,0.02,0.0,있음,,,전세보증금반환보증 보증료 지원,0.923
356000020263007C,청년정책 활성화 지원,인천검단구,인천,지방,정책기반,대상자 지원,0.02,0.01,있음,,,청년문화 활성화 사업,0.834
35700002018300AC,대학생 학자금대출 이자 지원,인천강화군,인천,지방,교육·역량,대상자 지원,0.02,0.01,있음,20260506005400213141,대학생 학자금대출 이자 지원,대학생 학자금대출 이자 지원,1.12
35800002022301C0,인천형 청년월세 지원사업(만35세이상~만39세이하),인천옹진군,인천,지방,주거,대상자 지원,0.02,0.0,있음,,,인천시 청년월세 지원사업,1.009
569000020223016A,청년 일자리 추진,세종본청,세종,지방,취업·일경험,기타,0.02,0.02,있음,,,세종 청년참여마일리지 운영,0.735
4440000202130086,청년면접지원,충북영동군,충북,지방,취업·일경험,대상자 지원,0.02,0.0,찾지 못함,,,신 취약청년(가족돌봄·고립은둔) 지원사업,0.653
5570000201830058,대학생 학자금 이자지원,충북증평군,충북,지방,교육·역량,대상자 지원,0.02,0.02,있음,20250220005400210486,대학생 학자금 이자 지원,대학생 학자금 이자 지원,1.12
42010002026301BF,2026년 청년자율방재단 지원사업,강원강릉시,강원,지방,정책기반,대상자 지원,0.01,0.0,찾지 못함,,,2025년 청년 디딤돌 2배 적금 지원사업,0.62
435000020233019C,청년 중증장애인 자산 형성 지원사업,강원양양군,강원,지방,금융·생활안정,대상자 지원,0.01,0.01,있음,,,청년 재가 중증장애인 자산형성 지원,1.037
4211000202630098,청년어촌 정착지원(행정비),강원동해시,강원,지방,창업·농어업,대상자 지원,0.01,0.0,있음,,,청년어업인 영어정착 지원,0.857
42510002026300A9,청년어촌정착지원(행정비),강원홍천군,강원,지방,창업·농어업,대상자 지원,0.01,0.01,있음,,,청년어업인 영어정착 지원,0.857
43400002019300C5,청년어촌정착지원(행정비),강원고성군,강원,지방,창업·농어업,대상자 지원,0.01,0.01,있음,,,청년어업인 영어정착 지원,0.857
46200002018301F3,청년정책위원회 운영,충남태안군,충남,지방,참여·권리,기반·운영,0.01,0.01,있음,,,충청남도 청년정책 조정위원회 운영,1.02
55800002025300A7,청년후계농 영농정착지원사업 운영비,충남계룡시,충남,지방,창업·농어업,기반·운영,0.01,0.0,있음,,,청년후계농업인 영농정착 지원,0.977
46000002025300EE,청년 생활공구 대여,충남홍성군,충남,지방,금융·생활안정,기타,0.01,0.01,있음,20250715005400211272,청년 생활공구 대여사업,청년 생활공구 대여사업,1.12
3280000202330061,청년기금운용심의위원회 관리,부산영도구,부산,지방,참여·권리,기반·운영,0.01,0.0,찾지 못함,,,부산 청년 신용회복 지원,0.541
3260000202630013,청년정책 활성화,부산서구,부산,지방,정책기반,기타,0.01,0.01,찾지 못함,,,부산 청년 생활인구 유입 활성화(부산온나청년패스),0.676
334000020243000F,사하 청년 네트워크 운영,부산사하구,부산,지방,참여·권리,기반·운영,0.01,0.04,찾지 못함,,,부산청년센터 운영,0.62
6260000202630012,가족돌봄 등 위기아동ㆍ청년 지원,부산본청,부산,지방,정책기반,대상자 지원,0.01,0.01,찾지 못함,,,부산 청년 월세 지원,0.541
3280000201930032,청년어촌정착지원사업(행정비),부산영도구,부산,지방,창업·농어업,대상자 지원,0.01,0.0,있음,,,청년어업인 정착지원 사업,0.857
3360000201930049,청년어업인 어업 정책 지원(행정비),부산강서구,부산,지방,창업·농어업,대상자 지원,0.01,0.0,있음,,,청년어업인 정착지원 사업,0.75
481000020263014B,청년농업인 농지확보 지원,전남광주여수시,전남,지방,창업·농어업,대상자 지원,0.01,0.0,있음,,,청년농업인 연구동아리 지원,0.729
4830000202430175,청년농업인 농지확보 지원사업,전남광주나주시,전남,지방,창업·농어업,대상자 지원,0.01,0.0,있음,,,청년농업인 스타트업(초기창업) 지원사업,0.812
48400002023302AB,청년농업인 농지확보 지원사업,전남광주광양시,전남,지방,창업·농어업,대상자 지원,0.01,0.0,있음,,,청년농업인 스타트업(초기창업) 지원사업,0.812
48900002023301EE,청년농업인 농지확보 지원,전남광주보성군,전남,지방,창업·농어업,대상자 지원,0.01,0.0,있음,,,청년농업인 연구동아리 지원,0.729
49000002024300FA,청년농업인 농지확보 지원,전남광주화순군,전남,지방,창업·농어업,대상자 지원,0.01,0.01,있음,,,청년농업인 연구동아리 지원,0.729
49600002023301EF,청년농업인 농지확보 지원,전남광주함평군,전남,지방,창업·농어업,대상자 지원,0.01,0.0,있음,,,청년농업인 연구동아리 지원,0.729
501000020233047B,청년농업인농지확보(보조),전남광주신안군,전남,지방,창업·농어업,기타,0.01,0.01,찾지 못함,,,청년농업인 연구동아리 지원,0.691
5010000202330138,청년어업인영어정착지원(보조),전남광주신안군,전남,지방,창업·농어업,대상자 지원,0.01,0.01,있음,,,청년어업인 정착지원 사업,0.875
480000020233010C,청년지원 업무 추진,전남광주목포시,전남,지방,정책기반,대상자 지원,0.01,0.01,찾지 못함,,,청년월세지원,0.691
49900002022300F0,청년농업인 연구동아리 지원사업,전남광주완도군,전남,지방,창업·농어업,대상자 지원,0.01,0.0,있음,20250304005400210582,청년농업인 연구동아리 지원,청년농업인 연구동아리 지원,1.12
3110000201730140,청년 창업인의 집 운영,서울은평구,서울,지방,창업·농어업,대상자 지원,0.01,0.0,찾지 못함,,,서울 청년 밀키트 창업지원,0.691
3100000201430033,어르신-대학생 주거공유(한 지붕 세대공감) 사업,서울노원구,서울,지방,주거,대상자 지원,0.01,0.01,있음,,,청년과 어르신 주거공유(한지붕세대공감),0.82
3170000202030032,청년미래기금 운영,서울금천구,서울,지방,정책기반,기타,0.01,0.0,찾지 못함,,,청년예술청 운영,0.653
3090000202430071,청년기금운영,서울도봉구,서울,지방,정책기반,기타,0.01,0.0,있음,,,청년예술청 운영,0.735
371000020243004A,청년노동자 공유주택 조성사업,울산동구,울산,지방,주거,기반·운영,0.01,0.01,찾지 못함,,,청년성장지원사업,0.596
5460000202630064,청년성장프로젝트,경남함양군,경남,지방,취업·일경험,기타,0.01,0.01,있음,,,청년 장인프로젝트,0.995
56700002022301A3,청년어촌정착지원(행정비),경남창원시,경남,지방,창업·농어업,대상자 지원,0.01,0.0,있음,,,청년어업인 정착지원 사업,0.769
537000020193014F,청년농업인 취농 직불제 지원(자체),경남거제시,경남,지방,창업·농어업,대상자 지원,0.01,0.01,있음,20250918005400211769,청년농업인 취농직불제,청년농업인 취농직불제,1.12
53700002020300F5,청년 어촌정착 지원(사업 운영 및 평가),경남거제시,경남,지방,창업·농어업,대상자 지원,0.01,0.0,있음,,,청년어업인 정착지원 사업,0.769
5430000202230087,보물섬 남해 청년잡고 일자리잡고,경남남해군,경남,지방,취업·일경험,기타,0.01,0.01,찾지 못함,,,청년일자리 도전 지원사업,0.646
5370000202330305,청년후계농 농지 임대료 지원,경남거제시,경남,지방,창업·농어업,대상자 지원,0.01,0.0,있음,20250918005400211770,청년후계농 농지 임대료 지원,청년후계농 농지 임대료 지원,1.12
53400002021300C0,청년어촌정착지원(행정비),경남사천시,경남,지방,창업·농어업,대상자 지원,0.01,0.0,있음,,,청년어업인 정착지원 사업,0.769
54500002023301F0,청년 전세보증금반환보증 보증료 지원사업,경남산청군,경남,지방,주거,대상자 지원,0.01,0.0,있음,,,2025년 전세보증금반환보증 보증료 지원사업,1.061
5330000202330141,경남 청년인재-주력산업 동반성장 일자리사업,경남통영시,경남,지방,취업·일경험,기타,0.01,0.01,있음,20250917005400211740,청년인재-주력산업 동반성장 일자리,청년인재-주력산업 동반성장 일자리,1.12
5670000202530048,청년주택 정책사업,경남창원시,경남,지방,주거,기타,0.01,0.01,찾지 못함,,,청년정책네트워크 운영,0.691
5330000200731049,대학생 대여학자금 부담금,경남통영시,경남,지방,교육·역량,기타,0.01,0.0,찾지 못함,,,대학생 학자금대출 이자 지원,0.691
5410000202330095,경남 청년인재-주력산업 동반성장 일자리사업,경남창녕군,경남,지방,취업·일경험,기타,0.01,0.01,있음,20250917005400211740,청년인재-주력산업 동반성장 일자리,청년인재-주력산업 동반성장 일자리,1.12
533000020253000D,청년농업인 교육훈련 참석자 보상,경남통영시,경남,지방,창업·농어업,대상자 지원,0.01,0.0,찾지 못함,,,청년농업인 영농정착지원,0.555
3930000202430122,청년어촌정착지원사업(행정비),경기안산시,경기,지방,창업·농어업,대상자 지원,0.01,0.0,있음,,,청년어업인 정착지원 사업,0.857
4090000202630122,청년어촌정착지원 행정비,경기김포시,경기,지방,창업·농어업,대상자 지원,0.01,0.0,찾지 못함,,,청년어업인 정착지원 사업,0.636
5590000200830418,농업인자녀 대학생 학자금 융자지원 사업,경기양주시,경기,지방,창업·농어업,대상자 지원,0.01,0.0,찾지 못함,,,2026년 상반기 경기도 대학생 학자금 대출이자 지원,0.682
4080000202330133,안성맞춤 청년주택 홍보,경기안성시,경기,지방,주거,기반·운영,0.01,0.0,찾지 못함,,,자립준비청년 주거비 지원사업,0.473
41400002025301B8,청년어촌 정착지원사업(행정비)(국비),경기연천군,경기,지방,창업·농어업,대상자 지원,0.01,0.0,있음,,,청년어업인 정착지원 사업,0.857
4050000200831666,농업인자녀대학생 학자금 융자지원,경기용인시,경기,지방,창업·농어업,대상자 지원,0.01,0.0,있음,,,대학생 장학금 지원,0.729
56000002024300DE,청년어촌정착 지원사업 행정비,경기포천시,경기,지방,창업·농어업,대상자 지원,0.01,0.01,있음,,,청년어업인 정착지원 사업,0.75
3660000201730005,청년자립기반 조성,대전서구,대전,지방,금융·생활안정,기반·운영,0.01,0.01,찾지 못함,,,청년 네트워크 활성화 지원사업,0.473
52600002024300AD,청년 문화예술패스 지원사업,경북울릉군,경북,지방,문화·건강,대상자 지원,0.01,0.01,있음,,,2025년 청년도전 지원사업,0.72
520000020233007A,청년전세 보증금반환보증 보증료 지원사업,경북고령군,경북,지방,주거,대상자 지원,0.01,0.01,있음,,,전세보증금반환보증 보증료 지원,0.923
5160000202330032,청년전세보증금반환보증보증료지원사업,경북청송군,경북,지방,주거,대상자 지원,0.01,0.0,있음,,,2025년 전세보증금반환보증 보증료 지원사업,1.061
5170000202330092,청년전세보증금반환보증보증료지원사업(보조),경북영양군,경북,지방,주거,대상자 지원,0.01,0.0,있음,,,전세보증금반환보증 보증료 지원,0.923
5190000202530081,청년전세보증금반환보증료지원사업,경북청도군,경북,지방,주거,대상자 지원,0.01,0.0,있음,,,전세보증금반환보증 보증료 지원,0.842
5260000202330093,청년전세보증금반환보증보증료지원사업,경북울릉군,경북,지방,주거,대상자 지원,0.01,0.0,있음,,,전세보증금반환보증 보증료 지원,0.923
5180000202330069,청년전세보증금반환보증보증료지원사업(국고보조),경북영덕군,경북,지방,주거,대상자 지원,0.01,0.0,있음,,,전세보증금반환보증 보증료 지원,0.923
342000020233018D,청년정책위원회 운영,대구동구,대구,지방,참여·권리,기반·운영,0.01,0.01,찾지 못함,,,대구청년정책네트워크,0.653
3620000202330101,자립준비청년전문멘토지원,전남광주북구,광주,지방,교육·역량,대상자 지원,0.01,0.01,찾지 못함,,,자립준비청년 자립정착금,0.691
47200002019300F9,청년 농업인 생생동아리 지원,전북완주군,전북,지방,창업·농어업,대상자 지원,0.01,0.01,있음,20250718005400211443,청년농업인 생생동아리 지원,청년농업인 생생동아리 지원,1.12
4780000201930128,청년 어촌정착지원사업(행정경비),전북고창군,전북,지방,창업·농어업,대상자 지원,0.01,0.01,있음,,,전북청년 지역정착 지원사업,0.92
4760000201930049,청년농업인 생생동아리 지원사업,전북임실군,전북,지방,창업·농어업,대상자 지원,0.01,0.01,있음,20250718005400211443,청년농업인 생생동아리 지원,청년농업인 생생동아리 지원,1.12
46410002026300B4,청년일자리 활성화 추진,전북전주시,전북,지방,취업·일경험,기타,0.01,0.01,있음,,,청년나래 일자리 지원사업,0.787
4750000202330192,청년 전세보증금반환보증 보증료 지원사업,전북장수군,전북,지방,주거,대상자 지원,0.01,0.0,있음,,,전세보증금반환보증 보증료 지원,0.923
46710002026300EB,청년 어업인 영어정착(행정경비),전북군산시,전북,지방,창업·농어업,기타,0.01,0.0,있음,,,청년어업인 정착지원 사업,0.875
4730000201630002,대학생 학자금대출 이자지원,전북진안군,전북,지방,교육·역량,대상자 지원,0.01,0.01,있음,20250717005400211332,대학생 학자금 대출이자 지원,대학생 학자금 대출이자 지원,1.12
47500002011301D9,대학생 학자금 이자지원,전북장수군,전북,지방,교육·역량,대상자 지원,0.01,0.01,있음,,,대학생 학자금 대출이자 지원,1.029
47800002017300DF,대학생학자금 이자지원사업,전북고창군,전북,지방,교육·역량,대상자 지원,0.01,0.01,있음,,,대학생 학자금 대출이자 지원,1.009
47600002016300CB,대학생 학자금 대출이자 지원,전북임실군,전북,지방,교육·역량,대상자 지원,0.01,0.01,있음,20250717005400211332,대학생 학자금 대출이자 지원,대학생 학자금 대출이자 지원,1.12
6280000201830237,청년농업인 영농정착 지원(직접),인천본청,인천,지방,창업·농어업,대상자 지원,0.01,0.01,있음,20260506005400213147,청년농업인 영농정착지원,청년농업인 영농정착지원,1.12
3510000201830083,청년정책 지원,인천미추홀구,인천,지방,정책기반,대상자 지원,0.01,0.01,있음,,,2026년 인천 청년정책네트워크 위원 모집,0.92
3520000202030198,연수구 청년정책위원회 운영,인천연수구,인천,지방,참여·권리,기반·운영,0.01,0.01,있음,20260506005400213166,(연수구) 청년 정책위원회 운영,(연수구) 청년 정책위원회 운영,1.12
353000020203017D,청년농업인영농정착 선발운영비,인천남동구,인천,지방,창업·농어업,기반·운영,0.01,0.01,있음,,,청년농업인 영농정착지원,1.02
3580000202430126,청년농업인 영농정착 선발운영비,인천옹진군,인천,지방,창업·농어업,기반·운영,0.01,0.01,있음,,,청년농업인 영농정착지원,1.02
443000020183006B,대학생 학자금 이자 지원(보조),충북옥천군,충북,지방,교육·역량,대상자 지원,0.01,0.01,있음,20250220005400210486,대학생 학자금 이자 지원,대학생 학자금 이자 지원,1.12
4440000201830047,대학생 학자금 이자지원(보조),충북영동군,충북,지방,교육·역량,대상자 지원,0.01,0.01,있음,20250220005400210486,대학생 학자금 이자 지원,대학생 학자금 이자 지원,1.12
4440000202330356,청년정책 운영,충북영동군,충북,지방,정책기반,기타,0.01,0.01,있음,,,충청북도 청년정책조정위원회 운영,0.92
4460000201730113,대학생 학자금 이자지원,충북괴산군,충북,지방,교육·역량,대상자 지원,0.01,0.01,있음,20250220005400210486,대학생 학자금 이자 지원,대학생 학자금 이자 지원,1.12
442000020183009E,대학생 학자금 이자지원 사업,충북보은군,충북,지방,교육·역량,대상자 지원,0.01,0.01,있음,20250220005400210486,대학생 학자금 이자 지원,대학생 학자금 이자 지원,1.12
557000020193007D,청년창업농 선발운영비,충북증평군,충북,지방,창업·농어업,기반·운영,0.01,0.01,찾지 못함,,,청년창업농장학금지원,0.625
448000020183002C,충청북도 대학생 학자금 이자지원 사업,충북단양군,충북,지방,교육·역량,대상자 지원,0.01,0.01,있음,20250220005400210486,대학생 학자금 이자 지원,대학생 학자금 이자 지원,1.12
424000020223009E,지역혁신형 청년일자리 자율지원,강원삼척시,강원,지방,취업·일경험,대상자 지원,0.0,0.0,있음,,,지역주도형 청년일자리 사업(지역혁신형),0.727
43210002026300A9,청년농업인 R&D 기술 창업 통합관리 지원,강원양구군,강원,지방,창업·농어업,대상자 지원,0.0,0.0,찾지 못함,,,청년농업인 육성지원,0.658
45100002021301E5,친환경청년농부 시설지원,충남보령시,충남,지방,창업·농어업,기반·운영,0.0,0.0,있음,20251111005400211845,친환경청년농부 시설지원,친환경청년농부 시설지원,1.12
4550000202630006,청년농 미디어커머스 지원(도비),충남금산군,충남,지방,창업·농어업,대상자 지원,0.0,0.0,있음,20260504005400113080,청년농 미디어커머스 지원,청년농 미디어커머스 지원,1.12
459000020223011F,농업계고 졸업 청년농업인 농창업 지원사업,충남청양군,충남,지방,창업·농어업,대상자 지원,0.0,0.0,찾지 못함,,,청년 창업‧창직 지원사업,0.691
45900002024301E0,청년어업인 정착지원,충남청양군,충남,지방,창업·농어업,대상자 지원,0.0,0.0,찾지 못함,,,청년 도내 농창업 지원,0.676
45700002024300A4,청년농촌보금자리조성사업,충남부여군,충남,지방,창업·농어업,기반·운영,0.0,0.0,있음,20251211005400211971,청년 농촌보금자리 조성사업,청년 농촌보금자리 조성사업,1.12
461000020193009B,친환경청년농부시설지원,충남예산군,충남,지방,창업·농어업,기반·운영,0.0,0.0,있음,20251111005400211845,친환경청년농부 시설지원,친환경청년농부 시설지원,1.12
4610000202330214,청년농업인육성을위한충남형사회적농업지원사업,충남예산군,충남,지방,창업·농어업,대상자 지원,0.0,0.0,있음,20251111005400211843,청년농업인 육성을 위한 충남형 사회적 농업 지원,청년농업인 육성을 위한 충남형 사회적 농업 지원,1.12
46000002022300D4,친환경청년농부 시설 지원,충남홍성군,충남,지방,창업·농어업,기반·운영,0.0,0.0,있음,20251111005400211845,친환경청년농부 시설지원,친환경청년농부 시설지원,1.12
4620000202330047,청년농업인 육성(도비),충남태안군,충남,지방,창업·농어업,기타,0.0,0.0,있음,,,청년농업인 육성을 위한 충남형 사회적 농업 지원,1.02
3310000202630038,청년어촌정착지원(행정비),부산남구,부산,지방,창업·농어업,대상자 지원,0.0,0.0,있음,,,청년어업인 정착지원 사업,0.769
33400002026300B7,청년어촌정착지원사업(행정비),부산사하구,부산,지방,창업·농어업,대상자 지원,0.0,0.0,있음,,,청년어업인 정착지원 사업,0.857
326000020253008A,청년아트마켓 운영,부산서구,부산,지방,정책기반,기타,0.0,0.0,찾지 못함,,,부산청년센터 운영,0.691
4940000202430079,영암군 청년기금 관리,전남광주영암군,전남,지방,정책기반,기타,0.0,0.0,찾지 못함,,,전남 청년 근속장려금,0.582
499000020233020D,청년농업인 농지확보 지원사업,전남광주완도군,전남,지방,창업·농어업,대상자 지원,0.0,0.0,있음,,,청년농업인 스타트업(초기창업) 지원사업,0.812
481000020183014E,청년도전 창업 지원사업,전남광주여수시,전남,지방,창업·농어업,대상자 지원,0.0,0.0,있음,,,청년농업인 창업 스케일업(성장) 지원사업,0.76
481000020253005E,청년 소통 업무 지원,전남광주여수시,전남,지방,참여·권리,대상자 지원,0.0,0.0,찾지 못함,,,청년월세지원,0.691
4820000201630076,청년 4-H회원 우수과제 창업농 육성사업시범,전남광주순천시,전남,지방,창업·농어업,대상자 지원,0.0,0.0,있음,,,청년4-H회원 우수과제 창업농 육성 사업,1.064
48200002023303D6,청년농업인 농지확보 지원,전남광주순천시,전남,지방,창업·농어업,대상자 지원,0.0,0.0,있음,,,청년농업인 연구동아리 지원,0.729
4840000202530056,청년농업인 임대 스마트팜 시설장비 보완지원,전남광주광양시,전남,지방,창업·농어업,기반·운영,0.0,0.0,찾지 못함,,,청년농업인 스마트팜 자립기반 구축,0.682
4840000202630072,청년농업인 창업 스케일업(성장) 지원사업,전남광주광양시,전남,지방,창업·농어업,대상자 지원,0.0,0.0,있음,20250119005400210333,청년농업인 창업 스케일업(성장) 지원사업,청년농업인 창업 스케일업(성장) 지원사업,1.12
48800002023301AB,사회적경제기업 청년 활동가 양성,전남광주고흥군,전남,지방,정책기반,기타,0.0,0.0,찾지 못함,,,사회적경제기업 창업교육 운영,0.68
4900000202130095,친환경농산물 계약재배 청년농가 육성,전남광주화순군,전남,지방,창업·농어업,기타,0.0,0.0,있음,20250119005400210342,친환경농산물 계약재배 청년농가 육성,친환경농산물 계약재배 청년농가 육성,1.12
4900000202630014,화순형 청년공동체 활성화 지원,전남광주화순군,전남,지방,참여·권리,대상자 지원,0.0,0.0,있음,20250119005400210341,전남형 청년공동체 활성화 사업,전남형 청년공동체 활성화 사업,1.12
49300002026300B8,청년4-H회원 우수농산물 꾸러미 상품화 시범,전남광주해남군,전남,지방,창업·농어업,기타,0.0,0.0,찾지 못함,,,청년4-H회원 우수과제 창업농 육성 사업,0.649
4940000202630007,청년 경영실습임대농장 수료자 창업 도약 지원,전남광주영암군,전남,지방,창업·농어업,대상자 지원,0.0,0.0,찾지 못함,,,2026년도 청년창업특례보증 지원,0.534
4930000202430035,청년어업인 귀어 인턴 지원,전남광주해남군,전남,지방,창업·농어업,대상자 지원,0.0,0.0,찾지 못함,,,2026년도 청년창업특례보증 지원,0.596
49600002025300E9,청년도전 지원사업,전남광주함평군,전남,지방,취업·일경험,대상자 지원,0.0,0.0,있음,,,함평 전입청년 이사 지원사업,0.787
4980000202330191,사회적경제기업 청년활동가 양성사업,전남광주장성군,전남,지방,정책기반,기타,0.0,0.0,찾지 못함,,,사회적경제기업 창업교육 운영,0.68
498000020233020C,청년농업인 스마트팜 자립기반 구축,전남광주장성군,전남,지방,창업·농어업,기타,0.0,0.0,있음,20250119005400210335,청년농업인 스마트팜 자립기반 구축,청년농업인 스마트팜 자립기반 구축,1.12
4980000202430105,청년농업인 창업 스케일업 지원,전남광주장성군,전남,지방,창업·농어업,대상자 지원,0.0,0.0,있음,20250119005400210333,청년농업인 창업 스케일업(성장) 지원사업,청년농업인 창업 스케일업(성장) 지원사업,1.12
4980000202630026,청년 농업인 AI 기반 과학영농학교,전남광주장성군,전남,지방,창업·농어업,기타,0.0,0.0,찾지 못함,,,청년농업인 스마트팜 자립기반 구축,0.587
49700002023303C1,청년농업인 스마트팜 자립기반 구축,전남광주영광군,전남,지방,창업·농어업,기타,0.0,0.0,있음,20250119005400210335,청년농업인 스마트팜 자립기반 구축,청년농업인 스마트팜 자립기반 구축,1.12
500000020263004B,청년 4-H회원 우수농산물 꾸러미 상품화 시범,전남광주진도군,전남,지방,창업·농어업,기타,0.0,0.0,찾지 못함,,,청년4-H회원 우수과제 창업농 육성 사업,0.649
5010000202530018,청년임업인스마트온실생산시설(보조),전남광주신안군,전남,지방,정책기반,기반·운영,0.0,0.0,찾지 못함,,,청년창업 거주지원시설(창업하여家) 입주자 3차 모집,0.465
6500000200831082,청년 일경험(기업탐방형) 프로그램,제주본청,제주,지방,취업·일경험,대상자 지원,0.0,0.0,있음,20260427005400212878,청년 일 경험(기업탐방형) 프로그램 운영,청년 일 경험(기업탐방형) 프로그램 운영,1.12
61100002023309F3,자립준비청년 교통비 지원,서울본청,서울,지방,금융·생활안정,대상자 지원,0.0,0.0,있음,,,자립준비청년 자립수당 지원,0.816
6110000202330A50,청년몰 활성화 지원,서울본청,서울,지방,정책기반,대상자 지원,0.0,0.0,있음,,,서울청년문화패스 지원,0.745
6110000202630061,서울청년발전소,서울본청,서울,지방,정책기반,기타,0.0,0.0,찾지 못함,,,서울 청년수당,0.564
61100002026301D9,청년위원회담,서울본청,서울,지방,참여·권리,기반·운영,0.0,0.0,찾지 못함,,,청년층 신용회복 지원사업,0.582
6110000202630209,대학생건축학교,서울본청,서울,지방,교육·역량,기반·운영,0.0,0.0,찾지 못함,,,서울희망대학진로장학금,0.495
6110000202630286,청년 문화회식 사업(미사용),서울본청,서울,지방,문화·건강,기타,0.0,0.0,있음,,,서울청년문화패스,0.787
61100002026302A7,청년 문화 회식 사업,서울본청,서울,지방,문화·건강,기타,0.0,0.0,있음,,,서울청년문화패스,0.787
61100002026303F4,자립준비청년 긴급 생계비 지원,서울본청,서울,지방,금융·생활안정,대상자 지원,0.0,0.0,있음,,,자립준비청년 자립수당 지원,0.76
6110000202630426,청년과 통하는 건강 식사 지원,서울본청,서울,지방,문화·건강,대상자 지원,0.0,0.0,찾지 못함,,,서울청년문화패스 지원,0.52
61100002026304C4,청년 AI 성장권 지원,서울본청,서울,지방,정책기반,대상자 지원,0.0,0.0,찾지 못함,,,서울청년문화패스 지원,0.591
61100002018304BA,청년후계농 영농정착 지원,서울본청,서울,지방,창업·농어업,대상자 지원,0.0,0.0,찾지 못함,,,서울청년문화패스 지원,0.541
6110000202330930,서울 청년 밀키트 창업지원,서울본청,서울,지방,창업·농어업,대상자 지원,0.0,0.0,있음,20250316005400210625,서울 청년 밀키트 창업지원,서울 청년 밀키트 창업지원,1.12
310000020263001D,[청년자율예산제] 노원 청년 에필로그 홍보단,서울노원구,서울,지방,정책기반,기반·운영,0.0,0.0,찾지 못함,,,서울시 청년해외봉사단 사업,0.436
310000020263001E,[청년자율예산제] 노원청년 디지털 쉼표 프로그램,서울노원구,서울,지방,정책기반,기타,0.0,0.0,찾지 못함,,,서울 청년수당,0.428
63100002019300B1,청년사회서비스사업단 운영,울산본청,울산,지방,취업·일경험,기타,0.0,0.0,있음,20250715005400111250,청년사회서비스사업단 운영,청년사회서비스사업단 운영,1.12
631000020263006C,청년어촌정착지원,울산본청,울산,지방,창업·농어업,대상자 지원,0.0,0.0,찾지 못함,,,청년 월세 지원,0.691
370000020253004C,청년 고독사 고위험군 지원사업,울산남구,울산,지방,금융·생활안정,대상자 지원,0.0,0.0,있음,,,청년활동경험지원사업,0.729
3720000202630031,청년어촌정착지원,울산북구,울산,지방,창업·농어업,대상자 지원,0.0,0.0,찾지 못함,,,청년 월세 지원,0.691
37300002019300FC,청년어촌정착지원,울산울주군,울산,지방,창업·농어업,대상자 지원,0.0,0.0,찾지 못함,,,청년 월세 지원,0.691
64800002024302C5,청년어업인 해외연수비 지원,경남본청,경남,지방,창업·농어업,대상자 지원,0.0,0.0,있음,20250917005400211726,청년어업인 해외연수비 지원,청년어업인 해외연수비 지원,1.12
648000020263002B,농촌융복합(청년) 프리미엄 신시장 판로개척 지원,경남본청,경남,지방,정책기반,대상자 지원,0.0,0.0,찾지 못함,,,대학생 농촌인력 지원,0.44
64800002026301AE,K-Art 청년창작자 지원,경남본청,경남,지방,정책기반,대상자 지원,0.0,0.0,찾지 못함,,,청년 창업농 맞춤형 지원,0.596
5670000201930368,청년 농업인 취농직불제 사업,경남창원시,경남,지방,창업·농어업,기타,0.0,0.0,있음,20250918005400211769,청년농업인 취농직불제,청년농업인 취농직불제,1.12
567000020233029F,청년농업인 품목네트워크 활성화 시범(도비),경남창원시,경남,지방,창업·농어업,기타,0.0,0.0,찾지 못함,,,청년농업인 커뮤니티 활성화 지원,0.691
56700002024301CF,청년어업인 귀어인턴 지원사업,경남창원시,경남,지방,창업·농어업,대상자 지원,0.0,0.0,있음,20250917005400211752,청년어업인 귀어 인턴 지원,청년어업인 귀어 인턴 지원,1.12
531000020233037D,청년농업인 품목네트워크 활성화 시범,경남진주시,경남,지방,창업·농어업,기타,0.0,0.0,찾지 못함,,,청년농업인 커뮤니티 활성화 지원,0.691
531000020253010E,청년 문화예술인 버스킹,경남진주시,경남,지방,문화·건강,기타,0.0,0.0,있음,,,청년 문화예술인 활동 지원,0.857
64800002022300E5,청년 어업인 귀어 인턴제,경남본청,경남,지방,창업·농어업,대상자 지원,0.0,0.0,있음,,,청년어업인 귀어 인턴 지원,1.067
5340000202330298,청년농업인 품목네트워크 활성화 시범,경남사천시,경남,지방,창업·농어업,기타,0.0,0.0,찾지 못함,,,청년농업인 커뮤니티 활성화 지원,0.691
5340000202330349,청년 어업인 귀어 인턴 지원,경남사천시,경남,지방,창업·농어업,대상자 지원,0.0,0.0,있음,20250917005400211752,청년어업인 귀어 인턴 지원,청년어업인 귀어 인턴 지원,1.12
534000020263006A,청년 소규모 스마트팜 조성 사업,경남사천시,경남,지방,창업·농어업,기반·운영,0.0,0.0,있음,20250918005400211768,청년 소규모 스마트팜 조성,청년 소규모 스마트팜 조성,1.12
5350000202330164,청년농업인 품목네트워크 활성화 시범,경남김해시,경남,지방,창업·농어업,기타,0.0,0.0,찾지 못함,,,청년농업인 커뮤니티 활성화 지원,0.691
53600002024300F6,청년어촌정착 지원사업,경남밀양시,경남,지방,창업·농어업,대상자 지원,0.0,0.0,찾지 못함,,,청년일자리 도전 지원사업,0.691
5390000202330045,청년농업인 품목네트워크 활성화 시범,경남의령군,경남,지방,창업·농어업,기타,0.0,0.0,찾지 못함,,,청년농업인 커뮤니티 활성화 지원,0.691
5410000202130090,청년어업인 영어정착 지원사업(행정비),경남창녕군,경남,지방,창업·농어업,대상자 지원,0.0,0.0,있음,,,청년어업인 귀어 인턴 지원,0.787
540000020263000B,청년그린 치유·농촌교육농장 조성시범,경남함안군,경남,지방,교육·역량,기반·운영,0.0,0.0,찾지 못함,,,청년 농촌보금자리 조성,0.582
5410000202630007,귀어 청년 사각지대 해소 지원,경남창녕군,경남,지방,창업·농어업,대상자 지원,0.0,0.0,있음,20250918005400211775,귀어 청년 사각지대 해소 지원,귀어 청년 사각지대 해소 지원,1.12
5410000202630053,청년 문화예술인 활동 지원,경남창녕군,경남,지방,문화·건강,대상자 지원,0.0,0.0,있음,20250908005400211672,청년 문화예술인 활동 지원,청년 문화예술인 활동 지원,1.12
54200002025300B5,귀어 청년 사각지대 해소 지원,경남고성군,경남,지방,창업·농어업,대상자 지원,0.0,0.0,있음,20250918005400211775,귀어 청년 사각지대 해소 지원,귀어 청년 사각지대 해소 지원,1.12
54300002019300DE,청년어업인 정착지원(행정비),경남남해군,경남,지방,창업·농어업,대상자 지원,0.0,0.0,있음,,,청년어업인 해외연수비 지원,0.857
54300002023302D1,청년어업인 귀어 인턴 지원사업,경남남해군,경남,지방,창업·농어업,대상자 지원,0.0,0.0,있음,20250917005400211752,청년어업인 귀어 인턴 지원,청년어업인 귀어 인턴 지원,1.12
54200002023303ED,청년 어업인 귀어 인턴 지원,경남고성군,경남,지방,창업·농어업,대상자 지원,0.0,0.0,있음,20250917005400211752,청년어업인 귀어 인턴 지원,청년어업인 귀어 인턴 지원,1.12
544000020263006F,청년 문화예술인 활동 지원 사업,경남하동군,경남,지방,문화·건강,대상자 지원,0.0,0.0,있음,20250908005400211672,청년 문화예술인 활동 지원,청년 문화예술인 활동 지원,1.12
5450000202330080,경남 청년인재-주력산업 동반성장 일자리사업,경남산청군,경남,지방,취업·일경험,기타,0.0,0.0,있음,20250917005400211740,청년인재-주력산업 동반성장 일자리,청년인재-주력산업 동반성장 일자리,1.12
5450000202330125,청년농업인 품목네트워크 활성화 시범,경남산청군,경남,지방,창업·농어업,기타,0.0,0.0,찾지 못함,,,청년농업인 커뮤니티 활성화 지원,0.691
54500002025300E6,청년 문화예술인 활동 지원사업,경남산청군,경남,지방,문화·건강,대상자 지원,0.0,0.0,있음,20250908005400211672,청년 문화예술인 활동 지원,청년 문화예술인 활동 지원,1.12
5440000202330263,청년농업인 품목네트워크 활성화 시범사업,경남하동군,경남,지방,창업·농어업,기타,0.0,0.0,찾지 못함,,,청년농업인 커뮤니티 활성화 지원,0.691
546000020263000C,청년농업인 품목네트워크 활성화,경남함양군,경남,지방,창업·농어업,기타,0.0,0.0,있음,,,청년농업인 커뮤니티 활성화 지원,0.735
54700002021300E0,청년농업인 커뮤니티 활성화 지원사업,경남거창군,경남,지방,창업·농어업,대상자 지원,0.0,0.0,있음,20250917005400211718,청년농업인 커뮤니티 활성화 지원,청년농업인 커뮤니티 활성화 지원,1.12
54700002022300EE,대학일자리플러스센터 사업,경남거창군,경남,지방,취업·일경험,기타,0.0,0.0,찾지 못함,,,,
5470000202330168,경남 청년 농식품수출 마케터 지원,경남거창군,경남,지방,정책기반,대상자 지원,0.0,0.0,있음,20250917005400211745,경남 청년 농식품수출 마케터 지원,경남 청년 농식품수출 마케터 지원,1.12
5480000202330149,청년농업인 품목네크워크 활성화 시범,경남합천군,경남,지방,창업·농어업,기타,0.0,0.0,찾지 못함,,,청년농업인 커뮤니티 활성화 지원,0.691
3930000200831114,농업인자녀 대학생 학자금 융자지원사업,경기안산시,경기,지방,창업·농어업,대상자 지원,0.0,0.0,찾지 못함,,,2026년 상반기 경기도 대학생 학자금 대출이자 지원,0.682
4070000200830473,농업인자녀 대학생 학자금 이자지원(도직접지원),경기이천시,경기,지방,창업·농어업,대상자 지원,0.0,0.0,있음,,,2026년 상반기 경기도 대학생 학자금 대출이자 지원,0.787
3940000200832312,농업인자녀 대학생 학자금 지원,경기고양시,경기,지방,창업·농어업,대상자 지원,0.0,0.0,찾지 못함,,,2026년 상반기 경기도 대학생 학자금 대출이자 지원,0.691
4170000200830542,농업인자녀 대학생 학자금 이자지원,경기양평군,경기,지방,창업·농어업,대상자 지원,0.0,0.0,있음,,,2026년 상반기 경기도 대학생 학자금 대출이자 지원,0.787
405000020203028E,청년 김대건길 관광활성화 사업,경기용인시,경기,지방,정책기반,기타,0.0,0.0,찾지 못함,,,경기청년 해외진출(일본) 사업,0.501
3780000200831118,농업인자녀 대학생 학자금 융자지원,경기성남시,경기,지방,창업·농어업,대상자 지원,0.0,0.0,있음,,,2026년 상반기 경기도 대학생 학자금 대출이자 지원,0.72
3910000200831014,농업인자녀 대학생학자금 이자 지원,경기평택시,경기,지방,창업·농어업,대상자 지원,0.0,0.0,있음,,,2026년 상반기 경기도 대학생 학자금 대출이자 지원,0.787
3990000200831966,농업인자녀 대학생 학자금 이자지원,경기남양주시,경기,지방,창업·농어업,대상자 지원,0.0,0.0,있음,,,2026년 상반기 경기도 대학생 학자금 대출이자 지원,0.787
4060000200830282,농업인자녀 대학생학자금 이자 지원(매칭),경기파주시,경기,지방,창업·농어업,대상자 지원,0.0,0.0,있음,,,2026년 상반기 경기도 대학생 학자금 대출이자 지원,0.787
40000002019300B0,청년농업인 영농정착 지원사업 선발운영비,경기오산시,경기,지방,창업·농어업,기반·운영,0.0,0.0,있음,,,청년농업인 영농정착지원,1.02
4110000200830403,농업인자녀 대학생 학자금 융자금 이자 지원,경기여주시,경기,지방,창업·농어업,대상자 지원,0.0,0.0,있음,,,2026년 상반기 경기도 대학생 학자금 대출이자 지원,0.726
4090000200831058,농업인자녀 대학생 학자금 이자차액 지원,경기김포시,경기,지방,창업·농어업,대상자 지원,0.0,0.0,있음,,,2026년 상반기 경기도 대학생 학자금 대출이자 지원,0.745
4000000200930104,농업인 자녀 대학생 학자금 융자 지원사업(이차보전),경기오산시,경기,지방,창업·농어업,대상자 지원,0.0,0.0,찾지 못함,,,2026년 상반기 경기도 대학생 학자금 대출이자 지원,0.682
3900000200830632,농업인 자녀 대학생 학자금 지원,경기광명시,경기,지방,창업·농어업,대상자 지원,0.0,0.0,찾지 못함,,,2026년 상반기 경기도 대학생 학자금 대출이자 지원,0.691
5600000200830489,농업인자녀 대학생 학자금 융자지원 사업,경기포천시,경기,지방,창업·농어업,대상자 지원,0.0,0.0,찾지 못함,,,2026년 상반기 경기도 대학생 학자금 대출이자 지원,0.682
553000020213021D,청년농업인 아이디어 사업화 공모사업,경기화성시,경기,지방,창업·농어업,기타,0.0,0.0,찾지 못함,,,2025년 화성시 청년정책 아이디어 공모전,0.696
554000020223002B,지역주도형 청년 일자리사업,경기광주시,경기,지방,취업·일경험,기타,0.0,0.0,찾지 못함,,,경기청년 일자리 매치업 플러스,0.642
4000000202330039,청년 창업지원 점포 운영,경기오산시,경기,지방,창업·농어업,대상자 지원,0.0,0.0,있음,,,청년 융합기술 창업지원,0.72
397000020123000D,퇴소 및 보호종료 아동 자립정착금 지원(도비),경기과천시,경기,지방,금융·생활안정,대상자 지원,0.0,0.0,찾지 못함,,,청년농업인 영농정착지원,0.416
52200002023301A9,청년농업인 농지 임대지원,경북칠곡군,경북,지방,창업·농어업,대상자 지원,0.0,0.0,찾지 못함,,,청년스타트업 지원,0.646
6470000202630147,K-Art청년창작자지원,경북본청,경북,지방,정책기반,대상자 지원,0.0,0.0,찾지 못함,,,청년한부모 자녀양육비 지원,0.555
5070000202430020,전통주 마스터 청년 창업 인력 양성사업[안동형 일자리사업],경북안동시,경북,지방,창업·농어업,대상자 지원,0.0,0.0,찾지 못함,,,경북청년 예비창업가 육성사업,0.639
5070000202430132,[국]청년성장프로젝트,경북안동시,경북,지방,취업·일경험,기타,0.0,0.0,있음,20251114005400211892,청년성장프로젝트,청년성장프로젝트,1.12
51500002023300DF,보전지출(청년발전기금),경북의성군,경북,지방,정책기반,기타,0.0,0.0,찾지 못함,,,,
3460000202630091,기타반환금(일자리청년과),대구수성구,대구,지방,취업·일경험,기타,0.0,0.0,찾지 못함,,,,
3430000202530035,청년 고독사 고위험군 지원,대구서구,대구,지방,금융·생활안정,대상자 지원,0.0,0.0,찾지 못함,,,2025년 청년사회진입 활동지원사업,0.555
34600002025300A8,청년 고독사 고위험군 지원사업,대구수성구,대구,지방,금융·생활안정,대상자 지원,0.0,0.0,찾지 못함,,,2025년 청년사회진입 활동지원사업,0.68
4720000202330135,청년 어촌정착 지원사업 행정경비,전북완주군,전북,지방,창업·농어업,대상자 지원,0.0,0.0,있음,,,전북청년 지역정착 지원사업,0.787
4681000202530131,익산형 청년 소상공인 레벨업 지원(지방소멸대응기금 2026년),전북익산시,전북,지방,정책기반,대상자 지원,0.0,0.0,있음,,,전북형 청년취업 지원,0.752
46810002026300B3,청년부부 결혼비용 지원사업,전북익산시,전북,지방,금융·생활안정,대상자 지원,0.0,0.0,찾지 못함,,,익산형 청년월세 지원사업,0.691
4690000202330045,청년창업 스마트팜 패키지 지원사업,전북정읍시,전북,지방,창업·농어업,대상자 지원,0.0,0.0,있음,20250718005400211416,청년창업 스마트팜 패키지 지원,청년창업 스마트팜 패키지 지원,1.12
4721000202630093,청년부부 결혼비용 지원사업 (보조),전북완주군,전북,지방,금융·생활안정,대상자 지원,0.0,0.0,찾지 못함,,,결혼축하금 지원사업,0.691
628000020193013A,지역사회서비스 청년사업단,인천본청,인천,지방,취업·일경험,기타,0.0,0.0,있음,,,청년사회서비스사업단 운영,0.847
3530000202430015,청년미디어타워일대경관개선사업,인천남동구,인천,지방,정책기반,기타,0.0,0.0,있음,,,(남동구) 청년미디어타워 운영,1.02
356000020193018A,청년농업인 영농정착 지원(서구공통),인천서해구,인천,지방,창업·농어업,대상자 지원,0.0,0.0,찾지 못함,,,청년농업인 영농정착지원,0.65
3560000202330085,중소기업 청년 복지공유제(서구공통),인천서해구,인천,지방,정책기반,기타,0.0,0.0,찾지 못함,,,중소기업 재직청년 복지공유제,0.567
356000020263007C,청년정책 활성화 지원(검단하),인천서해구,인천,지방,정책기반,대상자 지원,0.0,0.0,찾지 못함,,,(서해구) 청년 기업 육성 및 지원사업,0.62
3560000202630112,청년창업지원센터 구축(검단하),인천서해구,인천,지방,창업·농어업,대상자 지원,0.0,0.0,찾지 못함,,,(서해구) 청년센터 서해구1939 운영,0.62
3560000202630117,인천형 청년월세 지원사업(만19~34세)(검단하),인천서해구,인천,지방,주거,대상자 지원,0.0,0.0,있음,,,(서해구) 인천시 청년월세 지원사업,1.009
3560000202630118,인천형 청년월세 지원사업(만35~39세)(검단하),인천서해구,인천,지방,주거,대상자 지원,0.0,0.0,있음,,,(서해구) 인천시 청년월세 지원사업,1.009
3570000202630014,청년마을 조성사업,인천강화군,인천,지방,참여·권리,기반·운영,0.0,0.0,있음,,,청년 인재육성 사업,0.745
4390000202430051,청년 소상공인 골목경제 활성화 지원,충북충주시,충북,지방,정책기반,대상자 지원,0.0,0.0,있음,20250527005400210879,청년 소상공인 골목경제 활성화 지원사업,청년 소상공인 골목경제 활성화 지원사업,1.12
444000020243008C,청년 임대 일라이트 스마트팜 단지 조성(보조),충북영동군,충북,지방,창업·농어업,기반·운영,0.0,0.0,찾지 못함,,,청년농업인 스마트팜 기반 조성,0.672
