온통청년 정책번호,정책명,소관기관,지역,분야,신청상태,기본계획 과제번호,보조금24 서비스ID,보조금24 연결 방식,이어지는 세부사업 코드,이어지는 세부사업명,연결 예산현액(억 원),같은 사업의 다른 등록
20250211005400110419,(국민연금) 실업크레딧 지원,고용노동부,중앙,취업·일경험,마감,1차 1-4-8,B55201500004,이름 대조(신뢰도 중간),,,,
20260921005400113470,(국토교통 청년소통채널 운영) 2030 청년자문단,국토교통부,중앙,참여·권리,마감,2차 5-15-58,,,,,,
20260921005400113476,(국토교통 청년소통채널 운영) 청년온라인패널,국토교통부,중앙,참여·권리,마감,2차 5-15-58,,,,,,
20260319005400112218,(국토부) 26년 청년월세 지원사업,국토교통부,중앙,주거,마감,2차 3-9-30,161300000099,이름 대조(신뢰도 중간),095-110-1000-1034-311,청년월세지원,1299.89,
20260528005400113227,(농식품부) 농식품 바우처,농림축산식품부,중앙,문화·건강,진행중,2차 4-13-50,B55284500010,이름 대조(신뢰도 중간),,,,
20260528005400113226,(문체부) 청년예술인 예술활동 적립계좌,문화체육관광부,중앙,문화·건강,상시,2차 4-14-52,,,,,,
20260415005400112751,(복지부) 26년 정신건강 심리상담 바우처사업,보건복지부,중앙,문화·건강,진행중,2차 4-13-46,,,,,,
20250618005400111034,(신규)건축구조기사 양성,국토교통부,중앙,교육·역량,마감,1차 3-9-21,,,,,,
20250619005400111075,(청년 금융교육 지원) e-금융교육센터 재무상담 사례 게시판,금융감독원,중앙,교육·역량,마감,1차 3-12-29,,,,,,
20250619005400111066,(청년 금융교육 지원) 대학 실용금융 강좌,금융감독원,중앙,교육·역량,마감,1차 3-12-31,,,,,,
20250619005400111072,(청년 금융교육 지원) 대학 실용금융 강좌 온라인(K-MOOC) 개설,금융감독원,중앙,교육·역량,마감,1차 3-12-29,,,,,,
20250619005400111070,(청년 금융교육 지원) 대학생 금융교육봉사단,금융감독원,중앙,교육·역량,마감,1차 3-11-28,,,,,,
20250619005400111073,(청년 금융교육 지원) 청년층을 위한 실전 재무설계 온라인 동영상,금융감독원,중앙,교육·역량,마감,1차 3-12-29,,,,,,
20250617005400110997,1인 광고콘텐츠 창작자 지원,문화체육관광부,중앙,문화·건강,마감,1차 4-16-43,,,,,,
20250613005400110925,1인 미디어 창작자 및 스타트업 지원,방송진흥정책관,중앙,창업·농어업,마감,1차 1-2-5,,,,,,
20250901005400111543,1인 창조기업 지원센터 운영,중소벤처기업부,중앙,창업·농어업,마감,1차 1-2-5,142000000001,이름 대조(신뢰도 높음),,,,
20250107005400110063,2025년 국가유산 산업 인턴 지원 사업,국가유산진흥원,중앙,취업·일경험,마감,1차 1-1-1,,,,,,
20250107005400110060,2025년 매장유산 미정리유물 보존 및 활용사업,청장,중앙,취업·일경험,마감,1차 1-1-1,,,,,,
20250121005400110344,2025년 전국민마음투자지원사업,보건복지부,중앙,문화·건강,마감,1차 4-15-39,135200005045,이름 대조(신뢰도 중간),,,,
20260504005400113131,2026 충남 창업마루 나비(Starup-NAvi),AI육성과,중앙,창업·농어업,마감,2차 1-4-12,,,,,,
20260316005400112168,2026년 국가유산 산업 인턴십 지원 사업,국가유산청,중앙,취업·일경험,마감,2차 1-1-1,,,,,,
20260317005400112169,2026년 매장유산 미정리유물 보존 및 활용사업,국가유산청 문화유산국,중앙,취업·일경험,진행중,2차 1-1-3,,,,,,
20260921005400113473,2026년 스마트건설 창업아이디어 공모전,국토교통부 건설정책국 기술안전정책관,중앙,창업·농어업,마감,2차 1-4-13,,,,,,
20260316005400112167,2026년 청년 유네스코 세계유산 지킴이,국가유산청,중앙,교육·역량,마감,2차 2-5-19,,,,,,
20260416005400112764,2026년도 창업중심대학 대학발 (예비)창업기업 모집 공고,중소벤처기업부,중앙,창업·농어업,마감,2차 1-4-12,142100000058,이름 대조(신뢰도 중간),,,,
20260903005400113371,2026학년도 2학기 AI학업장려 학자금대출,교육부,중앙,교육·역량,진행중,2차 2-7-25,,,,,,
20250701005400111142,2030 자문단,통일부,중앙,참여·권리,마감,1차 5-17-44,,,,,,
20260923005400113568,AI 거점대학,교육부 인공지능인재지원국 인공지능융합인재양성과,중앙,교육·역량,상시,2차 2-5-17,,,,,,
20250305005400110592,AI 보안관제 전문인력 양성(5기) 교육,과학기술정보통신부,중앙,취업·일경험,마감,1차 3-9-21,,,,,,
20260923005400113557,AI·스마트도시 혁신인재육성,국토교통부,중앙,교육·역량,상시,2차 2-5-19,,,,,,
20250612005400110908,CAMPUS Asia-AIMS,교육부,중앙,참여·권리,마감,1차 5-20-52,,,,,,
20250619005400111077,DUO-Korea Fellowship 2025,글로벌교육기획관,중앙,참여·권리,마감,1차 5-20-52,,,,,,
20250618005400111007,ICT 석박사 인재의 글로벌 연구 역량 강화,정보통신산업정책관,중앙,교육·역량,마감,1차 3-9-21,,,,,,
20250618005400111010,ICT 석박사 인재의 핵심 기술 관련 R&D 역량강화,정보통신산업정책관,중앙,교육·역량,마감,1차 3-9-21,,,,,,
20250715005400111240,ICT 이노베이션스퀘어 지원사업,재단법인울산정보산업진흥원,중앙,교육·역량,마감,1차 3-9-21,,,,,,
20250113005400110179,ICT기반 수산전문인력 양성,해양수산부,중앙,교육·역량,마감,1차 3-9-21,,,,,,
20250212005400110433,K-Move 스쿨,고용노동부,중앙,취업·일경험,마감,1차 1-1-2,PTR000050831,이름 대조(신뢰도 중간),,,,
20260921005400113491,K-Shield 주니어,과학기술정보통신부 정보보호네트워크정책실,중앙,교육·역량,마감,2차 2-5-19,,,,,,
20250305005400110591,K-Shield 주니어 14기 정규과정,과학기술정보통신부,중앙,취업·일경험,마감,1차 3-9-21,,,,,,20250617005400110962
20250617005400110962,K-Shield 주니어 15기 정규과정,과학기술정보통신부,중앙,취업·일경험,마감,1차 3-9-21,,,,,,20250305005400110591
20250211005400110413,K-디지털 기초역량훈련,고용노동부,중앙,취업·일경험,마감,1차 1-1-2,,,,,,
20260710005400113257,K-패스(K패스),국토교통부,중앙,금융·생활안정,상시,2차 4-12-44,161300000104,링크 기재,,,,
20260922005400113508,K-푸드 창업사관학교,농림축산식품부,중앙,창업·농어업,마감,2차 1-4-13,,,,,,
20250110005400110147,KF 글로벌 챌린저,한국국제교류재단,중앙,참여·권리,마감,1차 5-20-52,,,,,,
20250109005400110119,KF 한베청년교류,한국국제교류재단,중앙,참여·권리,마감,1차 5-20-52,,,,,,
20250114005400110231,KF 한일대학생교류,한국국제교류재단,중앙,참여·권리,마감,1차 5-20-52,,,,,,
20250114005400110233,KF 한중청년교류(방중 파견),한국국제교류재단,중앙,참여·권리,마감,1차 5-20-52,,,,,,
20250618005400111025,KOICA 영프로페셔널(국내),외교부,중앙,참여·권리,마감,1차 5-20-52,,,,,,
20250618005400111026,KOICA 영프로페셔널(해외),외교부,중앙,참여·권리,마감,1차 5-20-52,,,,,,
20250212005400110435,NCS 기반 능력중심 채용,고용노동부,중앙,취업·일경험,마감,1차 3-11-28,,,,,,
20260918005400113448,STEP 플랫폼을 통한 AI 활용 직업역량 강화 지원,고용노동부 직업능력정책국,중앙,교육·역량,상시,2차 2-5-17,,,,,,
20260504005400113135,SW미래채움,AI육성과,중앙,교육·역량,상시,2차 2-5-17,,,,,,20251214005400211976
20260504005400113137,SW중심대학 지원,AI육성과,중앙,교육·역량,상시,2차 2-5-17,,,,,,
20250624005400111127,TIPS(팁스) 프로그램,중소벤처기업부,중앙,창업·농어업,마감,1차 1-2-4,,,,,,
20250715005400111241,UNIST 지역지능화혁신인재 양성,울산광역시,중앙,교육·역량,마감,1차 3-9-21,,,,,,20260406005400212525
20250618005400111023,WFK IT봉사단,과학기술정보통신부,중앙,참여·권리,마감,1차 5-20-52,,,,,,
20250618005400111018,WFK KOICA 일반봉사단,외교부,중앙,참여·권리,마감,1차 5-20-52,,,,,,
20250618005400111021,WFK KOICA 프로젝트봉사단,외교부,중앙,참여·권리,마감,1차 5-20-52,,,,,,
20250618005400111042,WFK KOICA자문단,외교부,중앙,참여·권리,마감,1차 5-20-52,,,,,,
20250618005400111039,WFK NGO봉사단,외교부,중앙,참여·권리,마감,1차 5-20-52,,,,,,
20250618005400111038,WFK NIPA자문단,산업통상자원부,중앙,참여·권리,마감,1차 5-20-52,,,,,,
20250618005400111024,WFK UNV대학생봉사단,외교부,중앙,참여·권리,마감,1차 5-20-52,,,,,,
20250618005400111037,WFK 과학기술지원단,과학기술정보통신부,중앙,참여·권리,마감,1차 5-20-52,,,,,,
20250618005400111027,WFK 청년봉사단(태평양아시아협회),외교부,중앙,참여·권리,마감,1차 5-20-52,,,,,,
20250618005400111028,WFK 청년봉사단(한국대학사회봉사협의회),외교부,중앙,참여·권리,마감,1차 5-20-52,,,,,,
20250618005400111040,WFK 청년중기봉사단,외교부,중앙,참여·권리,마감,1차 5-20-52,,,,,,
20250618005400111029,WFK 한방봉사단,보건복지부,중앙,참여·권리,마감,1차 5-20-52,,,,,,
20260921005400113466,[마이홈포털] 온라인 기반 주거 정보 전달 및 상담서비스 제공,국토교통부,중앙,주거,상시,2차 3-10-35,,,,,,
20260714005400113258,k-뉴딜 아카데미,고용노동부,중앙,취업·일경험,진행중,2차 1-1-2,,,,,,
20250617005400110958,가상융합기술 아카데미(메타버스 아카데미),과학기술정보통신부,중앙,취업·일경험,마감,1차 3-9-21,,,,,,
20250113005400110178,가족돌봄청년 전담지원 시범사업,인구사회서비스정책실,중앙,금융·생활안정,마감,1차 4-14-35,,,,,,
20260922005400113518,개인기초연구(신진연구) 지원,과학기술정보통신부 연구개발정책실 기초원천연구정책관,중앙,교육·역량,마감,2차 2-5-18,,,,,,
20250702005400111145,거버넌스 복합형 산림인재 양성(R&D),산림정책과,중앙,취업·일경험,마감,2차 1-2-5,,,,,,
20260921005400113492,건설기술인 진입장벽 완화,국토교통부,중앙,교육·역량,상시,2차 2-5-19,,,,,,
20260921005400113495,건축설계 인재육성,국토교통부 국토도시실,중앙,교육·역량,마감,2차 2-5-19,,,,,,
20250123005400110384,결혼이민여성 취업지원,고용노동부,중앙,취업·일경험,마감,1차 1-4-8,,,,,,
20260718005400113262,경계선지능청년지원,고용노동부,중앙,금융·생활안정,진행중,2차 4-12-44,,,019-110-1300-1343-300,경계선지능청년지원,2.6,
20250623005400111110,경력단절 예방 지원 강화,경력단절여성지원과,중앙,취업·일경험,마감,1차 1-1-2,,,,,,
20250901005400111567,경북 산촌어촌 청년일자리사업,행정안전부,중앙,취업·일경험,마감,1차 1-1-3,,,,,,
20250612005400110917,경상이 의무복무 제대군인 취업지원 사업,제대군인국,중앙,취업·일경험,마감,1차 1-1-1,,,,,,
20250612005400110914,고교 취업연계 장려금,교육부,중앙,취업·일경험,마감,1차 3-11-26,999000000013,이름 대조(신뢰도 중간),,,,20260311005400112111
20260311005400112111,고교 취업연계 장려금 지원,교육부,중앙,취업·일경험,진행중,2차 1-1-1,999000000013,이름 대조(신뢰도 높음),,,,20250612005400110914
20250212005400110439,고교생 맞춤형 고용서비스,고용노동부,중앙,취업·일경험,마감,1차 1-1-1,,,,,,
20250609005400110894,고립은둔청년 지원 시범사업,인구아동정책관,중앙,금융·생활안정,마감,1차 4-14-35,,,6310000202430105,고립·은둔 청년 지원 시범사업,6.03,
20260922005400113529,고속도로 휴게소 사회적가치매장 활성화,국토교통부,중앙,창업·농어업,상시,2차 1-4-14,,,,,,
20260922005400113539,고시원 등 거주청년 이주비용 패키지 지원,국토교통부,중앙,주거,상시,2차 3-10-34,,,,,,
20260922005400113538,고시원 등 거주청년 주거상향 지원,국토교통부,중앙,주거,상시,2차 3-10-34,,,,,,
20250123005400110386,고용보험 미적용자 출산급여 지원,고용노동부,중앙,금융·생활안정,마감,1차 4-14-36,149200000153,링크 기재,,,,
20250212005400110423,고용복지플러스센터,고용노동부,중앙,취업·일경험,마감,1차 1-1-2,,,,,,
20250122005400110354,고용유지지원금,고용노동부,중앙,취업·일경험,마감,1차 1-1-2,SD0000003418,이름 대조(신뢰도 높음),,,,
20250123005400110385,"고용평등 심층상담(직장 내 성희롱, 고용상 성차별 피해, 모성보호제도 등)",고용노동부,중앙,정책기반,마감,1차 5-18-48,,,,,,
20260918005400113434,공공기관 청년인턴 운영,재정경제부 공공정책국 인재경영과,중앙,취업·일경험,상시,2차 1-1-1,,,,,,
20260923005400113569,공공기술기반 시장연계 창업탐색지원,과학기술정보통신부,중앙,창업·농어업,마감,2차 1-4-12,,,,,,
20250116005400110308,공공외교 현장 실습원,외교부,중앙,참여·권리,마감,1차 5-20-52,,,,,,
20260921005400113465,공공임대 대기자통합시스템 구축,국토교통부 주택토지실 주거복지정책관,중앙,주거,상시,2차 3-10-35,,,,,,
20250621005400111091,공공임대용 농지매입,농림축산식품부,중앙,창업·농어업,마감,1차 1-2-5,,,,,,
20260504005400113120,공공형 축산 스마트팜 인큐베이터 운영,축산기술연구소,중앙,창업·농어업,상시,2차 1-4-13,,,,,,20251211005400211967
20260504005400113102,공동훈련센터 운영 지원,일자리기업지원과,중앙,교육·역량,진행중,2차 2-6-20,,,,,,
20260922005400113520,공예청년 인턴십 지원사업,문화체육관광부,중앙,교육·역량,상시,2차 2-5-19,,,,,,
20250618005400111006,공유주택 펀드투자,국토교통부,중앙,주거,마감,1차 2-8-17,,,,,,
20260504005400113111,광역이음(충청권 연계) 일자리사업,일자리기업지원과,중앙,취업·일경험,진행중,2차 1-2-5,,,,,,
20260922005400113519,교육현장 청년 AI 지식경험공유,교육부 고등평생정책실 평생교육지원관,중앙,교육·역량,상시,2차 2-5-17,,,,,,
20250122005400110369,구직급여,고용노동부,중앙,취업·일경험,마감,1차 1-1-1,SD0000015536,이름 대조(신뢰도 중간),,,,
20250123005400110395,구직자ㆍ기업 도약보장 패키지,고용노동부,중앙,취업·일경험,마감,1차 1-1-2,174100000088,이름 대조(신뢰도 중간),,,,
20250609005400110889,국가 중점육성분야 산업지원인력 지원 확대,병무청,중앙,취업·일경험,마감,1차 1-1-2,,,,,,
20260821005400113348,국가근로장학금,한국장학재단,중앙,교육·역량,마감,2차 2-7-24,GES000000120,이름 대조(신뢰도 중간),,,,
20250212005400110426,국가기간·전략산업직종 훈련,고용노동부,중앙,취업·일경험,마감,1차 1-1-2,,,,,,
20250609005400110897,국가물산업클러스터 물기업 창업지원,물관리정책실,중앙,창업·농어업,마감,2차 1-4-13,,,,,,
20250123005400110397,국가인적자원개발 컨소시엄,고용노동부,중앙,취업·일경험,마감,1차 1-1-1,149200000065,이름 대조(신뢰도 높음),,,,
20250110005400210152,국군 휴가보상 제도,국가보훈부,중앙,문화·건강,마감,1차 4-16-42,,,,,,
20250620005400111086,국내청년의 동포기업 인턴십,재외동포청,중앙,참여·권리,마감,1차 5-20-52,,,,,,
20250123005400110392,국내해외취업센터 운영,고용노동부,중앙,창업·농어업,마감,1차 1-2-4,,,,,,
20250123005400110393,국민내일배움카드,고용노동부,중앙,취업·일경험,마감,1차 1-1-2,149200000026,이름 대조(신뢰도 중간),,,,
20260710005400113256,국민취업지원제도,고용노동부,중앙,취업·일경험,상시,2차 1-1-3,149200005007,링크 기재,,,,
20250114005400110245,국제기구초급전문가(JPO) 파견,외교부,중앙,참여·권리,마감,1차 5-20-52,,,,,,
20250114005400110232,국제옵서버 인력 확대,해양수산부,중앙,취업·일경험,마감,1차 1-1-1,,,,,,
20260922005400113517,국토공간정보 인력양성,국토교통부,중앙,교육·역량,상시,2차 2-5-19,,,,,,
20260918005400113436,국토교통 과학기술 신진연구자 지원사업(R&D),국토교통부,중앙,교육·역량,진행중,2차 2-5-18,,,,,,
20260918005400113447,군장병 대학 원격강좌 학점취득 지원 확대,국방부,중앙,취업·일경험,진행중,2차 1-1-3,,,,,,
20260921005400113467,군장병 전자책 구독·구매 지원,국방부,중앙,취업·일경험,진행중,2차 1-1-3,,,,,,
20260504005400113083,그린스타트업타운 운영,AI육성과,중앙,창업·농어업,상시,2차 1-4-12,,,,,,
20250402005400110682,글로벌 규제과학 리더양성,기획조정과,중앙,교육·역량,마감,2차 2-5-19,,,,,,
20250221005400110539,글로벌 기업 협업 프로그램 창업기업 모집,중소벤처기업부,중앙,창업·농어업,마감,1차 1-2-4,,,,,,
20260922005400113524,글로벌 저작권 현안 신속대응(R&D) - 저작권 기술 글로벌 인재양성,문화체육관광부 문화미디어산업실 저작권정책관,중앙,교육·역량,마감,2차 2-5-19,,,,,,
20260316005400112166,기상기후데이터 청년 전문가 양성,기상청,중앙,교육·역량,상시,2차 2-5-19,,,,,,
20260922005400113506,기숙사형 청년주택 공급,국토교통부,중앙,주거,상시,2차 3-8-28,,,,,,
20250623005400111117,기술사관 육성,중소벤처기업부,중앙,취업·일경험,마감,1차 3-11-27,142000000032,이름 대조(신뢰도 중간),,,,
20250623005400111121,기업인력애로센터,중소벤처기업부,중앙,취업·일경험,마감,1차 1-1-1,,,,,,
20250109005400110121,기후·에너지·환경분야 청년창업 생태계 구축(기후에너지환경창업대전),기후에너지환경부,중앙,창업·농어업,마감,2차 1-4-12,,,,,,
20250109005400110123,녹색 융합기술 인재 양성,기후에너지환경부,중앙,교육·역량,상시,2차 2-5-19,,,,,,
20260922005400113511,농식품분야 해외인턴십 지원,농림축산식품부 기획조정실 국제농식품협력관,중앙,취업·일경험,마감,2차 1-2-5,154300000395,이름 대조(신뢰도 높음),,,,
20260922005400113551,농업계대학 지원,농림축산식품부,중앙,교육·역량,상시,2차 2-5-19,,,,,,
20260918005400113433,뉴스페이스리더양성,우주항공청,중앙,교육·역량,마감,2차 2-5-19,,,,,,
20260504005400113138,다문화청년 취᭼창업지원 사업,외국인정책과,중앙,취업·일경험,마감,2차 1-1-1,,,,,,
20250211005400110414,단기집단상담프로그램,고용노동부,중앙,취업·일경험,마감,1차 1-1-2,,,,,,
20260407005400112546,달동 청년 유홈 건립,울산광역시,중앙,주거,마감,2차 3-8-27,,,,,,
20250623005400111107,대학 장애학생 지원센터 운영 강화,평생직업교육정책관,중앙,금융·생활안정,마감,1차 4-14-37,SD0000010494,이름 대조(신뢰도 중간),,,,
20250207005400110410,대학 재학생 맞춤형 고용서비스,고용노동부,중앙,취업·일경험,마감,1차 1-1-1,,,,,,
20260922005400113528,"대학가, 원룸촌 등 부동산 허위매물 등 수시모니터링",국토교통부,중앙,주거,상시,2차 3-10-33,,,,,,
20260123005400112079,"대학생 연합생활관(은행권,고양)",교육부,중앙,주거,상시,2차 2-8-28,,,,,,
20260504005400113109,대학생 연합설계 지원(건축역량 강화),건축디자인과,중앙,교육·역량,진행중,2차 2-6-20,,,,,,
20260923005400113558,대학생 주거부담 경감(대학기숙사 확충),교육부 고등평생정책실,중앙,주거,마감,2차 3-10-34,,,,,,
20260921005400113463,대학생 진로지도 강화,교육부,중앙,취업·일경험,마감,2차 1-1-3,,,,,,
20260504005400113113,대학생 천원의 아침밥 사업 지원,고등교육정책담당관,중앙,금융·생활안정,마감,2차 4-12-44,,,,,,20250715005400211280
20260911005400113406,대학생 천원의 아침밥 지원 확대,농림축산식품부,중앙,문화·건강,상시,2차 4-13-50,154300005045,링크 기재,,,,
20260922005400113534,대학생 현장실습 제도개선,교육부 고등평생정책실 평생교육지원관,중앙,교육·역량,마감,2차 2-6-20,,,,,,
20260921005400113490,대학의 장애학생지원센터 운영 지원,교육부,중앙,금융·생활안정,마감,2차 4-12-44,SD0000010494,이름 대조(신뢰도 높음),,,,
20250212005400110437,대학일자리플러스센터,고용노동부,중앙,취업·일경험,마감,1차 3-11-27,,,,,,
20250901005400111570,대학일자리플러스센터 지원,고용노동부,중앙,취업·일경험,마감,1차 1-1-1,,,,,,
20250904005400111657,대학일자리플러스센터 지원사업,고용노동부,중앙,취업·일경험,마감,1차 3-9-22,,,,,,
20250623005400111103,대학창업펀드 조성,지역인재정책관,중앙,창업·농어업,마감,1차 1-2-5,,,,,,
20260504005400113071,도민리포터 운영(청년 분야),디지털소통담당관,중앙,참여·권리,마감,2차 5-15-58,,,,,,
20260923005400113559,도시재생 전문인력 양성,국토교통부,중앙,교육·역량,상시,2차 2-5-19,,,,,,20260922005400113552
20260922005400113552,도시재생 전문인력 양성사업,국토교통부,중앙,교육·역량,상시,2차 2-5-19,,,,,,20260923005400113559
20250618005400111008,도심융합특구 조성,국토교통부,중앙,주거,마감,1차 2-5-10,,,,,,
20250618005400111000,디지털 스타트업 허브 조성,과학기술정보통신부,중앙,창업·농어업,마감,1차 1-2-5,,,,,,
20260921005400113464,디지털인력 해외진출 사업,행정안전부,중앙,교육·역량,마감,2차 2-5-17,,,,,,
20250702005400111144,디지털정부 Young Frontier 교육,행정안전부,중앙,교육·역량,마감,2차 2-5-19,,,,,,
20260921005400113486,딥테크 창업중심대학 지정 및 딥테크 창업기업 지원,중소벤처기업부 창업벤처혁신실 창업정책관,중앙,창업·농어업,마감,2차 1-4-12,142100000058,이름 대조(신뢰도 높음),,,,
20250704005400111154,마을기업 육성사업,행정안전부,중앙,창업·농어업,진행중,1차 1-2-5,,,,,,
20250212005400110422,마음똑똑心+,고용노동부,중앙,취업·일경험,마감,1차 1-1-2,,,,,,
20250227005400110566,마이스터대 지원,교육부,중앙,교육·역량,마감,1차 3-11-27,,,,,,
20260923005400113556,맞춤형농지지원,농림축산식품부 농산업혁신정책실 농업정책관,중앙,취업·일경험,상시,2차 1-2-6,154300005035,이름 대조(신뢰도 중간),,,,
20250518005400110849,맞춤형화장품조제관리사 전문인력 양성,화장품정책과,중앙,교육·역량,상시,2차 2-5-19,,,,,,
20260416005400112758,모두의 창업,중소벤처기업부,중앙,창업·농어업,마감,2차 1-4-16,,,,,,
20260922005400113525,문학관 청년인턴십 지원,문화체육관광부 문화예술정책실 예술정책관,중앙,취업·일경험,마감,2차 1-2-5,,,,,,
20260923005400113561,문화가 있는 날 청춘마이크,문화체육관광부 문화예술정책실 지역문화정책관,중앙,문화·건강,마감,2차 4-14-52,,,,,,
20260922005400113514,문화를담은브랜드산단조성(산업단지환경조성),산업통상부,중앙,취업·일경험,상시,2차 1-2-5,,,,,,
20250617005400110987,문화비(체육시설 이용료 등)  소득공제,문화체육관광부,중앙,문화·건강,마감,1차 4-16-42,,,,,,
20250714005400111203,문화예술교육사 인턴십 지원사업,울산광역시,중앙,취업·일경험,마감,1차 1-1-2,,,,,,
20250123005400110394,미래내일 일경험 사업,고용노동부,중앙,취업·일경험,마감,1차 1-1-2,,,019-110-1000-1051-305,청년취업진로 및 일경험 지원,3011.77,
20250901005400111542,미래형 신산업기업 청년일자리사업,행정안전부,중앙,취업·일경험,마감,1차 1-1-1,,,,,,
20260421005400112773,미소금융 청년 미래이음 대출,서민금융진흥원,중앙,금융·생활안정,상시,2차 4-11-39,B55370100042,이름 대조(신뢰도 중간),,,,
20250617005400110952,미혼청년 주거급여 분리지급,국토교통부,중앙,주거,마감,1차 2-5-10,336000000096,이름 대조(신뢰도 중간),,,,
20250610005400110901,바이오 인력양성,산업통상자원부,중앙,취업·일경험,마감,1차 1-1-2,,,,,,
20260310005400112103,박사후연구원 연구 여건 개선,교육부,중앙,교육·역량,상시,2차 2-5-18,,,,,,
20260504005400113099,반도체 특성화 대학,산업육성과,중앙,교육·역량,진행중,2차 2-6-20,,,,,,
20250624005400111124,방위산업 전문인력 양성 지원사업,방위사업청,중앙,취업·일경험,마감,1차 1-1-2,,,,,,
20250624005400111126,범부처 창업경진대회,중소벤처기업부,중앙,창업·농어업,마감,1차 1-2-4,,,,,,
20260417005400112768,벤처기업 공동채용 지원사,중소벤처기업부,중앙,취업·일경험,상시,2차 1-1-1,,,,,,
20250623005400111120,벤처기업경쟁력강화사업,중소벤처기업부,중앙,취업·일경험,마감,1차 1-1-1,,,,,,
20250609005400110890,병역의무자 마음건강 관리 지원,병무청,중앙,문화·건강,마감,1차 4-15-39,,,,,,
20240730005400100001,병역진로설계,병무청,중앙,취업·일경험,마감,1차 1-1-2,,,,,,
20250613005400110927,복권기금 꿈사다리 장학사업,교육부,중앙,교육·역량,마감,1차 3-10-23,999000000014,이름 대조(신뢰도 높음),,,,
20250617005400110946,빈곤 청년에 대한 근로인센티브 확대,복지정책관,중앙,금융·생활안정,마감,1차 4-14-34,,,,,,
20250327005400110657,사회복무요원의 안정적 사회진출 지원,병무청,중앙,교육·역량,마감,1차 3-9-20,,,,,,
20260922005400113540,사회연대경제 청년 일경험 시범 지원,행정안전부,중앙,취업·일경험,마감,2차 1-1-1,,,101-110-3100-3131-306,사회연대경제 청년 일경험 시범사업,156.42,
20260625005400113245,사회연대경제 청년일경험,행정안전부,중앙,취업·일경험,진행중,2차 1-1-3,,,,,,
20260921005400113494,산림 특성화고 전문인재 양성·지원,산림청 산림산업정책국 산림정책과,중앙,교육·역량,마감,2차 2-5-19,,,,,,
20250112005400110167,산림산업 창업지원,산림안전보건일자리팀,중앙,취업·일경험,마감,2차 1-2-5,,,,,,
20260610005400113229,산림산업 창업지원_산림청년포럼,산림청,중앙,참여·권리,마감,2차 5-15-58,,,,,,
20250529005400110881,산림산업 창업지원_청년 산림인 성장지원,산림청,중앙,취업·일경험,마감,2차 1-1-2,,,,,,
20260211005400112094,산림산업 창업지원_청년 산림창업 마중물 지원,산림청,중앙,창업·농어업,마감,2차 1-4-13,,,,,,
20260810005400113328,산림산업 창업지원_청년 산림창업가 시너지캠프,산림청,중앙,창업·농어업,마감,2차 1-4-12,,,,,,
20250714005400111227,산림산업 창업지원_청년 임팩트 창업 아이디어 챌린지,산림청,중앙,취업·일경험,마감,2차 1-2-5,,,,,,
20260504005400113118,산업단지 청년문화센터 건립,산업입지과,중앙,문화·건강,상시,2차 4-14-53,,,,,,20251214005400212003
20260320005400112238,산업맞춤 단기직무능력인증과정 Match業,교육부 고등평생정책실,중앙,교육·역량,상시,2차 2-6-21,,,,,,
20260921005400113484,산업혁신인재성장지원,산업통상부,중앙,교육·역량,상시,2차 2-5-19,,,,,,
20250714005400111208,상안지구 행복주택 건립,울산광역시,중앙,주거,진행중,1차 2-5-10,,,,,,20260407005400212543 | 20250714005400111209
20260407005400112540,새만금 스포일러 모집(2026년 새만금개발청 정책기자단),새만금개발청,중앙,참여·권리,마감,2차 5-15-58,,,,,,
20250123005400110398,생활안정자금 융자사업,고용노동부,중앙,주거,마감,1차 2-6-13,149200000009,이름 대조(신뢰도 중간),,,,
20250621005400111092,선임대후매도,농림축산식품부,중앙,창업·농어업,마감,1차 1-2-5,,,,,,
20250212005400110421,성취프로그램,고용노동부,중앙,취업·일경험,마감,1차 1-1-2,,,,,,
20260311005400112110,세종공동캠퍼스 성장 지원,행정중심복합도시건설청 도시계획국,중앙,교육·역량,상시,2차 2-5-19,,,,,,
20260918005400113444,수산업 현장 맞춤형 전문인력양성,해양수산부 수산정책실 수산정책관,중앙,교육·역량,상시,2차 2-5-19,,,,,,
20260922005400113554,스마트시티 혁신인재 육성,국토교통부,중앙,교육·역량,상시,2차 2-5-19,,,,,,
20250623005400111119,스마트제조인력양성,중소벤처기업부,중앙,취업·일경험,마감,1차 3-9-21,,,,,,
20260504005400113092,스마트팜 청년 창업 교육,스마트교육센터,중앙,교육·역량,진행중,2차 2-6-20,,,,,,20251214005400211983
20260921005400113498,스마트팜 청년창업 보육센터,농림축산식품부 농산업혁신정책실,중앙,교육·역량,마감,2차 2-5-19,B55472900003,이름 대조(신뢰도 중간),089-213-2200-2220-380,스마트팜 청년창업 보육센터,91.6,20250621005400111093
20250621005400111093,스마트팜청년창업보육센터,농림축산식품부,중앙,취업·일경험,마감,1차 3-9-21,B55472900003,이름 대조(신뢰도 중간),,,,20260921005400113498
20260417005400112766,스타트업 원스톱 지원센터,중소벤처기업부,중앙,창업·농어업,상시,2차 1-4-16,,,,,,
20260921005400113497,스타트업 창업기획 프로그램,국토교통부,중앙,창업·농어업,마감,2차 1-4-12,,,,,,
20250221005400110543,스타트업 해외전시회 참가기업 모집,중소벤처기업부,중앙,창업·농어업,마감,1차 1-2-4,,,,,,
20250115005400110285,스타트업AI기술인력 양성(이어드림스쿨),중소벤처기업부,중앙,취업·일경험,마감,1차 1-1-2,B55400900022,이름 대조(신뢰도 중간),,,,20260416005400112759
20260416005400112759,스타트업AI기술인력양성(이어드림스쿨),중소벤처기업부,중앙,교육·역량,마감,2차 2-5-17,B55400900022,이름 대조(신뢰도 중간),,,,20250115005400110285
20260922005400113526,시설 퇴소청소년 자립지원수당,성평등가족부 청소년가족정책실,중앙,금융·생활안정,상시,2차 4-12-43,138300000067,이름 대조(신뢰도 중간),,,,
20260922005400113543,식품·외식기업 청년 인턴십,농림축산식품부 농산업혁신정책실 식품산업정책관,중앙,취업·일경험,상시,2차 1-1-1,,,,,,
20260922005400113516,식품분야 대학(원)생 현장실습 지원,농림축산식품부,중앙,교육·역량,마감,2차 2-6-20,,,,,,
20260922005400113507,신산업 분야 직업계고 학과개편 지원,교육부,중앙,교육·역량,상시,2차 2-6-23,,,,,,20250613005400110926
20250613005400110926,신산업 분야 직업계고 학과개편 지원,교육부,중앙,교육·역량,마감,1차 3-9-21,,,,,,20260922005400113507
20240109005400100001,신생아 특례 구입·전세대출,국토교통부,중앙,주거,상시,2차 3-9-31,,,,,,20260922005400113542
20260922005400113542,신생아 특례 구입·전세대출,국토교통부,중앙,주거,상시,2차 3-9-31,,,,,,20240109005400100001
20250618005400110998,신진작가 화랑전속계약 활동 지원,문화체육관광부,중앙,문화·건강,마감,1차 4-16-43,,,,,,
20240109005400100004,신혼부부 전용 전세자금,국토교통부 주택기금과,중앙,주거,상시,2차 3-9-31,,,,,,
20260504005400113103,안서동 목조 커뮤니티시설 및 전망대 설치,산림자원과,중앙,문화·건강,진행중,2차 4-14-53,,,,,,
20260922005400113522,어선청년임대,해양수산부,중앙,취업·일경험,마감,2차 1-2-7,,,096-213-3100-3145-303,어선청년임대,20.45,
20250114005400110230,에너지 국제기구 인턴 파견,외교부,중앙,참여·권리,마감,1차 5-20-52,,,,,,
20260312005400112115,에너지인력양성(R&D),기후에너지환경부,중앙,교육·역량,마감,2차 2-5-19,,,,,,
20260312005400112116,에너지차세대리더육성,기후에너지환경부,중앙,교육·역량,마감,2차 2-5-19,,,,,,
20250109005400110122,에코스타트업 지원사업,기후에너지환경부,중앙,창업·농어업,마감,2차 1-4-12,,,,,,
20260922005400113550,영농창업특성화대학,농림축산식품부,중앙,교육·역량,상시,2차 2-5-19,,,,,,
20260416005400112762,예비창업패키지,중소벤처기업부,중앙,창업·농어업,마감,2차 1-4-12,999000000074,이름 대조(신뢰도 높음),,,,
20250221005400110540,예비창업패키지 창업기업 모집,중소벤처기업부,중앙,창업·농어업,마감,1차 1-2-4,999000000074,이름 대조(신뢰도 높음),,,,
20260323005400112244,예비청년 대상 발명교육 지원,지식재산처,중앙,교육·역량,상시,2차 2-6-23,,,,,,
20250310005400110607,예비청년 대상 발명교육 지원,특허청,중앙,교육·역량,마감,1차 3-9-21,,,,,,
20260504005400113108,예비청년 현장중심 진로체험 프로그램 운영,고등교육정책담당관,중앙,교육·역량,진행중,2차 2-6-20,,,,,,20250715005400211279
20260923005400113562,예술활동준비금지원사업,문화체육관광부 문화예술정책실,중앙,문화·건강,마감,2차 4-14-52,999000000038,이름 대조(신뢰도 높음),,,,
20260918005400113430,오프라인 지역 청년지원센터 활성화,국무조정실 국무1차장 청년정책조정실,중앙,정책기반,상시,2차 5-16-59,,,,,,
20250115005400110263,온국민평생배움터 구축 및 운영,교육부,중앙,교육·역량,마감,1차 3-12-30,,,,,,
20260310005400112106,온국민평생배움터 운영,교육부,중앙,교육·역량,상시,2차 2-7-26,,,,,,
20260917005400113419,온라인 통합 청년정책플랫폼(온통청년) 고도화,국무조정실 국무1차장 청년정책조정실,중앙,정책기반,상시,2차 5-16-59,,,010-110-7000-7035-324,청년정책통합플랫폼 구축(정보화),25.58,
20260918005400113446,온오프라인 통합 청년 토론회,국무조정실,중앙,참여·권리,상시,2차 5-15-56,,,,,,
20260416005400112761,올해의 K-스타트업(舊. 도전! K-스타트업),중소벤처기업부,중앙,창업·농어업,마감,2차 1-4-12,999000000085,이름 대조(신뢰도 높음),,,,
20260504005400113123,워케이션 충남 프로그램 운영,관광진흥과,중앙,문화·건강,진행중,2차 4-14-53,,,,,,
20250211005400110418,월드잡플러스(해외통합정보망),고용노동부,중앙,취업·일경험,마감,1차 1-1-1,,,,,,
20250625005400111134,위기청년 자립지원(시설퇴소청소년 자립지원수당 지원),청소년자립지원과,중앙,금융·생활안정,마감,1차 4-14-34,,,,,,
20250613005400110922,유망청년창업기업 보증,신용보증기금,중앙,창업·농어업,마감,1차 1-2-5,,,,,,
20250114005400110246,유엔자원봉사단(UNV) 파견,외교부,중앙,참여·권리,마감,1차 5-20-52,,,,,,
20250514005400110813,유엔참전국 교류캠프,국가보훈부,중앙,참여·권리,마감,1차 5-20-52,,,,,,
20250123005400110399,유연근무제 장려금(사업주 지원),고용노동부,중앙,취업·일경험,마감,1차 1-4-8,149200000083,이름 대조(신뢰도 높음),,,,
20250123005400110388,육아기 근로시간 단축 급여,고용노동부,중앙,정책기반,마감,1차 5-19-50,999000000007,링크 기재,,,,
20260921005400113485,융합보안핵심인재양성,과학기술정보통신부 정보보호네트워크정책실,중앙,교육·역량,마감,2차 2-5-19,,,,,,
20250617005400110950,의료기기 규제과학 전문가 양성,식품의약품안전처,중앙,교육·역량,상시,2차 2-5-19,,,,,,
20260311005400112108,의약품 규제업무 전문가 양성 교육,식품의약품안전처,중앙,교육·역량,마감,2차 2-5-19,,,,,,
20250620005400111082,이공계 대학원생 청년창업 탐색지원,과학기술정보통신부,중앙,창업·농어업,마감,1차 1-2-4,,,,,,
20250618005400111051,이공계 연구생활장려금,과학기술정보통신부,중앙,교육·역량,마감,1차 3-9-21,,,,,,
20260921005400113481,이전 공공기관 지역인재채용,국토교통부 혁신도시발전추진단,중앙,취업·일경험,상시,2차 1-1-1,,,,,,
20250626005400111138,이주배경청년(청소년)지원,학교밖청소년지원과,중앙,금융·생활안정,마감,1차 4-14-36,,,,,,
20250618005400111011,인공지능반도체 분야 고급인재양성,정보통신산업정책관,중앙,교육·역량,마감,1차 3-9-21,,,,,,
20260504005400113115,인재육성사업 추진,고등교육정책담당관,중앙,금융·생활안정,진행중,2차 4-12-44,,,,,,20251214005400211986 | 20251112005400211858
20250212005400110420,일반고 특화훈련,고용노동부,중앙,취업·일경험,마감,1차 1-1-2,,,,,,
20250211005400110416,일학습병행,고용노동부,중앙,교육·역량,마감,1차 3-11-28,149200000059,이름 대조(신뢰도 중간),,,,
20260922005400113515,임대형 스마트팜,농림축산식품부 농산업혁신정책실 농산업혁신정책관,중앙,취업·일경험,상시,2차 1-2-6,,,,,,
20250617005400110945,자립준비청년 의료비 지원 사업,인구아동정책관,중앙,금융·생활안정,마감,1차 4-14-34,,,,,,
20250609005400110892,자립준비청년 자립수당 지급,인구아동정책관,중앙,금융·생활안정,마감,1차 4-14-34,508000000565,이름 대조(신뢰도 높음),075-110-1300-1331-303,자립준비청년 자립수당 지급,340.68,
20260330005400112329,자립준비청년 자립수당지원,보건복지부,중앙,금융·생활안정,상시,2차 4-12-43,508000000565,이름 대조(신뢰도 높음),50900002019300F9 | 5170000201930078,(국)자립준비청년자립수당지원 | 자립준비청년자립수당지원(보조),0.6,
20250617005400110944,자립준비청년 자립지원 사업,인구아동정책관,중앙,금융·생활안정,마감,1차 4-14-34,508000000565,이름 대조(신뢰도 중간),075-110-1300-1331-304,자립준비청년 자립지원 체계 구축,175.74,
20260922005400113531,자립준비청년 주거지원,국토교통부,중앙,주거,상시,2차 3-8-27,,,,,,
20260504005400113104,자립준비청년 지원,인구정책과,중앙,금융·생활안정,상시,2차 4-12-43,644000000843,이름 대조(신뢰도 중간),4520000202330223,자립준비청년 지원,0.36,
20260504005400113094,자립지원 사업비,인구정책과,중앙,금융·생활안정,상시,2차 4-12-43,,,,,,
20260918005400113441,장기간부 도약적금,국방부,중앙,금융·생활안정,상시,2차 4-11-37,,,,,,
20260918005400113440,장병내일준비적금 지원,국방부,중앙,금융·생활안정,상시,2차 4-11-37,,,,,,
20260416005400112763,재도전성공패키지,중소벤처기업부,중앙,창업·농어업,마감,2차 1-4-16,B55273500003,이름 대조(신뢰도 중간),,,,
20250221005400110541,재도전성공패키지 IP전략형 (예비) 재창업기업 지원,중소벤처기업부,중앙,창업·농어업,마감,1차 1-2-4,,,,,,
20250221005400110538,재도전성공패키지 일반형 (예비) 재창업기업 지원,중소벤처기업부,중앙,창업·농어업,마감,1차 1-2-4,,,,,,
20250620005400111084,재외동포 청년인턴 사업,재외동포청,중앙,참여·권리,마감,1차 5-20-52,,,,,,
20260320005400112237,재직자 인공지능·디지털(AI·D) 집중과정 지원,교육부 고등평생정책실,중앙,교육·역량,상시,2차 2-5-17,,,,,,
20260918005400113459,전문기술인재 장학금 지원,교육부 고등평생정책실 평생교육지원관,중앙,교육·역량,진행중,2차 2-7-24,B55252900229,이름 대조(신뢰도 중간),,,,
20250619005400111065,전문대학 글로벌 현장학습,교육부 고등평생정책실,중앙,참여·권리,마감,2차 5-17-63,134200000008,이름 대조(신뢰도 중간),,,,
20260504005400113081,전세보증금반환보증 보증료 지원,주택도시과,중앙,주거,상시,2차 3-10-32,644000000245,이름 대조(신뢰도 높음),,,,
20260527005400113223,전세보증금반환보증 보증료 지원,국토교통부,중앙,주거,상시,2차 3-9-31,161300000103,링크 기재,,,,
20250903005400111592,전세보증금반환보증 보증료 지원사업,국토교통부,중앙,주거,마감,1차 2-7-16,161300000103,이름 대조(신뢰도 높음),,,,
20260921005400113489,정보보호특성화대학,과학기술정보통신부 정보보호네트워크정책실,중앙,교육·역량,마감,2차 2-5-19,,,,,,20250618005400111009
20250618005400111009,정보보호특성화대학 지원사업,과학기술정보통신부,중앙,교육·역량,마감,1차 3-9-21,,,,,,20260921005400113489
20260918005400113431,정부위원회 청년위원 확대,국무조정실 국무1차장 청년정책조정실,중앙,참여·권리,상시,2차 5-15-57,,,,,,
20260504005400113116,정신건강 심리상담 바우처 사업,건강증진식품과,중앙,문화·건강,상시,2차 4-13-47,,,,,,
20260921005400113474,정원분야 실습·보육공간 조성,산림청,중앙,참여·권리,마감,2차 5-15-58,,,,,,
20260918005400113457,제2기 탐지견 아카데미,관세청,중앙,교육·역량,마감,2차 2-5-19,,,,,,
20250110005400110154,제대군인 사이버교육,국가보훈부,중앙,취업·일경험,마감,1차 3-11-27,,,,,,
20250110005400110151,제대군인 전직지원금,국가보훈부,중앙,취업·일경험,마감,1차 1-1-1,GPV000000110,이름 대조(신뢰도 높음),,,,
20250110005400110161,제대군인 직업능력 개발훈련,국가보훈부,중앙,취업·일경험,마감,1차 1-1-2,,,,,,
20250110005400110155,제대군인 직업능력개발교육비 지원,제대군인일자리과,중앙,취업·일경험,마감,1차 1-1-1,,,,,,
20250110005400110153,제대군인지원센터,국가보훈부,중앙,취업·일경험,마감,1차 1-1-1,,,,,,
20260922005400113555,제로에너지 건축 전문인력 양성,국토교통부,중앙,교육·역량,상시,2차 2-5-19,,,,,,
20250620005400111085,제약 스마트공장 혁신기술 인재 양성,의약품안전국,중앙,교육·역량,마감,2차 2-5-19,,,,,,
20250624005400111128,제조창업활성화(메이커스페이스 지원),중소벤처기업부,중앙,창업·농어업,마감,1차 1-2-4,,,,,,
20250212005400110432,조기재취업수당,고용노동부,중앙,취업·일경험,마감,1차 1-1-1,149200000063,이름 대조(신뢰도 높음),,,,
20240109005400100003,주거안정월세대출,국토교통부 주택기금과,중앙,주거,상시,2차 3-9-31,999000000025,이름 대조(신뢰도 높음),,,,
20250521005400110863,주거안정장학금,교육부,중앙,교육·역량,마감,1차 3-10-23,,,,,,
20250618005400111005,주거포털 마이홈 개선,국토교통부,중앙,주거,마감,1차 2-5-10,,,,,,
20260504005400113105,주력산업 일자리 지원사업,일자리기업지원과,중앙,취업·일경험,마감,2차 1-2-4,,,,,,
20250110005400110149,중.장기복무제대군인 무료법률구조지원,국가보훈부,중앙,취업·일경험,마감,1차 1-1-1,183000000003,이름 대조(신뢰도 중간),,,,
20260310005400112102,중남미 지역기구 인턴 파견,외교부 중남미국,중앙,취업·일경험,상시,2차 1-1-3,,,,,,
20250113005400110168,중남미 지역기구 인턴 파견,중남미국,중앙,참여·권리,마감,1차 5-20-52,,,,,,
20250623005400111116,중소기업 계약학과,중소벤처기업부,중앙,취업·일경험,마감,1차 3-11-27,,,,,,
20260921005400113479,중소벤처기업 '청년 기술평가체험단' 운영,중소벤처기업부 창업벤처혁신실,중앙,취업·일경험,마감,2차 1-2-5,,,,,,
20260918005400113429,중앙행정기관 청년인턴 운영,국무조정실,중앙,취업·일경험,상시,2차 1-1-3,,,,,,
20250123005400110389,중증장애인근로자 출퇴근 비용 지원,고용노동부,중앙,정책기반,마감,1차 5-19-50,149200005019,이름 대조(신뢰도 높음),,,,
20260310005400112101,지방청년인재 재외공관 파견,외교부,중앙,취업·일경험,마감,2차 1-1-3,,,,,,
20260323005400112245,지식재산 기반 창업촉진(IP 디딤돌 프로그램),지식재산처,중앙,창업·농어업,상시,2차 1-4-13,,,,,,
20250310005400110605,지식재산 기반 창업촉진(IP 디딤돌 프로그램),특허청,중앙,창업·농어업,마감,1차 1-2-4,,,,,,
20260504005400113078,지역기반형 콘텐츠코리아랩 운영,문화정책과,중앙,문화·건강,상시,2차 4-14-51,,,,,,20251214005400211995 | 20251113005400211872
20260504005400113121,지역문화 전문인력 양성,문화정책과,중앙,문화·건강,상시,2차 4-14-51,,,,,,20251214005400211994 | 20251112005400211869
20260918005400113456,지역별 청년발전지표 개발 및 제공,국무조정실,중앙,정책기반,상시,2차 5-16-60,,,,,,
20260504005400113114,지역사회서비스 청년사업단,복지보훈정책과,중앙,문화·건강,상시,2차 4-13-49,999000000044,이름 대조(신뢰도 중간),,,,20251214005400211990 | 20251112005400211865
20250610005400110900,지역전문가 양성 및 공급,산업통상자원부,중앙,취업·일경험,마감,1차 1-1-2,,,,,,
20260504005400113107,지역특화형 비자 사업(지역우수인재),외국인정책과,중앙,취업·일경험,마감,2차 1-2-5,,,,,,
20250715005400111244,지역혁신중심 대학지원체계(RISE) 추진,울산광역시,중앙,교육·역량,마감,1차 3-12-31,,,,,,20260407005400212537
20250211005400110412,직업 트라우마 센터 운영,고용노동부,중앙,문화·건강,마감,1차 4-15-39,,,,,,
20250619005400111080,직업계고 학생 현장실습 내실화,평생직업교육정책관,중앙,취업·일경험,마감,1차 3-11-26,,,,,,
20260406005400112497,직업계고-전문대학 교육과정 연계,교육부,중앙,교육·역량,진행중,2차 2-6-22,,,,,,
20250613005400110924,직업교육 혁신지구 조성,교육부,중앙,교육·역량,마감,1차 3-10-25,,,,,,
20250122005400110368,직업심리검사,고용노동부,중앙,교육·역량,마감,1차 3-11-28,B55190400003,이름 대조(신뢰도 중간),,,,
20250123005400110377,직업훈련 생계비대부사업,고용노동부,중앙,취업·일경험,마감,1차 1-1-2,149200000037,링크 기재,,,,
20260921005400113480,직장인 든든한 한끼,농림축산식품부 농산업혁신정책실 식품산업정책관,중앙,문화·건강,상시,2차 4-13-50,,,,,,
20250109005400110117,직장적응 지원,고용노동부,중앙,취업·일경험,마감,2차 1-1-2,,,,,,20250212005400110438
20250212005400110438,직장적응 지원,고용노동부,중앙,취업·일경험,마감,1차 1-1-2,,,,,,20250109005400110117
20260921005400113487,차세대 보안 리더,과학기술정보통신부 정보보호네트워크정책실,중앙,교육·역량,마감,2차 2-5-19,,,,,,20250618005400111002
20250618005400111002,차세대 보안 리더,과학기술정보통신부,중앙,교육·역량,마감,1차 3-9-20,,,,,,20260921005400113487
20260417005400112767,참 괜찮은 강소기업 선정 및 취업연계,중소벤처기업부,중앙,취업·일경험,상시,2차 1-1-1,,,,,,
20250901005400111569,창업교육 혁신선도대학 사업,교육부,중앙,창업·농어업,마감,1차 1-2-5,,,,,,
20250221005400110545,창업도약패키지(대기업협업형) 창업기업 모집,중소벤처기업부,중앙,창업·농어업,마감,1차 1-2-4,,,,,,
20250221005400110544,창업도약패키지(일반형) 창업기업 모집,중소벤처기업부,중앙,창업·농어업,마감,1차 1-2-4,,,,,,
20250221005400110546,창업도약패키지(투자병행형) 창업기업 모집,중소벤처기업부,중앙,창업·농어업,마감,1차 1-2-4,,,,,,
20260504005400113084,창업보육센터 및 기업지원,AI육성과,중앙,창업·농어업,마감,2차 1-4-12,,,,,,
20260323005400112246,창업성공패키지(청년창업사관학교),중소벤처기업부 창업벤처혁신실 창업정책관,중앙,창업·농어업,마감,2차 1-4-12,,,,,,
20260504005400113093,창업어가 멘토링,수산자원연구소,중앙,교육·역량,진행중,2차 2-6-20,119200000070,이름 대조(신뢰도 중간),,,,20250715005400211281
20260504005400113112,창업중심 대학 사업 지원,AI육성과,중앙,창업·농어업,마감,2차 1-4-12,142100000058,이름 대조(신뢰도 중간),,,,
20250624005400111133,창업중심대학 지원,중소벤처기업부,중앙,창업·농어업,마감,1차 1-2-4,142100000058,이름 대조(신뢰도 높음),,,,
20260504005400113134,창의융합형 공학인재양성지원,미래산업과,중앙,취업·일경험,마감,2차 1-2-5,,,,,,
20250610005400110898,창의융합형공학인재양성,산업통상자원부,중앙,교육·역량,마감,1차 3-9-19,,,,,,
20250624005400111131,창조경제혁신센터 멘토링 프로그램 운영,중소벤처기업부,중앙,창업·농어업,마감,1차 1-2-4,,,,,,
20260921005400113469,찾아가는 청년주거 상담소,국토교통부,중앙,주거,상시,2차 3-10-35,,,,,,
20250621005400111098,천원의아침밥,농림축산식품부,중앙,문화·건강,마감,1차 4-15-40,154300005045,이름 대조(신뢰도 높음),,,,
20250610005400110903,첨단분야 글로벌 인재육성(한미첨단분야청년교류지원),산업통상자원부,중앙,취업·일경험,마감,1차 3-9-21,,,094-110-3100-3161-335,한미첨단분야청년교류지원,116.25,
20260504005400113095,첨단산업 인재양성 부트캠프,고등교육정책담당관,중앙,교육·역량,진행중,2차 2-5-19,,,,,,
20260310005400112105,첨단산업 인재양성 집중 교육과정 제공(부트캠프),교육부,중앙,교육·역량,상시,2차 2-5-17,,,,,,
20250212005400110425,첨단산업·디지털 핵심 실무인재 양성훈련(K-디지털 트레이닝),고용노동부,중앙,취업·일경험,마감,1차 1-1-2,,,,,,
20250623005400111114,청년 1인가구 사회적 관계망 형성 지원,가족정책과,중앙,금융·생활안정,마감,1차 4-14-36,,,,,,20250627005400111140
20250627005400111140,청년 1인가구 사회적관계망 형성지원,가족정책과,중앙,금융·생활안정,마감,1차 4-14-35,,,,,,20250623005400111114
20250623005400111104,청년 SW개발자 커뮤니티 지원 및 멘토단 구성,과학기술정보통신부,중앙,교육·역량,마감,1차 3-9-21,,,,,,
20260921005400113468,청년 경제금융 토크콘서트,교육부,중앙,금융·생활안정,진행중,2차 4-11-41,,,,,,
20260918005400113438,"청년 공존,공감 위원회",성평등가족부 성평등정책실 성평등정책관,중앙,참여·권리,마감,2차 5-17-64,,,,,,
20260527005400113224,청년 국가기술자격 응시료 지원 사업,고용노동부,중앙,취업·일경험,상시,2차 1-1-3,149200005023,이름 대조(신뢰도 높음),,,,
20250204005400110409,청년 국가기술자격시험 응시료 지원사업,고용노동부,중앙,취업·일경험,마감,1차 1-1-2,149200005023,이름 대조(신뢰도 높음),,,,
20250623005400111122,청년 기술평가체험단,중소벤처기업부,중앙,취업·일경험,마감,1차 1-1-2,,,,,,
20250623005400111109,청년 등 기업가 대상 중소기업 법률 서비스 지원,상사법무과,중앙,창업·농어업,마감,1차 1-2-5,,,,,,
20260504005400113077,청년 등 생애주기별 마음건강사업,건강증진식품과,중앙,문화·건강,상시,2차 4-13-48,,,,,,20251214005400211992 | 20251112005400211867
20260922005400113541,청년 리딩그룹 1천명 프로젝트,과학기술정보통신부 인공지능정책실 인공지능인프라정책관,중앙,창업·농어업,마감,2차 1-4-15,,,,,,
20260922005400113501,청년 맞춤형 경제교육 프로그램 개발 및 운영,재정경제부 기획조정실 정책기획관,중앙,금융·생활안정,마감,2차 4-11-41,,,,,,
20260922005400113537,청년 맞춤형 공적 임대주택 공급(공공지원민감임대),국토교통부,중앙,주거,상시,2차 3-8-27,,,,,,
20260922005400113536,청년 맞춤형 공적 임대주택 공급(매입임대),국토교통부,중앙,주거,상시,2차 3-8-27,,,,,,
20260922005400113535,청년 맞춤형 공적 임대주택 공급(전세임대),국토교통부,중앙,주거,상시,2차 3-8-27,,,,,,
20260921005400113460,청년 맞춤형 공적 임대주택 공급(통합공공임대),국토교통부 주택토지실 주거복지정책관,중앙,주거,상시,2차 3-8-27,,,,,,
20260918005400113454,청년 모두를 위한 재무상담 운영,금융위원회,중앙,금융·생활안정,상시,2차 4-11-40,,,,,,
20260504005400113100,청년 브릿지 온,청년정책관,중앙,취업·일경험,상시,2차 1-1-1,,,,,,
20250903005400111595,청년 신혼부부 월세 지원사업,미래전략과,중앙,주거,마감,1차 2-6-13,,,,,,
20260430005400112978,청년 예비작가 작품 전시 지원,청년정책과,중앙,문화·건강,마감,2차 4-14-51,,,,,,
20250107005400110064,청년 유네스코 세계유산 지킴이,교육활용과,중앙,참여·권리,마감,1차 5-20-52,,,,,,
20260724005400113307,청년 자금지원을 위한 햇살론유스 운영,금융위원회,중앙,금융·생활안정,상시,2차 4-11-39,,,,,,
20250618005400111001,청년 자산형성 지원(청년도약계좌),금융위원회,중앙,금융·생활안정,마감,1차 4-13-32,,,079-110-1800-1831-882,서민금융진흥원 출연(청년도약계좌),1241.85,
20260504005400113076,청년 자살예방 조기검진 및 심리지원,건강증진식품과,중앙,문화·건강,상시,2차 4-13-48,644000000857,이름 대조(신뢰도 중간),,,,20251214005400211991 | 20251112005400211866
20260504005400113075,청년 정신건강 관리 협력·홍보체계 구축·운영,건강증진식품과,중앙,문화·건강,상시,2차 4-13-46,,,,,,20251214005400211993 | 20251112005400211868
20260918005400113458,청년 주도 조직문화 형성 및 정책홍보,새만금개발청,중앙,참여·권리,마감,2차 5-15-58,,,,,,
20250514005400110811,청년 주택드림 디딤돌 대출,국토교통부,중앙,주거,상시,2차 3-9-31,,,,,,20260922005400113546
20260922005400113546,청년 주택드림 디딤돌 대출,국토교통부,중앙,주거,상시,2차 3-9-31,,,,,,20250514005400110811
20250618005400111016,청년 중심 마약류 중독예방 교육활동 지원,식품의약품안전처,중앙,문화·건강,상시,2차 4-13-47,,,,,,
20250625005400111135,청년 직장 성폭력 근절,폭력예방교육과,중앙,취업·일경험,마감,1차 1-4-8,,,,,,
20260918005400113451,청년 창업 임대형 양식단지 조성,해양수산부,중앙,취업·일경험,마감,2차 1-2-7,,,5070000202530180 | 488000020253012D | 6460000202530236 | 6470000202530321 | 501000020253018C,[국]청년창업임대형 양식단지 조성사업 | 청년 창업 임대형 양식단지 조성(공모) | 청년창업 임대형 양식단지 조성 (전남) | 청년창업임대형양식단지조성 | 청년창업임대형양식단지조성(보조),190.8,
20250623005400111106,청년 채무조정 제공,금융소비자국,중앙,금융·생활안정,마감,1차 4-13-33,,,,,,
20260923005400113567,청년 특례 채무조정,금융위원회,중앙,금융·생활안정,상시,2차 4-11-39,,,,,,
20250721005400111471,청년 화합소통행사 개최지원,지방시대정책국,중앙,참여·권리,마감,1차 5-20-51,,,51300002026300BD | 6470000202330511,(도비보조)경상북도 청년 화합소통행사 개최지원 | 경상북도청년화합소통행사개최지원,1.73,
20250619005400111064,청년·대학생 햇살론(햇살론유스),서민금융진흥원,중앙,금융·생활안정,마감,1차 4-13-33,,,,,,
20260504005400113117,청년·사회초년생을 위한 필수 교육 운영,청년정책관,중앙,교육·역량,상시,2차 2-5-19,,,,,,20251214005400211988 | 20251112005400211859
20260311005400112113,청년·신규 공무원의 주거안정 방안 마련,행정중심복합도시건설청 도시계획국 도시공간건축과,중앙,주거,상시,2차 3-10-34,,,,,,
20260504005400113133,청년과 함께하는 자치경찰제 운영(충남자치경찰 청년 서포터즈),자치경찰협력과,중앙,참여·권리,마감,2차 5-15-58,,,,,,
20260918005400113455,청년과의 국정대화 등 강화,국무조정실,중앙,참여·권리,상시,2차 5-15-56,,,,,,
20260922005400113513,청년귀농 장기교육,농림축산식품부,중앙,교육·역량,상시,2차 2-5-19,,,,,,20250621005400111088
20250621005400111088,청년귀농 장기교육,농림축산식품부,중앙,교육·역량,마감,1차 3-9-21,,,,,,20260922005400113513
20250903005400111594,청년근로자 사랑채움사업,미래전략과,중앙,취업·일경험,마감,1차 1-1-3,,,5260000202330094,청년근로자사랑채움사업,0.12,
20260430005400113009,청년내일저축계좌,보건복지부,중앙,금융·생활안정,마감,2차 4-11-39,,,,,,20250514005400110812
20250514005400110812,청년내일저축계좌,보건복지부,중앙,금융·생활안정,마감,1차 4-13-32,,,,,,20260430005400113009
20250623005400111115,청년내일저축계좌 운영,사회복지정책실,중앙,금융·생활안정,마감,1차 4-13-32,,,,,,
20260504005400113090,청년내일저축계좌 지원,복지보훈정책과,중앙,금융·생활안정,마감,2차 4-11-38,,,,,,20250715005400211274
20260504005400113080,청년농 미디어커머스 지원,농식품유통과,중앙,정책기반,마감,2차 5-16-59,,,4500000202630103 | 46100002025300EE | 454000020253016A | 45800002026300A9 | 4620000202530176 | 4550000202630006,청년농 미디어커머스 지원사업 | 청년농미디어커머스지원 | 청년농 미디어커머스 지원 | 청년농 미디어커머스 지원 | 청년농 미디어커머스 지원사업 | 청년농 미디어커머스 지원(도비),0.8,20251214005400212007
20260310005400112104,청년농업인 R&D 기술창업 통합관리 지원,농촌진흥청,중앙,취업·일경험,마감,2차 1-2-6,,,,,,
20260504005400113119,청년농업인 역량강화 지원,지도정책과,중앙,교육·역량,진행중,2차 2-5-19,644000000858,이름 대조(신뢰도 중간),,,,20251214005400211982
20260504005400113079,청년농업인 지원정책 홍보,청년정책관,중앙,참여·권리,마감,2차 5-17-62,,,,,,
20260504005400113082,청년농업인 창농 신성장 활동,지도정책과,중앙,교육·역량,진행중,2차 2-5-19,,,,,,20251214005400211981
20260922005400113549,청년농촌보금자리조성,농림축산식품부 농촌정책국 농촌재생지원팀,중앙,주거,상시,2차 3-8-29,,,089-236-4100-4140-300,청년농촌보금자리조성(자율),334.0,
20260714005400113259,청년도약 인재양성 부트캠프,교육부,중앙,교육·역량,진행중,2차 2-5-17,,,,,,
20250909005400111685,청년도전 지원사업,고용노동부,중앙,취업·일경험,마감,1차 1-1-1,149200005033,이름 대조(신뢰도 중간),,,,
20260921005400113478,청년마을 만들기 사업,행정안전부,중앙,참여·권리,마감,2차 5-17-62,,,,,,
20260922005400113503,청년마을기업 육성 지원,행정안전부,중앙,참여·권리,마감,2차 5-17-62,,,,,,
20260504005400113122,청년문화예술패스,문화정책과,중앙,문화·건강,상시,2차 4-14-53,137100000239,이름 대조(신뢰도 중간),449000020243015D | 64400002024301DC | 4520000202630071 | 5680000202430101 | 4500000202430142 | 460000020243016C | 454000020263007E | 451000020263009B,청년 문화예술패스 | 청년 문화예술패스 | 청년문화예술패스 | 청년문화예술패스 | 청년문화예술패스 | 청년 문화예술패스 | 청년 문화예술패스 사업 | 청년 문화예술패스(국가직접지원),6.43,
20260305005400112100,청년문화예술패스,문화체육관광부,중앙,문화·건강,마감,2차 4-14-53,137100000239,이름 대조(신뢰도 중간),,,,20250228005400110573
20250228005400110573,청년문화예술패스,문화체육관광부,중앙,문화·건강,마감,1차 4-16-42,137100000239,이름 대조(신뢰도 중간),,,,20260305005400112100
20260605005400113228,청년미래적금,금융위원회,중앙,금융·생활안정,마감,2차 4-11-36,B55370100044,이름 대조(신뢰도 중간),079-110-1800-1831-891,청년미래적금,7446.51,
20260718005400113261,청년미래플러스,고용노동부,중앙,취업·일경험,상시,2차 1-1-3,,,019-110-1000-1051-308,청년미래플러스,40.6,
20250612005400110919,청년법조인 국제법무 전문인력 양성,국제법무지원과,중앙,교육·역량,마감,1차 3-9-20,,,,,,
20260917005400113420,청년보좌역제도 내실화,국무조정실,중앙,참여·권리,상시,2차 5-15-57,,,,,,
20260504005400113098,청년새마을연합회 사업 지원,새마을공동체과,중앙,참여·권리,마감,2차 5-15-58,,,,,,
20260504005400113127,청년성장 프로젝트,청년정책관,중앙,취업·일경험,상시,2차 1-1-2,174100000087,이름 대조(신뢰도 중간),,,,20250715005400211260
20250909005400111686,청년성장 프로젝트,고용노동부,중앙,취업·일경험,마감,1차 1-1-1,174100000087,이름 대조(신뢰도 높음),,,,
20250122005400110348,청년성장프로젝트(청년카페),고용노동부,중앙,취업·일경험,마감,1차 1-1-2,174100000087,이름 대조(신뢰도 높음),,,,
20260504005400113097,청년수산인단체 역량강화 지원,어촌산업과,중앙,교육·역량,진행중,2차 2-6-20,,,,,,
20250621005400111101,청년식품 창업성장 지원,농림축산식품부,중앙,취업·일경험,마감,1차 1-1-2,,,,,,
20250113005400110171,청년어업인 정착지원 사업,해양수산부,중앙,취업·일경험,마감,1차 1-1-2,,,096-236-3300-3347-363,청년어촌정착지원,80.64,
20260918005400113439,청년연령 현실화,국무조정실,중앙,정책기반,상시,2차 5-16-61,,,,,,
20260504005400113129,청년예술인 해외 공연,문화정책과,중앙,문화·건강,마감,2차 4-14-52,,,6440000202630085,청년예술인 해외 공연,0.59,
20260917005400113422,청년의 삶 실태조사,국무조정실,중앙,정책기반,상시,2차 5-16-61,,,,,,
20260917005400113424,청년인재DB고도화,국무조정실 국무1차장 청년정책조정실,중앙,정책기반,상시,2차 5-16-61,,,,,,
20260504005400113130,청년인턴 사업,청년정책관,중앙,취업·일경험,마감,2차 1-1-1,O00328400002,이름 대조(신뢰도 중간),,,,
20250212005400110434,청년일자리 강소기업 선정,고용노동부,중앙,취업·일경험,마감,1차 1-1-1,,,,,,
20250123005400110390,청년일자리 도약장려금,고용노동부,중앙,취업·일경험,마감,1차 1-1-1,149200005016,이름 대조(신뢰도 높음),,,,20260716005400113260
20260716005400113260,청년일자리도약장려금,고용노동부,중앙,취업·일경험,상시,2차 1-2-4,149200005016,이름 대조(신뢰도 중간),019-110-1000-1043-301,청년일자리창출지원,9251.26,20250123005400110390
20250113005400110192,청년임업인 특성화교육,사유림경영소득과,중앙,교육·역량,마감,2차 2-5-19,,,,,,
20260918005400113435,청년자산형성 5종 연계 강화,국무조정실,중앙,금융·생활안정,상시,2차 4-11-38,,,,,,
20260918005400113449,청년장병 취·창업 지원 강화,국방부,중앙,취업·일경험,상시,2차 1-1-3,,,,,,
20240109005400100005,청년전용 보증부 월세대출,국토교통부 주택기금과,중앙,주거,상시,2차 3-9-31,,,,,,20260922005400113545
20260922005400113545,청년전용 보증부 월세대출,국토교통부,중앙,주거,상시,2차 3-9-31,,,,,,20240109005400100005
20240109005400100002,청년전용 저리대출상품 운영,국토교통부 주택기금과,중앙,주거,상시,2차 3-9-31,,,,,,20260922005400113544
20260922005400113544,청년전용 저리대출상품 운영,국토교통부,중앙,주거,상시,2차 3-9-31,,,,,,20240109005400100002
20250624005400111129,청년전용창업자금,중소벤처기업부,중앙,창업·농어업,마감,1차 1-2-4,142000000099,이름 대조(신뢰도 중간),,,,
20260918005400113445,청년정책 전달체계 개선,국무조정실 국무1차장 청년정책조정실,중앙,정책기반,상시,2차 5-16-61,,,,,,
20260918005400113428,청년정책 지역협력 체계 강화,국무조정실 국무1차장 청년정책조정실,중앙,정책기반,상시,2차 5-16-60,,,,,,
20260917005400113421,청년정책 참여 포인트제 도입,국무조정실,중앙,참여·권리,상시,2차 5-15-58,,,,,,
20250909005400111689,청년정책조정위원회 실무위원회 위촉직 위원 모집,국무조정실,중앙,참여·권리,마감,1차 5-17-44,,,,,,
20260918005400113432,청년정책조정위원회 전문위원회 설치,국무조정실 국무1차장 청년정책조정실,중앙,참여·권리,상시,2차 5-15-57,,,010-110-7000-7035-316,청년정책총괄 조정 및 지원,93.54,
20260616005400113238,청년주택드림청약통장,국토교통부,중앙,주거,상시,2차 3-10-35,161300000088,이름 대조(신뢰도 높음),,,,20250226005400110565
20250226005400110565,청년주택드림청약통장,국토교통부,중앙,주거,마감,1차 2-5-10,161300000088,이름 대조(신뢰도 높음),,,,20260616005400113238
20250623005400111118,청년중독관리사업,보건복지부,중앙,문화·건강,마감,1차 4-15-39,,,3600000202230170 | 36400002022300D9 | 63000002022301E6 | 3930000202230106 | 508000020223010A | 6500000202230217 | 611000020223044E | 64700002022302A0,청년중독관리 | 청년중독관리사업(국비) | 청년중독관리사업 | 청년중독관리사업 | 청년중독관리사업 | 청년중독관리사업 | 청년중독관리 | 청년중독관리사업,7.4,
20250624005400111130,청년창업기업 보증,중소벤처기업부,중앙,창업·농어업,마감,1차 1-2-4,B55369400013,이름 대조(신뢰도 높음),,,,
20260921005400113482,청년창업농장학금,농림축산식품부,중앙,교육·역량,마감,2차 2-5-19,999000000034,이름 대조(신뢰도 높음),,,,20250621005400111097
20250621005400111097,청년창업농장학금지원,농림축산식품부,중앙,취업·일경험,마감,1차 3-9-21,999000000034,이름 대조(신뢰도 높음),,,,20260921005400113482
20250123005400110400,청년취업ON,고용노동부,중앙,취업·일경험,마감,1차 1-1-2,,,,,,
20260921005400113499,청년층 대상 공공분양주택 공급,국토교통부,중앙,주거,상시,2차 3-8-27,,,,,,
20260922005400113532,청년층 대상 공공임대주택 공급(통합공공임대),국토교통부,중앙,주거,상시,2차 3-8-27,,,,,,
20250123005400110396,청년층직업지도프로그램(CAP@),고용노동부,중앙,취업·일경험,마감,1차 1-1-2,,,019-110-1000-1051-306,직업정보제공및직업지도,43.27,
20260504005400113085,청년친화도시 확산,청년정책관,중앙,참여·권리,상시,2차 5-15-58,,,,,,
20260918005400113452,청년친화도시 확산,국무조정실,중앙,정책기반,상시,2차 5-16-60,,,,,,
20250610005400110904,청년통계 개선,통계청,중앙,정책기반,마감,1차 5-18-46,,,,,,
20260921005400113483,청년통계 기반 강화,국가데이터처 기획조정관,중앙,정책기반,상시,2차 5-16-61,,,,,,
20260918005400113453,청년특화 연구역량 강화,국무조정실,중앙,정책기반,상시,2차 5-16-61,,,,,,
20260922005400113533,청년특화주택 공급,국토교통부,중앙,주거,상시,2차 3-8-27,,,,,,
20250623005400111112,청년한부모 자립 지원(추가아동양육비 지원),가족지원과,중앙,금융·생활안정,마감,1차 4-14-35,,,,,,
20250114005400110219,청년해기인력 공급기반 강화,해양수산부,중앙,취업·일경험,마감,1차 3-11-28,,,,,,
20260504005400113101,청소년 한부모 복지급여 지원,여성가족정책과,중앙,금융·생활안정,상시,2차 4-12-44,,,,,,20251214005400211989 | 20251112005400211864
20250211005400110417,청소년·청년 근로권익센터,고용노동부,중앙,취업·일경험,마감,1차 1-1-1,,,,,,
20260416005400112765,청소년비즈쿨,중소벤처기업부,중앙,교육·역량,마감,2차 2-5-19,999000000082,이름 대조(신뢰도 높음),,,,
20250310005400110606,체계적인 지식재산 인재 및 리더 양성,특허청,중앙,취업·일경험,마감,1차 3-9-21,,,,,,
20260323005400112243,체계적인 지식재산 인재 및 리더양성,지식재산처,중앙,교육·역량,상시,2차 2-5-19,,,,,,
20260922005400113547,초고속 정보통신기반 인력양성,과학기술정보통신부 정보보호네트워크정책실 정보보호네트워크정책관,중앙,교육·역량,마감,2차 2-6-21,,,,,,
20250221005400110542,초기창업패키지 창업기업 모집,중소벤처기업부,중앙,창업·농어업,마감,1차 1-2-4,,,,,,
20260504005400113125,충남 음악창작소운영,문화정책과,중앙,문화·건강,상시,2차 4-14-53,,,,,,20251113005400211873
20260504005400113091,충남 천안아산 강소연구개발특구 육성,미래산업과,중앙,취업·일경험,상시,2차 1-2-4,,,,,,
20260504005400113126,충남 청년 뮤직 페스타,문화정책과,중앙,문화·건강,상시,2차 4-14-53,,,,,,20251214005400211996 | 20251113005400211874
20260504005400113110,충남도립대 등록금 장학금 지급,교무학생처,중앙,교육·역량,진행중,2차 2-6-20,,,,,,20251214005400211987
20260504005400113106,충남도립대학교 취업역량 강화 사업,취업지원처,중앙,교육·역량,진행중,2차 2-6-20,,,,,,20251214005400211984
20260504005400113124,충남콘텐츠기업지원센터 운영,문화정책과,중앙,문화·건강,상시,2차 4-14-51,,,,,,20251112005400211870
20260504005400113096,충청남도 친화형 PILOT 프로그램 (프로젝트 인턴십),청년정책관,중앙,취업·일경험,마감,2차 1-2-4,,,,,,
20250122005400110376,취업능력향상(행복오름) 프로그램,고용노동부,중앙,취업·일경험,마감,1차 1-1-2,,,,,,
20250113005400110180,취업지원대상자 취업능력개발비용 지원(국가보훈부),국가보훈부,중앙,취업·일경험,마감,1차 1-1-2,,,,,,
20250212005400110427,취업특강,고용노동부,중앙,취업·일경험,마감,1차 1-1-2,,,,,,
20250616005400110939,취업후상환학자금_등록금,평생직업교육정책관,중앙,교육·역량,마감,1차 3-10-23,,,,,,
20250616005400110940,취업후상환학자금_생활비,평생직업교육정책관,중앙,교육·역량,마감,1차 3-10-23,,,,,,
20250212005400110436,취업희망프로그램,고용노동부,중앙,취업·일경험,마감,1차 1-1-2,,,,,,
20260921005400113496,캠퍼스 혁신파크 조성,국토교통부 국토도시실,중앙,창업·농어업,상시,2차 1-4-12,,,,,,
20260504005400113074,컨설턴트 파견 및 취업지원프로그램 운영,취업지원처,중앙,교육·역량,진행중,2차 2-6-20,,,,,,
20260304005400112099,케이-아트(K-Art) 청년 창작자 지원,문화체육관광부,중앙,문화·건강,마감,2차 4-14-52,,,072-110-1600-1633-303,K-Art 청년 창작자 지원,180.0,
20250115005400110272,특수거래분야 소비자 보호,공정거래위원회,중앙,참여·권리,마감,1차 5-20-51,,,,,,
20250619005400111069,파란사다리,교육부 고등평생정책실,중앙,참여·권리,마감,2차 5-17-63,,,,,,
20250618005400111030,평생교육이용권 지원 확대,교육부 고등평생정책실,중앙,교육·역량,마감,2차 2-7-26,134200000045,이름 대조(신뢰도 중간),,,,
20250626005400111137,학교 밖 청소년 온라인 지원 강화,여성가족부,중앙,교육·역량,마감,1차 3-12-29,,,,,,
20260504005400113128,학교 밖 청소년 진로진학 박람회,여성가족정책과,중앙,취업·일경험,마감,2차 1-2-4,,,,,,20251211005400211956 | 20251111005400211841
20250619005400111067,한·미대학생연수(WEST),교육부 고등평생정책실,중앙,참여·권리,마감,2차 5-17-63,,,,,,
20250619005400111071,한·일대학생연수,교육부 고등평생정책실,중앙,참여·권리,마감,2차 5-17-63,,,,,,
20260320005400112239,한국형 온라인 공개강좌(K-MOOC),교육부 고등평생정책실,중앙,교육·역량,상시,2차 2-7-26,,,,,,
20250610005400110905,한국형 온라인 공개강좌(K-MOOC) 운영 및 산업맞춤 직무능력 향상 지원,교육부,중앙,교육·역량,마감,1차 3-12-29,,,,,,
20250605005400110883,항공분야 취업지원,국토교통부,중앙,취업·일경험,상시,2차 1-1-1,,,,,,20260922005400113527
20260922005400113527,항공분야 취업지원,국토교통부,중앙,취업·일경험,상시,2차 1-1-3,,,,,,20250605005400110883
20250321005400110645,해양경찰청 청년인턴 채용,해양경찰청,중앙,취업·일경험,마감,1차 1-1-1,,,,,,
20250123005400110391,해외 K-Move 센터 운영,고용노동부,중앙,취업·일경험,마감,1차 1-1-2,,,,,,
20250625005400111136,해외산림청년인재 육성,해외자원담당관,중앙,취업·일경험,마감,2차 5-17-63,,,,,,
20250403005400110686,해외조달 전문인력 양성,조달청,중앙,취업·일경험,마감,1차 1-1-2,,,,,,
20250211005400110411,해외취업알선,고용노동부,중앙,취업·일경험,마감,1차 1-1-1,,,,,,
20250122005400110355,해외취업정착지원금,고용노동부,중앙,취업·일경험,마감,1차 1-3-6,B49000700017,이름 대조(신뢰도 높음),019-110-1000-1051-304,해외취업지원,441.28,
20250115005400110296,행복도시 공동캠퍼스의 안정적인 정착 지원,도시성장촉진과,중앙,취업·일경험,마감,1차 3-9-22,,,,,,
20250621005400111102,현장실습 지원,농림축산식품부,중앙,취업·일경험,마감,1차 3-9-21,,,,,,
20250612005400110918,현장실습 지원금,교육부,중앙,취업·일경험,마감,1차 3-11-26,B55252900218,이름 대조(신뢰도 중간),,,,
20260824005400113351,"희망사다리 장학사업(Ⅰ,Ⅱ유형)",한국장학재단,중앙,교육·역량,마감,2차 2-7-26,,,,,,
20250612005400110912,희망사다리장학금 1유형(중소기업 취업연계),지역인재정책관,중앙,취업·일경험,마감,1차 1-1-2,,,,,,
20250612005400110913,희망사다리장학금 2유형(고졸 후학습자),지역인재정책관,중앙,취업·일경험,마감,1차 1-1-1,,,,,,
20250110005400210145,&quot;노벨 문학도시 장흥을 즐겨라!&quot; 지역탐방 프로그램 운영,전남광주통합특별시 장흥군 인구청년정책과,중앙,문화·건강,마감,1차 4-16-42,,,,,,
20260909005400213392,'나의 광주 정착 키트' 2기 참여자 모집,전남광주통합특별시,전남,문화·건강,진행중,2차 4-14-51,,,,,,
20260422005400212850,'빛나는 제주 청년희망 대출' 이차보전,제주특별자치도 경제활력국 경제정책과,제주,금융·생활안정,상시,2차 4-11-39,650000001131,이름 대조(신뢰도 높음),,,,20250115005400210297
20260429005400212937,(1차) 2026 광주청년 구직활동수당 및 활동지원사업,전남광주통합특별시,광주,취업·일경험,마감,2차 1-2-5,629000000149,이름 대조(신뢰도 중간),,,,20260420005400212772 | 20260408005400212628 | 20260408005400212598
20260408005400212628,(2차) 2026 광주청년 구직활동수당 및 활동지원사업,전남광주통합특별시,광주,취업·일경험,마감,2차 1-2-5,629000000149,이름 대조(신뢰도 중간),,,,20260429005400212937 | 20260420005400212772 | 20260408005400212598
20250411005400210702,(2차)2025 광주 청년구직활동수당 지원사업,전남광주통합특별시 교육청년국 청년정책과,광주,취업·일경험,마감,1차 1-1-2,629000000149,이름 대조(신뢰도 높음),,,,
20260408005400212598,(3차) 2026 광주청년 구직활동수당 및 활동지원사업,전남광주통합특별시,광주,취업·일경험,마감,2차 1-2-5,629000000149,이름 대조(신뢰도 중간),,,,20260429005400212937 | 20260420005400212772 | 20260408005400212628
20260420005400212772,(4차) 2026 광주청년 구직활동수당 및 활동지원사업,전남광주통합특별시,광주,취업·일경험,마감,2차 1-2-5,629000000149,이름 대조(신뢰도 중간),,,,20260429005400212937 | 20260408005400212628 | 20260408005400212598
20260406005400212449,(강화군) 인천시 청년월세 지원사업,인천광역시 청년정책담당관,인천,주거,상시,2차 3-9-30,628000000155,이름 대조(신뢰도 중간),,,,20260724005400213301 | 20260724005400213302 | 20260724005400213303 | 20260506005400213155 | 20260406005400212464 | 20260406005400212413 | 20260406005400212414 | 20260406005400212411 | 20260406005400212412 | 20260406005400212398 | 20260406005400212399 | 20260406005400212400
20260506005400213162,(강화군) 창업일자리센터 운영,인천광역시 강화군 경제산업국 일자리경제과,인천,창업·농어업,상시,2차 1-4-12,,,,,,
20260406005400212447,(강화군) 청년 자격증 응시료 지원,인천광역시 강화군 경제산업국 일자리경제과,인천,취업·일경험,진행중,2차 1-1-1,628000000754,이름 대조(신뢰도 중간),35700002023301A0,인천 청년 자격증 응시료 지원(보조),0.07,
20260406005400212466,(강화군) 청년공간 유유기지강화 운영,인천광역시 강화군 경제산업국 일자리경제과,인천,정책기반,상시,2차 5-16-59,,,,,,
20260724005400213303,(검단구) 인천시 청년월세 지원사업,인천광역시 청년정책담당관,인천,주거,마감,2차 3-9-30,628000000155,이름 대조(신뢰도 중간),,,,20260724005400213301 | 20260724005400213302 | 20260506005400213155 | 20260406005400212449 | 20260406005400212464 | 20260406005400212413 | 20260406005400212414 | 20260406005400212411 | 20260406005400212412 | 20260406005400212398 | 20260406005400212399 | 20260406005400212400
20260722005400213266,(검단구) 청년 자격증 응시료 지원,인천광역시 청년정책담당관,인천,취업·일경험,진행중,2차 1-1-1,628000000754,이름 대조(신뢰도 중간),6280000202330119 | 3560000202630040,인천 청년 자격증 응시료 지원 | 인천 청년 자격증 응시료 지원,5.72,20260724005400213300 | 20260406005400212458 | 20260406005400212445 | 20260406005400212444 | 20260406005400212443 | 20260406005400212441 | 20260406005400212440 | 20260406005400212438 | 20260406005400212448 | 20260406005400212454 | 20260406005400212416
20260506005400213176,(계양구) 2026년 계양청년네트워크 위원 모집 및 운영,인천광역시 계양구 재정경제국 일자리정책과,인천,참여·권리,마감,2차 5-17-62,,,,,,
20260506005400213158,(계양구) 계양청년마당 청년센터 운영,인천광역시 계양구 재정경제국 일자리정책과,인천,정책기반,상시,2차 5-16-59,,,,,,
20260406005400212399,(계양구) 인천시 청년월세 지원사업,인천광역시 청년정책담당관,인천,주거,마감,2차 3-9-30,628000000155,이름 대조(신뢰도 중간),,,,20260724005400213301 | 20260724005400213302 | 20260724005400213303 | 20260506005400213155 | 20260406005400212449 | 20260406005400212464 | 20260406005400212413 | 20260406005400212414 | 20260406005400212411 | 20260406005400212412 | 20260406005400212398 | 20260406005400212400
20260406005400212440,(계양구) 청년 자격증 응시료 지원,인천광역시 청년정책담당관,인천,취업·일경험,진행중,2차 1-1-1,628000000754,이름 대조(신뢰도 중간),3550000202330195,청년 자격증 응시료 지원사업,0.51,20260724005400213300 | 20260722005400213266 | 20260406005400212458 | 20260406005400212445 | 20260406005400212444 | 20260406005400212443 | 20260406005400212441 | 20260406005400212438 | 20260406005400212448 | 20260406005400212454 | 20260406005400212416
20260406005400212514,(계양구) 청년도전지원사업,인천광역시 계양구 재정경제국 일자리정책과,인천,취업·일경험,상시,2차 1-1-2,628000000749,이름 대조(신뢰도 높음),,,,
20260406005400212430,(계양구) 청년정책위원회 구성 및 운영,인천광역시 계양구 재정경제국 일자리정책과,인천,정책기반,상시,2차 5-16-60,,,,,,
20260317005400212178,(광양시) 시 위원회 청년위원 의무 위촉,전남광주통합특별시 광양시 미래산업국,전남,참여·권리,상시,2차 5-15-57,,,,,,
20260317005400212176,(광양시) 인구청년정책 시민참여단 역량강화 교육,전남광주통합특별시 광양시 미래산업국,전남,정책기반,마감,2차 5-16-60,,,,,,
20260318005400212185,(광양시) 청년 일자리 만들기 확대,전남광주통합특별시 광양시 미래산업국,중앙,취업·일경험,상시,2차 1-1-1,,,,,,
20260204005400212093,(광양시) 청년 창업 희망스타트,전남광주통합특별시 광양시 미래산업국,전남,창업·농어업,마감,2차 1-4-12,484000000402,링크 기재,4840000202230123,청년 창업 희망스타트 지원사업,0.99,
20260204005400212092,(광양시) 청년 행정인턴,전남광주통합특별시 광양시 미래산업국,전남,취업·일경험,마감,2차 1-1-3,484000000401,링크 기재,484000020213003B,청년 행정인턴 운영,0.43,
20260319005400212223,(광양시) 청년복합공간 운영,전남광주통합특별시 광양시 미래산업국,중앙,창업·농어업,상시,2차 1-4-12,,,,,,
20260318005400212211,(광양시) 힘내라! 청년 도서 구입비 지원,전남광주통합특별시 광양시 교육보육국,전남,문화·건강,상시,2차 4-14-53,484000000153,이름 대조(신뢰도 중간),,,,
20260319005400212225,(광양시)경계선 지능인 평생교육 지원사업,전남광주통합특별시 광양시 교육보육국,전남,문화·건강,상시,2차 4-14-55,,,,,,
20260318005400212196,(광양시)고3 자격증 취득비 지원,전남광주통합특별시 광양시 교육보육국,전남,교육·역량,상시,2차 2-7-26,484000000149,이름 대조(신뢰도 중간),,,,
20260318005400212186,(광양시)광양만권 소재부품 지식산업센터 운영,전남광주통합특별시 광양시 미래산업국,중앙,취업·일경험,상시,2차 1-2-4,,,,,,
20260803005400213317,(광양시)광양청년꿈터 드림클래스,전남광주통합특별시 광양시 미래산업국,전남,교육·역량,마감,2차 2-5-19,,,,,,
20260318005400212189,(광양시)광양학사(서울 공공기숙사) 운영,전남광주통합특별시 광양시 미래산업국,전남,주거,상시,2차 3-9-30,,,,,,
20260318005400212194,(광양시)귀농귀촌 보금자리 조성 지원,전남광주통합특별시 광양시 농업기술센터,중앙,취업·일경험,상시,2차 1-2-6,,,,,,
20260319005400212228,(광양시)귀농청년 자격증 취득비 지원,전남광주통합특별시 광양시 농업기술센터,전남,취업·일경험,상시,2차 1-1-3,,,48400002024300AD,귀농청년 자격증 취득비 지원,0.04,
20260318005400212210,(광양시)나만의 특별한 작은 결혼식,전남광주통합특별시 광양시 교육보육국,전남,문화·건강,상시,2차 4-14-55,,,,,,
20260319005400212216,(광양시)난임부부 교통비 등 지원,전남광주통합특별시 광양시 보건소,전남,문화·건강,상시,2차 4-14-55,484000000396,이름 대조(신뢰도 높음),,,,
20260319005400212220,(광양시)난임부부 시술비 본인부담금 확대 지원,전남광주통합특별시 광양시 보건소,전남,문화·건강,상시,2차 4-14-55,484000000398,이름 대조(신뢰도 높음),,,,
20260319005400212217,(광양시)난임부부 진단검사비 지원,전남광주통합특별시 광양시 보건소,전남,문화·건강,상시,2차 4-14-55,484000000119,이름 대조(신뢰도 높음),,,,
20260319005400212214,(광양시)다자녀출산맘 행복쿠폰,전남광주통합특별시 광양시 보건소,전남,문화·건강,상시,2차 4-14-55,484000000114,이름 대조(신뢰도 높음),,,,
20260318005400212199,(광양시)대학생 생활비 장학금 지원,전남광주통합특별시 광양시 교육보육국,전남,금융·생활안정,상시,2차 4-12-43,,,,,,
20260317005400212180,(광양시)드림카페 운영,전남광주통합특별시 광양시 시민복지국,전남,취업·일경험,상시,2차 1-1-1,,,,,,
20260318005400212203,(광양시)맞벌이 부부를 위한 광양형 24시간 돌봄어린이집 운영,전남광주통합특별시 광양시 교육보육국,전남,문화·건강,상시,2차 4-14-55,,,,,,
20260318005400212207,(광양시)미혼남녀 만남 프로그램 추진,전남광주통합특별시 광양시 미래산업국,전남,문화·건강,상시,2차 4-14-53,,,,,,
20260318005400212195,(광양시)사라실예술촌 운영,전남광주통합특별시 광양시 관광문화환경국,전남,문화·건강,상시,2차 4-14-53,,,,,,
20260319005400212221,(광양시)사회초년생들을 위한 전월세 안심교육,전남광주통합특별시 광양시 시민복지국,전남,주거,마감,2차 3-10-32,,,,,,
20260319005400212212,(광양시)산후조리비용 지원,전남광주통합특별시 광양시 보건소,전남,문화·건강,상시,2차 4-14-55,484000000127,이름 대조(신뢰도 높음),,,,
20260317005400212179,(광양시)시내버스 서비스 시민평가단 운영,전남광주통합특별시 광양시 안전도시국,전남,참여·권리,상시,2차 5-15-58,,,,,,
20260317005400212173,(광양시)시민 영상 창작 활성화,전남광주통합특별시 광양시 홍보소통실,전남,참여·권리,상시,2차 5-15-58,,,,,,
20260318005400212204,(광양시)아빠 육아휴직 장려금 지원,전남광주통합특별시 광양시 교육보육국,전남,문화·건강,상시,2차 4-14-55,484000000374,이름 대조(신뢰도 높음),,,,
20260318005400212200,(광양시)아이양육하기좋은도시 광양만의 맞춤형 보육서비스제공,전남광주통합특별시 광양시 교육보육국,전남,문화·건강,상시,2차 4-14-55,,,,,,
20260318005400212202,(광양시)영유아 가정을 위한 장난감 도서관 운영,전남광주통합특별시 광양시 교육보육국,전남,문화·건강,상시,2차 4-14-55,484000000400,이름 대조(신뢰도 중간),,,,
20260318005400212201,(광양시)육아종합지원센터 육아상담실 운영,전남광주통합특별시 광양시 교육보육국,전남,문화·건강,상시,2차 4-14-55,,,,,,
20260319005400212215,(광양시)임신 준비 부부 엽산제 지원,전남광주통합특별시 광양시 보건소,전남,문화·건강,상시,2차 4-14-55,,,,,,
20260317005400212181,(광양시)장애인재능키움센터 운영,전남광주통합특별시 광양시 시민복지국,전남,취업·일경험,상시,2차 1-1-1,,,,,,
20260317005400212172,(광양시)주민참여예산제 청년참여 확대 운영,전남광주통합특별시 광양시 기획예산실,전남,참여·권리,상시,2차 5-15-57,,,,,,
20260319005400212226,(광양시)청년 독서문화 거점 「미소청년 플러스+」,전남광주통합특별시 광양시 교육보육국,전남,교육·역량,상시,2차 2-7-26,,,,,,
20260319005400212222,(광양시)청년 역량 강화 교육,전남광주통합특별시 광양시 미래산업국,전남,참여·권리,상시,2차 5-17-62,,,4840000202130038,청년 역량강화 교육,0.07,
20260317005400212177,(광양시)청년 이음버디 사업,전남광주통합특별시 광양시 미래산업국,전남,참여·권리,상시,2차 5-17-62,,,,,,
20260318005400212188,(광양시)청년 주택자금 대출이자 지원사업,전남광주통합특별시 광양시 미래산업국,전남,주거,상시,2차 3-9-31,484000000144,이름 대조(신뢰도 높음),4840000201830010,청년 주택자금 대출이자 지원사업,11.3,
20260317005400212175,(광양시)청년단체 활동 지원사업,전남광주통합특별시 광양시 미래산업국,전남,참여·권리,마감,2차 5-17-62,,,4840000201730097,청년단체 활동지원,1.26,
20260317005400212174,(광양시)청년정책협의체 운영,전남광주통합특별시 광양시 미래산업국,전남,참여·권리,마감,2차 5-15-57,,,484000020213004E,청년정책협의체 운영,0.08,
20260319005400212213,(광양시)출생축하금 자동지급제 시행,전남광주통합특별시 광양시 보건소,전남,문화·건강,상시,2차 4-14-55,,,,,,
20260318005400212187,(광양시)포스코그룹 취업 아카데미 운영,전남광주통합특별시 광양시 미래산업국,전남,교육·역량,상시,2차 2-6-23,,,,,,
20260319005400212227,"(광양시)행복한 임신, 건강한 출산 임신부 교육",전남광주통합특별시 광양시 보건소,전남,문화·건강,상시,2차 4-14-55,,,,,,
20260407005400212573,(남구) 백운광장 스트리트 푸드존 점포운영자 모집,전남광주통합특별시,광주,창업·농어업,상시,2차 1-4-12,,,,,,
20260429005400212939,(남구)2026년 광주광역시 재정지원 일자리사업,전남광주통합특별시,광주,취업·일경험,마감,2차 1-2-5,,,,,,20260429005400212940
20260406005400212444,(남동구) 청년 자격증 응시료 지원,인천광역시 청년정책담당관,인천,취업·일경험,진행중,2차 1-1-1,628000000754,이름 대조(신뢰도 중간),3530000202330228,청년 자격증 응시료 지원사업,0.85,20260724005400213300 | 20260722005400213266 | 20260406005400212458 | 20260406005400212445 | 20260406005400212443 | 20260406005400212441 | 20260406005400212440 | 20260406005400212438 | 20260406005400212448 | 20260406005400212454 | 20260406005400212416
20260406005400212407,(남동구) 청년도전지원사업,인천광역시 남동구 정책기획국 일자리정책과,인천,취업·일경험,상시,2차 1-1-2,628000000749,이름 대조(신뢰도 높음),,,,20250115005400210274
20260406005400212428,(남동구) 청년미디어타워 운영,인천광역시 남동구 정책기획국 일자리정책과,인천,문화·건강,상시,2차 4-14-51,,,3530000202030027,청년미디어타워 운영,0.22,20250115005400210277
20260406005400212403,(남동구) 청년참여단 운영,인천광역시 남동구 정책기획국 일자리정책과,인천,참여·권리,상시,2차 5-15-57,,,,,,
20260406005400212429,(남동구) 청년창업지원센터 운영,인천광역시 남동구 정책기획국 일자리정책과,인천,창업·농어업,상시,2차 1-4-12,,,,,,20250115005400210275
20260406005400212414,(남동구)인천시 청년월세 지원사업,인천광역시 청년정책담당관,인천,주거,마감,2차 3-9-30,628000000155,이름 대조(신뢰도 중간),,,,20260724005400213301 | 20260724005400213302 | 20260724005400213303 | 20260506005400213155 | 20260406005400212449 | 20260406005400212464 | 20260406005400212413 | 20260406005400212411 | 20260406005400212412 | 20260406005400212398 | 20260406005400212399 | 20260406005400212400
20260406005400212450,(동구) 2026년 동구 청년 컬처페이 지원사업 (접수마감),인천광역시 동구 경제환경국 일자리경제과,인천,문화·건강,진행중,2차 4-14-53,,,,,,20260406005400212396
20260406005400212396,(동구) 2026년 동구 청년 컬처페이 지원사업 (추가모집 접수마감),인천광역시 동구 경제환경국 일자리경제과,인천,문화·건강,진행중,2차 4-14-53,,,,,,20260406005400212450
20260406005400212457,(동구) 2026년 청년 웰컴페이(이사비) 지원사업,인천광역시 동구 경제환경국 일자리경제과,인천,주거,진행중,2차 3-10-34,,,,,,
20260406005400212408,"(동구) 대기업 현직자와 함께하는 취업특강 [IT개발/데이터, (주) KB국민카드]",인천광역시 동구 경제환경국 일자리경제과,인천,취업·일경험,마감,2차 1-1-1,,,,,,
20260406005400212409,"(동구) 대기업 현직자와 함께하는 취업특강 [마케팅/MD, (주)아모레퍼시픽]",인천광역시 동구 경제환경국 일자리경제과,인천,취업·일경험,마감,2차 1-1-1,,,,,,20260406005400212467
20260406005400212398,(동구) 인천시 청년월세 지원사업,인천광역시 청년정책담당관,인천,주거,마감,2차 3-9-30,628000000155,이름 대조(신뢰도 중간),,,,20260724005400213301 | 20260724005400213302 | 20260724005400213303 | 20260506005400213155 | 20260406005400212449 | 20260406005400212464 | 20260406005400212413 | 20260406005400212414 | 20260406005400212411 | 20260406005400212412 | 20260406005400212399 | 20260406005400212400
20260406005400212458,(동구) 청년 자격증 응시료 지원,인천광역시 청년정책담당관,인천,취업·일경험,진행중,2차 1-1-1,628000000754,이름 대조(신뢰도 중간),,,,20260724005400213300 | 20260722005400213266 | 20260406005400212445 | 20260406005400212444 | 20260406005400212443 | 20260406005400212441 | 20260406005400212440 | 20260406005400212438 | 20260406005400212448 | 20260406005400212454 | 20260406005400212416
20260406005400212456,(동구) 청년공간 유유기지 동구청년21 운영,인천광역시 동구 경제환경국 일자리경제과,인천,정책기반,상시,2차 5-16-59,,,,,,
20260406005400212455,(동구) 청년도전지원사업,인천광역시 동구 경제환경국 일자리경제과,인천,취업·일경험,진행중,2차 1-1-2,628000000749,이름 대조(신뢰도 중간),,,,
20260406005400212439,(동구) 청년정책네트워크 운영,인천광역시 동구 경제환경국 일자리경제과,인천,참여·권리,상시,2차 5-17-62,,,,,,
20260406005400212516,(동구) 청년정책조정위원회 운영,인천광역시 동구 경제환경국 일자리경제과,인천,참여·권리,상시,2차 5-15-57,,,,,,
20260429005400212940,(동구)2026년 상반기 광주광역시 재정지원 일자리사업,전남광주통합특별시,광주,취업·일경험,마감,2차 1-2-5,,,,,,20260429005400212939
20260406005400212515,(미추홀구) 2026년 청년커뮤니티 지원 사업,인천광역시 미추홀구 문화경제국 일자리정책과,인천,참여·권리,마감,2차 5-17-62,,,,,,
20260406005400212402,(미추홀구) 인천시 청년월세 지원사업,인천광역시 청년정책담당관,인천,주거,마감,2차 3-9-30,628000000155,이름 대조(신뢰도 중간),,,,20260724005400213301 | 20260724005400213302 | 20260724005400213303 | 20260506005400213155 | 20260406005400212449 | 20260406005400212464 | 20260406005400212413 | 20260406005400212414 | 20260406005400212411 | 20260406005400212412 | 20260406005400212398 | 20260406005400212399
20260406005400212453,(미추홀구) 제7기 미추홀구 청년정책네트워크 위원 모집(종료),인천광역시 미추홀구 문화경제국 일자리정책과,인천,참여·권리,마감,2차 5-17-62,,,,,,
20260406005400212461,(미추홀구) 청년 면접수당 지원사업 [예산소진 시 조기마감],인천광역시 미추홀구 문화경제국 일자리정책과,인천,취업·일경험,진행중,2차 1-2-5,,,,,,
20260406005400212416,(미추홀구) 청년 자격증 응시료 지원,인천광역시 청년정책담당관,인천,취업·일경험,진행중,2차 1-1-1,628000000754,이름 대조(신뢰도 중간),3510500202430036,인천 청년 자격증 응시료 지원,1.05,20260724005400213300 | 20260722005400213266 | 20260406005400212458 | 20260406005400212445 | 20260406005400212444 | 20260406005400212443 | 20260406005400212441 | 20260406005400212440 | 20260406005400212438 | 20260406005400212448 | 20260406005400212454
20260406005400212431,(미추홀구) 청년창업 희망스타트 지원사업,인천광역시 미추홀구 문화경제국 일자리정책과,인천,창업·농어업,상시,2차 1-4-12,,,351000020173009B,청년창업 희망스타트,0.66,
20260406005400212469,(미추홀구)K-콘텐츠 청년창업실 운영,인천광역시 미추홀구 문화경제국 일자리정책과,인천,창업·농어업,상시,2차 1-4-12,,,3510500201930009,K콘텐츠 청년창업실 운영,0.06,
20260506005400213170,(부평구) 부평 청년주간행사 운영,인천광역시 부평구 경제환경국 일자리창출과,인천,참여·권리,상시,2차 5-15-58,,,,,,
20260406005400212413,(부평구) 인천시 청년월세 지원사업,인천광역시 청년정책담당관,인천,주거,마감,2차 3-9-30,628000000155,이름 대조(신뢰도 중간),,,,20260724005400213301 | 20260724005400213302 | 20260724005400213303 | 20260506005400213155 | 20260406005400212449 | 20260406005400212464 | 20260406005400212414 | 20260406005400212411 | 20260406005400212412 | 20260406005400212398 | 20260406005400212399 | 20260406005400212400
20260506005400213172,(부평구) 청년 맞춤형 주거안정 지원 교육,인천광역시 부평구 경제환경국 일자리창출과,인천,정책기반,상시,2차 5-16-59,,,,,,
20260406005400212443,(부평구) 청년 자격증 응시료 지원,인천광역시 청년정책담당관,인천,취업·일경험,진행중,2차 1-1-1,628000000754,이름 대조(신뢰도 중간),354000020243004F,인천 청년 자격증 응시료 지원사업,0.94,20260724005400213300 | 20260722005400213266 | 20260406005400212458 | 20260406005400212445 | 20260406005400212444 | 20260406005400212441 | 20260406005400212440 | 20260406005400212438 | 20260406005400212448 | 20260406005400212454 | 20260406005400212416
20260506005400213173,(부평구) 청년공간 유유기지부평 운영,인천광역시 부평구 경제환경국 일자리창출과,인천,정책기반,상시,2차 5-16-59,,,3540000202430050,청년공간 유유기지 부평 운영(성인지예산),3.35,
20260506005400213171,(부평구) 청년도전 지원사업,인천광역시 부평구 경제환경국 일자리창출과,인천,취업·일경험,진행중,2차 1-1-2,628000000749,이름 대조(신뢰도 중간),,,,
20260506005400213175,(부평구) 청년정책조정위원회 및 청년네트워크 구성·운영,인천광역시 부평구 경제환경국 일자리창출과,인천,참여·권리,상시,2차 5-15-57,,,,,,
20260506005400213174,(부평구) 청년창업 재정지원 사업,인천광역시 부평구 경제환경국 일자리창출과,인천,창업·농어업,상시,2차 1-4-12,,,354000020243004D,청년창업 재정지원 사업(성인지예산),1.94,
20260406005400212412,(서구) 인천시 청년월세 지원사업,인천광역시 청년정책담당관,인천,주거,마감,2차 3-9-30,628000000155,이름 대조(신뢰도 중간),,,,20260724005400213301 | 20260724005400213302 | 20260724005400213303 | 20260506005400213155 | 20260406005400212449 | 20260406005400212464 | 20260406005400212413 | 20260406005400212414 | 20260406005400212411 | 20260406005400212398 | 20260406005400212399 | 20260406005400212400
20260406005400212432,(서구) 중소기업 재직청년 복지공유제,인천광역시 서구 경제국 청년정책일자리과,인천,취업·일경험,진행중,2차 1-3-10,,,,,,20250109005400210099
20260406005400212438,(서구) 청년 자격증 응시료 지원,인천광역시 청년정책담당관,인천,취업·일경험,진행중,2차 1-1-1,628000000754,이름 대조(신뢰도 중간),,,,20260724005400213300 | 20260722005400213266 | 20260406005400212458 | 20260406005400212445 | 20260406005400212444 | 20260406005400212443 | 20260406005400212441 | 20260406005400212440 | 20260406005400212448 | 20260406005400212454 | 20260406005400212416
20260724005400213302,(서해구) 인천시 청년월세 지원사업,인천광역시 청년정책담당관,인천,주거,마감,2차 3-9-30,628000000155,이름 대조(신뢰도 중간),,,,20260724005400213301 | 20260724005400213303 | 20260506005400213155 | 20260406005400212449 | 20260406005400212464 | 20260406005400212413 | 20260406005400212414 | 20260406005400212411 | 20260406005400212412 | 20260406005400212398 | 20260406005400212399 | 20260406005400212400
20260406005400212436,(서해구) 청년 기업 육성 및 지원사업,인천광역시 서해구 경제환경국 기업일자리정책과,인천,창업·농어업,상시,2차 1-4-14,,,,,,
20260722005400213267,(서해구) 청년 자격증 응시료 지원,인천광역시 서해구 경제환경국 기업일자리정책과,인천,취업·일경험,진행중,2차 1-1-1,628000000754,이름 대조(신뢰도 중간),356000020233024F | 3560000202630040,인천 청년 자격증 응시료 지원(서구) | 인천 청년 자격증 응시료 지원(검단),0.99,
20260506005400213154,(서해구) 청년e음 청년스타트업지원사업,인천광역시 서해구 경제환경국 기업일자리정책과,인천,창업·농어업,상시,2차 1-4-12,356100000005,이름 대조(신뢰도 높음),,,,
20260406005400212433,(서해구) 청년센터 서해구1939 운영,인천광역시 서해구 경제환경국 기업일자리정책과,인천,정책기반,상시,2차 5-16-59,356000000236,이름 대조(신뢰도 중간),,,,
20260406005400212435,(서해구) 청년을 위한 평생교육프로그램 운영,인천광역시 서해구 복지국 교육지원과,인천,문화·건강,상시,2차 4-14-54,,,,,,
20260406005400212434,(서해구) 청년정책위원회 및 청년참여단 운영,인천광역시 서해구 경제환경국 기업일자리정책과,인천,참여·권리,상시,2차 5-17-62,,,,,,
20260406005400212427,(서해구) 취업성공 디딤돌 청년인턴 사업,인천광역시 서해구 경제환경국 기업일자리정책과,인천,취업·일경험,상시,2차 1-1-3,356100000003,이름 대조(신뢰도 높음),35600002009303B4,취업성공 디딤돌 청년인턴사업(서구공통),1.04,20250109005400210094
20260506005400213160,(연수구) 연수청년자리 청년센터 운영,인천광역시 연수구 송도행정지원국 일자리정책과,인천,정책기반,상시,2차 5-16-59,,,,,,
20260406005400212400,(연수구) 인천시 청년월세 지원사업,인천광역시 청년정책담당관,인천,주거,마감,2차 3-9-30,628000000155,이름 대조(신뢰도 중간),,,,20260724005400213301 | 20260724005400213302 | 20260724005400213303 | 20260506005400213155 | 20260406005400212449 | 20260406005400212464 | 20260406005400212413 | 20260406005400212414 | 20260406005400212411 | 20260406005400212412 | 20260406005400212398 | 20260406005400212399
20260506005400213168,(연수구) 청년 네트워크 운영,인천광역시 연수구 송도행정지원국 일자리정책과,인천,참여·권리,상시,2차 5-17-62,,,,,,
20260506005400213167,(연수구) 청년 아카데미 운영,인천광역시 연수구 송도행정지원국 일자리정책과,인천,참여·권리,상시,2차 5-15-58,,,,,,
20260406005400212441,(연수구) 청년 자격증 응시료 지원,인천광역시 청년정책담당관,인천,취업·일경험,진행중,2차 1-1-1,628000000754,이름 대조(신뢰도 중간),3520000202330156,청년 자격증 응시료 지원사업,0.73,20260724005400213300 | 20260722005400213266 | 20260406005400212458 | 20260406005400212445 | 20260406005400212444 | 20260406005400212443 | 20260406005400212440 | 20260406005400212438 | 20260406005400212448 | 20260406005400212454 | 20260406005400212416
20260506005400213159,(연수구) 청년 정신건강 조기중재사업,인천광역시 연수구 보건소 치매정신건강과,인천,문화·건강,상시,2차 4-13-46,,,,,,
20260506005400213166,(연수구) 청년 정책위원회 운영,인천광역시 연수구 송도행정지원국 일자리정책과,인천,참여·권리,상시,2차 5-15-57,,,3520000202030198,연수구 청년정책위원회 운영,0.01,
20260506005400213165,(연수구) 청년의 날 행사(청년축제),인천광역시 연수구 송도행정지원국 일자리정책과,인천,참여·권리,상시,2차 5-15-58,,,,,,
20260722005400213279,(연장신청)청년맞춤형 주택임차보증금 이자지원,전남광주통합특별시,광주,주거,마감,2차 3-9-30,629000000806,이름 대조(신뢰도 중간),,,,20260420005400212770 | 20250227005400210570
20260724005400213301,(영종구) 인천시 청년월세 지원사업,인천광역시 청년정책담당관,인천,주거,마감,2차 3-9-30,628000000155,이름 대조(신뢰도 중간),,,,20260724005400213302 | 20260724005400213303 | 20260506005400213155 | 20260406005400212449 | 20260406005400212464 | 20260406005400212413 | 20260406005400212414 | 20260406005400212411 | 20260406005400212412 | 20260406005400212398 | 20260406005400212399 | 20260406005400212400
20260724005400213300,(영종구) 청년 자격증 응시료 지원,인천광역시 청년정책담당관,인천,취업·일경험,진행중,2차 1-1-1,628000000754,이름 대조(신뢰도 중간),349000020233017C,인천 청년 자격증 응시료 지원사업,0.17,20260722005400213266 | 20260406005400212458 | 20260406005400212445 | 20260406005400212444 | 20260406005400212443 | 20260406005400212441 | 20260406005400212440 | 20260406005400212438 | 20260406005400212448 | 20260406005400212454 | 20260406005400212416
20260506005400213169,(영종구) 청년네트워크(청년불패) 운영,인천광역시 영종구 경제산업국 경제지원과,인천,참여·권리,상시,2차 5-17-62,,,34900002022300A9,청년 네트워크 운영,0.09,
20260506005400213161,(영종구) 청년정책조정위원회 운영,인천광역시 영종구 경제산업국 경제지원과,인천,참여·권리,상시,2차 5-15-57,,,,,,
20260506005400213155,(옹진군) 인천시 청년월세 지원사업,인천광역시 청년정책담당관,인천,주거,상시,2차 3-9-30,628000000155,이름 대조(신뢰도 중간),,,,20260724005400213301 | 20260724005400213302 | 20260724005400213303 | 20260406005400212449 | 20260406005400212464 | 20260406005400212413 | 20260406005400212414 | 20260406005400212411 | 20260406005400212412 | 20260406005400212398 | 20260406005400212399 | 20260406005400212400
20260406005400212448,(옹진군) 청년 자격증 응시료 지원,인천광역시 청년정책담당관,인천,취업·일경험,진행중,2차 1-1-1,628000000754,이름 대조(신뢰도 중간),3580000202330307,인천 청년 자격증 응시료 지원사업,0.03,20260724005400213300 | 20260722005400213266 | 20260406005400212458 | 20260406005400212445 | 20260406005400212444 | 20260406005400212443 | 20260406005400212441 | 20260406005400212440 | 20260406005400212438 | 20260406005400212454 | 20260406005400212416
20250814005400211516,(원주시) 청년 동아리 활동 지원 하반기 모집,원주시,강원,문화·건강,마감,1차 4-16-42,,,,,,
20250814005400211517,(원주시) 청년 창업아카데미,원주시,강원,창업·농어업,마감,1차 1-2-5,,,,,,
20260406005400212498,(인천교통공사)청년 체험형 인턴 운영,인천교통공사,인천,취업·일경험,상시,2차 1-1-1,,,,,,
20260406005400212500,(인천환경공단)청년 체험형 인턴 운영,인천환경공단,인천,취업·일경험,상시,2차 1-1-1,,,,,,
20250908005400211667,(재)경상남도장학회 장학금 지원,교육인재과,경남,교육·역량,마감,1차 3-10-23,,,,,,
20260908005400213385,(재)화순장학회 장학금 지원,전남광주통합특별시 화순군 인구청년정책과,전남,교육·역량,마감,2차 2-5-19,,,,,,
20260429005400212943,(접수 마감)2026년 11기 광주 청년 13(일+삶)통장,전남광주통합특별시,광주,금융·생활안정,마감,2차 4-12-44,629000000164,이름 대조(신뢰도 중간),,,,
20260427005400212875,(정부)내일채움공제 가입장려금 지원사업,제주특별자치도 노동일자리과,제주,금융·생활안정,마감,2차 4-11-38,,,,,,20251111005400211825
20251111005400211825,(정부)내일채움공제 가입장려금 지원사업,제주특별자치도 경제활력국 노동일자리과,제주,취업·일경험,마감,1차 1-1-1,,,,,,20260427005400212875
20260914005400213407,(제물포구) 2026년 제물포구 청년 컬처페이 지원사업,인천광역시 제물포구 경제문화국 일자리경제과,인천,문화·건강,마감,2차 4-14-53,,,,,,
20260406005400212467,(제물포구) 대기업 현직자와 함께하는 취업특강 [마케팅/MD (주)아모레퍼시픽],인천광역시 제물포구 경제문화국 일자리경제과,인천,취업·일경험,마감,2차 1-1-1,,,,,,20260406005400212409
20260406005400212405,"(제물포구) 대기업 현직자와 함께하는 취업특강 [서비스기획/UIUX, (주)SK텔레콤]",인천광역시 동구 경제환경국 일자리경제과,인천,취업·일경험,마감,2차 1-1-1,,,,,,
20260406005400212406,"(제물포구) 대기업 현직자와 함께하는 취업특강 [영업/영업관리, (주)대상]",인천광역시 동구 경제환경국 일자리경제과,인천,취업·일경험,마감,2차 1-1-1,,,,,,
20260406005400212463,(중구) 2026년 중구 청년 이사비 지원사업,인천광역시 영종구 경제산업국 경제지원과,인천,주거,진행중,2차 3-10-34,,,,,,
20260406005400212411,(중구) 인천시 청년월세 지원사업,인천광역시 청년정책담당관,인천,주거,마감,2차 3-9-30,628000000155,이름 대조(신뢰도 중간),,,,20260724005400213301 | 20260724005400213302 | 20260724005400213303 | 20260506005400213155 | 20260406005400212449 | 20260406005400212464 | 20260406005400212413 | 20260406005400212414 | 20260406005400212412 | 20260406005400212398 | 20260406005400212399 | 20260406005400212400
20260406005400212454,(중구) 청년 자격증 응시료 지원,인천광역시 청년정책담당관,인천,취업·일경험,진행중,2차 1-1-1,628000000754,이름 대조(신뢰도 중간),3500000202330077,인천 청년 자격증 응시료 지원사업,0.04,20260724005400213300 | 20260722005400213266 | 20260406005400212458 | 20260406005400212445 | 20260406005400212444 | 20260406005400212443 | 20260406005400212441 | 20260406005400212440 | 20260406005400212438 | 20260406005400212448 | 20260406005400212416
20260831005400213364,(최초공개) LH 현직자가 이 것마저 공개....,전남광주통합특별시,광주,취업·일경험,상시,2차 1-2-5,,,,,,
20251113005400211886,1회용컵 보증금제 청년 소도리단 운영사업,제주특별자치도 기후환경국 자원순환과,제주,참여·권리,마감,1차 5-19-50,,,,,,
20250827005400211527,2025 경북 청년애꿈 수당 사업(근속장려수당),경상북도,경북,창업·농어업,마감,1차 1-2-5,647000000180,이름 대조(신뢰도 높음),647000020213013A,청년애꿈수당,8.0,
20250331005400210676,2025 구직청년 자격증 취득지원,전남광주통합특별시 교육청년국 청년정책과,광주,취업·일경험,마감,1차 1-1-2,,,,,,
20250220005400210478,2025 맘(Mom)편한 태교 패키지 지원,충청북도,충북,문화·건강,마감,1차 4-16-42,643000000756,이름 대조(신뢰도 높음),,,,
20250517005400210844,2025 부산 스텝업 댄스페스티벌,부산광역시,중앙,문화·건강,마감,1차 4-16-41,,,,,,
20250319005400210644,2025 북구 청년 창업자 임대료 지원사업,전남광주통합특별시 북구 청년미래정책관,광주,창업·농어업,마감,1차 1-2-5,,,,,,
20250314005400210611,2025 상반기 김해시 청년 자격증 응시료 지원사업(G-PASS CARD),김해시,경남,취업·일경험,마감,1차 1-1-2,,,,,,
20250501005400210757,2025 전입청년 교통비 지원,원주시,강원,금융·생활안정,마감,1차 4-13-32,419100000007,이름 대조(신뢰도 높음),4190000202330103,전입 청년 교통비 지원,0.35,20260513005400213181
20250828005400211529,2025 지역대학 글로벌 무역전문가 양성지원,경상북도,경북,취업·일경험,마감,1차 1-1-2,,,,,,20260317005400212182
20250828005400211530,2025 청년근로자 행복카드 지원사업,경상북도,경북,금융·생활안정,마감,1차 4-13-32,647000000127,이름 대조(신뢰도 높음),64700002017302B4,청년근로자행복카드지원,10.0,
20250904005400211649,2025 청년정책 발굴 사업,청년정책담당관,세종,정책기반,마감,1차 5-18-46,,,,,,
20250218005400210444,2025 충북 청년축제,충청북도,충북,문화·건강,마감,1차 4-16-42,,,,,,
20250509005400210807,2025 한라-백두 청년 지도자 육성 프로그램 운영,평화외교과,제주,문화·건강,마감,1차 4-16-41,,,,,,
20250610005400210906,2025 홍천군 청년 일경험 지원사업,경제진흥국,강원,취업·일경험,마감,1차 1-1-1,149200005006,이름 대조(신뢰도 중간),,,,
20250819005400211519,2025. 「은평 청년 버스킹 페스타」 청년판정단 모집,은평구,서울,문화·건강,마감,1차 4-16-42,,,,,,
20250721005400211469,2025꿈이음 청춘카페 지원사업,지방시대정책국,경북,참여·권리,마감,1차 5-20-51,,,,,,20250904005400211651
20250619005400211076,2025년 1차 경기도 청년면접수당 모집,경기도,경기,취업·일경험,마감,1차 1-1-1,641000000193,이름 대조(신뢰도 중간),,,,20260908005400213381 | 20260429005400212947
20250211005400210415,2025년 강원혁신도시 소외상권 활성화 지원(임차료 등) 사업,재단법인강원혁신도시발전지원센터,강원,창업·농어업,마감,1차 1-2-5,,,,,,
20250829005400211539,2025년 경북 K-로컬창업스쿨 운영사업,경상북도,중앙,창업·농어업,마감,1차 1-2-5,,,,,,
20250901005400211560,2025년 경북 청년근로자 사랑채움사업,기획감사실,경북,금융·생활안정,마감,1차 4-13-32,,,516000020223004D,청년근로자사랑채움사업,0.12,
20250829005400211536,2025년 경북 청년창업 JUMP-UP 지원사업,경상북도,경북,창업·농어업,마감,1차 1-2-5,,,,,,
20250829005400211538,2025년 경북 청년창업 지역정착 지원사업,경상북도,중앙,창업·농어업,마감,1차 1-2-5,,,,,,
20250829005400211537,2025년 경북청년CEO 심화육성 지원사업,경상북도,경북,창업·농어업,마감,1차 1-2-5,,,,,,
20250829005400211533,2025년 경북청춘 창업드림 지원사업,경상북도,중앙,창업·농어업,마감,1차 1-2-5,,,,,,
20251218005400212026,2025년 경상남도 청년월세 지원사업,경상남도 산청군 미래전략담당관,경남,주거,마감,1차 2-6-13,648000001055,이름 대조(신뢰도 중간),,,,
20251218005400212025,2025년 경상남도 청년주택 임차보증금 이자 지원사업,경상남도 산청군 미래전략담당관,경남,주거,마감,1차 2-6-13,648000001072,이름 대조(신뢰도 중간),,,,
20250710005400211162,2025년 군산시 신혼부부 주택 전세자금 대출이자 지원사업,군산시,전북,주거,마감,1차 2-6-13,654000000021,이름 대조(신뢰도 중간),,,,
20250710005400211161,2025년 군산시 청년기업 인증사업,군산시,전북,취업·일경험,마감,1차 1-1-1,,,,,,
20250716005400211293,2025년 군산시 청년창업플랫폼(청춘미가) 지원사업,군산시,전북,창업·농어업,마감,1차 1-2-5,,,467000020223004E,청년창업플랫폼(청춘미가) 사업,0.04,
20250416005400210710,2025년 달서청년 자격증 응시료 지원사업,기획경제국,대구,취업·일경험,마감,1차 1-1-2,,,347000020243000D,달서청년 자격증 응시료 지원사업,0.56,
20250509005400210806,2025년 대구경북 청년 아카데미,청년여성교육국,대구,참여·권리,마감,1차 5-20-51,,,,,,20250710005400211178
20250116005400210314,2025년 부산 동구 청년 자격증 시험 응시료 지원 사업,경제복지국,부산,취업·일경험,마감,1차 3-11-28,,,,,,
20250113005400210190,2025년 상반기 경기도 학자금 대출이자 지원,미래평생교육국,경기,교육·역량,마감,1차 3-10-23,,,,,,
20250228005400210574,2025년 순창군 대학 진학 축하금 지원,순창군옥천장학회,전북,교육·역량,마감,1차 3-10-23,,,,,,
20250115005400210286,2025년 순천시 대학생 직장 체험,전남광주통합특별시 순천시,전남,취업·일경험,마감,1차 1-1-1,,,,,,
20250829005400211534,2025년 시골청춘 뿌리내림 지원사업,경상북도,경북,창업·농어업,마감,1차 1-2-5,,,,,,
20250618005400211022,2025년 울산광역시 남구 청년도전 지원사업(단기·중기),구청장,중앙,취업·일경험,마감,1차 1-1-1,,,,,,
20251218005400212018,2025년 전세보증금반환보증 보증료 지원사업,경상남도 산청군 미래전략담당관,경남,주거,마감,1차 2-6-13,,,,,,
20250901005400211561,2025년 전세보증금반환보증 보증료 지원사업,기획감사실,경북,주거,마감,1차 2-7-16,,,,,,20260325005400212269
20250221005400210536,2025년 제11회 대구청년주간 개최,대구광역시,대구,정책기반,마감,1차 5-19-50,,,,,,
20250901005400211548,2025년 지역인재채용 인센티브 지원사,기획감사실,경북,취업·일경험,마감,1차 1-1-1,,,,,,
20250425005400210723,2025년 청년 디딤돌 2배 적금 지원사업,강원특별자치도,강원,금융·생활안정,마감,1차 4-13-32,653000000015,이름 대조(신뢰도 높음),6420000202330256 | 4321000202430045,청년 디딤돌 2배 적금 지원사업 | 청년 디딤돌 2배 적금 지원사업,15.73,
20250922005400211781,2025년 청년 면접수당 지원 사업,청년정책담당관,경남,취업·일경험,마감,1차 1-1-1,567000000758,이름 대조(신뢰도 높음),,,,
20250922005400211782,2025년 청년 면접정장 무료대여사업,청년정책담당관,경남,취업·일경험,마감,1차 1-1-1,648000001110,이름 대조(신뢰도 높음),,,,
20250115005400210305,2025년 청년 일자리 지원 프로그램,서귀포시,제주,취업·일경험,마감,1차 1-1-1,,,6500000202630198,청년 일자리 지원사업(성인지예산),6.5,
20250428005400210725,2025년 청년간호사 근속장려금 지원,강원특별자치도,중앙,취업·일경험,마감,1차 1-1-3,,,,,,
20250827005400211524,2025년 청년도전 지원사업,고용노동부,경북,취업·일경험,마감,1차 1-1-1,149200005033,이름 대조(신뢰도 중간),,,,
20250115005400210274,2025년 청년도전지원사업,고용노동부,인천,취업·일경험,마감,1차 1-1-1,149200005033,이름 대조(신뢰도 중간),,,,20260406005400212407
20250719005400211466,2025년 청년도전지원사업(원주시),고용노동부,강원,취업·일경험,마감,1차 1-1-1,149200005033,이름 대조(신뢰도 중간),,,,20260107005400212072
20250708005400211156,2025년 청년문화예술패스 2차 발급,문화체육관광부,대구,문화·건강,마감,1차 4-16-42,137100000239,이름 대조(신뢰도 중간),,,,
20250715005400211253,2025년 청년사회진입 활동지원사업,청년정책과,대구,문화·건강,마감,1차 4-15-39,627000000128,이름 대조(신뢰도 중간),,,,
20250113005400210183,2025년 청년예술인 창작공간 지원사업 입주예술인 공모,창원시,경남,문화·건강,마감,1차 4-16-43,,,,,,
20250901005400211554,2025년 청송군 청년 소모임 지원사업,기획감사실,경북,문화·건강,마감,1차 4-16-42,,,,,,20260325005400212267
20250115005400210303,2025년 취업준비생 경쟁력 강화 지원사업(AI 취업준비),고용센터,제주,취업·일경험,마감,1차 1-1-1,,,,,,
20251117005400211896,2025년 함양군 청년CEO 지원사업,경상남도 함양군 경제복지국 인구정책과,경남,창업·농어업,마감,1차 1-2-4,,,5460000202530009,청년 CEO 지원사업,1.0,
20251117005400211897,2025년 함양군 청년사업자 임차료 지원사업,경상남도 함양군 경제복지국 인구정책과,경남,창업·농어업,마감,1차 1-2-4,,,5460000202430090,청년사업자 임차료 지원,0.38,
20250529005400210880,2025년 화성시 청년정책 아이디어 공모전,복지국,중앙,참여·권리,마감,1차 5-17-45,,,,,,
20250125005400210403,2025년 화성시 청년활동포인트제(1차),복지국,중앙,참여·권리,마감,1차 5-17-45,,,,,,
20250909005400211690,2025년 화성특례시「청년의 날 기념행사」,화성시,중앙,참여·권리,마감,1차 5-20-52,,,,,,
20250901005400211541,2025년도 경북청년예비창업가 육성사업,기획감사실,경북,창업·농어업,마감,1차 1-2-5,,,,,,20260325005400212265
20250108005400210069,2025년도 미래농업대학 스마트농업인 양성 과정,미래농업교육원,강원,교육·역량,마감,1차 3-9-21,,,,,,
20250901005400211557,2025년도 청년 신혼부부 월세 지원사업,기획감사실,경북,주거,마감,1차 2-6-13,,,,,,20260325005400212266
20260408005400212621,2026 [RE:CONNECT] 생성형 AI로 나를 다시 연결하다,전남광주통합특별시,광주,교육·역량,마감,2차 2-5-19,,,,,,
20260331005400212356,2026 경북청년창업지원센터 입주기업 모집공고,경상북도,경북,창업·농어업,마감,2차 1-4-12,,,,,,
20260410005400212666,2026 관광기업지원센터 SNS홍보 서포터즈 모집,전남광주통합특별시,광주,참여·권리,마감,2차 5-17-62,,,,,,
20260429005400212938,2026 광산구 홍보파트너 모집,전남광주통합특별시,광주,참여·권리,마감,2차 5-17-62,,,,,,
20260407005400212571,2026 광주 동구 관광 SNS서포터즈 「광주 날라리」 모집,전남광주통합특별시,광주,참여·권리,마감,2차 5-17-62,,,,,,
20260522005400213211,2026 광주광역시 전략사업별 지역생태계 활성화 사업 「내일을 만드는 청년 직무형 일경험 사업」,전남광주통합특별시,광주,취업·일경험,마감,2차 1-2-5,,,,,,
20260407005400212563,2026 광주콘텐츠코리아랩 콘텐츠 창‧제작 지원사업 「부스터 크리에이터(2단계·3단계)」 모집,전남광주통합특별시,광주,문화·건강,마감,2차 4-14-51,,,,,,
20260407005400212555,2026 광주콘텐츠코리아랩 콘텐츠 창‧제작 지원사업 「주니어 크리에이터」 모집,전남광주통합특별시,광주,문화·건강,마감,2차 4-14-51,,,,,,
20260407005400212562,2026 기획창작스튜디오 프리비즈 콘텐츠 제작지원,전남광주통합특별시,광주,취업·일경험,마감,2차 1-2-5,,,,,,
20260518005400213206,2026 농식품가공창업보육센터 이용자 모집 공고(공유주방 창업팀 1기),전남광주통합특별시,광주,창업·농어업,마감,2차 1-4-12,,,,,,
20260313005400212156,2026 대학생 인턴사업(평택시),경기도 평택시,경기,취업·일경험,마감,2차 1-1-1,,,3910000201630046,대학생 인턴사업,3.38,
20260408005400212586,2026 대한민국 이스포츠 리그(KEL) 참가 지원,경상남도,경남,취업·일경험,상시,2차 1-2-5,,,,,,
20260407005400212568,2026 동구 청년 웰컴 박스,전남광주통합특별시,광주,금융·생활안정,진행중,2차 4-11-38,,,,,,
20260429005400212922,2026 동명청년창작소 [커머스빌딩 START] 참여 교육생 모집,전남광주통합특별시,광주,창업·농어업,마감,2차 1-4-12,,,,,,
20260622005400213243,2026 마음건강상담소 2차 참여자 모집 (접수 마감),전남광주통합특별시,광주,문화·건강,마감,2차 4-13-49,,,,,,20260722005400213289 | 20260408005400212589
20260722005400213289,2026 마음건강상담소 2차 참여자 모집 (접수 마감),전남광주통합특별시,전남,문화·건강,마감,2차 4-13-49,,,,,,20260622005400213243 | 20260408005400212589
20260408005400212589,2026 마음건강상담소 참여자 모집(1차 접수마감),전남광주통합특별시,광주,문화·건강,마감,2차 4-13-49,,,,,,20260722005400213289 | 20260622005400213243
20260615005400213234,2026 북구청춘페스타 추진기획단 모집(~6.14.),전남광주통합특별시,광주,참여·권리,마감,2차 5-17-62,,,,,,20260722005400213280
20260722005400213280,2026 북구청춘페스타 추진기획단 모집(~6.14.),전남광주통합특별시,광주,참여·권리,마감,2차 5-17-62,,,,,,20260615005400213234
20260410005400212663,2026 서울 동아리ON(대학생 동아리 지원),서울특별시 미래청년기획관,중앙,참여·권리,마감,2차 5-15-58,,,,,,
20260413005400212689,2026 시제품 제작 프로그램(예비창업자 지원 과정) 모집,전남광주통합특별시,광주,창업·농어업,마감,2차 1-4-12,,,,,,
20260903005400213368,2026 여수시 청년거리문화한마당 문수대통 시즌2,전남광주통합특별시,전남,참여·권리,상시,2차 5-17-62,,,,,,
20260826005400213352,2026 일상돌봄서비스 사업 이용자 모집,전남광주통합특별시,광주,금융·생활안정,마감,2차 4-11-38,,,,,,
20260903005400213367,2026 전남광주 청년주간 청년페스타: 피파페,전남광주통합특별시,전남,참여·권리,상시,2차 5-17-62,,,,,,
20260513005400213181,2026 전입청년 교통비 지원,강원특별자치도 원주시,강원,문화·건강,마감,2차 4-14-55,419100000007,이름 대조(신뢰도 높음),,,,20250501005400210757
20260428005400212892,2026 전주기업반 취업지원 사업,전북특별자치도 전주시,전북,취업·일경험,마감,2차 1-2-5,,,,,,
20260807005400213325,2026 제4회 멘토러닝톡,전남광주통합특별시,광주,문화·건강,마감,2차 4-13-49,,,,,,
20260722005400213265,2026 지역가치창업가 양성사업,서울특별시 민생노동국 상권활성화과,서울,창업·농어업,마감,2차 1-4-12,,,,,,
20260317005400212182,2026 지역대학 글로벌 무역전문가 양성 사업,경상북도,경북,교육·역량,마감,2차 2-5-19,,,,,,20250828005400211529
20260408005400212629,2026 직업교육훈련 교육생 모집(전액 국비지원),전남광주통합특별시,광주,교육·역량,상시,2차 2-5-19,,,,,,
20260408005400212630,2026 창업컨설팅,전남광주통합특별시,광주,창업·농어업,상시,2차 1-4-12,,,,,,
20260407005400212569,2026 청년 노동인권 파트너즈 모집,전남광주통합특별시,광주,참여·권리,마감,2차 5-17-62,,,,,,
20260313005400212158,2026 청년 문화예술인 문화인턴제 사업(평택시),경기도 평택시 문화국제국,경기,취업·일경험,마감,2차 1-2-5,,,3910000202330169,청년 문화예술인 문화인턴제 사업,0.53,
20260408005400212613,2026 청년 자산관리 주치의제 (1:1 재무상담),전남광주통합특별시,광주,교육·역량,상시,2차 2-5-19,,,,,,
20260706005400213250,"2026 청년 취업교육(N잡/프리랜서, 진로/취업 커리어 개발 교육)",서울특별시 중랑구,서울,교육·역량,마감,2차 2-5-19,,,,,,
20260326005400212282,2026 청년/청소년 참여예산 교육,경기도 평택시,경기,참여·권리,마감,2차 5-15-58,,,,,,
20260429005400212926,2026 청년마을만들기 사업 공모 안내,전남광주통합특별시,광주,참여·권리,마감,2차 5-17-62,,,,,,
20260313005400212157,2026 청년예술 지원사업(평택시),경기도 평택시,경기,문화·건강,상시,2차 4-14-52,,,,,,
20260910005400213398,2026 청년의 날 기념 「제6회 용인청년페스티벌」 개최,경기도 용인시,중앙,참여·권리,진행중,2차 5-17-62,,,,,,
20260522005400213214,2026 청년자율예산 「청년정책실험실」 참여자 모집 공고,전남광주통합특별시,광주,참여·권리,마감,2차 5-17-62,,,,,,
20260313005400212159,2026 평택 문화지대 기반 활성화(찾아가는 콘서트),경기도 평택시 문화국제국,경기,문화·건강,마감,2차 4-14-53,,,,,,
20260313005400212160,2026 평택시 장학관 운영,경기도 평택시 교육국,경기,교육·역량,마감,2차 2-7-24,,,,,,
20260325005400212278,2026 평택시 장학재단 애향장학생(대학생)선발,경기도 평택시 교육국,경기,교육·역량,마감,2차 2-5-19,,,,,,
20260325005400212280,2026 평택시 청년 독서모임 및 프로그램 운영,경기도 평택시 교육국,경기,교육·역량,마감,2차 2-5-19,,,,,,
20260326005400212283,2026 평택시 청년봉사단,경기도 평택시,경기,참여·권리,마감,2차 5-17-62,,,,,,
20260325005400212281,2026 평택시 청년지원센터 청년쉼표 운영,경기도 평택시 기획항만경제실,경기,문화·건강,상시,2차 4-14-55,,,,,,
20260325005400212279,2026 평택청년 취업성공 지원사업,경기도 평택시 기획항만경제실,경기,취업·일경험,진행중,2차 1-1-3,,,3910000202530069,평택청년 취업성공 지원사업 운영,0.22,
20260804005400213319,2026. 「은평 청년 버스킹 페스타」 참가자 모집,서울특별시 은평구,서울,참여·권리,마감,2차 5-17-62,,,,,,
20260407005400212574,2026년  남구 청년도전지원사업,전남광주통합특별시,광주,취업·일경험,상시,2차 1-2-5,,,,,,
20260511005400213178,2026년 5월 가계부소모임-2회차,전남광주통합특별시,광주,금융·생활안정,마감,2차 4-12-44,,,,,,
20260708005400213252,2026년 7월 청년 취업 지원 프로그램 「취업힐링캠프」,전남광주통합특별시,광주,취업·일경험,마감,2차 1-2-5,,,,,,20260722005400213275
20260722005400213275,2026년 7월 청년 취업 지원 프로그램 「취업힐링캠프」,전남광주통합특별시,광주,취업·일경험,마감,2차 1-2-5,,,,,,20260708005400213252
20260407005400212564,2026년 G-유니콘 육성프로그램 참여기업 모집,전남광주통합특별시,광주,창업·농어업,마감,2차 1-4-12,,,,,,
20260407005400212567,2026년 MICE 광주 관광기업 성장단계별 맞춤지원 프로그램 참여사 모집,전남광주통합특별시,광주,창업·농어업,마감,2차 1-4-12,,,,,,
20260722005400213268,2026년 「청년농업인 스마트창농 교육」,전남광주통합특별시,전남,교육·역량,마감,2차 2-6-22,,,,,,
20260619005400213242,2026년 경북 청년창업 지역정착 지원사업 신규참여자 2차 추가모집 공고,경상북도 지방시대정책국 청년정책과,중앙,창업·농어업,마감,2차 1-4-12,,,,,,
20260317005400212170,2026년 경상북도 반학반어 청년지원사업,경상북도 환동해지역본부 어업기술원,중앙,참여·권리,마감,2차 5-15-58,,,,,,
20260806005400213322,2026년 고립 청년 일상회복 지원 사업,전남광주통합특별시,광주,금융·생활안정,마감,2차 4-11-38,,,,,,
20260423005400212870,2026년 고성군 미취업 청년 자격증 응시료 지원,강원특별자치도 고성군,강원,취업·일경험,상시,2차 1-1-1,,,,,,
20260818005400213336,2026년 고흥군 청년 귀어가 정착어장,전남광주통합특별시,전남,취업·일경험,마감,2차 1-1-1,,,,,,
20260408005400212603,2026년 광산구 감자서포터즈 4기 모집,전남광주통합특별시,광주,참여·권리,마감,2차 5-17-62,,,,,,
20260408005400212632,2026년 광산구 구직청년 자격증 취득비용 지원사업,전남광주통합특별시,광주,교육·역량,진행중,2차 2-7-24,,,,,,20260722005400213297
20260722005400213297,2026년 광산구 구직청년 자격증 취득비용 지원사업,전남광주통합특별시,광주,교육·역량,마감,2차 2-7-24,,,,,,20260408005400212632
20260413005400212690,2026년 광산구 청년도전지원사업,전남광주통합특별시,광주,참여·권리,상시,2차 5-17-62,,,,,,
20260909005400213388,2026년 광양시 미혼남녀 만남 행사 「설렘N광양」 참가자 모집,전남광주통합특별시,전남,참여·권리,진행중,2차 5-17-62,,,,,,
20260429005400212919,2026년 광주광역시 외국인 유학생 서포터즈 모집(2026 Gwangju Metropolitan City International Student Supporters Recruitment),전남광주통합특별시,광주,참여·권리,마감,2차 5-17-62,,,,,,
20260407005400212570,2026년 광주광역시 평생교육이용권 신청 접수,전남광주통합특별시,광주,교육·역량,마감,2차 2-7-24,,,,,,
20260429005400212934,2026년 광주광역시청년위원회 운영지원단 모집,전남광주통합특별시,광주,참여·권리,마감,2차 5-17-62,,,,,,
20260408005400212611,2026년 광주청년센터 토닥토닥 상무점 이력서 사진 무료 촬영 서비스,전남광주통합특별시,광주,취업·일경험,상시,2차 1-2-5,,,,,,
20260408005400212599,2026년 구직청년 자격증 취득지원 사업(4월 접수마감),전남광주통합특별시,광주,취업·일경험,마감,2차 1-2-5,,,,,,
20260429005400212913,2026년 구직청년 자격증 취득지원 사업(5월 4일 10:00 모집 예정),전남광주통합특별시,광주,취업·일경험,마감,2차 1-2-5,,,,,,
20260318005400212197,2026년 군포시 신혼부부 및 청년 전월세 보증금 대출이자 지원,경기도 군포시,경기,주거,마감,2차 3-9-30,402000000115,이름 대조(신뢰도 중간),40200002019300EE,신혼부부 및 청년 전월세 보증금 대출이자 지원,1.0,
20260410005400212665,2026년 기술기반 예비창업가 사업화자금지원 모집,전남광주통합특별시,광주,창업·농어업,마감,2차 1-4-12,,,,,,
20260909005400213389,2026년 나주시 청년센터 하반기 「청년희망학교」 강사 모집,전남광주통합특별시,전남,교육·역량,마감,2차 2-7-24,,,,,,
20260408005400212637,2026년 남구 「청년활동 포인트제」 참여자 모집,전남광주통합특별시,광주,참여·권리,상시,2차 5-17-62,,,,,,
20260429005400212927,2026년 당신근처의 광산일자리 지속일자리분야(1기) 참여자 모집,전남광주통합특별시,광주,취업·일경험,마감,2차 1-2-5,,,,,,
20260408005400212627,2026년 동구 소상공인 맞춤형 경영컨설팅,전남광주통합특별시,광주,교육·역량,상시,2차 2-6-22,,,,,,
20260408005400212610,2026년 동구 청년 자율공간 조성 참여 사업자 모집 공고,전남광주통합특별시,광주,참여·권리,마감,2차 5-17-62,,,,,,
20260513005400213182,2026년 맞춤형 예비 창업가 발굴·육성사업 청년창업기업 엑셀러레이팅 및 기업 수요기반 컨시어지 멘토단 모집,전남광주통합특별시,광주,참여·권리,마감,2차 5-17-62,,,,,,
20260429005400212920,2026년 문화예술단체 및 생활예술동아리 지방보조금 지원 모집,전남광주통합특별시,광주,문화·건강,마감,2차 4-14-51,,,,,,
20260427005400212881,2026년 반려동물 전문인력 양성 교육생 모집,전남광주통합특별시,광주,교육·역량,마감,2차 2-6-22,,,,,,
20260724005400213305,2026년 부평 청년주간행사 추진단 모집,인천광역시 부평구 경제환경국 일자리창출과,인천,참여·권리,마감,2차 5-15-58,,,,,,
20260408005400212614,2026년 북구 「청년자율공간 확충」 지원사업 보조사업자 모집,전남광주통합특별시,광주,참여·권리,마감,2차 5-17-62,,,,,,20260408005400212597
20260408005400212597,2026년 북구 「청년자율공간 확충」 지원사업 보조사업자 모집 재공고,전남광주통합특별시,광주,참여·권리,마감,2차 5-17-62,,,,,,20260408005400212614
20260408005400212604,2026년 북구 라이브커머스 지원 참여 소상공인 모집,전남광주통합특별시,광주,창업·농어업,마감,2차 1-4-12,,,,,,20260907005400213374
20260907005400213374,2026년 북구 라이브커머스 지원 참여 소상공인 모집(3차),전남광주통합특별시,광주,창업·농어업,진행중,2차 1-4-12,,,,,,20260408005400212604
20260407005400212575,2026년 빈집(빈점포) 청년창업 채움 프로젝트 (예비)청년창업자 모집,전남광주통합특별시,광주,창업·농어업,마감,2차 1-4-12,,,,,,
20260429005400212928,2026년 삼삼오오 이웃돌봄 참여자 모집,전남광주통합특별시,광주,문화·건강,마감,2차 4-14-51,629000000815,이름 대조(신뢰도 중간),,,,
20260429005400212949,2026년 상반기 경기도 대학생 학자금 대출이자 지원,경기도,경기,교육·역량,마감,2차 2-7-25,641000000664,이름 대조(신뢰도 중간),,,,
20260318005400212206,2026년 상반기 청년독서회 '퇴근 후 한 책 읽기' 참가자 모집,경기도 군포시,경기,문화·건강,마감,2차 4-14-51,,,,,,
20260408005400212593,2026년 상반기(2025년도 2학기) 대학(원)생 학자금 대출이자 지원,전남광주통합특별시,광주,금융·생활안정,마감,2차 4-12-44,O00093700004,이름 대조(신뢰도 중간),,,,
20260408005400212608,2026년 서구 전입 청년 웰컴 박스 지원,전남광주통합특별시,광주,참여·권리,상시,2차 5-17-62,,,,,,
20260429005400212930,2026년 서구 청년 PI스쿨 상반기 재능공유 청년강사 참여자 모집,전남광주통합특별시,광주,참여·권리,마감,2차 5-17-62,,,,,,
20260615005400213233,2026년 서구 청년 크리에이터단 참여자 모집,전남광주통합특별시,광주,참여·권리,마감,2차 5-17-62,,,,,,20260722005400213291
20260722005400213291,2026년 서구 청년 크리에이터단 참여자 모집,전남광주통합특별시,광주,참여·권리,마감,2차 5-17-62,,,,,,20260615005400213233
20260818005400213338,2026년 서구 청년 플러스 데이,전남광주통합특별시,광주,취업·일경험,마감,2차 1-2-5,,,,,,
20260408005400212595,2026년 서구 청년도전지원사업,전남광주통합특별시,광주,취업·일경험,상시,2차 1-2-5,,,,,,20260722005400213295
20260722005400213295,2026년 서구 청년도전지원사업,전남광주통합특별시,광주,취업·일경험,상시,2차 1-2-5,,,,,,20260408005400212595
20260429005400212921,2026년 서구 청년자율공간 참여 사업자 모집,전남광주통합특별시,광주,참여·권리,마감,2차 5-17-62,,,,,,
20260820005400213341,2026년 서구 청년축제 「무한도ZONE」,전남광주통합특별시,전남,참여·권리,마감,2차 5-17-62,,,,,,
20260618005400213239,2026년 서구 하반기 청년강사 모집,전남광주통합특별시,광주,참여·권리,마감,2차 5-17-62,,,,,,20260722005400213287
20260722005400213287,2026년 서구 하반기 청년강사 모집,전남광주통합특별시,광주,참여·권리,마감,2차 5-17-62,,,,,,20260618005400213239
20260520005400213208,2026년 서울청년정책네트워크 하반기 모집,서울특별시 미래청년기획관 청년정책담당관,서울,참여·권리,마감,2차 5-15-57,,,,,,
20260722005400213285,2026년 성인진로상담,전남광주통합특별시,전남,교육·역량,상시,2차 2-7-24,,,,,,20260618005400213240
20260618005400213240,2026년 성인진로상담,전남광주통합특별시,광주,교육·역량,상시,2차 2-7-24,,,,,,20260722005400213285
20260408005400212592,2026년 소상공인 육아응원패키지 시즌2 「소상공인 임신 특별지원금」 모집,전남광주통합특별시,광주,금융·생활안정,마감,2차 4-12-44,,,,,,
20260408005400212591,2026년 소상공인 육아응원패키지 시즌2 「소상공인 출생 특별지원금」  모집,전남광주통합특별시,광주,금융·생활안정,마감,2차 4-12-44,,,,,,
20260427005400212880,2026년 시제품 제작 프로그램(양산 연계 지원 과정),전남광주통합특별시,광주,창업·농어업,마감,2차 1-4-12,,,,,,
20260722005400213273,2026년 신혼부부 전세자금 대출이자 지원 안내,전남광주통합특별시,전남,주거,진행중,2차 3-9-30,629000000789,이름 대조(신뢰도 중간),,,,20260710005400213254
20260710005400213254,2026년 신혼부부 전세자금 대출이자 지원 안내,전남광주통합특별시,전남,주거,진행중,2차 3-9-30,629000000789,이름 대조(신뢰도 중간),,,,20260722005400213273
20260622005400213244,2026년 여름 청년 행정체험사업,대구광역시 달서구 경제환경국,대구,취업·일경험,마감,2차 1-1-1,,,,,,
20260903005400213369,2026년 여수시 「청년도전지원사업」 참여자 모집,전남광주통합특별시,전남,취업·일경험,상시,2차 1-2-5,,,,,,
20260722005400213282,2026년 완도군 청년 자격증 응시료 지원사업,전남광주통합특별시,전남,교육·역량,진행중,2차 2-7-24,,,,,,20260702005400213247
20260702005400213247,2026년 완도군 청년 자격증 응시료 지원사업,전남광주통합특별시,전남,교육·역량,진행중,2차 2-7-24,,,,,,20260722005400213282
20260406005400212404,2026년 인천 청년도약기지(취업아카데미),인천광역시 청년정책담당관,인천,취업·일경험,마감,2차 1-1-2,628000000750,이름 대조(신뢰도 높음),62800002023308BF,인천 청년도약기지(취업 아카데미),11.69,
20260406005400212415,2026년 인천 청년정책네트워크 위원 모집,인천광역시 청년정책담당관,인천,참여·권리,마감,2차 5-17-62,,,,,,
20260410005400212664,2026년 임신부 가사지원서비스 지원사업 시행,전남광주통합특별시,광주,취업·일경험,마감,2차 1-2-5,629000000197,이름 대조(신뢰도 중간),,,,
20260831005400213363,2026년 전남광주통합특별시 청년축제,전남광주통합특별시,전남,참여·권리,상시,2차 5-17-62,,,,,,
20260325005400212269,2026년 전세보증금반환보증 보증료 지원사업,경상북도 청송군 기획감사실,경북,주거,진행중,2차 3-10-32,,,,,,20250901005400211561
20260428005400212893,2026년 전주 청년만원주택 청춘★별채 예비입주자 모집,전북특별자치도 전주시,전북,주거,마감,2차 3-8-27,,,,,,
20260428005400212895,2026년 전주시 「청년참여예산 민간보조금」 지원,전북특별자치도 전주시,전북,참여·권리,마감,2차 5-15-58,,,,,,
20260428005400212890,2026년 전주시 소규모점포 청년창업 지원,전북특별자치도 전주시,전북,창업·농어업,마감,2차 1-4-12,,,4641000202630182,소규모 점포 청년 창업 지원사업,1.45,
20260428005400212902,2026년 전주시 지역우수인재 장학생 모집(1학기),전북특별자치도 전주시,전북,교육·역량,마감,2차 2-7-24,,,,,,
20260914005400213414,2026년 제1차 경기도 해운물류 청년취업 아카데미,경기도 철도항만물류국 물류항만과,중앙,교육·역량,마감,2차 2-5-19,,,,,,20260914005400213415
20260914005400213415,2026년 제2차 경기도 해운물류 청년취업 아카데미,경기도 철도항만물류국 물류항만과,중앙,교육·역량,마감,2차 2-5-19,,,,,,20260914005400213414
20260408005400212622,2026년 제5회 에이프캠프 (ape camp 2025),전남광주통합특별시,광주,취업·일경험,마감,2차 1-2-5,,,,,,
20260325005400212268,2026년 지역인재채용 인센티브지원사업,경상북도 청송군 기획감사실,경북,취업·일경험,진행중,2차 1-2-4,,,,,,
20260728005400213309,2026년 찬찬히 청년 사회생활(정서·심리)지원 캠퍼스 참여자 모집,전남광주통합특별시,광주,문화·건강,진행중,2차 4-13-49,,,,,,
20260522005400213213,2026년 창업 아이디어 공모 및 지원,전남광주통합특별시,광주,창업·농어업,마감,2차 1-4-12,,,,,,
20260429005400212924,2026년 창업도약패키지(일반형) 창업기업 모집,전남광주통합특별시,광주,창업·농어업,마감,2차 1-4-12,,,,,,
20260724005400213304,2026년 찾아가는 청년주거 상담소(국토교통부),인천광역시 청년정책담당관,인천,금융·생활안정,마감,2차 4-11-41,,,,,,
20260810005400213327,2026년 청년 IT 자격증 취득지원 프로그램 수강생 모집,전남광주통합특별시,광주,창업·농어업,마감,2차 1-4-12,,,,,,
20260821005400213345,2026년 청년 넷제로 상상뜨락 리빙랩 아이디어 공모전,전남광주통합특별시,전남,참여·권리,진행중,2차 5-17-62,,,,,,
20260428005400212894,2026년 청년 면접정장 무료대여 지원,전북특별자치도 전주시,전북,금융·생활안정,상시,2차 4-12-44,,,,,,
20260325005400212272,2026년 청년 사랑채움사업,경상북도 청송군 기획감사실,경북,금융·생활안정,마감,2차 4-11-38,647000000123,이름 대조(신뢰도 중간),,,,
20251114005400211891,2026년 청년 소상공인 점포 임차료 지원사업,경상남도 의령군 소멸위기대응추진단,경남,창업·농어업,진행중,1차 1-2-5,,,,,,
20260318005400212198,2026년 청년 학자금대출 장기연체자 지원사업,경기도 군포시,경기,금융·생활안정,진행중,2차 4-12-44,402000000146,이름 대조(신뢰도 높음),,,,
20260421005400212832,2026년 청년 희망디딤돌 통장사업 대상자 모집 공고,전남광주통합특별시 인구청년이민국 청년희망과,전남,금융·생활안정,마감,2차 4-11-38,646000000200,이름 대조(신뢰도 중간),,,,
20260527005400213222,2026년 청년근로자 교통비 지원사업,경상북도 고령군 인구정책실,경북,취업·일경험,마감,2차 1-2-4,,,,,,
20260513005400213183,2026년 청년농업인(청년창업형 후계농업경영인) 영농정착지원사업(2차),전남광주통합특별시,광주,취업·일경험,마감,2차 1-1-1,154300000396,이름 대조(신뢰도 중간),646000020183014C | 62900002018300D0 | 3630000201930009 | 3620000201930025 | 3610000201930025 | 3600000202530137 | 3590000202230119,청년농업인영농정착지원 (전남) | 청년농업인영농정착지원 (광주) | 청년농업인영농정착지원 | 청년농업인영농정착지원 | 청년농업인 영농정착지원(보조) | 청년농업인영농정착지원 | 청년농업인 영농정착 지원(균특사업),196.32,
20260408005400212596,2026년 청년다다름사업(광주제작소),전남광주통합특별시,광주,취업·일경험,마감,2차 1-1-1,,,,,,
20260107005400212072,2026년 청년도전지원사업(원주시),고용노동부,강원,취업·일경험,진행중,2차 1-1-2,149200005033,이름 대조(신뢰도 중간),,,,20250719005400211466
20260428005400212896,2026년 청년부부 결혼비용 지원사업,전북특별자치도 전주시,전북,문화·건강,마감,2차 4-14-55,,,464100020263008E,청년부부 결혼비용 지원사업,0.6,
20260325005400212271,2026년 청년월세 지원사업,경상북도 청송군 기획감사실,경북,주거,마감,2차 3-9-30,,,,,,
20260812005400213329,2026년 청년정책 종합상담 참여자 모집,전남광주통합특별시,광주,금융·생활안정,상시,2차 4-11-38,,,,,,
20260812005400213331,2026년 청년정책 종합상담 참여자 모집(기존 전라남도 22개 시·군 대상),전남광주통합특별시,전남,참여·권리,진행중,2차 5-17-62,,,,,,
20260527005400213221,2026년 청년창업자 임차료 지원사업,경상북도 고령군 인구정책실,경북,창업·농어업,마감,2차 1-4-12,,,5200000202230084,청년창업자 임차료 지원,0.2,20260331005400212357
20260325005400212267,2026년 청송군 청년 소모임 지원사업,경상북도 청송군 기획감사실,경북,문화·건강,마감,2차 4-14-55,,,,,,20250901005400211554
20260325005400212270,2026년 청송군 청년 자격증 응시료 지원사업,경상북도 청송군 기획감사실,경북,취업·일경험,진행중,2차 1-1-1,,,,,,
20260428005400212889,2026년 출향(전입)청년 채용 전주기업 취업지원,전북특별자치도 전주시,전북,취업·일경험,마감,2차 1-2-4,,,4640000202330070,출향청년 채용 전주기업 취업지원,1.91,
20260326005400212285,2026년 평택 신입사원 직장적응 교육 프로그램 운영,경기도 평택시 기획항만경제실,경기,취업·일경험,진행중,2차 1-3-11,,,,,,
20260326005400212284,2026년 평택 청년-기업 이어드림 사업,경기도 평택시 기획항만경제실,경기,취업·일경험,진행중,2차 1-1-3,,,39100002026300B8,평택 청년-기업 이어드림 사업,0.22,
20260326005400212294,2026년 평택시 4차산업 인재육성 직업훈련 지원,경기도 평택시 기획항만경제실,경기,교육·역량,진행중,2차 2-5-17,,,,,,
20260326005400212295,2026년 평택시 우수초기창업자 지원사업 운영,경기도 평택시 기획항만경제실,경기,창업·농어업,진행중,2차 1-4-12,,,,,,
20260326005400212286,2026년 평택시 청년 면접정장 무료대여 서비스,경기도 평택시 기획항만경제실,경기,취업·일경험,진행중,2차 1-2-5,391000000106,이름 대조(신뢰도 높음),3910000202030098,청년 면접정장 무료대여 서비스,0.3,
20260326005400212287,2026년 평택시 청년 월세 지원,경기도 평택시 기획항만경제실,경기,주거,마감,2차 3-9-30,391000000144,이름 대조(신뢰도 높음),,,,
20260326005400212288,2026년 평택시 청년 전월세 중개보수료 감면사업,경기도 평택시 기획항만경제실,경기,주거,상시,2차 3-10-35,,,,,,
20260326005400212293,2026년 평택시 청년창업 금융지원사업 이차보전 지원,경기도 평택시 기획항만경제실,경기,창업·농어업,진행중,2차 1-4-12,,,,,,
20260326005400212290,2026년 평택시 청년창업도전 아카데미,경기도 평택시 기획항만경제실,경기,창업·농어업,진행중,2차 1-4-12,,,3910000202430057,청년 창업도전 아카데미 운영,0.2,
20260326005400212292,2026년 평택시 청년창업자 금융지원사업,경기도 평택시 기획항만경제실,경기,창업·농어업,진행중,2차 1-4-12,,,3910000202130277,청년창업자 금융지원사업 운영,2.0,
20260326005400212291,2026년 평택시 청년창업자를 위한 크라우드 펀딩사업 지원,경기도 평택시 기획항만경제실,경기,창업·농어업,진행중,2차 1-4-12,,,391000020243005B,청년 창업자를 위한 크라우드 펀딩 사업 지원,0.11,
20260326005400212289,2026년 평택시 청년창업지원센터 운영,경기도 평택시 기획항만경제실,경기,창업·농어업,진행중,2차 1-4-12,,,39100002018301FC,청년창업지원센터 운영,2.14,
20260806005400213320,2026년 하반기 광양청년꿈터 드림클래스 학과운영자 모집,전남광주통합특별시,전남,교육·역량,마감,2차 2-6-22,,,,,,
20260728005400213310,2026년 하반기 임신부 가사지원서비스 지원사업,전남광주통합특별시,전남,문화·건강,진행중,2차 4-13-49,629000000197,이름 대조(신뢰도 높음),,,,
20260818005400213340,2026년 하반기(2026년도 1학기) 5개 자치구(광주권역) 대학(원)생 학자금 대출이자 지원,전남광주통합특별시,광주,금융·생활안정,진행중,2차 4-12-44,O00093700004,이름 대조(신뢰도 중간),,,,
20260408005400212605,2026년 행복한 동행! 우리두리 작은결혼식 시즌8 : 우리들의 행복한 시작,전남광주통합특별시,광주,문화·건강,마감,2차 4-14-51,,,,,,
20260325005400212265,2026년도 경북청년예비창업가 육성사업,경상북도 청송군 기획감사실,경북,창업·농어업,마감,2차 1-4-12,647000000117,이름 대조(신뢰도 중간),,,,20250901005400211541
20260513005400213185,2026년도 광주형 청년갭이어 지원사업,전남광주통합특별시,광주,참여·권리,마감,2차 5-17-62,,,6290000202230249,광주형청년갭이어지원 (광주),1.0,
20260325005400212266,2026년도 청년 신혼부부 월세지원사업,경상북도 청송군 기획감사실,경북,주거,진행중,2차 3-9-30,,,,,,20250901005400211557
20260407005400212572,2026년도 청년창업특례보증 지원,전남광주통합특별시,광주,창업·농어업,진행중,2차 1-4-12,O00072800005,이름 대조(신뢰도 중간),,,,20260918005400213427 | 20250331005400210675
20260918005400213427,2026년도 청년창업특례보증 지원,전남광주통합특별시,전남,창업·농어업,진행중,2차 1-4-12,O00072800005,이름 대조(신뢰도 중간),,,,20260407005400212572 | 20250331005400210675
20260429005400212923,2026년도 초기창업패키지(일반형) 창업기업 모집,전남광주통합특별시,광주,창업·농어업,마감,2차 1-4-12,,,,,,
20251214005400212002,2027 하계 세계대학경기대회 개최,충청남도,중앙,문화·건강,마감,1차 4-16-42,,,,,,
20260818005400213337,2027년 청년농업인 창업 스케일업(성장) 지원사업,전남광주통합특별시,전남,창업·농어업,마감,2차 1-4-12,,,,,,20250119005400210333
20251230005400212055,2030 맞춤형 사회진출 지원사업,충청북도,충북,취업·일경험,마감,1차 1-1-2,,,,,,
20250724005400211488,25대학일자리플러스센터운영,고용노동부,제주,취업·일경험,마감,1차 3-9-22,,,,,,
20260422005400212848,3만원 주택,제주도청 주택토지과,제주,주거,마감,2차 3-9-30,650000001121,링크 기재,,,,
20250502005400210767,4-H 청년농업인 기초영농지원,강원특별자치도,강원,창업·농어업,마감,1차 1-2-5,,,426100020263006D | 4240000200730158 | 428000020233011D | 425000020133002B | 434000020133002B,4-H청년농업인 기초영농지원(도) | 4-H청년농업인 기초영농지원(도) | 4-H청년농업인 기초영농지원(도비) | 4-H청년농업인 기초영농지원 | 4-H청년농업인 기초영농지원,1.35,
20251211005400211950,4차 산업분야 원격실습 직업훈련 지원,충청남도 산업경제실,충남,취업·일경험,마감,1차 1-1-2,,,,,,20251111005400211828
20251111005400211828,4차 산업분야 원격실습 직업훈련 지원,충청남도 산업경제실 경제기획관 일자리기업지원과,중앙,취업·일경험,마감,1차 1-1-2,,,,,,20251211005400211950
20260428005400212897,<청년이음전주> 4월 온기프로젝트 모집,전북특별자치도 전주시,전북,참여·권리,마감,2차 5-17-62,,,,,,
20260304005400212098,AI 면접 및 역량 검사 체험 지원,강원특별자치도 원주시,강원,교육·역량,진행중,2차 2-5-17,,,,,,20250327005400210659
20260313005400212142,AI 활용 취업역량강화 지원,경기도 용인시,경기,취업·일경험,상시,2차 1-1-3,,,,,,
20250327005400210659,AI면접 및 역량검사 체험 지원,원주시,강원,취업·일경험,마감,1차 3-9-21,,,,,,20260304005400212098
20260407005400212533,AX 시대 청년 리더십 프로젝트,울산광역시,울산,교육·역량,진행중,2차 2-5-17,,,,,,
20250331005400210678,G-유니콘 육성프로그램,전남광주통합특별시 경제실 경제창업국 창업진흥과,광주,창업·농어업,마감,1차 1-2-5,,,,,,
20250218005400210445,GCC 사관학교 운영,전남광주통합특별시 문화본부 문화정책관 콘텐츠산업과,광주,취업·일경험,마감,1차 3-9-21,,,,,,
20260408005400212620,GCC사관학교 3기 교육생 모집,전남광주통합특별시,광주,교육·역량,마감,2차 2-6-22,,,,,,
20251121005400211923,ICT 디바이스 충북랩 운영,충청북도,충북,취업·일경험,마감,1차 3-9-20,,,,,,
20250220005400210493,ICT 이노베이션스퀘어 운영,충청북도,충북,교육·역량,마감,1차 3-9-19,,,,,,
20251214005400211975,ICT이노베이션 충남스퀘어 운영,충청남도,충남,교육·역량,마감,1차 3-9-19,,,,,,
20260406005400212529,ICT이노베이션스퀘어 확산사업,울산광역시,울산,교육·역량,진행중,2차 2-5-17,,,,,,
20250915005400211692,IFWY 2025 한국 지역 대화 참가자 모집,은평구,중앙,참여·권리,마감,1차 5-17-45,,,,,,
20260408005400212606,K-Art 청년 창작자 지원사업(2026~2027),전남광주통합특별시,광주,문화·건강,마감,2차 4-14-51,,,6460000202630197,K-Art 청년 창작자 지원 (전남),2.16,
20260331005400212369,K-U시티 정주환경 조성,경상북도 지방시대정책국 지방시대정책과,경북,주거,상시,2차 3-8-27,,,,,,
20250716005400211299,K팝 사관학교 설치·운영,울산광역시,울산,문화·건강,마감,1차 4-16-42,,,,,,
20260406005400212504,SW.AI기술 활용인력 양성교육,인천광역시 미래산업국 AI혁신과,인천,교육·역량,상시,2차 2-5-17,,,,,,20250718005400211430
20250718005400211430,SW·AI기술 활용인력 양성교육,디지털산업과,인천,교육·역량,마감,1차 3-10-25,,,,,,20260406005400212504
20251214005400211976,SW미래채움,충청남도,충남,교육·역량,마감,1차 3-9-19,,,,,,20260504005400113135
20250710005400211172,SW전문인재 양성,전남광주통합특별시 산업실 인공지능산업국 로봇가전의료산업과,중앙,교육·역량,마감,1차 3-9-21,,,,,,
20250618005400211049,SW중심대학 지원,강원특별자치도,강원,교육·역량,마감,1차 3-9-22,,,,,,
20250710005400211171,SW중심대학 지원,전남광주통합특별시 산업실 인공지능산업국 로봇가전의료산업과,광주,교육·역량,마감,1차 3-9-21,,,,,,
20260406005400212525,UNIST 지역지능화혁신인재 양성사업,울산광역시,울산,교육·역량,진행중,2차 2-5-17,,,,,,20250715005400111241
20250103005400210050,Wake-up 국제청소년센터 운영,서산시,중앙,문화·건강,마감,1차 4-16-42,,,,,,
20260612005400213230,[2026 광주청년드림은행 생활경제특강①],전남광주통합특별시,광주,금융·생활안정,마감,2차 4-12-44,,,,,,20260722005400213292
20260722005400213292,[2026 광주청년드림은행 생활경제특강①],전남광주통합특별시,전남,금융·생활안정,마감,2차 4-12-44,,,,,,20260612005400213230
20260722005400213277,[22개 시·군] 2026 청년 잡업 프로젝트 자격증 취득 온라인 수강권 지원사업,전남광주통합특별시,전남,교육·역량,진행중,2차 2-7-24,,,,,,
20260504005400213011,[6월 1일 10:00 오픈예정] 2026년 구직청년 자격증 취득지원 사업(5월 접수마감),전남광주통합특별시,광주,취업·일경험,마감,2차 1-2-5,,,,,,
20260612005400213231,[6월 마감]2026년 구직청년 자격증 취득지원 사업(7월 1일 10시 접수 예정),전남광주통합특별시,광주,교육·역량,마감,2차 2-7-24,,,,,,
20260626005400213246,[7월 마감] 2026년 구직청년 자격증 취득지원 사업(8월 3일 10시 접수 예정),전남광주통합특별시,광주,교육·역량,마감,2차 2-7-24,,,,,,20260722005400213284
20260722005400213284,[7월 마감] 2026년 구직청년 자격증 취득지원 사업(8월 3일 10시 접수 예정),전남광주통합특별시,전남,교육·역량,마감,2차 2-7-24,,,,,,20260626005400213246
20260731005400213314,[8월 마감] 2026년 구직청년 자격증 취득지원 사업(9월 1일 10시 접수 예정),전남광주통합특별시,광주,교육·역량,마감,2차 2-7-24,,,,,,
20260824005400213349,[9월 마감] 2026년 구직청년 자격증 취득지원 사업 (10월 6일 10시 오픈 예정),전남광주통합특별시,광주,교육·역량,마감,2차 2-7-24,,,,,,
20260408005400212609,[PI스쿨] 상반기 진로설계 특강 참여자 모집,전남광주통합특별시,광주,취업·일경험,마감,2차 1-2-5,,,,,,
20260423005400212871,[강원 고성군]2026년 청년 취업수당 지원,강원특별자치도 고성군,강원,취업·일경험,상시,2차 1-1-2,,,,,,
20260408005400212602,[고용노동부]2026년 청년일자리도약장려금,전남광주통합특별시,광주,취업·일경험,진행중,2차 1-1-1,149200005016,이름 대조(신뢰도 중간),,,,
20260821005400213346,[광산구]청년 노동자 주거 지원사업 참여기업 모집,전남광주통합특별시,광주,주거,마감,2차 3-9-30,,,,,,
20260722005400213271,[광주 서구] 마음회복×진로설계 특강,전남광주통합특별시,전남,교육·역량,마감,2차 2-7-24,,,,,,
20260408005400212615,[광주광역시]2026년 청년도전지원사업,전남광주통합특별시,광주,취업·일경험,상시,2차 1-2-5,,,,,,
20260407005400212561,[광주청년드림은행] 2026년 4월 가계부 워크샵 - 내꿈실현 돈관리,전남광주통합특별시,광주,금융·생활안정,마감,2차 4-12-44,,,,,,
20260918005400213425,[광주청년드림은행] 2026년 9월 가계부 워크샵 - 내꿈실현 돈관리,전남광주통합특별시,전남,금융·생활안정,진행중,2차 4-12-44,,,,,,
20260408005400212638,[남구] 2026년 구직 청년 면접용 정장대여,전남광주통합특별시,광주,취업·일경험,진행중,2차 1-2-5,,,,,,20260722005400213299
20260722005400213299,[남구] 2026년 구직 청년 면접용 정장대여,전남광주통합특별시,광주,취업·일경험,진행중,2차 1-2-5,,,3610000202630002,구직청년 면접용 정장대여,0.18,20260408005400212638
20260408005400212623,[남구] 2026년 청년 구직자(근로자) 취업장려금 지원,전남광주통합특별시,광주,취업·일경험,진행중,2차 1-2-5,,,,,,20260831005400213366
20260831005400213366,[남구] 2026년 청년 구직자(근로자) 취업장려금 지원,전남광주통합특별시,광주,취업·일경험,마감,2차 1-2-5,,,,,,20260408005400212623
20260722005400213270,[남구] 2026년 현직자와의 특별한 만남,전남광주통합특별시,광주,교육·역량,상시,2차 2-7-24,,,,,,
20260408005400212624,[남구] 2월 청년월간밋업 프로그램,전남광주통합특별시,광주,교육·역량,마감,2차 2-5-19,,,,,,
20260916005400213417,[남구] 「청년 1인가구 주거 안심물품 지원」,전남광주통합특별시,광주,문화·건강,상시,2차 4-13-49,,,,,,
20260728005400213308,[남구] 구직청년 증명사진 촬영지원,전남광주통합특별시,광주,취업·일경험,진행중,2차 1-2-5,,,36100002025300C7,구직청년 증명사진 촬영 지원,0.03,
20260828005400213359,"[남구] 방송, 엔터 취업역량강화 교육캠프",전남광주통합특별시,광주,교육·역량,상시,2차 2-6-22,,,,,,
20260429005400212931,[남구] 월간 청년밋업 강연(1월),전남광주통합특별시,광주,교육·역량,마감,2차 2-7-24,,,,,,
20260429005400212936,[남구] 제5기 청년네트워크 위원 추가 모집,전남광주통합특별시,광주,참여·권리,마감,2차 5-17-62,,,,,,
20260831005400213365,[남구] 증명사진 무료지원,전남광주통합특별시,광주,취업·일경험,상시,2차 1-2-5,,,,,,
20260408005400212626,[남구]2026년 청년 자격증 취득 지원 사업,전남광주통합특별시,광주,교육·역량,진행중,2차 2-7-24,,,,,,20260722005400213296
20260722005400213296,[남구]2026년 청년 자격증 취득 지원 사업,전남광주통합특별시,광주,교육·역량,진행중,2차 2-7-24,,,,,,20260408005400212626
20260826005400213355,[담양]청년 스토리 저장소 영상제작 참여자 모집,전남광주통합특별시,전남,참여·권리,마감,2차 5-17-62,,,,,,
20260918005400213426,"[무료] 요가, 필라테스 강습",전남광주통합특별시,광주,교육·역량,상시,2차 2-7-24,,,,,,
20260828005400213358,[무료강좌] 돈이 돈을 버는 법 (원숭이도 따라하는 쉬운 재테크),전남광주통합특별시,광주,교육·역량,상시,2차 2-7-24,,,,,,
20260408005400212635,[북구]2026년 청년도전지원사업,전남광주통합특별시,광주,참여·권리,상시,2차 5-17-62,,,,,,
20260722005400213286,[서구]2026년 전입 청년 웰컴 박스 지원사업,전남광주통합특별시,광주,취업·일경험,상시,2차 1-1-1,,,,,,20260616005400213236
20260616005400213236,[서구]2026년 전입 청년 웰컴 박스 지원사업,전남광주통합특별시,광주,취업·일경험,상시,2차 1-1-1,,,,,,20260722005400213286
20260828005400213360,[소진 마감]2026 동구 청년 웰컴 박스,전남광주통합특별시,광주,금융·생활안정,마감,2차 4-11-38,,,,,,
20260826005400213353,[여수]2026년 전남 청년 근속장려금 지원사업,전남광주통합특별시,전남,취업·일경험,마감,2차 1-1-1,,,,,,
20260909005400213387,[영암군] 「청년 자격증 응시료 지원사업」 9월 모집,전남광주통합특별시,전남,교육·역량,마감,2차 2-7-24,,,,,,
20260818005400213339,[전남]2026년 하반기 대학생 학자금 대출이자 지원사업,전남광주통합특별시,전남,금융·생활안정,마감,2차 4-12-44,O00093700004,이름 대조(신뢰도 중간),,,,
20260702005400213248,[조선대] 현직자 리얼토크 멘토링 : 하이트진로음료,전남광주통합특별시,중앙,취업·일경험,상시,2차 1-2-5,,,,,,20260722005400213283
20260722005400213283,[조선대] 현직자 리얼토크 멘토링 : 하이트진로음료,전남광주통합특별시,전남,취업·일경험,마감,2차 1-2-5,,,,,,20260702005400213248
20260722005400213294,"[조선대학교] 현직자 리얼토크 멘토링 6월 : 앰코코리아, 광주교통공사",전남광주통합특별시,전남,취업·일경험,마감,2차 1-2-5,,,,,,
20260722005400213272,[청년드림은행] 2026년 7월 가계부 워크샵 - 내꿈실현 돈관리,전남광주통합특별시,전남,금융·생활안정,마감,2차 4-12-44,,,,,,
20250718005400211456,i + 맺어드림(나만의 결혼식),인구전략기획과,인천,금융·생활안정,마감,1차 4-14-34,,,,,,
20250718005400211463,i + 이어드림(커플축제),인구전략기획과,인천,참여·권리,마감,1차 5-20-52,,,,,,
20250718005400211418,i + 집드림,주택정책과,인천,주거,마감,1차 2-5-10,,,,,,
20250124005400210402,「2025년 제3기 계양구 청년네트워크 위원」모집,재정경제국,인천,참여·권리,마감,1차 5-17-45,,,,,,
20260313005400212118,「2026 경북 청년CEO JUMP-UP 지원」참여기업 모집 공고,경상북도,경북,창업·농어업,마감,2차 1-4-14,,,,,,
20260313005400212130,「2026 경북 청년CEO 심화육성 지원」 참여기업 모집 공고,경상북도,경북,창업·농어업,마감,2차 1-4-14,,,,,,
20260429005400212915,「2026년 광산구 청년창업자 사업장 월 임대료 지원사업」 지원대상자 모집,전남광주통합특별시,광주,창업·농어업,진행중,2차 1-4-12,,,,,,20260914005400213408
20260914005400213408,「2026년 광산구 청년창업자 사업장 월 임대료 지원사업」 지원대상자 모집,전남광주통합특별시,광주,창업·농어업,마감,2차 1-4-12,,,,,,20260429005400212915
20260427005400212883,「2026년 지역창업특화지원」AI기반 디지털 창업풀패키지 교육생 모집,전남광주통합특별시,광주,창업·농어업,마감,2차 1-4-12,,,,,,
20260812005400213330,「2026년 청년 창업 성장 육성 프로젝트 지원사업」 청년창업자 모집 공고,전남광주통합특별시,광주,창업·농어업,마감,2차 1-4-12,,,,,,20260909005400213393
20260909005400213393,「2026년 청년 창업 성장 육성 프로젝트 지원사업」 청년창업자 모집 공고(3차),전남광주통합특별시,광주,창업·농어업,마감,2차 1-4-12,,,,,,20260812005400213330
20260909005400213390,「2026년 청년농업인 경영실습 임대농장」 임차인 모집,전남광주통합특별시,전남,창업·농어업,마감,2차 1-4-12,,,,,,
20260708005400213251,「공공임대주택 청년창업공간」입주기업 모집,전남광주통합특별시,광주,창업·농어업,마감,2차 1-4-12,,,,,,20260722005400213276 | 20260429005400212933
20260722005400213276,「공공임대주택 청년창업공간」입주기업 모집,전남광주통합특별시,광주,창업·농어업,마감,2차 1-4-12,,,,,,20260708005400213251 | 20260429005400212933
20250423005400210715,「광명시 청년위원회」 4기 위원 모집,광명시,경기,참여·권리,마감,1차 5-17-44,,,,,,
20260806005400213323,「광산형 당신근처일자리」 지속일자리 분야(3기),전남광주통합특별시,광주,취업·일경험,마감,2차 1-1-1,,,,,,
20260703005400213249,「광주청년 일경험드림 사업」 제20기 드림청년(참여청년) 모집,전남광주통합특별시,전남,취업·일경험,마감,2차 1-2-5,,,,,,20260722005400213281
20260722005400213281,「광주청년 일경험드림 사업」 제20기 드림청년(참여청년) 모집,전남광주통합특별시,전남,취업·일경험,마감,2차 1-2-5,,,,,,20260703005400213249
20250125005400210408,「제4기 화성시 청년정책협의체」 위원 모집,복지국,경기,참여·권리,마감,1차 5-17-45,,,,,,
20260709005400213253,『광주청년창업지원센터』입주스타트업(20기) 모집,전남광주통합특별시,전남,창업·농어업,마감,2차 1-4-12,,,,,,20260722005400213274
20260722005400213274,『광주청년창업지원센터』입주스타트업(20기) 모집,전남광주통합특별시,전남,창업·농어업,마감,2차 1-4-12,,,,,,20260709005400213253
20250310005400210604,『찾아가는 전세사기 피해예방』 교육 및 상담,북구,부산,교육·역량,마감,1차 3-10-25,,,,,,
20250109005400210134,가업승계 청년 정착기반 지원사업,전남광주통합특별시 강진군 인구정책과,전남,창업·농어업,마감,1차 1-2-4,,,,,,
20260313005400212155,가정양육수당 지원,교육부,중앙,금융·생활안정,상시,2차 4-11-39,134200005012,이름 대조(신뢰도 높음),,,,
20260421005400212777,가정위탁 보호종료아동 자립정착금,"제주시청 주민복지과, 서귀포시청 여성가족과",제주,금융·생활안정,상시,2차 4-12-43,,,,,,20251113005400211882
20251113005400211882,가정위탁 보호종료아동 자립정착금,제주특별자치도 복지가족국 아동보육청소년과,제주,금융·생활안정,마감,1차 4-13-32,,,,,,20260421005400212777
20260406005400212490,가족돌봄청년 지원,인천광역시 외로움돌봄국 외로움정책과,인천,금융·생활안정,상시,2차 4-12-42,,,,,,
20260410005400212679,가족돌봄청년 지원사업,울산광역시,울산,금융·생활안정,상시,2차 4-12-42,,,,,,20250716005400111292
20250716005400111292,가족돌봄청년 지원사업,울산광역시,울산,금융·생활안정,마감,1차 4-14-35,,,,,,20260410005400212679
20250519005400210858,가족돌봄청년을 위한 사회서비스 지원,복지기획관,서울,금융·생활안정,마감,1차 4-14-35,,,,,,
20250424005400210720,강동구 미취업 청년 어학 및 자격시험 응시료 지원,강동구,서울,취업·일경험,마감,1차 1-1-2,,,,,,
20231102005400200004,강원 고성군 청년 취업수당 지원,고성군 경제체육과,강원,취업·일경험,마감,2차 1-1-2,,,,,,
20250618005400211041,강원인재육성평생교육진흥원 지원,강원특별자치도,강원,교육·역량,마감,1차 3-9-22,,,,,,
20250618005400211061,강원청년센터 운영,강원특별자치도,강원,참여·권리,마감,1차 5-17-45,,,,,,
20250430005400210739,강원특별자치도 관광콘텐츠 스타트업,강원특별자치도,중앙,창업·농어업,마감,1차 1-2-4,,,,,,
20250502005400110773,강원형 공공주택 공급,국토교통부,중앙,주거,마감,1차 2-5-10,,,,,,
20250618005400211047,강원형 미래인력양성,강원특별자치도,강원,취업·일경험,마감,1차 3-9-19,,,,,,
20250109005400210133,강진군 청년 창업 지원사업,전남광주통합특별시 강진군 인구정책과,전남,창업·농어업,마감,1차 1-2-5,,,,,,
20250109005400210131,강진품애 청년 일자리장려금 지원사업,전남광주통합특별시 강진군 인구정책과,전남,취업·일경험,마감,1차 1-1-3,,,,,,
20250109005400210132,강진품애 청년 주거비 지원 사업,전남광주통합특별시 강진군 인구정책과,전남,주거,마감,1차 2-6-13,492000000110,이름 대조(신뢰도 높음),,,,20260313005400212139
20260313005400212139,강진품애(愛) 청년 주거비 지원사업,전남광주통합특별시 강진군 인구정책과,전남,주거,상시,2차 3-9-30,492000000110,이름 대조(신뢰도 높음),,,,20250109005400210132
20250716005400211310,거리공연 지원사업,울산광역시,울산,문화·건강,마감,1차 4-16-43,,,,,,
20250924005400211793,거제시 청년 스펙-UP 지원사업(자격증 응시료 지원),경제해양국,경남,취업·일경험,진행중,2차 1-1-2,537000001436,이름 대조(신뢰도 높음),,,,
20250901005400211558,건강증진대학만들기 사업,보건소,경북,문화·건강,마감,1차 4-15-40,,,,,,
20260406005400212511,검단신도시 워라밸빌리지 특화구역 청년주거단지 조성,인천도시공사,인천,주거,상시,2차 3-8-29,,,,,,20250718005400211414
20250718005400211414,검단신도시 워라밸빌리지 특화구역 청년주거단지 조성,인천도시공사,인천,주거,마감,1차 2-5-10,,,,,,20260406005400212511
20250220005400210494,결혼비용 대출이자 지원사업,제천시,충북,금융·생활안정,마감,1차 4-13-32,,,,,,
20260330005400212326,결혼장려금 지원,경상북도 의성군 관광복지국,경북,금융·생활안정,상시,2차 4-11-38,,,,,,20250904005400211627
20250904005400211627,결혼장려금 지원,의성군,경북,금융·생활안정,마감,1차 4-13-32,,,,,,20260330005400212326
20260330005400212342,결혼축하금 지원사업,전북특별자치도 완주군,전북,금융·생활안정,상시,2차 4-11-38,,,,,,
20250716005400211318,결혼축하금 지원사업,장수군,전북,금융·생활안정,마감,1차 4-13-32,,,,,,
20250424005400210718,경계선 지능 청년 일 역량강화 및 일경험 지원,전남광주통합특별시 교육청년국 청년정책과,광주,금융·생활안정,마감,1차 4-14-36,,,,,,
20251231005400212062,경기 고립은둔청년 지원,경기도,경기,금융·생활안정,마감,1차 4-14-35,,,6410000202530004 | 374000020263005A | 390000020253005A,경기 고립은둔청년 지원(자체/직접) | 고립은둔청년 지원 | 고립 은둔 청년 지원사업,6.9,
20260312005400212117,경기 스타트업 글로벌 성장지원- 경기 청년창업 글로벌 프론티어(G-Frontier),경기도 미래성장산업국 벤처스타트업과,경기,창업·농어업,마감,2차 1-4-14,,,,,,
20260909005400213397,경기 재도전학교,경기도 미래평생교육국 평생교육과,경기,교육·역량,마감,2차 2-6-20,,,,,,
20251231005400212066,경기 청년기회 여행감독 육성 및 지원,경기도,경기,문화·건강,마감,1차 4-16-41,,,,,,
20250729005400211503,경기도 공공기숙사 운영,청년기회과,경기,주거,마감,1차 2-7-15,,,,,,
20260910005400213400,경기도 대학교 노동인권 강좌개설 및 프로그램 개발,경기도 노동국 노동권익과,경기,교육·역량,상시,2차 2-6-20,,,,,,
20260908005400213380,경기도 대학혁신플랫폼 지원,경기도,경기,교육·역량,상시,2차 2-5-19,,,,,,
20250414005400210703,경기도 반도체 산업 전문인력 양성사업,경기도,경기,교육·역량,마감,1차 3-9-19,,,,,,
20260429005400212947,경기도 청년 면접수당,경기도,경기,취업·일경험,상시,2차 1-1-1,641000000193,이름 대조(신뢰도 높음),,,,20260908005400213381 | 20250619005400211076
20260908005400213381,경기도 청년 면접수당,경기도 미래평생교육국 청년기회과,경기,취업·일경험,마감,2차 1-1-3,641000000193,이름 대조(신뢰도 높음),6410000201930027,경기도 청년 면접수당(자체/직접),66.55,20260429005400212947 | 20250619005400211076
20260907005400213378,경기도 청년 복지포인트,경기도 미래평생교육국 청년기회과,경기,취업·일경험,마감,2차 1-2-4,641000000686,이름 대조(신뢰도 높음),,,,
20260922005400213509,경기도 청년 참여기구 운영,재단법인경기도미래세대재단,경기,참여·권리,진행중,2차 5-15-57,,,,,,
20250327005400210667,경기도 청년 푸드창업 허브,경기도,경기,창업·농어업,마감,1차 1-2-5,,,,,,
20250515005400210826,경기도 청년기본소득,경기도,경기,금융·생활안정,마감,1차 4-13-32,641000000138,이름 대조(신뢰도 높음),64100002019301C6 | 3740000201830347 | 4050000201930130 | 386000020203002B | 5530000201930104 | 39300002019300F5 | 3990000201930204 | 39100002019300E4,경기도 청년기본소득(자체/지원) | 청년기본소득(도비) | 청년기본소득 | 청년기본소득 | 청년기본소득 지원 | 청년기본소득 | 청년기본소득 운영 | 경기도 청년기본소득(도비),1133.91,
20260917005400213418,경기도 청년참여기구 운영,경기도 미래평생교육국 청년기회과,경기,참여·권리,상시,2차 5-15-57,,,,,,20251231005400212067
20251231005400212067,경기도 청년참여기구 운영,경기도,경기,참여·권리,마감,1차 5-17-45,,,3980000202130133,청년참여기구 운영,0.12,20260917005400213418
20260429005400212948,경기도 학자금대출 장기연체 신용회복 지원,경기도,경기,교육·역량,마감,2차 2-7-25,,,,,,
20251231005400212064,경기청년 결혼준비 지원 사업,경기도,경기,금융·생활안정,마감,1차 4-14-36,,,,,,
20250407005400210696,경기청년 기회사다리금융,경기도,경기,금융·생활안정,진행중,2차 4-11-39,641000000737,이름 대조(신뢰도 중간),,,,
20251231005400212070,경기청년 기후특사단,경기도,경기,참여·권리,마감,1차 5-20-52,,,,,,
20260429005400212944,경기청년 맞춤형 채용지원 서비스,경기도,경기,취업·일경험,상시,2차 1-1-1,,,64100002016300FD,경기청년 맞춤형 채용지원서비스(자체/직접),3.71,
20260908005400213386,경기청년 사다리 프로그램,경기도 미래평생교육국 청년기회과,경기,교육·역량,마감,2차 2-5-19,641000000668,이름 대조(신뢰도 높음),6410000202330445 | 6410000202430351 | 408000020243011C | 560000020243018B | 4070000202530271,경기청년 사다리 프로그램 운영(자체/직접) | 경기청년 사다리 프로그램 운영(자체/지원) | 안성시 경기청년 사다리프로그램 | 경기청년 사다리 프로그램 | 경기청년 사다리 프로그램 운영,40.12,
20251107005400211812,경기청년 역량강화 기회지원,경기도 미래평생교육국 청년기회과,경기,취업·일경험,마감,1차 1-1-2,,,6410000202330491 | 3740000202330533 | 55300002023305AC | 39900002023303FE | 38300002023301E4 | 3910000202330502 | 3860000202330270 | 382000020233087D,경기청년 역량강화 기회지원(자체/지원) | 경기청년 역량강화 기회 지원(도비) | 경기청년역량강화 기회 지원 | 경기청년 역량강화 기회 지원 사업 | 경기청년 역량강화 기회 지원 | 경기청년역량강화 기회지원(도비) | 경기청년역량강화 기회 지원 | 경기청년 역량강화 기회 지원 사업,34.01,
20260429005400212945,경기청년 일자리 매치업 플러스,경기도,경기,취업·일경험,상시,2차 1-1-1,641000000669,이름 대조(신뢰도 높음),64100002026301D4,경기청년 일자리 매치업 플러스(자체/직접),14.5,
20260907005400213377,경기청년 재기격려지원사업,경기도 복지국 복지정책과,경기,금융·생활안정,마감,2차 4-11-39,,,,,,
20250411005400210701,경기청년 해외진출(일본) 사업,재단법인경기도일자리재단,경기,취업·일경험,마감,1차 1-1-2,,,,,,
20260915005400213416,경기청년포털 플랫폼 고도화,재단법인경기도미래세대재단,경기,정책기반,상시,2차 5-16-59,,,,,,
20260407005400212552,경남 관광기업 지역인재 채용지원,경상남도,경남,취업·일경험,상시,2차 1-2-4,,,,,,
20250917005400211723,경남 꿈 아카데미,청년정책과,경남,참여·권리,마감,1차 5-19-50,,,,,,
20250918005400211766,경남 동남아‧대양주 소비재 청년 무역사절단,국제통상과,경남,취업·일경험,마감,1차 1-1-1,,,,,,
20250918005400211762,경남 웹툰캠퍼스 운영,문화산업과,경남,창업·농어업,마감,1차 1-2-5,,,,,,
20250918005400211764,경남 자원연계형 로컬창업 활성화 지원,창업지원과,경남,창업·농어업,마감,1차 1-2-5,,,,,,
20250917005400211745,경남 청년 농식품수출 마케터 지원,농식품유통과,경남,취업·일경험,마감,1차 1-1-1,,,5440000202330196 | 56700002023302A7 | 53100002020300BB | 5470000202330168,청년 농식품수출  마케터 지원 | 경남 청년 농식품수출 마케터 지원 | 경남 청년 농식품수출 마케터 지원사업 | 경남 청년 농식품수출 마케터 지원,0.15,
20250917005400211746,경남 청년 멀티미디어 디자이너 육성 지원,경제기업과,경남,취업·일경험,마감,1차 1-1-1,,,,,,
20250917005400211744,경남 청년 메타버스 UX 디자이너 육성 지원,경제기업과,경남,취업·일경험,마감,1차 1-1-1,,,,,,
20250917005400211729,경남 청년 보금자리 조성,인구정책담당관,경남,주거,마감,1차 2-5-10,,,,,,
20250918005400211763,경남 콘텐츠코리아랩 운영,문화산업과,경남,창업·농어업,마감,1차 1-2-5,,,,,,
20250918005400211761,경남글로벌게임센터 운영,문화산업과,경남,창업·농어업,마감,1차 1-2-5,,,,,,
20250515005400210819,경남에서 한 달 여행하기,경상남도,중앙,문화·건강,마감,1차 4-16-42,,,,,,20250917005400211706
20250917005400211706,경남에서 한 달 여행하기,관광정책과,경남,문화·건강,마감,1차 4-16-42,,,,,,20250515005400210819
20250917005400211704,경남형 대중교통비 지원사업(경남 K-패스),교통정책과,경남,금융·생활안정,마감,1차 4-14-38,648000001131,이름 대조(신뢰도 높음),,,,
20260408005400212577,경력보유여성 면접 정장 대여 지원,경상남도,경남,취업·일경험,상시,2차 1-1-1,648000001141,이름 대조(신뢰도 높음),,,,
20250901005400211563,경북 소셜 비즈니스 청년일자리 사업,예천군,경북,취업·일경험,마감,1차 1-1-1,,,,,,
20250516005400210832,경북 청년애꿈 수당,경상북도,경북,취업·일경험,마감,1차 1-1-1,647000000180,이름 대조(신뢰도 높음),,,,
20251110005400211819,경북지역 엔젤징검다리 펀드,경상북도,경북,창업·농어업,마감,1차 1-2-5,,,,,,
20250901005400211546,경북청년 별별창업 아카데미,경상북도,경북,창업·농어업,마감,1차 1-2-5,,,,,,
20250901005400211556,경북청년 예비창업가 육성사업,예천군,경북,창업·농어업,마감,1차 1-2-5,647000000117,이름 대조(신뢰도 중간),,,,
20250901005400211545,경북청년 예비창업가 육성사업,경상북도,경북,창업·농어업,마감,1차 1-2-5,647000000117,이름 대조(신뢰도 높음),50200002011300E8 | 5130000201130041 | 5050000201030437 | 512000020103033F | 5060000200930798 | 5090000201130037 | 518000020113002E | 5200000202030043,경북청년예비창업가육성사업<보조> | (도비보조)청년예비 창업가 육성사업 | 청년예비창업가육성사업 | [도비]경북청년 예비창업가 육성사업 | 경북청년예비창업가육성사업(보조) | (도)경북청년예비창업가육성사업 | 경북청년예비창업가육성사업(도비보조) | 경북청년 예비창업가 육성사업,7.9,
20260324005400212251,경북형 초청 장학제도(K-GKS),경상북도,경북,교육·역량,마감,2차 2-5-17,,,,,,
20250901005400211566,경산 웹툰 창작소 운영,기획조정국,경북,문화·건강,마감,1차 4-16-42,,,,,,
20250901005400211564,경산청년지식놀이터 운영,기획조정국,경북,문화·건강,마감,1차 4-16-42,,,513000020233009D,(자체사업)경산청년지식놀이터 운영,6.5,
20250219005400210459,경상남도 청년 면접정장 무료대여,경상남도,경남,취업·일경험,마감,1차 1-1-2,648000001110,이름 대조(신뢰도 높음),,,,
20250916005400211701,경상남도청년정책조정위원회 운영,청년정책과,경남,정책기반,마감,1차 5-18-46,,,,,,
20250903005400211610,경주형 내일채움공제 지원사업,시민복지국,경북,금융·생활안정,마감,1차 4-13-32,,,,,,
20260504005400213062,계룡행정인턴 운영,자치행정과,충남,취업·일경험,마감,2차 1-1-1,,,,,,
20260331005400212362,고령군 청년 월세 주거비 지원사업,경상북도 고령군 인구정책실,경북,주거,마감,2차 3-9-30,,,,,,
20260409005400212659,고령군 청년근로자 교통비 지원사업,경상북도 고령군 인구정책실,경북,취업·일경험,마감,2차 1-1-1,,,5200000202230083,청년근로자 교통비지원사업,0.38,
20260430005400212974,고립·은둔 청년 지원사업,청년정책과,충남,주거,진행중,2차 3-10-34,,,,,,
20250715005400211261,고립·은둔청년 지원,청년정책관,충남,금융·생활안정,마감,1차 4-14-35,,,4490000202630045,고립·은둔 청년 지원사업,0.7,
20260413005400212699,고립·은둔청년 지원사업,울산광역시,울산,문화·건강,상시,2차 4-13-48,,,,,,20260410005400212674
20250904005400211633,고립·은둔청년지원사업,청년정책담당관,세종,금융·생활안정,마감,1차 4-14-35,,,,,,
20250916005400211699,고립・은둔 청년 지원 '세상 밖으로 한 걸음',청년정책과,경남,금융·생활안정,마감,1차 4-14-35,,,648000020253000F,고립 은둔 청년 지원 '세상 밖으로 한 걸음',0.45,
20260406005400212492,고립은둔청년 지원,인천광역시 외로움돌봄국 외로움정책과,인천,금융·생활안정,상시,2차 4-12-42,,,,,,
20260410005400212674,고립은둔청년 지원사업,울산광역시,울산,문화·건강,진행중,2차 4-13-48,,,,,,20260413005400212699
20260407005400212557,고용이음 안착 지원금(비자발적 퇴사) 지원(2026년 광주 고용이음 위기 극복 프로젝트),전남광주통합특별시,광주,금융·생활안정,진행중,2차 4-11-38,,,,,,
20260407005400212558,고용이음 안착 지원금(이·전직) 지원(2026년 광주 고용이음 위기 극복 프로젝트),전남광주통합특별시,광주,금융·생활안정,진행중,2차 4-11-38,,,,,,
20260407005400212559,고용이음 장기근속 장려금 지원(2026년 광주 고용이음 위기 극복 프로젝트),전남광주통합특별시,광주,금융·생활안정,마감,2차 4-11-38,,,,,,
20260407005400212560,고용이음 패키지 지원사업(2026년 광주 고용이음 위기 극복 프로젝트),전남광주통합특별시,광주,금융·생활안정,진행중,2차 4-11-38,,,,,,
20250917005400211737,고졸자-선도기업간 희망사다리 일자리,산업인력과,경남,취업·일경험,마감,1차 1-1-1,,,,,,
20250106005400210052,곡성군 청년 월세 지원사업,전남광주통합특별시 곡성군 인구정책과,전남,주거,마감,1차 2-6-13,161300000099,이름 대조(신뢰도 중간),,,,
20250106005400210053,"곡성군 청년, 신혼부부 주택자금 대출이자 지원사업",전남광주통합특별시 곡성군 인구정책과,전남,주거,마감,1차 2-6-13,,,,,,
20250106005400210057,곡성형 청년부부 결혼축하금 지원,전남광주통합특별시 곡성군 인구정책과,전남,금융·생활안정,마감,1차 4-13-32,646000000122,이름 대조(신뢰도 높음),,,,
20260504005400213061,공공근로 일자리(청년 우선 선발),경제산업과,충남,취업·일경험,마감,2차 1-2-5,,,,,,
20260330005400212308,공공근로사업,전북특별자치도 완주군,전북,취업·일경험,상시,2차 1-1-1,,,,,,
20250103005400210043,공공근로사업(청년실업대책),서산시,충남,취업·일경험,마감,1차 1-1-1,,,,,,
20250509005400210803,공공기관 맞춤형 취업지원사업,경제정책관,울산,취업·일경험,마감,1차 1-1-2,,,,,,20250707005400211155
20250707005400211155,공공기관 맞춤형 취업지원사업,울산광역시,울산,취업·일경험,마감,1차 1-1-2,,,,,,20250509005400210803
20260406005400212505,공공기관 청년 아르바이트 운영,인천광역시 행정국 자치행정과,인천,취업·일경험,마감,2차 1-1-3,,,,,,
20250715005400211286,공공기관 청년고용의무제 운영,기획조정실,중앙,취업·일경험,마감,1차 1-1-1,,,,,,
20260414005400212732,공공기관 통합채용 실시,제주특별자치도 특별자치행정국 총무과,제주,취업·일경험,마감,2차 1-2-5,,,,,,20260422005400212844
20260422005400212844,공공기관 통합채용 실시,제주특별자치도 특별자치행정국 총무과,제주,취업·일경험,마감,2차 1-2-5,,,,,,20260414005400212732
20250718005400211406,공공디자인 민간전문가(총괄 및 청년디자이너) 지원 제도,창의도시지원단,인천,취업·일경험,마감,1차 1-3-6,,,,,,
20250501005400210749,공공산후조리원 운영,보건의료원,강원,문화·건강,마감,1차 4-15-40,,,,,,
20250904005400211638,공공시설 나만의 결혼식,인구여성가족과,세종,금융·생활안정,마감,1차 4-14-36,,,,,,
20260421005400212805,공공임대주택 공급,제주특별자치도개발공사,제주,주거,상시,2차 3-8-27,,,,,,20250718005400211383
20250718005400211383,공공임대주택 공급,국토교통부,중앙,주거,마감,1차 2-5-10,,,,,,20260421005400212805
20250103005400210051,공공임대주택 임대차 보증금 지원,제주특별자치도,제주,주거,마감,1차 2-6-13,,,,,,
20260429005400212933,공공임대주택 청년창업공간 입주기업 모집,전남광주통합특별시,광주,창업·농어업,마감,2차 1-4-12,,,,,,20260722005400213276 | 20260708005400213251
20260422005400212847,공공주택 임대차보증금 지원사업,건설주택국 주택토지과,제주,주거,진행중,2차 3-9-30,,,,,,
20251211005400211967,공공형 축산 스마트팜 인큐베이터 운영,충청남도,충남,창업·농어업,마감,1차 1-2-5,,,,,,20260504005400113120
20250718005400211391,공유물품 대여사업,청년정책담당관,제주,문화·건강,마감,1차 4-16-42,,,,,,
20260430005400212985,공주시 결혼장려금 지원사업,청년인구정책과,충남,금융·생활안정,상시,2차 4-12-44,450000000167,이름 대조(신뢰도 높음),,,,
20260430005400212987,공주시 전입지원사업,청년인구정책과,충남,주거,상시,2차 3-10-34,,,,,,
20260430005400212989,공주시 청년네트워크 운영,청년인구정책과,충남,참여·권리,마감,2차 5-17-62,,,,,,
20260430005400212988,공주시 청년센터 운영,청년인구정책과,충남,정책기반,상시,2차 5-16-59,,,,,,
20250618005400211052,공중보건장학제도 운영,강원특별자치도,강원,취업·일경험,마감,1차 3-10-25,,,,,,
20250909005400211679,공학교육혁신센터 지원,청년정책담당관,중앙,취업·일경험,마감,1차 1-1-2,,,,,,
20250715005400211243,관내대학 경쟁력 강화 특화사업,울산광역시,울산,교육·역량,마감,1차 3-9-21,,,,,,
20260414005400212736,관내대학 연합축제 청년 union 페스티벌,울산광역시,울산,참여·권리,진행중,2차 5-17-62,,,,,,
20250903005400211611,관외 대학교 통학생 교통비 지원사업,미래교육돌봄국,경북,금융·생활안정,마감,1차 4-14-38,,,,,,
20260325005400212277,관외 이동 근로자 및 학생 열차운임비 지원,전북특별자치도 익산시,전북,취업·일경험,진행중,2차 1-3-11,468100000006,이름 대조(신뢰도 높음),,,,
20250117005400210318,관외 청년 거주정착 지원사업,통영시,경남,주거,마감,1차 2-6-13,,,,,,
20260407005400212566,광산청년온가 입주자 모집 안내,전남광주통합특별시,광주,주거,마감,2차 3-8-29,,,,,,20260429005400212916
20260429005400212916,광산청년온가 입주자 모집 재공고,전남광주통합특별시,광주,주거,마감,2차 3-8-29,,,,,,20260407005400212566
20260903005400213370,광양청년꿈터 하반기 드림클래스 수강생 모집,전남광주통합특별시,전남,교육·역량,진행중,2차 2-7-24,,,,,,
20250218005400210447,광주 인공지능사관학교 운영,전남광주통합특별시 산업실 인공지능산업국 AI반도체과,중앙,취업·일경험,마감,1차 3-9-19,,,,,,
20250710005400211163,광주‧전남 합동 채용설명회,전남광주통합특별시 기획조정실 전략정책관 인구정책담당관,전남,취업·일경험,마감,1차 1-1-1,,,,,,
20250331005400210674,광주광역시 공무직 통합채용,전남광주통합특별시 인사정책관,광주,취업·일경험,마감,1차 1-3-6,,,,,,
20260408005400212607,광주광역시 빛고을 넷제로프렌즈 2기 모집,전남광주통합특별시,광주,참여·권리,마감,2차 5-17-62,,,,,,
20250429005400210729,광주광역시 상반기 공공기관 직원 통합채용,전남광주통합특별시 인사정책관,광주,취업·일경험,마감,1차 1-3-6,,,,,,
20260407005400212556,광주광역시 시민참여예산 제안사업 공모,전남광주통합특별시,광주,참여·권리,마감,2차 5-17-62,,,,,,
20250710005400211159,광주일자리종합지원센터 취업 지원,전남광주통합특별시 노동일자리정책관,광주,취업·일경험,마감,1차 1-1-1,,,,,,
20260408005400212612,광주자치경찰 「청년 서포터즈 112」 제10기 모집,전남광주통합특별시,광주,참여·권리,마감,2차 5-17-62,,,,,,20260812005400213333 | 20250305005400210596
20260812005400213333,광주자치경찰 「청년 서포터즈 112」 제11기 모집,전남광주통합특별시,광주,참여·권리,마감,2차 5-17-62,,,,,,20260408005400212612 | 20250305005400210596
20250305005400210596,광주자치경찰 청년 서포터즈 112,전남광주통합특별시 광주자치경찰위원회 사무국,광주,참여·권리,마감,1차 5-19-50,,,,,,20260812005400213333 | 20260408005400212612
20250702005400211143,광주청년 일경험드림 제18기,전남광주통합특별시 교육청년국 청년정책과,광주,취업·일경험,마감,1차 1-1-1,,,,,,20260429005400212929
20260429005400212929,광주청년 일경험드림 제19기,전남광주통합특별시,광주,취업·일경험,마감,2차 1-2-5,,,,,,20250702005400211143
20260429005400212941,광주청년 일경험드림사업 제19기 참여사업장(드림터) 모집,전남광주통합특별시,광주,취업·일경험,마감,2차 1-2-5,,,,,,
20260408005400212639,광주청년드림은행(청년재무상담소),전남광주통합특별시,광주,금융·생활안정,상시,2차 4-12-44,,,,,,20250711005400211184
20250711005400211184,광주청년드림은행(청년재무상담소),전남광주통합특별시 교육청년국 청년정책과,광주,금융·생활안정,마감,1차 4-13-33,,,,,,20260408005400212639
20250711005400211196,광주청년센터 운영,전남광주통합특별시 교육청년국 청년정책과,광주,정책기반,마감,1차 5-18-48,,,,,,
20260408005400212616,광주청년센터 토닥토닥(상무점) 면접정장 대여 서비스,전남광주통합특별시,광주,취업·일경험,상시,2차 1-2-5,,,,,,
20250711005400211198,광주청년위원회(제10기),전남광주통합특별시 교육청년국 청년정책과,광주,정책기반,마감,1차 5-18-46,,,,,,20260429005400212935
20260429005400212935,광주청년위원회(제11기),전남광주통합특별시,광주,참여·권리,마감,2차 5-17-62,,,,,,20250711005400211198
20250305005400210595,광주청년정책조정위원회 위촉직 위원 모집,전남광주통합특별시 교육청년국 청년정책과,중앙,참여·권리,마감,1차 5-17-45,,,,,,
20250711005400211190,광주형 대중교통비 지원(광주G-패스),전남광주통합특별시 교통본부 대중교통과,광주,금융·생활안정,마감,1차 4-14-38,629000000807,이름 대조(신뢰도 중간),,,,
20250305005400210594,광주형 청년일자리 공제,전남광주통합특별시 교육청년국 청년정책과,광주,금융·생활안정,마감,1차 4-13-32,629000000804,이름 대조(신뢰도 높음),62900002024301C0,광주형청년일자리공제지원 (광주),5.5,
20260722005400213278,광주형 청년일자리 공제(추가모집_마감),전남광주통합특별시,전남,금융·생활안정,마감,2차 4-12-44,629000000804,이름 대조(신뢰도 높음),,,,20260408005400212640
20260408005400212640,광주형 청년일자리 공제(추가모집_마감),전남광주통합특별시,광주,금융·생활안정,마감,2차 4-12-44,629000000804,이름 대조(신뢰도 높음),,,,20260722005400213278
20250220005400210495,괴산형 청년창업 지원사업,괴산군,충북,창업·농어업,마감,1차 1-2-4,,,4460000202430020,괴산형 청년 창업지원사업,1.56,
20260413005400212706,구·군 통합 협의체 하이-청년 운영,울산광역시,울산,정책기반,상시,2차 5-16-60,,,,,,20250717005400211346
20250717005400211346,구·군 통합 협의체 하이-청년 운영,울산광역시,울산,정책기반,마감,1차 5-19-49,,,,,,20260413005400212706
20250909005400211684,구미 취업준비프리패스(취준PASS),미래교육돌봄국,경북,취업·일경험,마감,1차 1-1-2,,,5080000202330258,구미취업준비프리패스,0.8,
20250829005400211532,구미영 에너지(청년활동지원) 사업,미래교육돌봄국,경북,정책기반,마감,1차 5-18-48,,,,,,
20250903005400211605,"구인‧구직만남의 날, 찾아가는 일자리상담소 운영",기업지원과,중앙,취업·일경험,마감,1차 1-1-1,,,,,,
20260413005400212717,구직자 취업도약 플러스 프로그램 운영,제주특별자치도 경제활력국 고용센터,제주,취업·일경험,상시,2차 1-1-1,,,,,,20250115005400210291
20250115005400210291,구직자 취업도약 플러스 프로그램 운영,고용센터,제주,취업·일경험,마감,1차 1-1-1,,,,,,20260413005400212717
20251111005400211839,구직자 취업역량 강화 프로그램,제주특별자치도 경제활력국 고용센터,제주,취업·일경험,마감,1차 3-11-28,149200000147,이름 대조(신뢰도 높음),,,,20260422005400212852 | 20260421005400212796 | 20250724005400111487
20250724005400111487,구직자 취업역량강화 프로그램,고용서비스정책관,제주,취업·일경험,마감,1차 1-1-1,149200000147,이름 대조(신뢰도 중간),,,,20260422005400212852 | 20260421005400212796 | 20251111005400211839
20260421005400212796,구직자 취업역량강화 프로그램 운영,제주특별자치도 경제활력국 고용센터,제주,취업·일경험,상시,2차 1-1-3,149200000147,이름 대조(신뢰도 중간),,,,20260422005400212852 | 20251111005400211839 | 20250724005400111487
20260422005400212852,구직자 취업역량강화 프로그램 운영,제주특별자치도 경제활력국 고용센터,제주,취업·일경험,상시,2차 1-1-3,149200000147,이름 대조(신뢰도 중간),,,,20260421005400212796 | 20251111005400211839 | 20250724005400111487
20260330005400212307,구직청년 면접정장 무료대여 지원,전북특별자치도 완주군,전북,금융·생활안정,상시,2차 4-12-43,,,,,,
20250716005400111313,국공립어린이집 확충,울산광역시,울산,금융·생활안정,마감,1차 4-14-36,,,,,,
20260421005400212823,국민취업지원제도,제주특별자치도 경제활력국 고용센터,제주,취업·일경험,상시,2차 1-1-3,149200005007,이름 대조(신뢰도 중간),,,,20250716005400111315
20250716005400111315,국민취업지원제도,고용노동부,제주,취업·일경험,마감,1차 1-1-1,149200005007,이름 대조(신뢰도 중간),,,,20260421005400212823
20260407005400212539,국제개발협력 글로벌 청년인재 육성(U-FLY),울산광역시,울산,교육·역량,진행중,2차 2-5-19,,,,,,20250715005400211247
20250715005400211247,국제개발협력 글로벌 청년인재 육성(U-FLY),울산광역시,울산,교육·역량,마감,1차 3-9-21,,,,,,20260407005400212539
20260406005400212501,국제기구 직업체험 프로그램,인천광역시 국제협력국 국제협력과,인천,취업·일경험,상시,2차 1-2-5,,,,,,20250718005400211435
20250718005400211435,국제기구 직업체험 프로그램,국제협력과,인천,취업·일경험,마감,1차 3-11-28,,,,,,20260406005400212501
20250113005400210188,국토부 청년월세 한시 특별지원사업,창원시,경남,주거,마감,1차 2-6-13,,,,,,
20250220005400210480,군(郡) 지역 임산부 교통비 지원,충청북도,충북,문화·건강,마감,1차 4-15-40,643000000739,이름 대조(신뢰도 높음),,,,
20251231005400212063,군복무 경기청년 상해보험 가입지원,경기도,경기,금융·생활안정,마감,1차 4-14-36,,,6410000201830488,군복무 경기청년 상해보험 가입 지원(자체/직접),31.11,
20260724005400213306,군복무 인천청년 상해보험 지원,인천광역시 청년정책담당관,인천,금융·생활안정,상시,2차 4-12-44,628000000746,이름 대조(신뢰도 높음),6280000202430111,군복무 인천청년 상해보험 지원,1.94,
20260430005400212986,군복무 청년 상해보험,청년인구정책과,충남,금융·생활안정,상시,2차 4-12-44,450000000143,이름 대조(신뢰도 중간),,,,
20260408005400212636,군복무 청년 상해보험 지원,전남광주통합특별시,광주,문화·건강,상시,2차 4-13-49,,,,,,20250711005400211193
20250711005400211193,군복무 청년 상해보험 지원,전남광주통합특별시 교육청년국 청년정책과,광주,문화·건강,마감,1차 4-15-40,,,,,,20260408005400212636
20251218005400212032,귀농 농업창업 및 주택 구입 사업,전남광주통합특별시,전남,창업·농어업,마감,1차 1-2-5,,,,,,
20260330005400212316,귀농 행복주택 조성,전북특별자치도 완주군,전북,주거,상시,2차 3-8-29,,,,,,
20251121005400211922,귀농귀촌 유치지원(충북에서 살아보기),충청북도,충북,주거,마감,1차 2-8-18,,,,,,
20250113005400210200,귀농귀촌 임시거주시설 조성,전북특별자치도,전북,취업·일경험,마감,1차 1-1-1,,,,,,
20250918005400211775,귀어 청년 사각지대 해소 지원,어촌발전과,경남,취업·일경험,마감,1차 1-1-3,,,5370000202530106 | 54300002025300EF | 6480000202530065 | 531000020263018F | 5410000202630007 | 54200002025300B5,귀어 청년 사각지대 해소 지원 | 귀어청년 사각지대 해소 지원 | 귀어 청년 사각지대 해소 지원 | 귀어 청년 사각지대 해소 지원사업 | 귀어 청년 사각지대 해소 지원 | 귀어 청년 사각지대 해소 지원,0.78,
20250715005400211282,귀어학교 교육운영,수산자원연구소,충남,교육·역량,마감,1차 3-9-21,,,,,,
20250917005400211738,귀환청년 행복일자리 이음,산업인력과,경남,취업·일경험,마감,1차 1-1-1,,,,,,
20250918005400211759,그린 스타트업 타운 조성,창업지원과,경남,창업·농어업,마감,1차 1-2-5,,,,,,
20250220005400210506,근로자 이주정착금 지원,제천시,충북,취업·일경험,마감,1차 1-1-1,,,,,,
20250501005400210750,근화동396 청년창업공간 운영,경제진흥국,강원,창업·농어업,마감,1차 1-2-5,,,,,,
20250710005400211180,글로벌 이노베이터 페스타 사업 지원,대구광역시,중앙,창업·농어업,마감,1차 1-2-5,,,,,,
20260408005400212581,글로벌 첨단전략산업기술경영 전문인력양성지원사업,경상남도,경남,취업·일경험,상시,2차 1-2-5,,,,,,
20260327005400212305,글로벌 청년 새마을지도자 선발 및 파견,경상북도 안전행정실,경북,참여·권리,마감,2차 5-17-63,,,,,,
20251113005400211883,글로벌 청년창의 레지던시,제주특별자치도 문화체육교육국 문화정책과,중앙,문화·건강,마감,1차 4-16-41,,,,,,
20260504005400213046,글로벌 탐방 연수,평생교육과,충남,문화·건강,마감,2차 4-14-53,,,,,,
20260421005400212813,글로컬대학 지원 사업,제주특별자치도,제주,교육·역량,마감,2차 2-5-19,,,,,,
20251214005400211980,글로컬대학30,충청남도,충남,교육·역량,마감,1차 3-9-22,,,,,,
20250917005400211712,글로컬대학30 프로젝트,대학협력과,경남,취업·일경험,마감,1차 3-9-22,,,,,,
20260406005400212465,금융감독원 e-금융교육센터,금융감독원 금융교육국,인천,금융·생활안정,상시,2차 4-11-41,,,,,,
20250114005400210223,금정 청년 러스틱라이프 프로젝트,경제교통국,부산,창업·농어업,마감,1차 1-2-5,,,,,,
20250114005400210221,금정 청년 영수증학교,경제교통국,부산,금융·생활안정,마감,1차 4-13-32,,,,,,
20250114005400210226,금정 청년정책 네트워크 및 체험형 인턴,경제교통국,부산,참여·권리,마감,1차 5-17-45,,,,,,
20260421005400212788,기능경기대회 참가 지원사업,제주특별자치도청,제주,교육·역량,마감,2차 2-5-19,,,,,,20251111005400211851
20251111005400211851,기능경기대회 참가 지원사업,제주특별자치도 경제활력국 노동일자리과,제주,교육·역량,마감,1차 3-11-27,,,,,,20260421005400212788
20250723005400211478,기능성게임산업 육성산업,전북특별자치도,전북,문화·건강,마감,1차 4-16-41,,,,,,
20250917005400211750,기업 채용 연계 청년일자리 지원,산업인력과,경남,취업·일경험,마감,1차 1-1-1,,,648000020193017E,기업 채용연계 청년일자리 지원,3.03,
20250218005400210440,기업초청 토크콘서트,충청북도,충북,취업·일경험,마감,1차 3-11-27,,,,,,
20250114005400210242,기장군 청년 면접수당 지원 사업,경제산업국,부산,취업·일경험,마감,1차 1-1-2,340000000130,이름 대조(신뢰도 높음),,,,
20250114005400210241,기장군 청년 자격시험 응시료 지원 사업,경제산업국,부산,취업·일경험,마감,1차 1-1-2,340000000134,이름 대조(신뢰도 높음),,,,
20260406005400212510,기존주택 매입 청년 임대사업,인천광역시 도시계획국 주택정책과,인천,주거,상시,2차 3-8-27,,,,,,
20250903005400211608,기초청년 주거급여(임차급여),주택과,중앙,주거,마감,1차 2-6-12,,,,,,
20250522005400210865,기후동행카드(청년할인 서비스),교통기획관,서울,금융·생활안정,마감,1차 4-14-38,,,,,,
20260429005400212946,기후미래직업 청년일자리 전문교육 지원,경기도,경기,취업·일경험,마감,2차 1-2-5,,,,,,
20251124005400211939,꿈사다리 공부방 사업,전남광주통합특별시 인구청년이민국 청년희망과,전남,취업·일경험,마감,1차 1-1-1,,,,,,
20250115005400210262,꿈이룸 프로젝트,기획재정국,경기,취업·일경험,마감,1차 1-1-2,554000000174,이름 대조(신뢰도 높음),,,,
20260313005400212122,꿈이음 청춘카페 지원사업,경상북도 경주시 시민복지국,경북,취업·일경험,마감,2차 1-1-3,,,,,,
20250901005400211553,꿈이음 청춘카페 지원사업,예천군,경북,취업·일경험,마감,1차 1-1-2,,,,,,
20250904005400211651,꿈이음 청춘카페 지원사업,경상북도,경북,취업·일경험,마감,1차 1-1-2,,,,,,20250721005400211469
20251230005400212052,나노기술 인력양성 사업,경기도,경기,교육·역량,마감,1차 3-9-21,,,,,,
20251001005400211796,나도 창청인 양성 및 청년층 숙박비 지원,경상남도 창녕군 미래전략추진단,경남,문화·건강,마감,1차 4-16-41,541000000253,이름 대조(신뢰도 중간),,,,
20250908005400211677,난임 부부 시술비 지원,남부통합보건지소,세종,문화·건강,마감,1차 4-15-40,SME000000100,이름 대조(신뢰도 중간),,,,
20260909005400213394,남구 AI 창업 아카데미,전남광주통합특별시,광주,취업·일경험,상시,2차 1-2-5,,,,,,
20260909005400213395,남구 AI 콘텐츠 크리에이터 양성교육,전남광주통합특별시,광주,취업·일경험,상시,2차 1-2-5,,,,,,
20260429005400212942,남도학숙 운영,전남광주통합특별시,광주,주거,마감,2차 3-8-29,,,,,,20250304005400210584
20250304005400210584,남도학숙 운영,전남광주통합특별시,전남,주거,마감,1차 2-5-11,,,,,,20260429005400212942
20250115005400210280,남동구 청년공간 청년꿈터 운영,남동구,인천,정책기반,마감,1차 5-18-48,,,,,,
20250115005400210281,남동구 청년참여단 운영,남동구,인천,참여·권리,마감,1차 5-17-45,,,,,,
20250115005400210276,남동형 청년재직자 내일채움공제 플러스 사업,남동구,인천,취업·일경험,마감,1차 1-4-8,,,353000020233029D,남동형 청년재직자 내일채움공제 플러스 지원,0.35,
20250917005400211730,남명학사 운영비 지원,교육인재과,경남,주거,마감,1차 2-5-11,,,,,,
20260430005400212976,남산문화창작소 운영,청년정책과,충남,문화·건강,마감,2차 4-14-52,,,,,,
20251203005400211948,남해군 청년주택 임차보증금 이자지원사업,경상남도 남해군 전략사업단,경남,주거,마감,1차 2-6-13,648000001072,이름 대조(신뢰도 중간),5430000202530086,청년주택 임차보증금 이자지원사업,0.15,
20250501005400210756,내일설계 프로젝트,지역경제과,강원,취업·일경험,마감,1차 1-1-2,,,,,,
20251112005400211861,냉동난자 사용 보조생식술 지원,보건복지부,충북,문화·건강,마감,1차 4-15-40,,,,,,
20250717005400211361,네오플 제주아카데미 운영,기획조정실,중앙,취업·일경험,마감,1차 3-11-28,,,,,,
20260331005400212372,농군사관학교 운영,전북특별자치도 장수군 농업기술센터,전북,교육·역량,마감,2차 2-5-19,,,,,,
20251106005400211808,느그집에서(민간 청년 공간 지원 사업),경상남도 함안군 혁신전략담당관,경남,참여·권리,마감,1차 5-20-51,,,,,,
20260421005400212804,다가구 등 기존주택 매입임대 사업,제주특별자치도,제주,주거,상시,2차 3-8-27,O00030500002,이름 대조(신뢰도 중간),,,,20250718005400211379
20250718005400211379,다가구 등 기존주택 매입임대사업,제주특별자치도,제주,주거,마감,1차 2-5-10,O00030500002,이름 대조(신뢰도 중간),,,,20260421005400212804
20251211005400211957,다문화 청년 취창업 프로그램 지원,충청남도,충남,창업·농어업,마감,1차 1-2-5,,,,,,
20250220005400210481,다자녀 가정 대학생 등록금 지원,제천시,충북,교육·역량,마감,1차 3-10-23,,,,,,
20250714005400111213,달동 청년희망주택 건립,울산광역시,울산,주거,마감,1차 2-5-10,,,6310000202330076,달동 청년희망주택 건립,27.12,
20250710005400211178,대구 경북 청년 아카데미,청년여성교육국,경북,교육·역량,마감,1차 3-9-21,,,,,,20250509005400210806
20250711005400211185,대구 의료관광 글로벌 마케터 육성 지원사업,의료산업과,대구,취업·일경험,마감,1차 1-1-3,,,,,,
20250220005400210474,대구광역시 사회적 고립청년 지원사업,대구광역시,대구,금융·생활안정,마감,1차 4-14-35,,,627000020253009C,사회적 고립청년 지원사업,2.0,
20250220005400210475,대구광역시 청년 국가기술자격시험 응시료 지원,대구광역시,대구,취업·일경험,마감,1차 1-1-2,149200005023,이름 대조(신뢰도 중간),,,,
20250218005400210448,대구광역시 청년마음건강센터 운영,건강증진과,대구,문화·건강,마감,1차 4-15-39,,,,,,
20250327005400210666,대구국제대학생캠프,경제국,대구,참여·권리,마감,1차 5-20-52,,,,,,
20250804005400211509,대구청년정책네트워크,청년정책과,대구,참여·권리,마감,1차 5-17-45,,,3410000202430099,청년정책네트워크운영,0.13,
20250507005400210784,대구형 청년 그린 내일채움공제,고용노동정책과,대구,취업·일경험,마감,1차 1-1-3,,,,,,
20250219005400210457,대구형 청년희망주택 임대료 지원 사업,주택과,대구,주거,마감,1차 2-6-13,,,,,,
20250219005400210458,대구형 청년희망주택(공공임대주택) 임대보증금 이자 지원 사업,주택과,대구,주거,마감,1차 2-6-13,,,,,,
20260128005400212083,대전광역시 청년부부 결혼장려금 지원사업,대전광역시 교육정책전략국 여성가족청소년과,대전,금융·생활안정,진행중,2차 4-11-38,630000000665,이름 대조(신뢰도 높음),630000020243016C,청년부부 결혼장려금 지원,247.0,
20260107005400212073,대전청년네트워크 운영,대전광역시 교육정책전략국 청년정책과,대전,참여·권리,마감,2차 5-17-62,,,,,,
20260107005400212075,대전청년챔프,대전광역시 교육정책전략국 청년정책과,대전,참여·권리,상시,2차 5-15-58,,,,,,
20250710005400211166,대학 ICT연구센터 지원,전남광주통합특별시 산업실 인공지능산업국 로봇가전의료산업과,광주,교육·역량,마감,1차 3-9-19,,,,,,
20251218005400212028,대학 벤처동아리 육성 지원,전남광주통합특별시,전남,창업·농어업,마감,1차 1-2-4,,,,,,
20251219005400212038,대학 사회적경제 교육강좌 운영,전남광주통합특별시,전남,교육·역량,마감,1차 3-9-21,,,,,,
20250502005400210782,대학 상생협력 강화,경제진흥국,강원,정책기반,마감,1차 5-19-49,,,,,,
20250716005400211301,대학 스포츠 최강전,울산광역시,울산,문화·건강,마감,1차 4-16-42,,,,,,20260410005400212684
20250918005400211757,대학 특화 청년창업 활성화 지원,창업지원과,경남,창업·농어업,마감,1차 1-2-5,,,6480000202330111,대학 특화 청년창업 활성화 지원,2.0,
20250718005400211376,대학 핵심역량 강화 지원사업,청년정책담당관,제주,취업·일경험,마감,1차 3-9-22,,,,,,
20250113005400210189,대학(원)생 생활안정지원금 지원,창원시,경남,금융·생활안정,마감,1차 4-13-33,,,,,,
20250321005400210647,대학(원)생 학자금 대출이자 지원(2024년 2학기),전남광주통합특별시 교육청년국 대학인재정책과,광주,금융·생활안정,마감,1차 4-13-33,O00093700004,이름 대조(신뢰도 중간),,,,
20260406005400212521,대학(원)생 학자금대출 이자 지원사업,울산광역시,울산,교육·역량,진행중,2차 2-7-25,631000000707,이름 대조(신뢰도 높음),,,,
20250219005400210462,대학-공공기관 연계 취업프로그램 지원 운영,충청북도,충북,취업·일경험,마감,1차 1-1-1,,,,,,
20251231005400212069,대학교 노동인권 강좌개설 및 프로그램 개발,경기도,경기,참여·권리,마감,1차 5-20-51,,,,,,
20251107005400211817,대학기숙사 확충,경기도 자치행정국 자치행정과,경기,주거,마감,1차 2-5-11,,,,,,
20250715005400211262,대학로 청년문화예술 활성화 지원,청년정책관,충남,문화·건강,마감,1차 4-16-42,,,,,,
20250501005400210763,대학문화 활성화,경제진흥국,강원,교육·역량,마감,1차 3-9-22,,,,,,
20250219005400210460,대학별 맞춤형 취업역량강화 프로그램 지원,충청북도,충북,취업·일경험,마감,1차 1-1-2,,,,,,
20250501005400210764,대학별 특화과정 운영,경제진흥국,강원,교육·역량,마감,1차 3-9-21,,,,,,
20260504005400213049,대학생 국외 연수,평생교육과,충남,문화·건강,마감,2차 4-14-53,,,,,,
20251121005400211927,대학생 글로벌 해외연수,충청북도,충북,교육·역량,마감,1차 3-9-22,,,,,,
20250304005400210581,대학생 농산업 체험캠프,전남광주통합특별시,전남,취업·일경험,마감,1차 3-11-28,,,646000020173040E,대학생 농산업 체험캠프 (전남),0.8,
20250917005400211724,대학생 농촌인력 지원,농업정책과,경남,참여·권리,마감,1차 5-19-50,,,648000020223013C,대학생 농촌인력지원,0.14,
20250522005400210874,대학생 동아리 사회기여활동 지원,청년정책담당관,중앙,참여·권리,마감,1차 5-19-50,611000019627,이름 대조(신뢰도 높음),,,,
20250904005400211622,대학생 등록금 대출이자 지원,교육지원과,세종,교육·역량,마감,1차 3-10-23,O00088400003,이름 대조(신뢰도 중간),,,,
20250304005400210587,대학생 무한도전 프로젝트(해외),전남광주통합특별시,전남,교육·역량,마감,1차 3-9-21,,,,,,
20260413005400212702,대학생 봉사활동 활성화,울산광역시,울산,참여·권리,진행중,2차 5-17-62,,,,,,20250717005400211350
20250717005400211350,대학생 봉사활동 활성화,울산광역시,울산,참여·권리,마감,1차 5-19-50,,,,,,20260413005400212702
20250904005400211625,대학생 사이버보안 경진대회,정보통계담당관,중앙,교육·역량,마감,1차 3-11-28,,,,,,
20260522005400213219,대학생 아르바이트 운영,강원특별자치도 삼척시,강원,취업·일경험,마감,2차 1-1-1,,,4240000200730428,대학생 아르바이트 운영,8.3,
20250103005400210041,대학생 아르바이트 운영,서산시,충남,취업·일경험,마감,1차 1-1-1,,,4530000202130182,대학생아르바이트 운영,0.28,
20260402005400212386,대학생 아르바이트 채용사업,울산광역시,울산,취업·일경험,진행중,2차 1-1-3,,,,,,20250714005400211202
20250714005400211202,대학생 아르바이트 채용사업,울산광역시,울산,취업·일경험,마감,1차 1-1-2,,,3730000202630012,대학생 아르바이트 채용,3.54,20260402005400212386
20250922005400211780,대학생 아르바이트 추진,청년정책담당관,경남,취업·일경험,마감,1차 1-1-1,,,,,,
20250904005400211640,대학생 아르바이트(하반기),관광복지국,경북,취업·일경험,마감,1차 1-1-2,,,,,,20260325005400212273
20251214005400211985,대학생 연합설계 지원,충청남도,충남,취업·일경험,마감,1차 3-9-22,,,,,,
20260313005400212149,대학생 장학금 지원,재단법인용인시장학재단,경기,교육·역량,마감,2차 2-7-24,,,,,,
20251121005400211920,"대학생 주거 지원(서‧동서울관, 청주관)",충청북도,충북,주거,마감,1차 2-5-11,,,,,,
20250715005400211246,대학생 중소기업 인턴십 지원,울산광역시,울산,교육·역량,마감,1차 3-9-21,,,,,,
20260907005400213376,대학생 천원의 아침밥,경기도 농수산생명과학국 친환경농업과,중앙,문화·건강,진행중,2차 4-13-50,,,,,,20260407005400212536
20260407005400212536,대학생 천원의 아침밥,경기도,경기,문화·건강,마감,2차 4-14-55,,,64100002023309C8,대학생 천원의 아침밥(자체/직접),4.88,20260907005400213376
20260413005400212697,대학생 천원의 아침밥 사업,울산광역시,울산,문화·건강,진행중,2차 4-13-50,,,,,,20260410005400212672 | 20250715005400111249
20260410005400212672,대학생 천원의 아침밥 사업,울산광역시,울산,문화·건강,진행중,2차 4-13-50,,,,,,20260413005400212697 | 20250715005400111249
20250715005400111249,대학생 천원의 아침밥 사업,울산광역시,울산,금융·생활안정,마감,1차 4-13-33,,,,,,20260413005400212697 | 20260410005400212672
20250715005400211280,대학생 천원의 아침밥 사업 지원,기획조정실,충남,교육·역량,마감,1차 3-9-22,,,,,,20260504005400113113
20260421005400212815,대학생 천원의 아침밥 지원,제주특별자치도,제주,문화·건강,진행중,2차 4-13-49,,,,,,20260414005400212737
20260414005400212737,대학생 천원의 아침밥 지원,제주특별자치도,제주,문화·건강,진행중,2차 4-13-49,,,,,,20260421005400212815
20250304005400210583,대학생 프레젠테이션(스피치) 대회,전남광주통합특별시,중앙,참여·권리,마감,1차 5-17-45,,,,,,
20260430005400212983,대학생 학습지원단 운영,교육체육과,충남,참여·권리,진행중,2차 5-17-62,,,,,,
20260430005400212963,대학생 학자금 대출이자 지원,청년정책과,충남,교육·역량,마감,2차 2-7-25,449000000106,이름 대조(신뢰도 높음),,,,
20250717005400211332,대학생 학자금 대출이자 지원,전북특별자치도,전북,교육·역량,마감,1차 3-10-23,645000000136,이름 대조(신뢰도 중간),6450000201630120 | 4640000201530129 | 4721000202630001 | 4730000201630002 | 47600002016300CB,대학생 학자금 대출 이자 지원 | 대학생 학자금 대출이자 지원 | 대학생 학자금 대출이자 지원 | 대학생 학자금대출 이자지원 | 대학생 학자금 대출이자 지원,2.24,
20250220005400210486,대학생 학자금 이자 지원,충청북도,충북,교육·역량,마감,1차 3-10-23,,,6430000202430039 | 4390000201830079 | 4400000201830090 | 44700002018300DF | 4450000201830077 | 5570000201830058 | 443000020183006B | 4440000201830047,대학생 학자금 이자 지원 | 대학생 학자금 이자지원 | 대학생 학자금 이자지원 사업(보조) | 대학생 학자금 이자 지원 | 대학생 학자금 이자 지원 | 대학생 학자금 이자지원 | 대학생 학자금 이자 지원(보조) | 대학생 학자금 이자지원(보조),0.6,
20250717005400211360,대학생 학자금대출 부담경감 지원,한국장학재단,대구,교육·역량,마감,1차 3-10-23,627000000134,이름 대조(신뢰도 높음),,,,
20260506005400213141,대학생 학자금대출 이자 지원,인천광역시 기획조정실 교육협력담당관,인천,교육·역량,상시,2차 2-7-25,628000000146,이름 대조(신뢰도 높음),35700002018300AC,대학생 학자금대출 이자 지원,0.02,
20250917005400211710,대학생 학자금대출 이자 지원,교육인재과,경남,교육·역량,마감,1차 3-10-23,648000001022,이름 대조(신뢰도 중간),531000020213001D,대학생 학자금 대출 이자 지원,0.3,
20250220005400210509,대학생 해외배낭연수,제천시,충북,문화·건강,마감,1차 4-16-41,,,,,,
20260430005400212968,대학생 행복기숙사 지원 사업,청년정책과,충남,주거,마감,2차 3-9-30,,,,,,
20260313005400212145,대학생 행정체험 연수,경기도 용인시,경기,취업·일경험,마감,2차 1-1-1,,,,,,
20250430005400210744,대학생 행정체험 운영·관리,경제진흥국,강원,취업·일경험,마감,1차 1-1-2,,,,,,
20250502005400210771,대학생 행정체험연수 운영,강원특별자치도,강원,취업·일경험,마감,1차 1-4-9,,,,,,
20251230005400212049,대학생 현장실습 활성화 지원사업,전남광주통합특별시,전남,취업·일경험,마감,1차 3-11-27,,,481000020243013E | 49400002024300E6 | 484000020243015D | 49500002024300D1 | 490000020263000E,대학생 현장실습 활성화 지원사업 | 대학생 현장실습 활성화 지원 사업 | 대학생 현장실습 활성화 지원사업 | 대학생 현장실습 활성화 지원사업 | 대학생 현장실습 활성화 지원,1.57,
20250501005400210748,대학생 희망 일자리,자치행정과,강원,취업·일경험,마감,1차 1-1-2,,,,,,
20260325005400212273,대학생아르바이트(하반기),경상북도 의성군 관광복지국,경북,취업·일경험,마감,2차 1-1-1,,,,,,20250904005400211640
20260410005400212684,대학스포츠 최강전,울산광역시,울산,문화·건강,마감,2차 4-14-53,,,,,,20250716005400211301
20250903005400211602,대학일자리 플러스센터,기업지원과,세종,취업·일경험,마감,1차 1-1-1,,,,,,
20251111005400211837,대학일자리 플러스센터 운영,제주특별자치도 경제활력국 고용센터,제주,취업·일경험,마감,1차 3-11-28,,,,,,
20250729005400211505,대학일자리센터 지원,경기도,경기,취업·일경험,마감,1차 1-1-2,,,3860000202230194 | 405000020203012D | 5600000201730116 | 400000020173009D,대학일자리센터 지원(국가직접지원) | 대학일자리센터 지원 | 대학일자리센터 지원(국가직접지원) | 대학일자리센터 운영,2.65,
20260407005400212538,대학일자리플러스센터 운영,울산광역시,울산,취업·일경험,진행중,2차 1-1-3,,,,,,
20260506005400213140,대학일자리플러스센터 운영 지원,인천광역시 청년정책담당관,인천,취업·일경험,상시,2차 1-1-1,628000000755,이름 대조(신뢰도 높음),,,,
20250618005400211054,대학일자리플러스센터 지원,강원특별자치도,강원,취업·일경험,마감,1차 3-11-28,,,,,,
20260907005400213379,대학일자리플러스센터 지원 사업,고용노동부,중앙,교육·역량,상시,2차 2-5-17,,,019-110-1000-1032-303,청년고용지원인프라 운영,1074.1,
20260421005400212816,대학일자리플러스센터(졸업생특화프로그램 포함) 운영,제주대학교 대학일자리플러스센터,제주,교육·역량,상시,2차 2-6-20,,,,,,
20260406005400212513,대학주도형 청년창업 플랫폼 운영,인천광역시 미래산업국 산업창업정책과,인천,창업·농어업,상시,2차 1-4-12,,,,,,20250718005400211390
20250718005400211390,대학주도형 청년창업플랫폼 운영,창업벤처과,인천,창업·농어업,마감,1차 1-2-4,,,,,,20260406005400212513
20260313005400212153,대한민국 대학연극제,용인문화재단,경기,참여·권리,마감,2차 5-17-63,,,,,,
20251218005400212020,데이터 사이언스 전문가 양성 프로젝트,전남광주통합특별시,전남,취업·일경험,마감,1차 1-1-1,,,,,,
20250715005400211264,도 위원회 청년참여 확대,청년정책관,충남,참여·권리,마감,1차 5-17-44,,,,,,
20250917005400211709,도립대학 전액 장학금 지급,대학협력과,경남,교육·역량,마감,1차 3-10-23,,,,,,
20251214005400212004,도민리포터 운영(청년 리포터),충청남도,충남,정책기반,마감,1차 5-19-49,,,,,,20251112005400211860
20251112005400211860,도민리포터 운영(청년 리포터),충청남도 대변인 디지털소통담당관,중앙,참여·권리,마감,1차 5-19-50,,,,,,20251214005400212004
20250711005400211183,도시재생 전문인력 양성사업 지원,전남광주통합특별시 도시공간국 공간혁신과,중앙,교육·역량,마감,1차 3-9-21,,,,,,
20250917005400211753,도시재생 청년인재 양성,도시정책과,경남,취업·일경험,마감,1차 1-1-1,,,,,,
20250507005400210788,도심캠퍼스타운 운영,대구광역시,중앙,교육·역량,마감,1차 3-11-28,,,,,,
20260421005400212789,도외 직업훈련 참가 지원사업,제주특별자치도청,제주,취업·일경험,진행중,2차 1-2-5,,,,,,20251111005400211852
20251111005400211852,도외 직업훈련 참가 지원사업,제주특별자치도 경제활력국 노동일자리과,제주,교육·역량,마감,1차 3-11-27,,,,,,20260421005400212789
20250922005400211790,독독한 청년 사업,도서관사업소,경남,문화·건강,마감,1차 4-16-42,,,,,,
20250316005400210637,독립유공자후손장학금,재단법인서울장학재단,서울,교육·역량,마감,1차 3-10-25,,,,,,
20260429005400212925,동명청년창작소 창업 인사이트 TALK 프로그램 운영,전남광주통합특별시,광주,참여·권리,마감,2차 5-17-62,,,,,,
20250221005400210532,동성로 청년버스킹 활성화 사업,대구광역시,중앙,문화·건강,마감,1차 4-16-43,,,,,,
20260406005400212442,드림For 청년통장,인천광역시 청년정책담당관,인천,금융·생활안정,마감,2차 4-11-36,,,,,,
20260406005400212446,드림나래(면접정장대여),인천광역시 청년정책담당관,인천,취업·일경험,진행중,2차 1-1-1,628000000752,이름 대조(신뢰도 중간),,,,
20260406005400212452,드림체크카드(구직활동비 지원),인천광역시 청년정책담당관,인천,창업·농어업,마감,2차 1-4-12,628000000129,이름 대조(신뢰도 높음),,,,
20251218005400212023,디지털 혁신 유통전문가 일자리사업,전남광주통합특별시,전남,취업·일경험,마감,1차 1-1-1,,,,,,
20260330005400212309,디지털분야 청년창업 육성,전북특별자치도 완주군,전북,창업·농어업,상시,2차 1-4-12,,,,,,
20260427005400212882,로컬 스타트업 히어로즈(Heroes) 지원사업 초기창업기업 모집,전남광주통합특별시,광주,창업·농어업,마감,2차 1-4-12,,,,,,
20250316005400210624,로컬크리에이터 양성(로컬인서울),상권활성화과,서울,창업·농어업,마감,1차 1-2-5,,,,,,
20260429005400212918,마을교육공동체코디네이터 및 마을청년활동가 채용,전남광주통합특별시,광주,참여·권리,마감,2차 5-17-62,,,,,,
20250227005400210568,마을청년활동가 운영,전남광주통합특별시 자치행정본부 자치정책관 자치행정과,광주,취업·일경험,마감,1차 1-1-1,,,,,,
20251121005400211932,마음-이음(열린상담) 프로그램,충청북도,충북,문화·건강,마감,1차 4-15-39,,,,,,
20250718005400211436,마이스업체 청년 인턴십 운영,관광마이스과,인천,취업·일경험,마감,1차 3-11-27,,,,,,
20250113005400210194,맞춤형 금융스쿨 운영,전북특별자치도,전북,금융·생활안정,마감,1차 4-13-32,,,,,,
20250113005400210196,맞춤형 기술인력 교육지원,전북특별자치도,전북,취업·일경험,마감,1차 1-1-1,,,,,,
20260406005400212426,맞춤형 상생장학금 지원,인천광역시 기획조정실 교육협력담당관,인천,교육·역량,상시,2차 2-7-24,,,,,,
20250502005400210769,"맞춤형 인구정책, 건강한 인구구조 조성",기획행정국,강원,금융·생활안정,마감,1차 4-14-35,,,,,,
20260407005400212551,매곡산업단지 복합개발사업,울산광역시,울산,주거,진행중,2차 3-8-27,,,,,,20250714005400111218
20250714005400111218,매곡산업단지 복합개발사업,울산광역시,울산,주거,마감,1차 2-5-10,,,,,,20260407005400212551
20250917005400211722,매체 활용 청년정책 홍보,청년정책과,경남,정책기반,마감,1차 5-19-49,,,,,,
20250428005400210728,면접용 정장대여(광주 남구),전남광주통합특별시 남구 경제재정국,광주,취업·일경험,마감,1차 1-1-1,,,,,,
20250508005400210798,면접정장 무료대여,전남광주통합특별시 교육청년국 청년정책과,광주,취업·일경험,마감,1차 1-1-1,,,,,,
20250220005400210497,면접정장 무료대여 지원사업,제천시,충북,취업·일경험,마감,1차 1-1-1,,,,,,
20250916005400211693,모다드림 청년통장 지원,청년정책과,경남,금융·생활안정,마감,1차 4-13-32,648000001103,이름 대조(신뢰도 중간),648000020263011E | 5350000202330240 | 53100002023303A6 | 5380000202330096 | 53700002023302D9 | 5340000202530057 | 53300002023301B1 | 5420000202330279,모다드림 청년통장 지원사업 | 모다드림 청년통장 지원사업 | 모다드림 청년통장 지원사업 | 모다드림 청년통장 지원사업 | 모다드림 청년통장 지원 | 경남 모다드림 청년 통장 지원사업 | 모다드림 청년통장 지원사업 | 모다드림 청년통장 지원사업,25.45,20250114005400210249
20250114005400210249,모다드림 청년통장 지원사업,경상남도,경남,금융·생활안정,마감,1차 4-13-32,648000001103,이름 대조(신뢰도 중간),,,,20250916005400211693
20250407005400210695,모자건강증진 사업,보건소,경기,문화·건강,마감,1차 4-15-40,403000000104,이름 대조(신뢰도 중간),,,,
20250107005400210061,목포 청년쉼터 운영,전남광주통합특별시 목포시 미래전략산업국,전남,창업·농어업,마감,1차 1-2-5,,,,,,
20250109005400210116,목포형 청년 특화 브랜드개발 창업 및 육성지원 사업,전남광주통합특별시 목포시 미래전략산업국,전남,창업·농어업,마감,1차 1-2-4,,,,,,
20250728005400211495,문화예술교육사 현장역량강화사업,문화체육관광국,전북,문화·건강,마감,1차 4-16-41,,,,,,
20250917005400211714,문화콘텐츠분야 산학연계 현장 실습 브릿지,문화산업과,경남,취업·일경험,마감,1차 3-11-28,,,,,,
20250917005400211748,문화콘텐츠분야 청년일자리 지원,문화산업과,경남,취업·일경험,마감,1차 1-1-1,,,,,,
20250315005400210618,미래 청년 일자리 사업,청년정책담당관,서울,취업·일경험,마감,1차 1-1-1,611000019622,이름 대조(신뢰도 중간),,,,
20250618005400211045,미래농업대학 운영,강원특별자치도,강원,취업·일경험,마감,1차 3-9-19,,,,,,
20260922005400213510,미래세대아카데미 운영,재단법인경기도미래세대재단,경기,정책기반,상시,2차 5-16-59,,,,,,
20260506005400213164,미래우주교육센터 구축,인천광역시 해양항공국 항공과,인천,교육·역량,상시,2차 2-5-18,,,,,,20250718005400211447
20250718005400211447,미래우주교육센터 구축,항공과,인천,교육·역량,마감,1차 3-9-21,,,,,,20260506005400213164
20240418005400200013,미취업 청년 어학 및 자격증 응시료 지원(성북구),서울특별시 성북구,서울,취업·일경험,상시,2차 1-2-4,,,,,,
20260522005400213216,미취업 청년 자격증 응시료 지원사업,강원특별자치도 삼척시,강원,교육·역량,진행중,2차 2-5-19,424100000003,링크 기재,,,,
20260413005400212710,미혼 직장남녀 만남 프로그램 운영,울산광역시,울산,문화·건강,상시,2차 4-14-55,,,,,,
20260406005400212470,미혼남녀 만남 지원 아이플러스(i+) 이어드림,인천광역시 여성가족국 인구전략기획과,인천,문화·건강,상시,2차 4-14-53,,,,,,
20250716005400211312,미혼남녀 만남 프로그램 운영,울산광역시,울산,문화·건강,마감,1차 4-16-42,,,,,,
20250904005400211639,미혼남녀 인연만들기,인구여성가족과,세종,금융·생활안정,마감,1차 4-14-36,,,,,,
20251211005400211973,미혼청년 주거급여 분리지급,충청남도,충남,주거,마감,1차 2-6-12,,,,,,
20251112005400211855,미혼청년 주거급여 분리지급(주거급여),충청남도 건축도시국 주택도시과,충남,주거,마감,1차 2-6-12,,,,,,
20250220005400210496,바이오기업 인력양성 일학습병행 사업,충청북도,충북,교육·역량,마감,1차 3-9-19,,,,,,
20250710005400211170,반도체 특성화 대학 지원,전남광주통합특별시 산업실 인공지능산업국 AI반도체과,전북,교육·역량,마감,1차 3-9-19,,,,,,
20260406005400212474,반도체 특성화대학 지원사업,인하대학교,인천,교육·역량,상시,2차 2-5-19,,,,,,20250718005400211446
20250718005400211446,반도체 특성화대학 지원사업,반도체바이오과,인천,취업·일경험,마감,1차 3-11-28,,,,,,20260406005400212474
20250718005400211444,반도체 패키징 분야 대학중점연구소 지원,반도체바이오과,인천,취업·일경험,마감,1차 3-11-27,,,,,,
20251211005400211955,반도체산업 청년유입을 위한 장려금 지원 사업,충청남도,충남,취업·일경험,마감,1차 1-1-3,,,,,,
20251111005400211840,반도체산업 청년유입을 위한 장려금 지원(지역형 플러스 사업),충청남도 산업경제실 경제기획관 일자리기업지원과,충남,취업·일경험,마감,1차 1-1-1,,,,,,
20260406005400212526,반도체특성화대학원 지원사업,울산광역시,울산,교육·역량,진행중,2차 2-5-17,,,,,,20250715005400111232
20250715005400111232,반도체특성화대학원 지원사업,울산광역시,울산,교육·역량,마감,1차 3-9-21,,,,,,20260406005400212526
20250713005400211199,발달장애인 자립능력 향상 교육,전남광주통합특별시 보건복지본부 복지정책관 장애인정책과,광주,금융·생활안정,마감,1차 4-14-37,,,,,,
20251230005400212053,방송영상미디어 청년인력 인재양성,경기도,경기,교육·역량,마감,1차 3-9-21,,,,,,
20260407005400212548,방어동 청년 유홈 건립,울산광역시,울산,주거,마감,2차 3-8-27,,,,,,
20250714005400111215,방어동 청년희망주택 건립,울산광역시,울산,주거,마감,1차 2-5-10,,,6310000202330315,방어동 청년희망주택 건립,44.58,
20260406005400212527,배터리 특성화 대학 지원사업,울산광역시,울산,교육·역량,진행중,2차 2-5-19,,,,,,
20260407005400212547,백합 청년 유홈 건립,울산광역시,울산,주거,마감,2차 3-8-27,,,,,,
20250714005400111214,백합 청년희망주택 건립,울산광역시,울산,주거,마감,1차 2-5-10,,,6310000202330313,백합 청년희망주택 건립,20.23,
20260409005400212651,범서굴화 청년특화 주택 건립사업,울산광역시,울산,주거,진행중,2차 3-8-27,,,6310000202630020,범서굴화 청년특화주택 건립,3.5,
20250501005400210762,법학전문대학원 장학금 지원,경제진흥국,강원,교육·역량,마감,1차 3-10-25,418000000232,이름 대조(신뢰도 높음),,,,
20260910005400213401,병역입영지원금 지원,경기도 양평군 경제안전국,경기,금융·생활안정,상시,2차 4-11-37,417000000463,이름 대조(신뢰도 중간),,,,
20250220005400210517,보은 청년 로컬 크리에이터 지원사업,미래전략과,충북,창업·농어업,마감,1차 1-2-5,,,,,,
20260410005400212678,보호종료아동 자립수당,울산광역시,울산,금융·생활안정,진행중,2차 4-12-43,,,,,,20250716005400111291
20250716005400111291,보호종료아동 자립수당,울산광역시,울산,금융·생활안정,마감,1차 4-14-34,,,370000020193005D | 3730000201930075 | 371000020193003F | 369000020193004F,보호종료아동 자립수당 지원 | 보호종료아동 자립수당 지원 | 보호종료아동 자립수당 지원 | 보호종료아동 자립수당,7.02,20260410005400212678
20250909005400211681,보호종료아동 자립수당 및 자립정착금 지원,아동청소년과,세종,금융·생활안정,마감,1차 4-13-32,569000000361,이름 대조(신뢰도 중간),,,,
20251113005400211878,보호종료아동 자립지원,제주특별자치도 복지가족국 아동보육청소년과,제주,금융·생활안정,마감,1차 4-14-34,,,,,,
20260422005400212834,보호종료아동 자립지원(자립수당 지급),제주특별자치도,제주,금융·생활안정,상시,2차 4-12-43,,,,,,20260415005400212744
20260415005400212744,보호종료아동 자립지원(자립수당 지급),제주특별자치도,제주,금융·생활안정,상시,2차 4-12-43,,,,,,20260422005400212834
20260313005400212154,부모급여(영아수당) 지원,보건복지부,중앙,금융·생활안정,상시,2차 4-11-39,,,,,,
20260406005400212419,부산 NEXT 10(월드클래스 육성) 운영,부산광역시 청년산학국 청년정책과,부산,교육·역량,마감,2차 2-5-19,,,,,,
20250517005400210835,부산 NEXT10(청년 월드클래스 육성),부산광역시,부산,교육·역량,마감,1차 3-9-19,,,626000020243008F,NEXT 10(청년 월드클래스 육성) 운영,4.1,
20260406005400212425,부산 국제마케팅 전문인력 양성,부산광역시 디지털경제실 경제정책과,부산,교육·역량,마감,2차 2-5-19,,,,,,
20260824005400213350,부산 남구 청년 창업 아이디어 경진대회,부산광역시 남구 행정자치국 청년정책과,부산,창업·농어업,마감,2차 1-4-12,,,331000020263002D,청년 창업 아이디어 경진대회,0.15,
20260430005400212951,부산 대학생 학자금 대출이자 지원,부산광역시 청년산학국 지산학협력과,부산,교육·역량,마감,2차 2-5-19,626000000611,이름 대조(신뢰도 높음),,,,
20260406005400212424,부산 동네 청년활동공간 활성화 지원,부산광역시 청년산학국 청년정책과,부산,참여·권리,상시,2차 5-17-62,,,3310000202330073 | 33400002023300A0 | 338000020253006A | 3320000202330081 | 327000020263005C | 3350000202530095 | 3260000202330093 | 3290000202630062,동네 청년활동공간 활성화 지원사업 | 동네 청년활동공간 활성화 지원 | 동네 청년활동공간 활성화 지원(보조사업) | 동네 청년활동공간 활성화 지원 | 2026년 동네 청년활동공간 활성화 지원사업 | 동네 청년활동공간 활성화 지원사업 | 동네청년활동공간 활성화 지원 | 동네 청년활동공간 활성화 지원사업(청년FLEX),3.83,
20260513005400213202,부산 면접정장 대여서비스(드림옷장),부산광역시 청년산학국 청년정책과,부산,취업·일경험,상시,2차 1-1-3,,,,,,
20260406005400212421,부산 미취업 청년 사회진입 활동비 지원(청년디딤돌플러스+ 카드),부산광역시 청년산학국 청년정책과,부산,취업·일경험,마감,2차 1-1-2,626000000126,이름 대조(신뢰도 중간),,,,
20250517005400210842,부산 민락인디트레이닝센터 운영,부산광역시,부산,문화·건강,마감,1차 4-16-42,,,,,,
20250517005400210841,부산 사상인디스테이션 운영,부산광역시,부산,문화·건강,마감,1차 4-16-42,,,,,,
20260513005400213190,부산 신진예술인 육성 지원(신진청년예술인 인큐베이팅 및 경력 개발 지원),부산광역시 청년산학국 청년정책과,부산,문화·건강,상시,2차 4-14-52,,,,,,
20250517005400210846,부산 신진청년예술인 인큐베이팅 및 경력개발 지원,부산광역시,부산,문화·건강,마감,1차 4-16-41,,,,,,
20260429005400212903,부산 신혼부부 럭키7하우스 지원사업,부산광역시 주택건축국 주택정책과,부산,주거,상시,2차 3-9-31,626000000641,이름 대조(신뢰도 높음),,,,
20260403005400212393,부산 워털루형 코업 프로그램 운영,부산광역시 청년산학국 지산학협력과,부산,교육·역량,마감,2차 2-6-20,,,,,,
20260430005400212954,부산 자립준비청년 자립수당 지원,부산광역시 여성가족국 아동청소년과,부산,금융·생활안정,상시,2차 4-12-43,,,3290000201930056 | 3380000201930042 | 3340000201930048 | 330000020193003A | 33300002019300A9 | 3320000201930057 | 3260000201930043 | 325000020193003A,자립준비청년 자립수당 지원 | 자립준비청년 자립수당 지원(보조사업) | 자립준비청년 자립수당 지원 | 자립준비청년 자립수당 지원 | 자립준비청년 자립수당 지원 | 자립준비청년 자립수당 | 자립준비청년 자립수당 지원 | 자립준비청년 자립수당,26.4,
20260430005400212955,부산 자립준비청년 자립정착금 지원,부산광역시 여성가족국 아동청소년과,부산,금융·생활안정,상시,2차 4-12-43,,,3340000200830206 | 3380000200730418 | 3290000201930005,자립준비청년 자립정착금 지원 | 자립준비청년 자립정착금 지원(보조사업) | 자립준비청년 자립정착금 지원,2.9,
20250502005400210780,부산 자립청년 주거 다 지원 사업,청년정책과,부산,주거,마감,1차 2-7-16,,,,,,
20260513005400213187,부산 전세보증금 반환보증 보증료 지원,부산광역시 주택건축국 주택정책과,부산,주거,상시,2차 3-10-32,,,,,,
20260430005400212956,부산 전세사기 피해주택 시설개선 지원사업,부산광역시 주택건축국 주택정책과,부산,주거,마감,2차 3-10-34,,,,,,
20260513005400213186,부산 전세피해 임차인 민간주택 월세지원사업,부산광역시 주택건축국 주택정책과,부산,주거,상시,2차 3-10-32,,,,,,
20260430005400212957,부산 전세피해 임차인 버팀목 전세자금 대출이자 지원사업,부산광역시 주택건축국 주택정책과,부산,주거,상시,2차 3-9-31,,,,,,
20260430005400212958,부산 전세피해 임차인 주거안정지원금 지원,부산광역시 주택건축국 주택정책과,부산,주거,상시,2차 3-10-32,626000000617,이름 대조(신뢰도 높음),,,,
20260430005400212952,부산 지역인재 장학금 지원,부산광역시 청년산학국 지산학협력과,부산,교육·역량,상시,2차 2-5-19,,,,,,
20260429005400212909,부산 청끌기업 발굴·매칭 지원사업(청끌기업),부산광역시 청년산학국 청년정책과,부산,취업·일경험,상시,2차 1-2-4,,,626000020243001B,청끌(청년이 끌리는) 기업 발굴·매칭 지원사업,5.0,
20250515005400210820,부산 청년 디딤돌카드플러스,부산광역시,부산,취업·일경험,마감,1차 1-1-2,,,,,,
20260513005400213189,부산 청년 로컬크리에이터 레벨업,부산광역시 청년산학국 청년정책과,부산,창업·농어업,마감,2차 1-4-12,,,626000020243001E,청년 로컬크리에이터 레벨업,6.83,
20260406005400212394,부산 청년 마음이음 사업,부산광역시 청년산학국 청년정책과,부산,문화·건강,마감,2차 4-13-47,626000000635,이름 대조(신뢰도 중간),,,,
20260429005400212905,부산 청년 맞춤형 민간임대주택 공급(희망더함주택),부산광역시 주택건축국 주택정책과,부산,주거,상시,2차 3-8-27,,,,,,
20260513005400213195,부산 청년 생활인구 유입 활성화(부산온나청년패스),부산광역시 청년산학국 청년정책과,부산,문화·건강,상시,2차 4-14-55,,,62600002024301F7,청년 생활인구 유입 활성화 사업,1.2,
20250517005400210839,부산 청년 소셜 다이닝,부산광역시,부산,참여·권리,마감,1차 5-19-50,,,,,,
20260513005400213196,부산 청년 신용회복 지원,부산광역시 청년산학국 청년정책과,부산,금융·생활안정,상시,2차 4-11-40,626000000629,이름 대조(신뢰도 높음),6260000202330162,청년 신용회복지원,4.5,
20260513005400213199,부산 청년 월세 지원,부산광역시 청년산학국 청년정책과,부산,주거,마감,2차 3-9-30,,,,,,20250515005400210825
20250515005400210825,부산 청년 월세 지원,부산광역시,부산,주거,마감,1차 2-6-13,161300000099,이름 대조(신뢰도 중간),,,,20260513005400213199
20260513005400213204,부산 청년 일하는 기쁨카드 지원,부산광역시 청년산학국 청년정책과,부산,취업·일경험,마감,2차 1-3-8,626000000618,이름 대조(신뢰도 높음),,,,20250515005400210823
20260513005400213200,부산 청년 임차보증금 대출 및 대출이자 지원(머물자리론),부산광역시 청년산학국 청년정책과,부산,주거,상시,2차 3-9-31,626000000113,이름 대조(신뢰도 높음),,,,
20260513005400213197,부산 청년 자산형성 지원(부산청년 기쁨두배통장),부산광역시 청년산학국 청년정책과,부산,취업·일경험,마감,2차 1-1-1,,,6260000202330163,청년 자산형성지원,131.34,
20260513005400213198,부산 청년 중개보수 및 이사비 지원,부산광역시 청년산학국 청년정책과,부산,주거,진행중,2차 3-9-30,626000000633,이름 대조(신뢰도 중간),6260000202430024,부산 청년 중개보수 및 이사비 지원,1.36,
20260406005400212423,부산 청년 커뮤니티 활동 지원,부산광역시 청년산학국 청년정책과,부산,참여·권리,마감,2차 5-17-62,,,,,,
20260430005400212959,부산 청년 패널조사,부산광역시 청년산학국 청년정책과,부산,참여·권리,마감,2차 5-15-56,,,,,,
20260406005400212422,부산 청년 프로그램 지원,부산광역시 청년산학국 청년정책과,부산,참여·권리,마감,2차 5-17-62,,,,,,
20260429005400212908,부산 청년고용 우수기업 인증·지원,부산광역시 청년산학국 청년정책과,부산,취업·일경험,상시,2차 1-2-4,,,,,,
20260406005400212418,부산 청년공간 오름라운지 운영,부산광역시 청년산학국 청년정책과,부산,참여·권리,상시,2차 5-17-62,,,,,,
20260511005400213180,부산 청년내일저축계좌,부산광역시 사회복지국 복지정책과,부산,금융·생활안정,마감,2차 4-12-44,,,,,,20250515005400210828
20250515005400210828,부산 청년내일저축계좌,부산광역시,부산,금융·생활안정,마감,1차 4-13-32,,,,,,20260511005400213180
20260406005400212420,부산 청년도전 지원사업,부산광역시 청년산학국 청년정책과,부산,취업·일경험,진행중,2차 1-1-3,,,,,,
20250520005400210862,부산 청년돌봄이음,부산광역시,부산,금융·생활안정,마감,1차 4-14-35,,,,,,
20260513005400213203,부산 청년두드림센터 운영,부산광역시 청년산학국 청년정책과,부산,취업·일경험,진행중,2차 1-1-1,,,62600002019300C2,청년두드림센터 운영,8.8,
20250517005400210833,부산 청년마음이음(일대일 상담),부산광역시,부산,문화·건강,마감,1차 4-15-39,626000000635,이름 대조(신뢰도 중간),6260000202330160,청년 마음이음 사업,4.0,
20250517005400210834,부산 청년마음이음(집단 상담),부산광역시,부산,문화·건강,마감,1차 4-15-39,626000000635,이름 대조(신뢰도 중간),,,,
20260513005400213193,부산 청년만원플러스문화패스,부산광역시 청년산학국 청년정책과,부산,문화·건강,마감,2차 4-14-53,626000000636,이름 대조(신뢰도 중간),,,,20250517005400210845
20260513005400213192,부산 청년문화예술패스,부산광역시 청년산학국 청년정책과,부산,문화·건강,마감,2차 4-14-53,137100000239,이름 대조(신뢰도 중간),62600002024301F2,청년문화예술패스 사업(국가직접지원),7.81,
20260513005400213194,부산 청년문화육성 지원,부산광역시 청년산학국 청년정책과,부산,문화·건강,상시,2차 4-14-52,O00079200001,이름 대조(신뢰도 높음),,,,20250517005400210847
20250517005400210847,부산 청년문화육성 지원,부산광역시,부산,문화·건강,마감,1차 4-16-41,O00079200001,이름 대조(신뢰도 높음),62600002018300A8,청년문화 육성,9.05,20260513005400213194
20260513005400213205,부산 청년문화축제(부산 스텝업댄스페스티벌),부산광역시 청년산학국 청년정책과,부산,문화·건강,마감,2차 4-14-51,,,,,,
20250517005400210843,부산 청년작당소 운영,부산광역시,부산,문화·건강,마감,1차 4-16-42,,,,,,
20260429005400212912,부산 청년잡(JOB) 성장프로젝트,부산광역시 청년산학국 청년정책과,부산,취업·일경험,상시,2차 1-1-1,,,62600002024301C4,부산 청년잡(JOB) 성장프로젝트 사업,29.92,
20250517005400210840,부산 청년커뮤니티 운영,부산광역시,부산,참여·권리,마감,1차 5-19-50,,,3350000202230057,청년 커뮤니티 지원사업,0.2,
20250517005400210838,부산 청년활동 마일리지,부산광역시,부산,참여·권리,마감,1차 5-19-50,,,,,,
20260430005400212953,부산 청소년쉼터 퇴소청소년 자립지원 수당 지원,부산광역시 여성가족국 아동청소년과,부산,금융·생활안정,상시,2차 4-12-44,,,,,,
20260513005400213201,부산 취업연수생 고용사업,부산광역시 청년산학국 청년정책과,부산,취업·일경험,상시,2차 1-2-5,,,,,,20250515005400210824
20250515005400210824,부산 취업연수생 고용사업,부산광역시,부산,취업·일경험,마감,1차 1-1-1,,,,,,20260513005400213201
20260429005400212904,부산 평생함께 청년모두가 주거비 지원사업,부산광역시 주택건축국 주택정책과,부산,주거,상시,2차 3-9-30,626000000626,이름 대조(신뢰도 높음),6260000202530137,평생함께 청년모두가 주거비 지원사업,35.0,
20250515005400210830,부산 학자금 대출이자 지원,부산광역시,부산,교육·역량,마감,1차 3-10-23,626000000611,이름 대조(신뢰도 높음),,,,
20260429005400212906,부산 화장품 제조판매 전문인력 양성,부산광역시 디지털경제실 미래기술전략국 바이오헬스과,부산,교육·역량,마감,2차 2-5-18,,,,,,
20250520005400210861,부산디지털혁신아카데미 BDIA,부산광역시,부산,교육·역량,마감,1차 3-11-27,,,,,,
20250114005400210224,부산시 금정구 청년창업문화촌 운영,경제교통국,부산,창업·농어업,마감,1차 1-2-5,,,,,,
20250517005400210848,부산일자리종합센터 운영,부산광역시,부산,취업·일경험,마감,1차 1-1-1,,,,,,
20250515005400210829,부산지역인재 장학금 및 취업장려금,부산광역시,부산,취업·일경험,마감,1차 3-9-21,,,,,,
20250108005400210073,부산진구 기업탐방프로그램,부산진구,부산,취업·일경험,마감,1차 3-11-27,,,,,,
20250109005400210101,부산진구 비상스페이스 창업공간 지원사업,부산진구,부산,창업·농어업,마감,1차 1-2-5,,,,,,
20250109005400210095,부산진구 창업 키워드림 지원사업,부산진구,부산,창업·농어업,마감,1차 1-2-5,,,,,,
20250108005400210079,부산진구 청년 공모전,부산진구,중앙,정책기반,마감,1차 5-18-47,,,,,,
20250108005400210074,부산진구 청년 자격시험 응시료 지원,부산진구,부산,취업·일경험,마감,1차 1-1-2,,,3290000202430027,청년 자격시험 응시료 지원 사업,0.71,
20250108005400210071,부산진구 청년 행정인턴,부산진구,부산,취업·일경험,마감,1차 1-1-2,,,329000020233008D,청년 행정 인턴,2.63,
20250108005400210075,부산진구 청년1인가구 주거환경개선 프로그램,부산진구,부산,주거,마감,1차 2-7-15,,,,,,
20250108005400210080,부산진구 청년네트워크,부산진구,부산,참여·권리,마감,1차 5-17-45,,,,,,
20250108005400210077,부산진구 청년마루(일자리카페) 운영,부산진구,부산,문화·건강,마감,1차 4-16-42,,,,,,
20250108005400210082,부산진구 청년정책 기본계획 수립을 위한 연구용역,부산진구,부산,참여·권리,마감,1차 5-17-45,,,,,,
20250108005400210078,부산진구 청년주간 운영,부산진구,부산,문화·건강,마감,1차 4-16-42,,,,,,
20250109005400210097,부산진구 청년창조발전소 공유오피스 창업공간 지원 사업,부산진구,부산,창업·농어업,마감,1차 1-2-5,,,,,,
20250109005400210098,부산진구 청년창조발전소 청년카페 입주,부산진구,부산,창업·농어업,마감,1차 1-2-5,,,,,,
20250108005400210072,부산진구 청년취업매니저,부산진구,부산,취업·일경험,마감,1차 3-11-27,,,,,,
20250108005400210076,부산진구 청년플랫폼(청년FLEX) 관리 및 운영,부산진구,부산,문화·건강,마감,1차 4-16-42,,,329000020213000C,청년플랫폼(청년FLEX) 관리 및 운영,0.25,
20260513005400213188,부산청년 글로벌 잡(JOB) 챌린지 프로젝트,부산광역시 청년산학국 청년정책과,부산,취업·일경험,상시,2차 1-2-5,,,626000020253008E,부산청년 글로벌잡(JOB) 챌린지 프로젝트(국가직접지원),2.4,
20250515005400210827,부산청년 기쁨두배통장,부산광역시,부산,금융·생활안정,마감,1차 4-13-32,626000000631,이름 대조(신뢰도 중간),,,,
20250517005400210845,부산청년 만원플러스 문화패스,부산광역시,부산,문화·건강,마감,1차 4-16-42,626000000636,이름 대조(신뢰도 중간),,,,20260513005400213193
20250502005400210779,부산청년 머물자리론,청년정책과,부산,주거,마감,1차 2-5-10,,,,,,
20250515005400210823,부산청년 일하는 기쁨카드,부산광역시,부산,취업·일경험,마감,1차 1-4-8,626000000618,이름 대조(신뢰도 높음),6260000202330140,부산 청년 일하는 기쁨카드 지원,21.3,20260513005400213204
20260429005400212910,부산청년 잡(JOB)매칭 인턴사업,부산광역시 청년산학국 청년정책과,부산,취업·일경험,상시,2차 1-2-5,,,62600002026300A1,부산청년 잡(JOB)매칭 인턴사업,7.7,
20250515005400210821,부산청년 정장대여서비스(드림옷장),부산광역시,부산,취업·일경험,마감,1차 1-1-2,,,6260000201830083,청년 정장 대여서비스 지원,3.5,
20260429005400212911,부산청년 취업성공풀(Full) 패키지 지원,부산광역시 청년산학국 청년정책과,부산,취업·일경험,상시,2차 1-2-5,,,62600002025301E0,부산청년 취업성공풀(Full)패키지 지원(국가직접지원),13.0,
20250517005400210836,부산청년멘토단 운영,부산광역시,부산,참여·권리,마감,1차 5-17-45,,,,,,
20250517005400210837,부산청년봉사단,부산광역시,부산,참여·권리,마감,1차 5-17-45,,,,,,
20260513005400213191,부산청년센터 운영,부산광역시 청년산학국 청년정책과,부산,참여·권리,상시,2차 5-15-58,,,,,,
20260504005400213053,부여군 군복무 청년 상해보험 가입 지원,안전총괄과,충남,금융·생활안정,진행중,2차 4-12-44,457000000159,이름 대조(신뢰도 중간),,,,
20250307005400210600,부천 청년 사진 Dream(드림),부천시,경기,취업·일경험,마감,1차 1-1-2,,,,,,
20250307005400210601,부천시 청년정책협의체 위원 모집(기간 연장),부천시,경기,참여·권리,마감,1차 5-19-50,,,,,,
20250718005400211398,브릿지 보증,제주특별자치도,제주,금융·생활안정,마감,1차 4-13-33,,,,,,
20260422005400212858,브릿지보증 (실패보장제) 강화,제주특별자치도 소상공인과,제주,창업·농어업,상시,2차 1-4-16,,,,,,20260416005400212754
20260416005400212754,브릿지보증 (실패보장제) 강화,제주특별자치도 소상공인과,제주,창업·농어업,상시,2차 1-4-16,,,,,,20260422005400212858
20250102005400210024,비정규학교 및 학력보완 교육 지원,제주시,제주,금융·생활안정,마감,1차 4-14-35,,,,,,
20260421005400212782,비정규학교 운영 및 교육비 지원,제주특별자치도 제주시,제주,금융·생활안정,상시,2차 4-12-44,,,,,,
20251211005400211972,빈집 리모델링 및 활용 지원,충청남도,충남,주거,마감,1차 2-5-10,,,,,,20251112005400211854
20251112005400211854,빈집 리모델링 및 활용 지원,충청남도 건축도시국 주택도시과,충남,주거,마감,1차 2-5-10,,,,,,20251211005400211972
20250109005400210129,빈집.빈점포 임대료 지원사업,전남광주통합특별시 강진군 인구정책과,전남,창업·농어업,마감,1차 1-2-5,,,,,,
20260408005400212600,빛고을 공예 창업프로젝트(2026 스타공예상품개발 및 일자리창출사업) 예비창업자 모집,전남광주통합특별시,광주,창업·농어업,마감,2차 1-4-12,,,,,,
20250710005400211175,빛고을장학재단 장학금 지원(25년 상반기),전남광주통합특별시 교육청년국 교육지원정책과,광주,교육·역량,마감,1차 3-10-25,629000000151,이름 대조(신뢰도 중간),,,,
20250115005400210297,빛나는 제주 청년희망 대출 이차보전,경제활력국,제주,금융·생활안정,마감,1차 4-13-33,650000001131,이름 대조(신뢰도 높음),,,,20260422005400212850
20250114005400210243,사상구 청년자격증 등 응시료 지원사업,사상구,부산,취업·일경험,마감,1차 1-1-2,,,,,,
20250114005400210235,사상구 청년활동지원 공모사업,사상구,부산,참여·권리,마감,1차 5-17-45,,,3390000202530025,청년활동지원 공모사업,0.1,
20250122005400210345,사천시 청년면접수당 지원사업,기획예산담당관,경남,취업·일경험,상시,2차 1-1-2,,,,,,
20260921005400213461,사회연대경제 청년 일경험 시범사업 참여청년 4차 모집,전남광주통합특별시,전남,취업·일경험,마감,2차 1-2-5,,,,,,
20260616005400213235,사회연대경제 청년 일경험사업 시범사업,전남광주통합특별시,광주,취업·일경험,마감,2차 1-2-5,,,,,,20260810005400213326 | 20260722005400213288
20260722005400213288,사회연대경제 청년 일경험사업 시범사업,전남광주통합특별시,전남,취업·일경험,마감,2차 1-2-5,,,,,,20260810005400213326 | 20260616005400213235
20260810005400213326,사회연대경제 청년 일경험사업 시범사업(3차),전남광주통합특별시,전남,취업·일경험,마감,2차 1-2-5,,,5805000202630088 | 58200002026300D1 | 4820000202630116 | 4830000202630145 | 49500002026300C1 | 58250002026300F7 | 48500002026300DE | 493000020263015C,사회연대경제 청년 일경험 시범사업 | 사회연대경제청년일경험시범사업 | 사회연대경제 청년일경험 시범사업 | 사회연대경제 청년 일경험 시범사업 | 사회연대경제 청년 일경험 시범사업 | 사회연대경제청년일경험시범사업 | 사회연대경제 청년 일경험 시범사업 | 사회연대경제 청년 일경험 시범사업,8.1,20260722005400213288 | 20260616005400213235
20250114005400210222,사회적 고립청년 지원(부산시 금정구),경제교통국,부산,금융·생활안정,마감,1차 4-14-35,,,335000020253001B,사회적 고립청년 지원,0.05,
20250113005400210195,사회적경제 청년혁신가 지원사업,전북특별자치도,전북,취업·일경험,마감,1차 1-1-1,,,4670000201830110 | 470000020193000C,사회적경제 청년혁신가 지원 | 사회적경제 청년혁신가 지원사업(인건비),0.17,
20251219005400212037,사회적경제기업 창업교육 운영,전남광주통합특별시,전남,교육·역량,마감,1차 3-9-21,,,,,,
20251120005400211907,사회적경제기업 혁신일자리지원 사업,충청북도,충북,취업·일경험,마감,1차 1-1-1,,,,,,
20250711005400211189,산단 노동자 작업복세탁소 운영,전남광주통합특별시 노동일자리정책관,광주,금융·생활안정,마감,1차 4-14-36,,,,,,
20250711005400211188,산단노동자 조식지원,전남광주통합특별시 노동일자리정책관,광주,금융·생활안정,마감,1차 4-14-36,,,,,,
20260413005400212715,산모·신생아 재가돌봄 서비스 지원,울산광역시,울산,문화·건강,진행중,2차 4-14-55,631000000712,이름 대조(신뢰도 높음),,,,20250717005400211335
20250717005400211335,산모·신생아 재가돌봄 서비스 지원,울산광역시,울산,금융·생활안정,마감,1차 4-14-36,631000000712,이름 대조(신뢰도 높음),,,,20260413005400212715
20251120005400211911,산업단지 중소기업 근로자 출퇴근 지원사업,충청북도,충북,취업·일경험,마감,1차 1-1-3,,,,,,
20251214005400212003,산업단지 청년문화센터 건립,충청남도,충남,문화·건강,마감,1차 4-16-42,,,,,,20260504005400113118
20250917005400211725,산업디자인 우수인재 해외연수 실시,경제기업과,경남,참여·권리,마감,1차 5-20-52,,,,,,
20260430005400212973,산업체 재직자 워라밸 프로그램 운영,청년정책과,충남,문화·건강,마감,2차 4-14-53,,,,,,
20260406005400212481,산업혁신 인재성장 지원(해외연계),인하대학교,인천,교육·역량,상시,2차 2-5-19,,,,,,20250718005400211422
20250718005400211422,산업혁신 인재성장 지원(해외연계),반도체바이오과,인천,취업·일경험,마감,1차 3-9-19,,,,,,20260406005400212481
20250220005400210498,산학 프로젝트 Lab 지원,충청북도,충북,교육·역량,마감,1차 3-9-19,,,,,,
20260406005400212477,산학융합지구 촉진지원사업  대학생 현장맞춤형 교육,인천광역시 해양항공국 항공과,인천,교육·역량,상시,2차 2-6-20,,,,,,20250718005400211424
20250718005400211424,산학융합지구 촉진지원사업 대학생 현장맞춤형 교육,항공과,인천,교육·역량,마감,1차 3-9-19,,,,,,20260406005400212477
20250917005400211715,산학일체형 도제학교 운영,산업인력과,경남,취업·일경험,마감,1차 3-9-22,,,,,,
20250715005400111245,산학일체형 도제학교 지원사업,울산광역시,울산,교육·역량,마감,1차 3-9-21,,,,,,
20251230005400212051,산학협력 취업패키지 과정 운영 지원,전남광주통합특별시,전남,교육·역량,마감,1차 3-11-28,,,,,,
20260407005400212545,삼산동 청년 유홈 건립 사업,울산광역시,울산,주거,마감,2차 3-8-27,,,,,,
20250714005400111212,삼산동 청년희망주택 건립,울산광역시,울산,주거,마감,1차 2-5-10,,,6310000202330078,삼산동 청년희망주택 건립,22.81,
20260406005400212473,삼성희망디딤돌 인천센터 운영,인천광역시 여성가족국 아동정책과,인천,금융·생활안정,상시,2차 4-12-43,,,,,,20250718005400211454
20250718005400211454,삼성희망디딤돌 인천센터 운영,아동정책과,인천,금융·생활안정,마감,1차 4-14-34,,,,,,20260406005400212473
20260522005400213217,삼척중앙시장 청년몰 운영사업,강원특별자치도 삼척시,강원,창업·농어업,마감,2차 1-4-12,,,,,,
20260831005400213361,삼척중앙시장 청년몰 청년상인 수시모집,강원특별자치도 삼척시,강원,창업·농어업,진행중,2차 1-4-12,,,,,,
20260522005400213220,삼척형 일자리 안심공제,강원특별자치도 삼척시,강원,금융·생활안정,상시,2차 4-11-38,,,,,,
20260522005400213215,삼척형 청년스타트업 창업지원사업,강원특별자치도 삼척시,강원,창업·농어업,마감,2차 1-4-12,,,,,,
20260522005400213218,삼척형 청년인턴 지원사업,강원특별자치도 삼척시,강원,취업·일경험,마감,2차 1-1-1,,,,,,
20250227005400210571,상무지구 광주형 통합공공임대주택 건립,전남광주통합특별시 도시공간국 주택정책과,광주,주거,마감,1차 2-5-10,,,,,,
20260407005400212543,상안지구 행복주택 건립,울산광역시,울산,주거,진행중,2차 3-8-27,,,,,,20250714005400111208 | 20250714005400111209
20250714005400111209,상안지구 행복주택 건립,울산광역시,울산,주거,마감,1차 2-5-10,,,,,,20260407005400212543 | 20250714005400111208
20260421005400212781,상장기업 육성 지원사업 운영,제주특별자치도 기업투자과,제주,취업·일경험,마감,2차 1-2-5,,,,,,20251110005400211821
20251110005400211821,상장기업 육성 지원사업 운영,제주특별자치도 경제활력국 기업투자과,제주,취업·일경험,마감,1차 1-1-1,,,,,,20260421005400212781
20260313005400212135,새마을 해외봉사활동,경상북도 안전행정실,경북,참여·권리,마감,2차 5-17-63,,,,,,
20260408005400212578,새일센터 지정 운영,경상남도,경남,취업·일경험,상시,2차 1-1-1,,,,,,
20251106005400211807,생성형 AI 고위험 고립 · 은둔 청(소)년 사전예방 시스템[점프프렌즈(JUMP FRIENDS)],경기도 화성시 복지국 청년청소년정책과,경기,금융·생활안정,마감,1차 4-14-35,,,,,,
20260504005400213132,생활권 보행환경 종합정비사업 (안서동 청년안심 탄소중립 보행환경 개선),시장,충남,주거,상시,2차 3-10-33,,,,,,
20260806005400213321,서구 청년 천원 복비(부동산 중개보수) 지원사업,전남광주통합특별시,광주,주거,진행중,2차 3-9-30,,,,,,
20250117005400210329,서구 청년정책네트워크 운영,서구,부산,참여·권리,마감,1차 5-17-44,,,32600002023300CA,청년정책네트워크 운영,0.08,
20260413005400212716,서귀포시 대학생·청년 아르바이트,제주특별자치도 서귀포시 자치행정국 기획예산과,제주,취업·일경험,마감,2차 1-1-3,,,,,,20260422005400212865 | 20250328005400210671
20260422005400212865,서귀포시 대학생·청년 아르바이트,제주특별자치도 서귀포시 자치행정국 기획예산과,제주,취업·일경험,마감,2차 1-1-3,,,,,,20260413005400212716 | 20250328005400210671
20250328005400210671,서귀포시 대학생·청년 아르바이트 사업,서귀포시,제주,취업·일경험,마감,1차 1-1-2,,,,,,20260422005400212865 | 20260413005400212716
20260422005400212859,서귀포시 스타트업베이 운영,제주특별자치도 서귀포시 농수축산경제국 경제일자리과,제주,창업·농어업,진행중,2차 1-4-13,,,,,,20260414005400212729 | 20250115005400210292
20260414005400212729,서귀포시 스타트업베이 운영,제주특별자치도 서귀포시 농수축산경제국 경제일자리과,제주,창업·농어업,진행중,2차 1-4-13,,,,,,20260422005400212859 | 20250115005400210292
20250115005400210292,서귀포시 스타트업베이 운영,서귀포시,제주,창업·농어업,마감,1차 1-2-4,,,,,,20260422005400212859 | 20260414005400212729
20260421005400212807,서귀포시 청년 부자학교 운영,제주특별자치도 서귀포시 자치행정국 기획예산과,제주,금융·생활안정,마감,2차 4-11-41,,,,,,20250717005400211374
20250717005400211374,서귀포시 청년 부자학교 운영,자치행정국,제주,참여·권리,마감,1차 5-20-51,,,,,,20260421005400212807
20260421005400212824,서귀포시 청년 커뮤니티 활동 지원사업,서귀포시 자치행정국 기획예산과,제주,참여·권리,진행중,2차 5-17-62,,,,,,
20260413005400212722,서귀포시 청년농업인 영농정착 지원,제주특별자치도 서귀포시 농수축산경제국 친환경농정과,제주,창업·농어업,마감,2차 1-4-13,650000001116,이름 대조(신뢰도 높음),,,,20260422005400212868
20260422005400212868,서귀포시 청년농업인 영농정착 지원,제주특별자치도 서귀포시 농수축산경제국 친환경농정과,제주,창업·농어업,마감,2차 1-4-13,650000001116,이름 대조(신뢰도 높음),,,,20260413005400212722
20260421005400212821,서귀포시 청년정책협의체 운영,제주특별자치도 서귀포시 자치행정국 기획예산과,제주,참여·권리,마감,2차 5-15-57,,,,,,20250328005400210669
20250328005400210669,서귀포시 청년정책협의체 운영,서귀포시,제주,참여·권리,마감,1차 5-17-45,,,,,,20260421005400212821
20250718005400211394,서귀포시 청년지원센터 조성,청년정책담당관,제주,정책기반,마감,1차 5-18-48,,,,,,
20260422005400212862,서귀포시 취업준비 청년 자격증 등 응시료 지원사업,제주특별자치도 서귀포시 자치행정국 기획예산과,제주,취업·일경험,진행중,2차 1-1-3,,,,,,20260413005400212718 | 20250328005400210670
20260413005400212718,서귀포시 취업준비 청년 자격증 등 응시료 지원사업,제주특별자치도 서귀포시 자치행정국 기획예산과,제주,취업·일경험,진행중,2차 1-1-3,,,,,,20260422005400212862 | 20250328005400210670
20250328005400210670,서귀포시 취업준비 청년 자격증 등 응시료 지원사업,서귀포시,제주,취업·일경험,마감,1차 1-1-2,,,,,,20260422005400212862 | 20260413005400212718
20260504005400213056,서산시 공동육아나눔터(장난감도서관) 운영,가족지원과,충남,문화·건강,상시,2차 4-14-54,,,,,,
20260504005400213042,서산시 군복무 청년 상해보험 가입,기획예산담당관,충남,문화·건강,진행중,2차 4-13-49,,,,,,20250103005400210045
20250103005400210045,서산시 군복무 청년 상해보험 가입,서산시,충남,문화·건강,마감,1차 4-15-40,,,,,,20260504005400213042
20260504005400213034,서산시 대학생 아르바이트 운영,자치행정국,충남,취업·일경험,마감,2차 1-2-5,,,,,,
20260504005400213067,서산시 성연청소년문화의집 운영,가족지원과,충남,문화·건강,상시,2차 4-14-53,,,,,,
20260504005400213058,서산시 일자리종합센터 취업지원 프로그램 운영,일자리경제과,충남,취업·일경험,상시,2차 1-2-5,,,,,,
20260504005400213026,서산시 임신축하금 지원,건강증진과,충남,금융·생활안정,진행중,2차 4-12-44,,,,,,
20260504005400213063,서산시 자립준비청년 운전면허 취득지원 사업,가족지원과,충남,교육·역량,마감,2차 2-5-19,,,,,,
20260504005400213073,서산시 전입 대학생 생활안정 지원,자치행정국,충남,금융·생활안정,진행중,2차 4-12-45,453000000202,이름 대조(신뢰도 중간),,,,
20260504005400213070,서산시 창업보육센터 지원,투자유치과,충남,교육·역량,진행중,2차 2-6-20,SD0000001490,이름 대조(신뢰도 중간),,,,
20260504005400213020,서산시 청년 신혼부부 주택 전세자금 대출이자 지원사업,주택과,충남,주거,상시,2차 3-9-31,453000000172,이름 대조(신뢰도 중간),,,,
20260504005400213027,서산시 청년농 미디어커머스 지원,농식품유통과,충남,문화·건강,진행중,2차 4-14-52,,,,,,
20260504005400213029,서산시 청년농어업인 행복바우처 지원사업,농업정책과,충남,문화·건강,상시,2차 4-14-53,453000000206,이름 대조(신뢰도 중간),,,,
20260504005400213017,서산시 청년어촌정착지원사업,해양수산과,충남,주거,상시,2차 3-10-34,119200000174,이름 대조(신뢰도 중간),,,,
20260504005400213045,서산시 청년의 날 행사 추진,기획예산담당관,충남,문화·건강,마감,2차 4-14-51,,,,,,20250103005400210040
20250103005400210040,서산시 청년의 날 행사 추진,서산시,중앙,참여·권리,마감,1차 5-19-50,,,,,,20260504005400213045
20260504005400213048,서산시 청년정책네트워크 구성·운영,기획예산담당관,충남,문화·건강,진행중,2차 4-14-51,,,,,,
20260504005400213037,서산시 출산지원금 및 둘째 이후 영유아 양육비 지원,기획예산담당관,충남,금융·생활안정,상시,2차 4-12-45,453000000175,이름 대조(신뢰도 중간),,,,
20250103005400210038,서산시청년정책네트워크 운영,서산시,충남,참여·권리,마감,1차 5-19-50,,,4530000202230031,청년정책네트워크 운영,0.7,
20250103005400210032,서산시청년정책위원회 운영,서산시,중앙,참여·권리,마감,1차 5-17-45,,,,,,
20250103005400210039,서산청년마당 운영,서산시,중앙,참여·권리,마감,1차 5-19-50,,,,,,
20250404005400210690,서울 동아리ON(대학생 동아리 사회 기여 활동 지원) 사업,서울특별시,서울,참여·권리,마감,1차 5-19-50,,,,,,
20250317005400210643,서울 러닝크루,체육진흥과,서울,금융·생활안정,마감,1차 4-14-36,,,,,,
20250315005400210616,서울 매력일자리,경제일자리기획관,서울,취업·일경험,마감,1차 1-1-1,,,,,,
20250519005400210851,서울 영테크,청년사업담당관,서울,금융·생활안정,마감,1차 4-13-32,,,,,,
20250316005400210625,서울 청년 밀키트 창업지원,농수산유통과,서울,창업·농어업,마감,1차 1-2-5,,,6110000202330930,서울 청년 밀키트 창업지원,0.0,
20250519005400210850,서울 청년수당,청년사업담당관,서울,금융·생활안정,마감,1차 4-14-34,611000000126,이름 대조(신뢰도 중간),,,,
20250522005400210872,서울광역청년센터 운영,청년사업담당관,서울,정책기반,마감,1차 5-19-49,,,611000020243000D,서울광역청년센터 운영,35.16,
20250519005400210859,서울시 고립·은둔청년 지원사업,청년사업담당관,서울,금융·생활안정,마감,1차 4-14-35,,,6110000202030410,서울시 고립·은둔청년 지원,43.91,
20250522005400210869,서울시 위원회 청년위촉 지정 및 관리,청년정책담당관,중앙,정책기반,마감,1차 5-18-47,,,,,,
20250315005400210614,서울시 일자리카페 운영,경제일자리기획관,서울,취업·일경험,마감,1차 1-1-1,,,,,,
20250305005400110593,서울시 청년수당,서울특별시,서울,금융·생활안정,마감,1차 4-14-36,611000000126,이름 대조(신뢰도 중간),,,,
20250515005400210822,서울시 청년해외봉사단,서울특별시,서울,참여·권리,마감,1차 5-20-52,,,,,,20250522005400210870
20250522005400210870,서울시 청년해외봉사단 사업,청년정책담당관,서울,참여·권리,마감,1차 5-20-52,,,6110000202430006,서울시 청년해외봉사단,10.23,20250515005400210822
20260424005400212872,서울영커리언스 인턴십Ⅰ(여름학기),서울특별시 미래청년기획관 청년정책담당관,서울,교육·역량,마감,2차 2-6-20,,,,,,
20260722005400213264,서울영커리언스 점프업(미래 청년 일자리 사업),서울특별시 미래청년기획관 청년정책담당관,서울,취업·일경험,마감,2차 1-1-1,,,,,,
20250316005400210619,서울청년 예비인턴,청년정책담당관,서울,취업·일경험,마감,1차 1-1-3,,,,,,
20250227005400210572,서울청년문화패스,서울특별시,서울,문화·건강,마감,1차 4-16-42,611000019625,이름 대조(신뢰도 높음),6110000202330410,서울 청년문화패스 지원,90.81,20250316005400210640
20250316005400210640,서울청년문화패스 지원,문화정책과,서울,문화·건강,마감,1차 4-16-42,611000019625,이름 대조(신뢰도 높음),,,,20250227005400210572
20250316005400210638,서울해외교환학생장학금,재단법인서울장학재단,중앙,교육·역량,마감,1차 3-10-23,,,,,,
20250309005400210602,서울형 강소기업 육성 지원,경제일자리기획관,서울,취업·일경험,마감,1차 1-1-1,,,,,,
20250315005400210613,서울형 청년인턴 직무캠프,경제일자리기획관,서울,취업·일경험,마감,1차 1-1-1,,,6110000202130310,서울형 청년인턴 직무캠프,39.26,
20250316005400210636,서울희망 공익인재 장학금,재단법인서울장학재단,중앙,교육·역량,마감,1차 3-10-23,,,,,,
20250316005400210635,서울희망대학진로장학금,재단법인서울장학재단,서울,교육·역량,마감,1차 3-10-23,,,,,,
20250316005400210634,"서울희망직업전문학교장학금 (前, 등록금 지원 장학사업)",재단법인서울장학재단,서울,교육·역량,마감,1차 3-10-24,,,,,,
20251230005400212050,선취업 후진학 과정 운영 지원,전남광주통합특별시,전남,취업·일경험,마감,1차 3-11-26,,,,,,
20250103005400210028,성연 청소년문화의집 운영,서산시,중앙,문화·건강,마감,1차 4-16-42,,,,,,
20260331005400212373,성주군 예비 창업가 육성지원사업,경상북도 성주군 미래전략실,경북,창업·농어업,마감,2차 1-4-12,,,,,,
20260330005400212335,성주군 청년스타트업 지원사업,경상북도 성주군 미래전략실,경북,창업·농어업,마감,2차 1-4-12,,,,,,
20250904005400211654,세종 청년센터 운영,청년정책담당관,세종,정책기반,마감,1차 5-19-49,,,,,,
20250904005400211647,세종 청년정책네트워크 구성·운영,청년정책담당관,세종,참여·권리,마감,1차 5-17-45,,,,,,
20250904005400211656,세종 청년참여마일리지 운영,청년정책담당관,세종,참여·권리,마감,1차 5-19-50,,,,,,
20250904005400211646,세종청년주간 운영,청년정책담당관,세종,문화·건강,마감,1차 4-16-42,,,,,,
20260422005400212843,소규모 농가 경영안정 지원사업,제주특별자치도,제주,취업·일경험,마감,2차 1-2-6,,,,,,20251111005400211829
20251111005400211829,소규모 농가 경영안정 지원사업,제주특별자치도 농축산식품국 친환경농업정책과,제주,창업·농어업,마감,1차 1-2-5,,,,,,20260422005400212843
20250723005400211480,소규모 문화예술공간 구축사업,문화산업과,전북,문화·건강,마감,1차 4-16-42,,,,,,
20260910005400213404,소사청년공간 소사로움 운영,경기도 부천시,경기,문화·건강,상시,2차 4-14-53,,,386000020263003C,소사청년공간 소사로움 운영,0.14,
20250220005400210489,소프트웨어(SW) 미래채움 사업,충청북도,충북,교육·역량,마감,1차 3-9-19,,,,,,
20250512005400210809,속초시 청년 이사비용 지원사업,속초시,강원,주거,마감,1차 2-8-18,,,4231000202530023,속초시 청년 이사비용 지원사업,0.15,
20250512005400210808,속초시 청년 취업자격증 취득 응시료 지원사업,속초시,강원,취업·일경험,마감,1차 1-1-2,,,,,,
20251211005400211974,수도권 철도 정기승차권 교통비 지원,충청남도,충남,주거,마감,1차 2-7-15,644000000837,이름 대조(신뢰도 높음),,,,20251112005400211856
20251112005400211856,수도권 철도 정기승차권 교통비 지원사업,충청남도 건설교통국 교통정책과,충남,주거,마감,1차 2-8-18,644000000837,이름 대조(신뢰도 높음),,,,20251211005400211974
20251110005400211822,수도권 청년 대상 찾아가는 토크콘서트(꿈의 그라운드 경남),경상남도 교육청년국 청년정책과,중앙,취업·일경험,마감,1차 1-1-1,,,,,,
20250113005400210169,순창군 결혼장려금 지원,순창군,전북,금융·생활안정,마감,1차 4-13-32,,,,,,
20250113005400210172,순창군 임신지원금 지원,순창군,전북,문화·건강,마감,1차 4-15-40,,,,,,
20250113005400210177,순창군 직업교육훈련 교육비 지원사업,순창군,전북,취업·일경험,마감,1차 1-1-2,,,,,,
20250113005400210170,순창군 청년문화센터 운영,순창군,전북,문화·건강,마감,1차 4-16-42,,,,,,
20250113005400210182,순창군 출산장려금 지원,순창군,전북,금융·생활안정,마감,1차 4-13-32,,,,,,
20250114005400210257,순천시 공유오피스멤버십 운영,전남광주통합특별시 순천시,전남,금융·생활안정,마감,1차 4-13-33,,,,,,
20250114005400210258,순천시 수요창업상담 운영,전남광주통합특별시 순천시,전남,창업·농어업,마감,1차 1-2-5,,,,,,
20250115005400210290,순천시 위원회 청년위원 20% 확대,전남광주통합특별시 순천시,전남,참여·권리,마감,1차 5-17-44,,,,,,
20250115005400210304,순천시 청년정책 114 운영,전남광주통합특별시 순천시,전남,정책기반,마감,1차 5-19-49,,,,,,
20250114005400210260,순천시 청년창업 성장지원사업,전남광주통합특별시 순천시,전남,창업·농어업,마감,1차 1-2-5,,,,,,
20250114005400210259,순천시 청년창업스쿨,전남광주통합특별시 순천시,전남,창업·농어업,마감,1차 1-2-5,,,,,,
20250114005400210261,순천시 청춘창고,전남광주통합특별시 순천시,전남,창업·농어업,마감,1차 1-2-5,,,,,,
20250114005400210255,순천형 청년공동체 활성화 사업,전남광주통합특별시 순천시,전남,문화·건강,마감,1차 4-16-42,,,,,,
20250114005400210229,스마트 모빌리티 창업캠프사업,미래모빌리티과,중앙,취업·일경험,마감,2차 1-2-5,627000000735,이름 대조(신뢰도 높음),,,,
20250908005400211670,스마트공장 인력양성 사업,산업정책과,경남,취업·일경험,마감,1차 3-11-28,,,,,,
20251214005400211983,스마트팜 청년 창업 교육,충청남도,충남,교육·역량,마감,1차 3-9-21,,,64400002024300A9 | 64400002024300AA,스마트팜 청년 창업 교육(도) | 스마트팜 청년 창업 교육(시군),6.12,20260504005400113092
20260129005400212088,스터디카페·독서실 이용료 지원,강원특별자치도 원주시,강원,취업·일경험,진행중,2차 1-1-2,419100000008,이름 대조(신뢰도 높음),,,,20250327005400210663
20250327005400210663,스터디카페·독서실 이용료 지원,원주시,강원,취업·일경험,마감,1차 1-1-2,419100000008,이름 대조(신뢰도 높음),,,,20260129005400212088
20260406005400212512,스포츠산업 창업 지원,인천광역시 문화체육국 체육진흥과,인천,창업·농어업,상시,2차 1-4-12,,,,,,20250718005400211400
20250718005400211400,스포츠산업 창업지원,체육진흥과,인천,창업·농어업,마감,1차 1-2-5,,,,,,20260406005400212512
20260413005400212696,슬기로운 청년 경제교육,울산광역시,울산,금융·생활안정,진행중,2차 4-11-40,,,,,,20260410005400212671
20260410005400212671,슬기로운 청년 경제교육,울산광역시,울산,금융·생활안정,진행중,2차 4-11-40,,,,,,20260413005400212696
20260402005400212384,시 공공기관 청년인턴 채용사업,울산광역시,울산,취업·일경험,진행중,2차 1-1-3,,,,,,20250714005400211201
20250714005400211201,시 공공기관 청년인턴 채용사업,울산광역시,울산,취업·일경험,마감,1차 1-1-2,,,,,,20260402005400212384
20260413005400212727,시 위원회 청년위원 참여비율 향상,울산광역시,울산,참여·권리,진행중,2차 5-15-57,,,,,,20250717005400211337
20250717005400211337,시 위원회 청년위원 참여비율 향상,울산광역시,울산,참여·권리,마감,1차 5-17-44,,,,,,20260413005400212727
20251214005400211997,시·군 청년예술인 협력 공연,충청남도,충남,문화·건강,마감,1차 4-16-43,,,,,,20251113005400211875
20251113005400211875,시·군 청년예술인 협력 공연,충청남도 문화체육관광국 문화정책과,충남,문화·건강,마감,1차 4-16-41,,,,,,20251214005400211997
20250917005400211747,시군 주도 청년일자리,산업인력과,경남,취업·일경험,마감,1차 1-1-1,,,,,,
20250114005400210215,시군 청년혁신가 예비창업지원,전북특별자치도,전북,창업·농어업,마감,1차 1-2-4,,,4790000201930037 | 471000020193010F | 4670000201930107 | 4740000201930109 | 473000020223003C,시군청년혁신가 예비창업지원사업 | 시군 청년혁신가 예비창업지원(도 직접지원) | 시군 청년혁신가 예비창업지원사업 | 시군청년혁신가 예비창업지원 | 시군 청년혁신가 예비창업 지원사업,2.7,
20250219005400210469,신 취약청년(가족돌봄·고립은둔) 지원사업,충청북도,충북,금융·생활안정,마감,1차 4-14-35,,,,,,
20260506005400213148,신개념 세대융합 청년창업 지원,인천광역시 미래산업국 산업창업정책과,인천,창업·농어업,상시,2차 1-4-15,,,,,,
20250718005400211388,신개념 청년창업 지원 사업,창업벤처과,인천,창업·농어업,마감,1차 1-2-4,,,,,,
20250908005400211671,신규(청년)농업인 현장실습교육,농업기술센터,세종,창업·농어업,마감,1차 1-2-5,,,,,,
20250113005400210197,신기술접목 차세대 영농인 육성지원,전북특별자치도,전북,취업·일경험,마감,1차 1-1-2,,,,,,
20250922005400211779,신산업 연계 청년일자리 창출사업,청년정책담당관,경남,취업·일경험,마감,1차 1-1-1,,,,,,
20260427005400212877,신성장산업-청년인재플러스사업,제주특별자치도 노동일자리과,제주,취업·일경험,마감,2차 1-3-11,,,,,,20251110005400211823
20251110005400211823,신성장산업-청년인재플러스사업,제주특별자치도 경제활력국 노동일자리과,제주,취업·일경험,마감,1차 1-1-1,,,,,,20260427005400212877
20250822005400211521,신월지역 청년점포 및 청년기업 육성사업 참여자 추가모집 공고,양천구,중앙,창업·농어업,마감,1차 1-2-5,,,,,,
20251218005400212021,신재생에너지 도제․취업 패키지 프로젝트,전남광주통합특별시,전남,취업·일경험,마감,1차 1-1-1,,,,,,
20250714005400111210,신정동 청년희망주택 건립,울산광역시,울산,주거,마감,1차 2-5-10,,,,,,
20260407005400212550,신축 매입약정형 임대주택 공급,울산광역시,울산,주거,진행중,2차 3-8-27,,,,,,20250714005400111217
20250714005400111217,신축 매입약정형 임대주택 공급,울산광역시,울산,주거,마감,1차 2-5-10,,,,,,20260407005400212550
20250119005400210337,신혼(예비)부부 건강검진비 지원,전남광주통합특별시,전남,문화·건강,마감,1차 4-15-40,646000000117,이름 대조(신뢰도 높음),,,,
20260413005400212712,"신혼, 맞벌이부부 행복 공동육아나눔터 확충",울산광역시,울산,금융·생활안정,상시,2차 4-12-42,,,,,,20250716005400111314
20250716005400111314,"신혼, 맞벌이부부 행복 공동육아나눔터 확충",울산광역시,울산,금융·생활안정,마감,1차 4-14-35,,,,,,20260413005400212712
20260409005400212655,신혼부부 가구 주거비 지원사업,울산광역시,울산,주거,상시,2차 3-9-30,631000000125,이름 대조(신뢰도 중간),,,,20250714005400211220
20250714005400211220,신혼부부 가구 주거비 지원사업,울산광역시,울산,주거,마감,1차 2-6-13,,,,,,20260409005400212655
20250716005400211316,신혼부부 등 주택전세 및 연월세 자금 대출이자 지원,제주특별자치도,제주,주거,마감,1차 2-6-13,,,,,,
20260421005400212800,신혼부부 등 주택전세 연월세자금 대출이자 지원,건설주택국 주택토자과,제주,주거,진행중,2차 3-9-31,,,,,,
20250903005400211619,신혼부부 임차보증금 이자지원,경상북도,경북,금융·생활안정,마감,1차 4-13-32,647000000126,이름 대조(신뢰도 중간),,,,
20250220005400210516,신혼부부 전세자금 대출이자 지원 사업,청년여성교육국,대구,주거,마감,1차 2-6-13,627000000744,이름 대조(신뢰도 높음),,,,
20260330005400212334,신혼부부 전세자금 대출이자 지원사업,전북특별자치도 완주군,전북,금융·생활안정,상시,2차 4-11-39,654000000021,이름 대조(신뢰도 중간),,,,
20260330005400212317,신혼부부 주거비용 지원,경상북도 의성군 관광복지국,경북,주거,상시,2차 3-9-30,515000000169,이름 대조(신뢰도 높음),,,,20250904005400211626
20250502005400210775,신혼부부 주거자금 대출이자 지원,강원특별자치도,강원,주거,마감,1차 2-6-13,653000000012,이름 대조(신뢰도 높음),,,,
20250103005400210048,신혼부부 주택 전세자금 대출이자 지원,서산시,충남,주거,마감,1차 2-6-13,453000000172,이름 대조(신뢰도 높음),,,,
20250917005400211733,신혼부부 주택구입 대출이자 지원,주택과,경남,주거,마감,1차 2-5-10,,,,,,
20251217005400212015,신혼부부 주택구입 대출이자 지원사업,경상남도 합천군 안전건설국,경남,주거,마감,1차 2-5-10,,,,,,
20250220005400210499,신혼부부 주택자금 대출이자 지원,괴산군,충북,주거,마감,1차 2-6-12,,,,,,
20250114005400210256,신혼부부 주택전세자금 대출이자 지원사업,전남광주통합특별시 순천시,전남,주거,마감,1차 2-6-13,482000000115,이름 대조(신뢰도 높음),,,,
20250316005400210628,신혼부부 청년 임차보증금 지원사업,주택정책관,서울,주거,마감,1차 2-6-13,,,,,,
20251219005400212034,신혼부부·다자녀가정 보금자리 지원,전남광주통합특별시,전남,주거,마감,1차 2-6-13,646000000151,이름 대조(신뢰도 높음),,,,
20260325005400212264,신혼부부·청년 주택구입 대출이자 지원사업,전북특별자치도 익산시,전북,주거,진행중,2차 3-9-31,468100000004,이름 대조(신뢰도 높음),4681000202430170,신혼부부·청년 주택구입 대출이자 지원,40.0,
20250904005400211626,신혼부부주거비용지원,의성군,경북,주거,마감,1차 2-6-13,515000000169,이름 대조(신뢰도 높음),,,,20260330005400212317
20260107005400212076,심리상담 바우처 사업(구 전국민 마음투자 지원사업),보건복지부,중앙,문화·건강,상시,2차 4-13-46,,,,,,
20260430005400212960,아동복지시설 보호종료아동 자립정착금,제주특별자치도,제주,금융·생활안정,상시,2차 4-12-43,,,,,,20251113005400211881
20251113005400211881,아동복지시설 보호종료아동 자립정착금,제주특별자치도 복지가족국 아동보육청소년과,제주,금융·생활안정,마감,1차 4-13-32,,,,,,20260430005400212960
20260504005400213021,아산시 2026년 청년 취업아카데미,일자리경제과,충남,취업·일경험,상시,2차 1-2-5,,,,,,
20260504005400213014,아산시 AI-디스플레이 인력양성사업,일자리경제과,충남,취업·일경험,진행중,2차 1-2-5,,,,,,
20260504005400213023,아산시 독서커뮤니티 시트러스,일자리경제과,충남,문화·건강,진행중,2차 4-14-53,,,,,,
20260504005400213032,아산시 쉼표청년 지원사업,일자리경제과,충남,금융·생활안정,마감,2차 4-12-42,,,,,,
20260430005400213008,아산시 지역우수인재 고용촉진사업,일자리경제과,충남,취업·일경험,진행중,2차 1-2-5,452000000328,이름 대조(신뢰도 높음),,,,
20260504005400213028,아산시 청년 마음상담 서비스 토닥토닥,일자리경제과,충남,문화·건강,상시,2차 4-13-46,,,,,,
20260504005400213022,아산시 청년 생활물품 대여,일자리경제과,충남,금융·생활안정,상시,2차 4-12-44,452000000324,이름 대조(신뢰도 중간),,,,
20260504005400213030,아산시 청년 재무상담 서비스 「영앤리치」,일자리경제과,충남,교육·역량,상시,2차 2-5-19,,,,,,
20260504005400213019,아산시 청년아지트 나와유 청년 클래스,일자리경제과,충남,문화·건강,상시,2차 4-14-51,,,,,,
20260504005400213024,아산시 청년위원회 운영,일자리경제과,충남,문화·건강,마감,2차 4-14-55,,,,,,
20260504005400213015,아산시 청년정장 대여사업,일자리경제과,충남,취업·일경험,진행중,2차 1-1-1,452000000320,이름 대조(신뢰도 중간),,,,
20260504005400213031,아산시 청년정책조정위원회 운영,일자리경제과,충남,문화·건강,상시,2차 4-14-55,,,,,,
20250904005400211636,아이 돌보는 아빠장려금,인구여성가족과,세종,금융·생활안정,마감,1차 4-13-32,569000000385,링크 기재,,,,
20250416005400210713,아이돌봄서비스 신규 및 월120시간 이용자 본인부담금 확대지원,의왕시,경기,금융·생활안정,마감,1차 4-14-36,403000000146,이름 대조(신뢰도 중간),,,,
20260406005400212471,아이플러스(i+) 맺어드림(나만의 결혼식),인천광역시 여성가족국 인구전략기획과,인천,문화·건강,상시,2차 4-14-55,,,,,,
20260406005400212437,아이플러스(i+) 집드림_1.0 이자지원,인천광역시 도시계획국 주택정책과,인천,주거,상시,2차 3-9-31,,,,,,
20260406005400212507,아이플러스(i+) 집드림_천원주택,인천광역시 도시계획국 주택정책과,인천,주거,상시,2차 3-8-27,,,,,,
20250416005400210712,아픈아이홈케어,의왕시,경기,금융·생활안정,마감,1차 4-14-36,403000000145,이름 대조(신뢰도 높음),,,,
20250902005400211578,안계행복플랫폼청년창업점포운영,의성군,중앙,창업·농어업,마감,1차 1-2-5,,,,,,
20260319005400212233,안성시 청년내일캠프,경기도 안성시,경기,취업·일경험,마감,2차 1-1-1,,,,,,
20260319005400212229,안성시 청년맞춤 이력서 사진촬영 지원사업,경기도 안성시,경기,취업·일경험,상시,2차 1-1-1,,,,,,
20260319005400212234,안성시 특성화고 진로캠프,경기도 안성시,경기,취업·일경험,상시,2차 1-1-1,,,,,,
20260330005400212340,애향장학금 지원사업,전북특별자치도 완주군,전북,교육·역량,상시,2차 2-7-24,O00103800001,이름 대조(신뢰도 중간),,,,
20251121005400211913,양산시 대학생 학자금대출 이자지원,경상남도 양산시 문화관광체육국 평생교육과,경남,교육·역량,마감,1차 3-10-23,648000001022,이름 대조(신뢰도 중간),538000020203028A,대학생 학자금 대출 이자 지원,0.22,
20251121005400211924,"양산시 소상공인 육성자금(일반자금, 청년창업 특별자금) 지원",경상남도 양산시 경제국 민생경제과,경남,창업·농어업,마감,1차 1-2-5,,,,,,
20251120005400211906,양산시 중소기업 신규 고용 청년 인건비 지원,경상남도 양산시,경남,취업·일경험,마감,1차 1-1-1,,,5380000202530052,중소기업 신규 고용 청년 인건비 지원사업,0.92,
20251121005400211921,양산시 청년 면접비 지원,경상남도 양산시 경제국 민생경제과,경남,취업·일경험,마감,1차 1-1-1,,,5380000202530338,청년 면접비 지원사업,0.22,
20251121005400211925,양산시 청년 면접정장 지원사업 「청년날개 FIT」,경상남도 양산시 경제국 민생경제과,경남,취업·일경험,마감,1차 1-1-1,538000000652,이름 대조(신뢰도 중간),,,,
20251117005400211904,양산시 청년 자격증 응시료 지원,경상남도 양산시 경제국 민생경제과,경남,취업·일경험,마감,1차 1-1-2,,,5380000202430205,청년 자격증 응시료 지원사업,0.31,
20251121005400211926,양산시 청년정책단 운영,경상남도 양산시 경제국 민생경제과,경남,참여·권리,마감,1차 5-17-44,,,538000020203022A,청년정책단 운영,0.19,
20251121005400211917,양산시 출산가정 산후조리비용 지원,경상남도 양산시 양산시보건소 건강증진과,경남,금융·생활안정,마감,1차 4-13-33,,,,,,
20251121005400211916,양산시 출산축하용품 비용 지원,경상남도 양산시 양산시보건소 건강증진과,경남,금융·생활안정,마감,1차 4-13-33,,,,,,
20260407005400212549,양정동 청년 유홈 건립,울산광역시,울산,주거,마감,2차 3-8-27,,,,,,
20250714005400111216,양정동 청년희망주택 건립,울산광역시,울산,주거,마감,1차 2-5-10,,,6310000202330079,양정동 청년희망주택 건립,20.7,
20260907005400213375,양평군 청년 신혼부부 주거자금 대출이자 지원 사업,경기도 양평군 문화복지국,경기,주거,마감,2차 3-9-31,,,4170000202330034,청년신혼부부 주거자금 대출 이자 지원,0.8,
20260914005400213413,양평군상생행복일자리사업,경기도 양평군 경제안전국,경기,취업·일경험,마감,2차 1-2-4,,,,,,
20260428005400212891,언박싱 미!,경기도 평택시,경기,금융·생활안정,마감,2차 4-12-42,,,,,,
20250717005400211354,업사이클센터 지원사업,대구광역시,대구,창업·농어업,마감,1차 1-2-5,,,,,,
20250917005400211742,에너지성장 플러스 청년일자리,산업인력과,경남,취업·일경험,마감,1차 1-1-1,,,,,,
20260406005400212483,에코 크리에이터즈 운영,인천광역시 환경국 자원순환과,인천,참여·권리,상시,2차 5-15-58,,,,,,20250718005400211462
20250718005400211462,에코 크리에이터즈 운영,자원순환과,인천,참여·권리,마감,1차 5-17-45,,,,,,20260406005400212483
20250918005400211765,여성 창업지원 서비스 지원,여성가족과,경남,창업·농어업,마감,1차 1-2-5,,,,,,
20260511005400213179,여성창업지원(사업화지원),전남광주통합특별시,광주,창업·농어업,마감,2차 1-4-12,WII000000860,이름 대조(신뢰도 중간),,,,
20260414005400212743,여수시 청년 소상공인 맞춤형 방문 컨설팅 지원사업,전남광주통합특별시 여수시 기획경제국,전남,창업·농어업,마감,2차 1-4-12,,,4810000202330169,청년 소상공인 맞춤형 방문 컨설팅,0.6,
20260408005400212645,여수형 지역사회 거점형 양육지원사업,전남광주통합특별시 여수시 복지교육국,전남,문화·건강,상시,2차 4-14-55,,,,,,
20260408005400212646,여수형 청년 맞춤형 인턴 사업,전남광주통합특별시 여수시 기획경제국,전남,취업·일경험,마감,2차 1-1-3,,,4810000201730219,여수형 청년 맞춤형 인턴사업,4.62,
20250304005400210586,연구인재 역량강화 프로젝트,전남광주통합특별시,전남,교육·역량,마감,1차 3-9-22,,,,,,
20250113005400210176,연제구 청년 자격증 등 시험 응시료 지원사업,연제구,부산,취업·일경험,마감,1차 3-10-25,,,,,,
20250305005400210597,연제청년창업나래센터 신규 입주기업 모집(예비 또는 초기 창업자),경제문화국,부산,창업·농어업,마감,1차 1-2-5,,,,,,
20250219005400210466,영농4-H 활력화 기반구축 지원사업,충청북도,충북,취업·일경험,마감,1차 1-1-1,,,,,,
20250109005400210106,영농승계 청년농업인 육성 지원사업,전남광주통합특별시 해남군,전남,금융·생활안정,마감,1차 4-14-34,,,4930000202330032,영농승계 청년농업인 육성 지원사업,1.05,
20250114005400210238,영도 청년 자격증 응시료 지원사업,영도구,부산,취업·일경험,마감,1차 1-1-2,328000000108,이름 대조(신뢰도 높음),328000020223004E,영도청년 자격증 응시료 지원사업,0.21,
20250114005400210237,영도구 대학생 행정체험 연수사업,영도구,부산,취업·일경험,마감,1차 1-1-2,,,3280000202230011,대학생 행정 체험 연수,0.83,
20250114005400210240,영도청년정책네트워크 운영,영도구,부산,참여·권리,마감,1차 5-17-45,,,,,,
20250109005400210105,영세창업농 초기영농비 지원사업,전남광주통합특별시 해남군,전남,금융·생활안정,마감,1차 4-14-34,,,,,,
20250115005400210268,영암군 결혼장려금 지원,전남광주통합특별시 영암군,전남,금융·생활안정,마감,1차 4-13-33,494000000179,이름 대조(신뢰도 높음),,,,
20250723005400211484,영화영상활성화 지원사업(전북단편영화 제작스쿨 운영 지원),전북특별자치도,전북,문화·건강,마감,1차 4-16-41,,,,,,
20250723005400211485,영화영상활성화 지원사업(주민시네마스쿨 운영),전북특별자치도,전북,문화·건강,마감,1차 4-16-41,,,,,,
20260326005400212301,예비·신혼부부 무료건강검진,전북특별자치도 익산시,전북,문화·건강,진행중,2차 4-13-49,,,,,,
20260408005400212625,예비부부 건강검진 사업,전남광주통합특별시,광주,금융·생활안정,진행중,2차 4-11-38,,,,,,
20250715005400211279,예비청년 현장중심 진로체험 프로그램 운영,기획조정실,충남,교육·역량,마감,1차 3-11-28,,,,,,20260504005400113108
20260407005400212554,예술인이 만드는 마데인(Made in) 광산 문화예술단체육성 지원,전남광주통합특별시,광주,문화·건강,마감,2차 4-14-51,,,,,,
20260910005400213402,오정청년공간 운영,경기도 부천시,경기,문화·건강,상시,2차 4-14-53,,,,,,
20260616005400213237,오픈마이크 2기,전남광주통합특별시,광주,교육·역량,마감,2차 2-7-24,,,,,,20260722005400213290
20260722005400213290,오픈마이크 2기,전남광주통합특별시,광주,교육·역량,마감,2차 2-7-24,,,,,,20260616005400213237
20260409005400212652,온산 일자리연계형 지원주택 건립사업,울산광역시,울산,주거,진행중,2차 3-8-27,,,,,,
20250113005400210181,완도군 청년 자격증 응시료 지원사업,전남광주통합특별시 완도군,전남,취업·일경험,마감,1차 1-1-2,,,4990000202430030,청년 자격증 응시료 지원사업,0.03,
20260330005400212313,완주군 창업보육센터 운영,전북특별자치도 완주군,전북,취업·일경험,상시,2차 1-1-3,SD0000001490,이름 대조(신뢰도 중간),,,,
20260330005400212333,완주군 청년·신혼부부·다자녀가구 주택전세자금 대출이자 지원사업,전북특별자치도 완주군,전북,금융·생활안정,상시,2차 4-11-39,,,,,,
20260330005400212348,완주군 청년참여예산제 운영,전북특별자치도 완주군,전북,참여·권리,상시,2차 5-15-58,,,,,,
20260330005400212349,완주형 청년농업인 기반구축 시범사업,전북특별자치도 완주군,전북,취업·일경험,상시,2차 1-2-6,,,,,,
20260320005400212242,외국인 독도 말하기 대회,경상북도 환동해지역본부 해양수산국,중앙,참여·권리,마감,2차 5-17-63,,,,,,
20250502005400210768,외국인유학생 시민화 사업,국제협력관,강원,교육·역량,마감,1차 3-9-22,,,,,,
20260313005400212150,용인미래정책제안 공모전,경기도 용인시,경기,참여·권리,마감,2차 5-15-58,,,,,,
20260313005400212143,용인시 일자리센터를 통한 청년 취업 지원,경기도 용인시,경기,취업·일경험,진행중,2차 1-1-3,,,,,,
20260313005400212147,용인청년 부동산 중개 보수 감면 사업,경기도 용인시,경기,주거,상시,2차 3-9-31,,,,,,
20250113005400210184,용인청년 창업지원주택,용인시,경기,주거,마감,1차 2-5-10,,,,,,
20260313005400212151,용인청년포털 청년e랑 운영,경기도 용인시,경기,정책기반,상시,2차 5-16-59,,,,,,
20251023005400211803,우리지역 스타기업 만들기 사업,경상남도 함안군 혁신전략담당관,경남,창업·농어업,마감,1차 1-2-5,,,,,,
20250321005400210648,우수 인재 유치 및 우수경력자 인건비 지원,전남광주통합특별시 경제실 경제창업국 창업진흥과,광주,취업·일경험,마감,1차 1-4-9,,,,,,
20250903005400211596,우수 청년기업 지원,경상북도,경북,창업·농어업,마감,1차 1-2-4,,,6470000202530072,우수청년기업지원,1.15,
20250325005400210652,우수기업 청년채용 지원사업,일자리경제정책과,대전,취업·일경험,마감,1차 1-1-1,,,,,,
20260409005400212660,울릉섬 청년 주거비 지원사업,경상북도 울릉군 미래전략과,경북,주거,마감,2차 3-9-30,,,,,,
20260409005400212661,울릉청년 창업공간 지원사업,경상북도 울릉군 미래전략과,경북,창업·농어업,마감,2차 1-4-12,,,,,,
20260410005400212682,울산 K팝 사관학교 설치ㆍ운영,울산광역시,울산,문화·건강,진행중,2차 4-14-51,,,,,,20250716005400211298
20250716005400211298,울산 K팝 사관학교 설치운영,울산광역시,울산,문화·건강,마감,1차 4-16-42,,,,,,20260410005400212682
20260409005400212653,울산 도심융합특구 조성사업,울산광역시,울산,주거,진행중,2차 3-8-29,,,,,,
20250524005400210876,울산 동구 대왕암 힙합 페스티벌,경제정책국,울산,문화·건강,마감,1차 4-16-42,,,,,,
20250524005400210875,울산 동구 청년문화 구축 지원사업,경제정책국,울산,문화·건강,마감,1차 4-16-43,,,,,,
20240722005400200027,울산 동구 청년센터 운영,경제정책국,울산,참여·권리,상시,2차 5-17-62,,,,,,
20250524005400210878,울산 동구 청년스테이지ON 운영,경제정책국,울산,참여·권리,상시,2차 5-17-62,,,,,,
20240722005400200032,울산 동구 청년의 날 기념행사 운영,경제정책국,중앙,참여·권리,상시,2차 5-17-62,,,,,,
20240708005400200012,울산 동구 청년협의체 운영(제4기 위원 모집),울산광역시 동구 경제정책국,울산,참여·권리,마감,2차 5-17-62,,,,,,
20240722005400200042,울산 동구 취업 및 문화 특강 운영,경제정책국,울산,취업·일경험,상시,2차 1-1-2,,,,,,
20260407005400212531,울산 마이스 인재양성,울산광역시,울산,교육·역량,진행중,2차 2-5-19,,,,,,20250715005400211242
20250715005400211242,울산 마이스 인재양성,울산광역시,울산,교육·역량,마감,1차 3-9-21,,,,,,20260407005400212531
20260406005400212520,울산 미래인재육성 장학사업,울산광역시,울산,교육·역량,진행중,2차 2-7-24,,,,,,20250715005400211229 | 20250715005400211228
20250715005400211229,울산 미래인재육성 장학사업,울산연구원,울산,취업·일경험,마감,1차 3-10-25,,,,,,20260406005400212520 | 20250715005400211228
20250715005400211228,울산 미래인재육성 장학사업,울산연구원,울산,취업·일경험,마감,1차 3-10-25,,,,,,20260406005400212520 | 20250715005400211229
20260413005400212708,울산 비보이 페스티벌,울산광역시,울산,문화·건강,진행중,2차 4-14-53,,,,,,20250716005400211303
20250716005400211303,울산 비보이 페스티벌,울산광역시,울산,문화·건강,마감,1차 4-16-42,,,,,,20260413005400212708
20260410005400212685,울산 세계명문대학 조정 페스티벌,울산광역시,울산,문화·건강,마감,2차 4-14-53,,,,,,
20260402005400212391,울산 자영업자 아이와 함께 행복업,울산광역시,울산,취업·일경험,진행중,2차 1-3-9,,,,,,
20250424005400210721,울산 중구 2025년 청년도전지원사업 (중기),경제문화국,울산,취업·일경험,마감,1차 1-1-2,,,,,,
20260413005400212693,울산 청년 웰스테이 지원,울산광역시,울산,주거,상시,2차 3-8-28,,,,,,20260410005400212667
20260410005400212667,울산 청년 웰스테이 지원,울산광역시,울산,주거,진행중,2차 3-8-28,,,,,,20260413005400212693
20260409005400212656,울산 청년가구 주거비 지원사업,울산광역시,울산,주거,상시,2차 3-9-30,631000000132,이름 대조(신뢰도 높음),6310000202230062,청년가구 주거비 지원,22.65,20250715005400211238
20260413005400212707,울산 청년예술 지원사업,울산광역시,울산,문화·건강,진행중,2차 4-14-52,,,,,,20250716005400211302
20250716005400211302,울산 청년예술 지원사업,울산광역시,울산,문화·건강,마감,1차 4-16-42,,,,,,20260413005400212707
20260406005400212522,울산과학기술원 지역인재전형,울산광역시,울산,교육·역량,진행중,2차 2-5-17,,,,,,20250715005400111230
20250715005400111230,울산과학기술원 지역인재전형,울산과학기술원,울산,교육·역량,마감,1차 3-10-25,,,,,,20260406005400212522
20260402005400212389,울산관광기업지원센터 운영,울산광역시,울산,취업·일경험,진행중,2차 1-1-3,,,,,,20250714005400111205
20250714005400111205,울산관광기업지원센터 운영,울산광역시,울산,창업·농어업,마감,1차 1-2-5,,,,,,20260402005400212389
20260413005400212726,울산광역시 청년정책조정위원회 운영,울산광역시,울산,참여·권리,마감,2차 5-15-57,,,,,,20250717005400211336
20250717005400211336,울산광역시 청년정책조정위원회 운영,울산광역시,울산,참여·권리,마감,1차 5-17-44,,,,,,20260413005400212726
20250717005400211341,울산광역시 청년지원센터 운영,울산광역시,울산,참여·권리,마감,1차 5-17-45,,,,,,
20260407005400212541,울산글로벌게임센터 운영,울산광역시,울산,교육·역량,진행중,2차 2-5-19,,,,,,20250716005400111296
20250716005400111296,울산글로벌게임센터 운영,울산광역시,울산,문화·건강,마감,1차 4-16-41,,,,,,20260407005400212541
20260413005400212713,울산시립아이돌봄센터 운영,울산광역시,울산,문화·건강,상시,2차 4-14-55,,,,,,20250717005400211333
20250717005400211333,울산시립아이돌봄센터 운영,울산광역시,울산,금융·생활안정,마감,1차 4-14-36,,,,,,20260413005400212713
20260407005400212542,울산웹툰캠퍼스 운영,울산광역시,울산,교육·역량,진행중,2차 2-5-19,,,,,,20250716005400211297
20250716005400211297,울산웹툰캠퍼스 운영,울산광역시,울산,문화·건강,마감,1차 4-16-42,,,,,,20260407005400212542
20250507005400210785,울산청년 구직지원금,경제정책관,울산,취업·일경험,마감,1차 1-1-1,,,,,,
20250715005400211238,울산청년가구 주거비 지원,울산광역시,울산,주거,마감,1차 2-6-13,,,,,,20260409005400212656
20260414005400212728,울산청년정책네트워크 운영,울산광역시,울산,참여·권리,상시,2차 5-15-57,,,,,,20250717005400211338
20250717005400211338,울산청년정책네트워크 운영,울산광역시,울산,참여·권리,마감,1차 5-17-45,,,,,,20260414005400212728
20260414005400212740,울산청년정책플랫폼 운영,울산광역시,울산,정책기반,진행중,2차 5-16-59,,,,,,20250717005400211343
20250717005400211343,울산청년정책플랫폼 운영,울산광역시,울산,정책기반,마감,1차 5-19-49,,,,,,20260414005400212740
20260414005400212730,울산청년주간 운영,울산광역시,울산,정책기반,진행중,2차 5-16-60,,,,,,20250717005400211339
20250717005400211339,울산청년주간 운영,울산광역시,울산,참여·권리,마감,1차 5-17-45,,,,,,20260414005400212730
20260414005400212738,울산청년지원센터 운영,울산광역시,울산,정책기반,진행중,2차 5-16-59,,,,,,
20260407005400212530,울산콘텐츠코리아랩,울산광역시,울산,교육·역량,진행중,2차 2-5-19,,,,,,20250715005400111233
20250715005400111233,울산콘텐츠코리아랩 운영,울산광역시,울산,교육·역량,마감,1차 3-10-23,,,,,,20260407005400212530
20260413005400212711,울산형 공공예식장 지원사업,울산광역시,울산,문화·건강,진행중,2차 4-14-55,,,,,,
20260407005400212535,울산형 생활장학금 지원,울산광역시,울산,교육·역량,진행중,2차 2-7-24,,,,,,
20260413005400212714,울산형 초등 틈새돌봄,울산광역시,울산,문화·건강,상시,2차 4-14-55,,,,,,20250717005400211334
20250717005400211334,울산형 초등 틈새돌봄,울산광역시,울산,금융·생활안정,마감,1차 4-14-36,,,,,,20260413005400212714
20260428005400212899,웨딩 in 전주 공공예식장,전북특별자치도 전주시,전북,문화·건강,상시,2차 4-14-55,,,,,,
20250717005400211359,웹툰캠퍼스 운영 및 인력 양성,문화콘텐츠과,대구,문화·건강,마감,1차 4-16-41,,,,,,
20260415005400212746,유네스코 국제문화사업,제주특별자치도,제주,문화·건강,상시,2차 4-14-53,,,,,,
20250416005400210714,육아나눔터 운영,의왕시,경기,금융·생활안정,마감,1차 4-14-36,,,,,,
20250711005400211187,은둔형 외톨이 지원센터 운영,전남광주통합특별시 보건복지본부 복지정책관 돌봄정책과,광주,금융·생활안정,마감,1차 4-14-35,,,,,,
20250220005400210505,음성군 청년월세 지원사업,음성군,충북,주거,마감,1차 2-6-13,,,,,,
20251114005400211894,의령군 청년 자원봉사활동 지원사업,경상남도 의령군 소멸위기대응추진단,경남,문화·건강,마감,1차 4-16-42,,,,,,
20251114005400211893,의령군 청년동아리 활동 지원사업,경상남도 의령군 소멸위기대응추진단,경남,문화·건강,마감,1차 4-16-42,,,,,,
20250116005400210307,의령군 청년부부 결혼장려금 지원사업,소멸위기대응추진단,경남,금융·생활안정,마감,1차 4-13-32,,,,,,
20260330005400212321,의성푸드빌리지 운영,경상북도 의성군 관광복지국,중앙,주거,상시,2차 3-8-29,,,,,,20250902005400211582
20250902005400211582,의성푸드빌리지운영,관광복지국,중앙,문화·건강,마감,1차 4-16-42,,,,,,20260330005400212321
20250407005400210693,의왕시 산모건강관리사 본인부담금 지원,보건소,경기,문화·건강,마감,1차 4-15-40,403000000144,이름 대조(신뢰도 중간),,,,
20250401005400210681,의왕시 청년옷장(면접정장 무료대여서비스),의왕시,경기,취업·일경험,마감,1차 1-1-2,,,,,,
20250513005400210810,이력서 사진 무료촬영서비스,전남광주통합특별시 교육청년국 청년정책과,광주,취업·일경험,마감,1차 1-1-1,,,,,,
20250902005400211579,이웃사촌시범마을시설운영 (금수장및청년주거지등),관광복지국,중앙,주거,마감,1차 2-5-10,,,,,,
20260407005400212532,이전공공기관 취업아카데미 운영,울산광역시,울산,교육·역량,진행중,2차 2-6-23,,,,,,
20260330005400212330,익산사랑 자립준비청년 자립정착금,전북특별자치도 익산시,전북,금융·생활안정,진행중,2차 4-12-43,654000000025,이름 대조(신뢰도 높음),4680000202230037,익산사랑 자립준비청년 자립정착금,1.98,
20250716005400211325,익산형 근로청년수당,익산시,전북,취업·일경험,마감,1차 1-1-3,468000000117,이름 대조(신뢰도 높음),4680000202130094,익산형 근로청년수당,45.5,
20260326005400212297,익산형 청년월세 지원사업,전북특별자치도 익산시,전북,주거,진행중,2차 3-9-30,,,4680000202230102,익산형 청년월세지원사업,4.01,
20251231005400212058,인공지능 리터러시 운영,경기도,경기,교육·역량,마감,1차 3-9-21,,,,,,
20251231005400212057,인공지능 전문인력 양성,경기도,경기,교육·역량,마감,1차 3-9-21,,,,,,
20260319005400212235,인공지능 전문인력 양성교육,경기도,경기,교육·역량,진행중,2차 2-5-17,,,,,,
20250710005400211168,인공지능대학원 지원,전남광주통합특별시 산업실 인공지능산업국 AI반도체과,중앙,교육·역량,마감,1차 3-9-19,,,,,,
20260406005400212524,인공지능대학원 지원사업,울산광역시,울산,교육·역량,진행중,2차 2-5-17,,,,,,20250715005400111231
20250715005400111231,인공지능대학원 지원사업,울산과학기술원,울산,교육·역량,마감,1차 3-9-21,,,,,,20260406005400212524
20260408005400212617,인공지능사관학교 7기 교육생 모집,전남광주통합특별시,광주,교육·역량,마감,2차 2-5-19,,,,,,
20250710005400211174,인공지능융합혁신인재양성 지원,전남광주통합특별시 산업실 인공지능산업국 AI반도체과,광주,교육·역량,마감,1차 3-9-21,,,,,,
20250220005400210476,인구감소지역 결혼지원금,충청북도,충북,금융·생활안정,마감,1차 4-13-32,643000000752,이름 대조(신뢰도 높음),,,,
20260504005400213041,인생 설계 프로그램,경제산업과,충남,문화·건강,진행중,2차 4-14-55,,,,,,
20250304005400210589,인재육성 장학금 지원,전남광주통합특별시,전남,교육·역량,마감,1차 3-10-25,O00093700001,이름 대조(신뢰도 중간),,,,
20251214005400211986,인재육성사업 추진,충청남도,충남,교육·역량,마감,1차 3-10-23,,,,,,20260504005400113115 | 20251112005400211858
20251112005400211858,인재육성사업 추진,충청남도 기획조정실 고등교육정책담당관,충남,교육·역량,마감,1차 3-10-23,,,,,,20260504005400113115 | 20251214005400211986
20260406005400212476,인천 농어촌 청년 역량강화 프로그램 지원,인천광역시 청년정책담당관,인천,창업·농어업,상시,2차 1-4-12,,,,,,20250718005400211427
20250718005400211427,인천 농어촌 청년 역량강화 프로그램 지원,청년정책담당관,인천,교육·역량,마감,1차 3-9-20,,,,,,20260406005400212476
20260406005400212482,인천 대학예술로 소통 페스티벌,인천광역시 시민소통담당관,인천,참여·권리,상시,2차 5-15-58,,,,,,20250718005400211465
20250718005400211465,인천 대학예술로 소통 페스티벌,시민소통담당관,인천,참여·권리,마감,1차 5-20-52,,,,,,20260406005400212482
20260406005400212395,인천 스타트업파크 청년을 위한 창업 지원,인천광역시 경제자유구역청 기획조정본부 혁신성장도시과,인천,창업·농어업,상시,2차 1-4-14,,,,,,
20260506005400213142,인천 전세보증금반환보증 보증료 지원,인천광역시 도시계획국 주택정책과,인천,주거,상시,2차 3-10-32,,,,,,
20250717005400211362,인천 지역전략산업 청년일자리 지원 사업,청년정책담당관,인천,취업·일경험,마감,1차 1-1-2,,,,,,
20260406005400212517,인천 청년 고용안심 지원사업,인천광역시 청년정책담당관,인천,취업·일경험,상시,2차 1-2-4,,,,,,
20260506005400213163,인천 청년공간 운영 및 확대 구축,인천광역시 청년정책담당관,인천,정책기반,상시,2차 5-16-59,,,,,,
20260406005400212491,인천광역시 청년마음건강센터 운영,인천광역시 보건복지국 건강증진과,인천,문화·건강,상시,2차 4-13-46,,,,,,
20260506005400213157,인천광역시 청년미래센터 운영,인천광역시 외로움돌봄국 외로움정책과,인천,금융·생활안정,상시,2차 4-12-42,,,,,,
20250718005400211382,인천빅웨이브모펀드 조성․운영,산업정책과,인천,취업·일경험,마감,1차 1-1-1,,,,,,
20260506005400213152,인천시 일자리센터 운영,인천광역시 경제산업본부 경제정책과,인천,취업·일경험,상시,2차 1-1-1,,,,,,20250717005400211371
20250717005400211371,인천시 일자리센터 운영,경제정책과,인천,취업·일경험,마감,1차 1-1-1,,,,,,20260506005400213152
20260406005400212464,인천시 청년월세 지원사업,인천광역시 청년정책담당관,인천,주거,마감,2차 3-9-30,628000000155,이름 대조(신뢰도 중간),,,,20260724005400213301 | 20260724005400213302 | 20260724005400213303 | 20260506005400213155 | 20260406005400212449 | 20260406005400212413 | 20260406005400212414 | 20260406005400212411 | 20260406005400212412 | 20260406005400212398 | 20260406005400212399 | 20260406005400212400
20260506005400213145,인천콘텐츠코리아랩 운영,인천광역시 문화체육국 문화정책과,인천,교육·역량,상시,2차 2-5-19,,,,,,
20260506005400213150,인천혁신모펀드 조성·운영(청년벤처·창업기업 투자유치 펀드 지원사업),인천광역시 미래산업국 산업창업정책과,인천,창업·농어업,상시,2차 1-4-14,,,,,,
20260406005400212506,인천형 공공간호사 장학사업,인천광역시 보건복지국 보건의료정책과,인천,교육·역량,상시,2차 2-7-24,,,,,,20250718005400211429
20250718005400211429,인천형 공공간호사 장학사업,보건의료정책과,인천,교육·역량,마감,1차 3-9-21,,,,,,20260406005400212506
20260406005400212472,인천형 대중교통비 환급 지원(인천 i-패스),인천광역시 교통국 교통정책과,인천,금융·생활안정,상시,2차 4-12-44,,,,,,20250718005400211455
20250718005400211455,인천형 대중교통비 환급 지원(인천 i-패스),교통정책과,인천,금융·생활안정,마감,1차 4-14-38,,,,,,20260406005400212472
20260506005400213156,인천형 천원의 아침밥 지원,인천광역시 농수산식품국 농축산과,인천,문화·건강,상시,2차 4-13-50,,,,,,
20260406005400212478,인품 자립주택 운영,인천광역시 여성가족국 아동정책과,인천,주거,상시,2차 3-10-34,,,,,,20250718005400211408
20250718005400211408,인품 자립주택 운영,아동정책과,인천,주거,마감,1차 2-7-14,,,,,,20260406005400212478
20250219005400210461,일 경험 지원,충청북도,충북,취업·일경험,마감,1차 1-1-1,,,,,,
20250219005400210470,일상돌봄 서비스 지원,충청북도,충북,금융·생활안정,마감,1차 4-14-35,135200005027,이름 대조(신뢰도 중간),,,,
20250910005400211691,일상돌봄서비스사업,복지정책과,세종,금융·생활안정,마감,1차 4-14-35,135200005027,이름 대조(신뢰도 중간),,,,
20250715005400211275,일상돌봄서비스사업,인구전략국,충남,금융·생활안정,마감,1차 4-14-35,135200005027,이름 대조(신뢰도 중간),,,,
20250103005400210042,일자리종합센터 취업지원 프로그램 운영,서산시,중앙,취업·일경험,마감,1차 1-1-2,,,,,,
20260421005400212786,일하는 청년 보금자리 지원 사업,제주특별자치도청,제주,주거,진행중,2차 3-9-30,,,,,,20251111005400211834
20251111005400211834,일하는 청년 보금자리 지원사업,제주특별자치도 경제활력국 노동일자리과,제주,주거,마감,1차 2-6-13,,,,,,20260421005400212786
20260327005400212306,임산부 280 건강관리비 지원사업,전북특별자치도 익산시,전북,문화·건강,진행중,2차 4-13-49,468000000101,이름 대조(신뢰도 높음),,,,
20260408005400212619,임산부 직장생활 패키지 용품 지원 사업,전남광주통합특별시,광주,문화·건강,진행중,2차 4-13-49,,,,,,
20260330005400212345,임산부 친환경농산물 꾸러미 지원,전북특별자치도 완주군,전북,문화·건강,상시,2차 4-13-50,654000000030,이름 대조(신뢰도 중간),,,,
20250103005400210030,임신축하금 지원사업,서산시,충남,문화·건강,마감,1차 4-15-40,,,,,,
20250428005400210727,자격증 취득 지원(광주 남구),전남광주통합특별시 남구 경제재정국,광주,취업·일경험,마감,1차 1-1-2,,,,,,
20250916005400211697,자립준비청년 대학생활안정자금 지원,보육정책과,경남,금융·생활안정,마감,1차 4-14-34,,,648000020223018B | 567000020223017D | 53700002022300E8 | 54200002022300CE | 54700002022300CD | 548000020223006B,자립준비청년 대학생활안정자금 지원 | 자립준비청년 대학생활안정자금 지원 | 자립준비청년 대학생활안정자금 지원 | 자립준비청년 대학생활안정자금 지원 | 자립준비청년 대학생활안정자금 지원 | 자립준비청년 대학생활안정자금 지원,1.6,
20250715005400211284,"자립준비청년 자립 지원 (자립수당, 자립정착금, 대학생활안정자금)",인구전략국,충남,금융·생활안정,마감,1차 4-14-34,644000000843,이름 대조(신뢰도 중간),44900002019300F3 | 6440000202530031 | 4540000202230052,자립준비청년 자립지원 | 자립준비청년 자립 지원 | 자립준비청년 자립지원 사업(자체),13.5,
20260406005400212489,자립준비청년 자립수당 지급,인천광역시 여성가족국 아동정책과,인천,금융·생활안정,상시,2차 4-12-43,508000000565,이름 대조(신뢰도 높음),62800002019300B2 | 3510500201930058 | 354000020193004E | 3530000201930069 | 3550000201930040 | 352000020193009A | 35600002026301AD,자립준비청년 자립수당 지급 | 자립준비청년 자립수당 지급 | 자립준비청년 자립수당 지급 | 자립준비청년 자립수당 지급 | 자립준비청년 자립수당 지급 | 자립준비청년 자립수당 지급 | 자립준비청년 자립수당 지급,49.12,
20250219005400210472,자립준비청년 자립수당 지급,충청북도,충북,금융·생활안정,마감,1차 4-14-34,508000000565,이름 대조(신뢰도 중간),643000020193013A | 4470000201930056 | 443000020193003E | 4420000201930056 | 557000020193004F,자립준비청년 자립수당 지급 | 자립준비청년 자립수당 지급(보호종료아동 자립수당) | 자립준비청년 자립수당 지급(보조) | 자립준비청년 자립수당 지급 | 자립준비청년 자립수당 지급,18.08,
20250618005400211057,자립준비청년 자립수당 지원,강원특별자치도,강원,금융·생활안정,마감,1차 4-14-34,,,418000020193017A | 4210000201930072 | 4300000201930088 | 435000020193006C | 4280000201930050,자립준비청년 자립수당 지원 | 자립준비청년 자립수당 | 자립준비청년 자립수당 | 자립준비청년(보호종료아동) 자립수당 지원 | 자립준비청년 자립수당 지원(보조),7.47,
20250519005400210856,자립준비청년 자립수당 지원,아동담당관,서울,금융·생활안정,마감,1차 4-14-34,,,61100002019303A9,자립준비청년 자립수당 지원,76.6,
20250902005400211575,자립준비청년 자립수당 지원,예천군,경북,금융·생활안정,마감,1차 4-14-34,,,,,,
20250711005400211186,자립준비청년 자립정착금,전남광주통합특별시 여성가족국 아동청소년과,광주,금융·생활안정,마감,1차 4-14-34,629000000140,이름 대조(신뢰도 중간),3630000200830080 | 3610000202330023 | 3600000201430078,자립준비청년자립정착금 | 자립준비청년 자립정착금 지원(보조) | 자립준비청년자립정착금지원,3.4,
20260330005400212328,자립준비청년 자립정착금 지원,경상북도,경북,금융·생활안정,상시,2차 4-12-43,,,50200002017300A2 | 5050000200830973 | 5060000202630040 | 506000020173009A | 51300002025300D3 | 50700002017300EA | 5120000200831261 | 518000020233008F,자립준비청년자립정착금지원<보조> | 자립준비청년 자립정착금지원 | 자립준비청년자립정착금지원(자체) | 자립준비청년자립정착금지원(보조) | (도비보조)자립준비청년 자립정착금 지원 | [도]자립준비청년자립정착금지원 | [도비]자립준비청년 자립정착금 지원 | 자립준비청년자립정착금지원(도비보조),9.65,
20260406005400212487,자립준비청년 자립정착금 지원,인천광역시 여성가족국 아동정책과,인천,금융·생활안정,상시,2차 4-12-43,628000000780,이름 대조(신뢰도 높음),,,,20250718005400211453
20250618005400211058,자립준비청년 자립정착금 지원,강원특별자치도,강원,금융·생활안정,마감,1차 4-14-34,,,,,,
20250916005400211695,자립준비청년 자립정착금 지원,보육정책과,경남,금융·생활안정,마감,1차 4-14-34,648000001156,이름 대조(신뢰도 높음),5670000200831801 | 6480000200731495 | 5420000200730303 | 5370000200830315 | 5480000200730397 | 547000020153006B,자립준비청년 자립정착금 지원 | 자립준비청년 자립정착금 지원 | 자립준비청년 자립정착금 지원 | 자립준비청년 자립정착금 지원 | 자립준비청년 자립정착금 지원 | 자립준비청년 자립정착금,7.83,
20250718005400211453,자립준비청년 자립정착금 지원,아동정책과,인천,금융·생활안정,마감,1차 4-14-34,628000000780,이름 대조(신뢰도 높음),6280000202330040 | 3510500202330010 | 3540000202330011 | 3530000202330027 | 35600002026301B4 | 3570000202330129 | 3550000202330003 | 3520000202330052,자립준비청년 자립정착금 지원 | 자립준비청년 자립정착금 | 자립준비청년 자립정착금 지원 | 자립준비청년 자립정착금 지원 | 자립준비청년 자립정착금 지원 | 자립준비청년 자립정착금 지원(보조) | 자립준비청년 자립정착금 지원 | 자립준비청년 자립정착금 지원,13.5,20260406005400212487
20250729005400111501,자립준비청년 자립지원 체계 구축,전북특별자치도,전북,금융·생활안정,마감,1차 4-14-34,,,64500002019301C8,자립준비청년 자립지원 체계 구축(성인지예산),6.75,
20250916005400211696,자립준비청년 자립프로그램 운영,보육정책과,경남,금융·생활안정,마감,1차 4-14-34,648000001156,이름 대조(신뢰도 중간),6480000202230329 | 5360000202430170,자립준비청년 자립프로그램 운영 지원 | 자립준비청년 자립지원,0.72,
20251231005400212061,자립준비청년 주거비 지원사업,경기도,경기,금융·생활안정,마감,1차 4-14-34,,,64100002024304A7 | 37800002026301EE,자립준비청년 주거비 지원사업(자체/직접) | 자립준비청년 주거비 지원,2.98,
20250715005400211283,자립지원 사업,인구전략국,충남,금융·생활안정,마감,1차 4-14-35,,,,,,
20260406005400212488,자립지원전담기관 운영,인천광역시 여성가족국 아동정책과,인천,금융·생활안정,상시,2차 4-12-43,135200005039,이름 대조(신뢰도 중간),,,,20250718005400211452
20250916005400211698,자립지원전담기관 운영,보육정책과,경남,금융·생활안정,마감,1차 4-14-34,135200005039,이름 대조(신뢰도 중간),,,,
20250718005400211452,자립지원전담기관 운영,아동정책과,인천,금융·생활안정,마감,1차 4-14-34,135200005039,이름 대조(신뢰도 중간),,,,20260406005400212488
20250220005400210477,작은 결혼식 지원,충청북도,충북,금융·생활안정,마감,1차 4-13-32,,,,,,
20250717005400211370,잡스인천 운영,경제정책과,인천,취업·일경험,마감,1차 1-1-1,,,,,,
20250715005400211257,장수 청년 Level Up,장수군,전북,정책기반,마감,1차 5-18-48,,,,,,
20260331005400212367,장수군 청년네트워크 활성화 사업,전북특별자치도 장수군 기획조정실,전북,참여·권리,마감,2차 5-17-62,,,4750000202430005,청년네트워크 활성화사업,0.3,
20250716005400211317,장수군 청년동아리 지원사업,장수군,전북,정책기반,마감,1차 5-18-47,,,,,,
20260331005400212370,장수형 청년창업농 영농정착지원,전북특별자치도 장수군 농업기술센터,전북,취업·일경험,마감,2차 1-1-1,475000000194,이름 대조(신뢰도 높음),475000020203009F | 475000020213006E,전북형 청년창업농 영농정착 지원 | 장수형 청년창업농 영농정착 지원,0.27,
20250110005400210144,장흥군 로컬크리에이터 양성교육,전남광주통합특별시 장흥군 인구청년정책과,전남,교육·역량,마감,2차 2-5-17,,,,,,
20250110005400210143,장흥청년 N잡러 만들기 프로젝트,전남광주통합특별시 장흥군 인구청년정책과,전남,교육·역량,마감,2차 2-6-23,,,,,,
20260406005400212410,재직청년 복지포인트,인천광역시 청년정책담당관,인천,취업·일경험,마감,2차 1-2-4,,,,,,
20260326005400212302,저소득층 기저귀 조제분유 지원사업,전북특별자치도 익산시,전북,금융·생활안정,진행중,2차 4-12-44,WII000000500,이름 대조(신뢰도 중간),,,,
20250715005400211263,전국 청년 페스티벌 개최,청년정책관,중앙,문화·건강,마감,1차 4-16-42,,,,,,
20250403005400210687,전국민 마음투자 지원사업,보건복지부,중앙,문화·건강,마감,1차 4-15-39,135200005045,이름 대조(신뢰도 중간),,,,
20250710005400211181,전남 청년 근속장려금,전남광주통합특별시,전남,취업·일경험,마감,1차 1-1-3,,,64600002010303F5 | 481000020173000C | 4840000201630012 | 483000020193015C | 494000020103055C | 49300002016300FF | 490000020263000B | 4880000201030334,청년 근속장려금 지원 (전남) | 전남 청년 근속장려금 지원사업 | 전남 청년 근속장려금 지원사업 | 전남 청년근속장려금 지원(보조) | 전남 청년 근속장려금 지원 | 전남 청년 근속장려금 지원사업 | 청년 근속장려금 지원 | 청년 근속장려금 지원,47.37,
20251124005400211937,전남 청년 희망 일자리 지원사업,전남광주통합특별시 인구청년이민국 청년희망과,전남,취업·일경험,마감,1차 1-1-1,,,646000020243021A | 4930000202430189 | 4970000202530007 | 4840000202530038 | 4980000202430118 | 49500002024300D2 | 5010000202430189 | 4910000202530156,전남 청년 희망 일자리 지원사업 (전남) | 전남 청년 희망일자리 지원사업 | 전남 청년 희망 일자리 | 전남 청년 희망일자리사업 | 전남 청년 희망 일자리 지원사업 | 전남 청년 희망 일자리 지원사업 | 전남청년희망일자리(보조) | 전남 청년 희망 일자리 지원사업(시비),9.84,
20251219005400212036,전남 콘텐츠기업지원센터 운영,전남광주통합특별시,전남,교육·역량,마감,1차 3-9-21,,,,,,
20260729005400213313,전남광주 기후에너지 JOB 스쿨 참가자 모집,전남광주통합특별시,전남,취업·일경험,마감,2차 1-2-5,,,,,,
20260728005400213311,전남광주 청년 문화복지카드,전남광주통합특별시,전남,문화·건강,마감,2차 4-14-51,646000000202,이름 대조(신뢰도 높음),,,,
20250516005400210831,전남청년 문화복지카드,전남광주통합특별시,전남,문화·건강,마감,1차 4-16-42,646000000202,이름 대조(신뢰도 높음),482000020223013C | 48100002022300B5 | 480000020223005F | 4840000202330050 | 495000020243006D | 48300002022300DD | 490000020263000C | 49700002022300B1,전남청년 문화복지카드 지원사업 | 전남청년 문화복지카드 사업 | 전남청년 문화복지카드 | 전남청년 문화복지카드 지원사업 | 전남청년 문화복지카드 지원사업 | 청년 문화복지 카드 지원 | 전남 청년 문화복지카드 지원 | 전남청년 문화복지 카드,210.4,
20250304005400210585,전남학숙 운영,전남광주통합특별시,전남,주거,마감,1차 2-5-11,,,,,,
20251219005400212035,전남형 만원주택,전남광주통합특별시,전남,주거,마감,1차 2-5-10,,,,,,
20250119005400210341,전남형 청년공동체 활성화 사업,전남광주통합특별시,전남,참여·권리,마감,1차 5-19-50,,,6460000202330095 | 48200002023303B7 | 4970000202330193 | 4830000202330219 | 4810000202330331 | 494000020223017A | 4950000202430069 | 49300002022301E5,전남형 청년공동체 활성화 지원 (전남) | 전남형 청년공동체 활성화사업 | 전남형 청년공동체 활성화 | 전남형 청년공동체 활성화 사업 | 전남형 청년공동체 활성화 사업 | 전남형 청년공동체 활성화 사업 | 전남형 청년공동체 활성화 사업 | 전남형 청년공동체 활성화 사업,6.63,
20251124005400211941,전남형 청년마을 조성사업,전남광주통합특별시 인구청년이민국 청년희망과,전남,정책기반,마감,1차 5-18-48,,,48100002024301DA | 483000020253012A | 4890000202330214 | 498000020253010B | 4940000202330288 | 493000020253006C,전남형 청년마을 조성사업 | 전남형 청년마을 조성사업 | 전남형 청년마을 조성사업 | 전남형 청년마을 조성사업 | 전남형 청년마을 조성사업 | 해남형 청년마을 조성,4.82,
20260504005400213012,전남형 청년창업사관학교,전남광주통합특별시 경제실 일자리투자유치국 중소벤처기업과,전남,창업·농어업,마감,2차 1-4-12,,,,,,
20250720005400211468,전라남도 청년의 목소리 운영,전남광주통합특별시,전남,참여·권리,마감,1차 5-17-45,,,,,,
20250304005400210588,전라남도 해외유학생 지원,전남광주통합특별시,중앙,교육·역량,마감,1차 3-9-21,,,,,,
20250110005400210162,전북 군복무 청년 상해보험 가입 지원,전북특별자치도,전북,문화·건강,마감,1차 4-15-39,,,464000020233057E | 4680000202330379 | 4670000202330262 | 47200002023301BC | 470000020233015C | 471000020233015E | 47800002023301D5 | 479000020233017F,군복무 청년 상해보험 가입지원(도비직접지원) | 전북특별자치도 군복무 청년 상해보험 가입지원 | 군복무 청년 상해보험 가입 지원 사업 | 전북 군복무 청년 상해보험 가입 | 군복무 청년 상해보험 가입 지원(도비직접지원사업) | 군복무 청년 상해보험 가입 지원 사업(도 직접지원) | 전북 군복무 청년 상해보험 가입 지원사업 | 전북 군복무 청년 상해보험 가입지원,2.59,
20260330005400212344,전북 청년 1인 소상공인·농어업인 출산급여 지원,전북특별자치도 완주군,전북,금융·생활안정,상시,2차 4-11-38,654000000028,이름 대조(신뢰도 높음),47210002026300B5,전북청년 1인 소상공인·농어업인 출산급여 지원사업,0.23,
20260319005400212224,전북 청년 직무인턴 운영,전북특별자치도,전북,취업·일경험,상시,2차 1-1-1,654000000024,이름 대조(신뢰도 중간),,,,
20250722005400211476,전북 청년 취업 지원 패키지,전북특별자치도,전북,취업·일경험,마감,1차 1-1-2,654000000017,이름 대조(신뢰도 높음),,,,
20250113005400210210,전북 청년마을 만들기,전북특별자치도,전북,참여·권리,마감,1차 5-19-50,,,4681000202530141 | 470000020233026F | 47400002023301EB,전북 청년마을 만들기 사업 | 전북 청년마을 만들기 사업 | 전북 청년마을 만들기,5.0,
20250716005400211320,전북대학교 계약학과 운영,장수군,전북,취업·일경험,마감,1차 3-9-22,,,,,,
20250113005400210208,전북청년 생생 아이디어 지원,전북특별자치도,전북,참여·권리,마감,1차 5-17-45,,,468100020253012E | 46710002024300E8 | 4700000202330267 | 4721000202630127,전북 청년 생생아이디어 지원사업 | 전북 청년 생생아이디어 지원사업 | 전북 청년 생생아이디어 지원사업 | 전북 청년 생생아이디어 지원사업,3.5,
20250113005400210206,전북청년 지역정착 지원사업,전북특별자치도,전북,금융·생활안정,마감,1차 4-13-32,654000000009,이름 대조(신뢰도 중간),464000020193036E | 4680000201930112 | 4670000201930156 | 4720000202030106 | 46900002019300F6 | 471000020193013D | 4700000201930180 | 4780000201930172,전북 청년지역정착 지원사업 | 전북청년 지역정착 지원사업 | 전북 청년지역정착 지원사업 | 전북청년 지역정착 지원사업 | 전북청년 지역정착 지원사업(전북형 청년수당) | 전북 청년지역정착 지원사업(보조) | 전북청년 지역정착 지원사업 | 전북 청년지역정착 지원사업,118.35,
20250113005400210211,전북청년 함께 두배적금 사업,전북특별자치도,전북,금융·생활안정,마감,1차 4-13-32,654000000016,이름 대조(신뢰도 중간),464000020233052D | 4680000202330365 | 4670000202330245 | 469000020233012A | 4720000202330211 | 470000020233011B | 4710000202330146 | 478000020233019C,전북청년 함께 두배적금 | 전북청년 함께 두배적금 | 전북청년 함께 두배적금사업 | 전북청년 함께 두배적금 | 전북청년 함께 두배적금 사업 | 전북청년 함께 두배적금 | 전북청년 함께 두배적금 사업(보조) | 전북청년 함께 두배적금,28.68,
20250114005400210216,전북특별자치도 기술창업 활성화 금융지원,전북특별자치도,전북,창업·농어업,마감,1차 1-2-5,,,,,,
20250114005400210217,전북특별자치도 기술창업 활성화 금융지원 이차보전,전북특별자치도,전북,창업·농어업,마감,1차 1-2-4,,,,,,
20260319005400212219,전북특별자치도 일자리센터 운영,전북특별자치도,전북,취업·일경험,상시,2차 1-2-4,,,,,,20250113005400210214
20250718005400211419,전북특별자치도 창업 식품기업 지원사업,농생명축산산업국,전북,창업·농어업,마감,1차 1-2-5,,,,,,
20250113005400210193,전북특별자치도 청년마음건강센터 운영,전북특별자치도,전북,문화·건강,마감,1차 4-15-39,,,,,,
20250113005400210214,전북특별자치도일자리센터 운영,전북특별자치도,전북,취업·일경험,마감,1차 1-1-1,,,,,,20260319005400212219
20250718005400211412,전북특별자치도장학숙 운영,재단법인전북특별자치도평생교육장학진흥원,전북,교육·역량,마감,1차 3-10-23,,,,,,
20250718005400211413,전북특별자치도장학숙 인재육성 장학금,재단법인전북특별자치도평생교육장학진흥원,중앙,교육·역량,마감,1차 3-10-25,,,,,,
20260331005400212354,전북형 청년취업 지원,전북특별자치도,전북,취업·일경험,상시,2차 1-1-1,645000000148,링크 기재,,,,20250113005400210213
20250113005400210213,전북형 청년취업 지원,전북특별자치도,전북,취업·일경험,마감,1차 1-1-1,645000000148,이름 대조(신뢰도 중간),46700002019300FB | 4680000201230052 | 471000020193019E | 479000020123001F | 4730000202230038 | 4740000201130054,전북형 청년취업 지원사업 | 전북형 청년취업지원사업 | 전북형 청년취업 지원사업(보조) | 전북형 청년 취업지원사업 | 전북형 청년취업 지원사업 | 전북형 청년취업 지원사업,4.26,20260331005400212354
20260331005400212352,전북형 청년친화 기업 육성,전북특별자치도,전북,취업·일경험,마감,2차 1-2-4,,,,,,20250716005400211319
20250716005400211319,전북형 청년친화 기업 육성,전북특별자치도,전북,취업·일경험,마감,1차 1-4-8,,,,,,20260331005400212352
20250113005400210207,전북형 청년활력수당,전북특별자치도,전북,금융·생활안정,마감,1차 4-13-32,654000000008,이름 대조(신뢰도 중간),464000020233052C | 467000020233024A | 4680000202330364 | 4690000202430036 | 4710000202330147 | 4700000202330118 | 47800002023301C2 | 4790000202330163,전북형 청년활력수당 | 전북형 청년활력수당 | 전북형 청년활력수당 | 전북형 청년활력수당 | 전북형 청년활력수당(보조) | 전북형 청년활력수당 | 전북형 청년활력수당 | 전북형 청년활력 수당,41.75,
20260413005400212694,전세보증금 반환보증 보증료 지원,울산광역시,울산,주거,상시,2차 3-10-32,631000000709,이름 대조(신뢰도 높음),,,,20260410005400212668 | 20250714005400111223
20260410005400212668,전세보증금 반환보증 보증료 지원,울산광역시,울산,주거,상시,2차 3-10-32,631000000709,링크 기재,,,,20260413005400212694 | 20250714005400111223
20250716005400111307,전세보증금 반환보증 보증료 지원,주택토지실,제주,주거,마감,1차 2-6-13,161300000103,이름 대조(신뢰도 중간),,,,20260421005400212799
20250714005400111223,전세보증금 반환보증 보증료 지원,국토교통부,울산,주거,마감,1차 2-6-13,631000000709,이름 대조(신뢰도 높음),,,,20260413005400212694 | 20260410005400212668
20260421005400212799,전세보증금반환보증 보증료 지원,제주특별자치도,제주,주거,상시,2차 3-10-32,,,,,,20250716005400111307
20260408005400212633,전세보증금반환보증 보증료 지원,전남광주통합특별시,광주,주거,상시,2차 3-9-30,,,,,,
20250903005400211618,전세보증금반환보증 보증료 지원,주택과,세종,주거,마감,1차 2-7-16,569000000375,링크 기재,,,,
20260914005400213412,전세사기 피해 예방 아카데미,경기도 도시주택실 토지정보과,경기,주거,상시,2차 3-10-32,,,,,,
20250715005400211239,전월세 안심계약 굿 파트너스 사업,울산광역시,울산,주거,마감,1차 2-7-16,,,,,,
20250115005400210264,전월세 안심계약 매니저 사업,부산진구,부산,주거,마감,1차 2-7-16,,,,,,
20260430005400212972,전입 1인가구 안심보안캠설치 지원,청년정책과,충남,주거,마감,2차 3-10-34,449000000534,이름 대조(신뢰도 중간),,,,
20260430005400212971,전입 1인가구 행복꾸러미 지원,청년정책과,충남,금융·생활안정,마감,2차 4-12-44,,,,,,
20250103005400210047,전입 대학생 생활안전 지원,서산시,충남,주거,마감,1차 2-6-13,453000000202,이름 대조(신뢰도 중간),,,,
20260324005400212257,전입 청년 웰컴박스 지원사업,전북특별자치도 익산시,전북,문화·건강,진행중,2차 4-14-55,,,4681000202630036,전입 청년 웰컴 박스 지원,0.36,
20250109005400210103,전입대학생 생활안정자금 지원사업,전남광주통합특별시 목포시 미래전략산업국,전남,주거,마감,1차 2-6-12,,,,,,
20250220005400210513,전입대학생 인재양성 장학금 지급,괴산군,충북,교육·역량,마감,1차 3-10-23,,,,,,
20250718005400211407,전입청년 이사 지원사업,청년정책담당관,인천,주거,마감,1차 2-7-14,,,,,,
20250902005400211586,"전입학생 학업장려금(대학생, 고등학생)",미래교육돌봄국,경북,교육·역량,마감,1차 3-10-25,,,,,,
20260428005400212901,전주시 산하기관 채용정보 모아-JOB 운영,전북특별자치도 전주시,전북,취업·일경험,상시,2차 1-2-5,,,,,,
20260330005400212314,전통시장 청년창업공간(청년몰) 운영,전북특별자치도 완주군,전북,창업·농어업,상시,2차 1-4-12,,,,,,
20250710005400211169,정보보호 특성화 대학 지원,전남광주통합특별시 산업실 인공지능산업국 AI반도체과,중앙,교육·역량,마감,1차 3-9-19,,,,,,
20250716005400211304,정보소외지역SW교육지원강화(SW미래채움),대구광역시,대구,교육·역량,마감,1차 3-10-25,,,,,,
20250109005400210100,정서진 아라뱃길 청년창업공간 지원사업,인천광역시 서해구,인천,창업·농어업,마감,1차 1-2-5,,,,,,
20260428005400212887,제10기 청년희망단 운영,전북특별자치도 전주시,전북,참여·권리,마감,2차 5-15-57,,,,,,
20260429005400212914,제12회 광주광역시 공공데이터‧AI 활용 창업경진대회 참가자 모집,전남광주통합특별시,광주,창업·농어업,마감,2차 1-4-12,,,,,,
20260522005400213212,제23회 광주 추억의 충장축제 청년기획단 '찐이' 4기 모집,전남광주통합특별시,광주,참여·권리,마감,2차 5-17-62,,,,,,
20260429005400212932,제2기 부끄리에이터(북구+크리에이터) 모집,전남광주통합특별시,광주,취업·일경험,마감,2차 1-2-5,,,,,,
20260121005400212078,제2기 원주시 청년정책네트워크 위원 모집,강원특별자치도 원주시,강원,참여·권리,마감,2차 5-15-58,,,,,,
20250221005400210533,제3기 세종특별자치시 청년정책조정위원회 위원 모집,세종특별자치시,세종,참여·권리,마감,1차 5-17-44,,,,,,
20250717005400211355,제3차 대구광역시 청년정책 기본계획 수립,대구광역시,대구,정책기반,마감,1차 5-18-47,,,,,,
20250827005400211523,제3회 은평청년축제 <청년톡톡콘서트> 개최,은평구,중앙,문화·건강,마감,1차 4-16-42,,,,,,
20250827005400211522,제3회 은평청년축제(부제 : 아무도 모르는 축제) 개최,은평구,중앙,문화·건강,마감,1차 4-16-42,,,,,,
20260722005400213269,제4회 광주 북구청장배 청년 창업 아이디어 경진대회,전남광주통합특별시,광주,창업·농어업,마감,2차 1-4-12,,,,,,
20260903005400213373,제4회 은평청년축제 (아무도 모르는 축제 2),서울특별시 은평구,중앙,문화·건강,상시,2차 4-14-53,,,,,,
20260408005400212584,제5차 해운항만물류 전문인력 양성사업,경상남도,경남,취업·일경험,상시,2차 1-2-5,,,,,,
20260420005400212769,제6기 광주광역시 동구 청년참여위원회 위원 모집(~4.30.),전남광주통합특별시,광주,참여·권리,마감,2차 5-17-62,,,,,,
20260402005400212385,제7기 평택시 청년네트워크 운영 및 지원,경기도 평택시,경기,정책기반,진행중,2차 5-16-59,,,,,,
20260421005400212806,제주 ICT 전문인력 양성센터 운영 사업,(재)제주테크노파크,제주,교육·역량,마감,2차 2-5-17,,,,,,
20251111005400211850,제주 ICT전문인력 양성센터 운영,제주특별자치도 혁신산업국 디지털혁신과,제주,교육·역량,마감,1차 3-9-21,,,,,,
20260421005400212814,제주 런케이션 청년 유입 사업,제주관광공사,제주,문화·건강,마감,2차 4-14-55,,,,,,
20260422005400212839,제주 스타크리에이터 육성사업,"제주특별자치도, 제주창조경제혁신센터",제주,취업·일경험,마감,2차 1-2-5,,,,,,
20260427005400212876,제주 일자리 재형저축 사업,제주특별자치도 노동일자리과,제주,금융·생활안정,마감,2차 4-11-38,,,,,,20251111005400211827
20251111005400211827,제주 일자리 재형저축 사업,제주특별자치도 경제활력국 노동일자리과,제주,취업·일경험,마감,1차 1-1-1,,,,,,20260427005400212876
20250716005400211326,제주 청년 원탁회의 운영,기획조정실,제주,참여·권리,마감,1차 5-17-45,,,,,,20260422005400212853
20250115005400210273,제주 청년 작가전 추진,문화예술진흥원,제주,문화·건강,마감,1차 4-16-43,,,,,,
20260422005400212846,제주 청년 희망충전 월세 지원,제주특별자치도,제주,주거,상시,2차 3-9-30,650000001119,링크 기재,,,,20250716005400211309
20250716005400211309,제주 청년 희망충전 월세 지원,건설주택국,제주,주거,마감,1차 2-6-13,650000001119,이름 대조(신뢰도 높음),6500000202530098 | 6500000202530073,제주 청년 희망충전 월세 지원사업(성인지예산) | 제주 청년 희망충전 월세 지원,6.3,20260422005400212846
20260422005400212853,제주 청년원탁회의 운영,제주특별자치도 청년정책담당관,제주,참여·권리,마감,2차 5-15-57,,,,,,20250716005400211326
20250717005400211353,제주 청년의 날,청년정책담당관,제주,문화·건강,마감,1차 4-16-42,,,,,,
20260422005400212854,제주 청년주권회의 운영,제주특별자치도 청년정책담당관,제주,참여·권리,마감,2차 5-15-57,,,,,,
20250718005400211438,제주 청년통계 조사,기획조정실,제주,정책기반,마감,1차 5-18-47,,,,,,
20260416005400212753,제주 콘텐츠 청년일자리 빌드업 지원,제주콘텐츠진흥원,제주,취업·일경험,마감,2차 1-1-3,,,,,,
20260422005400212838,제주 크리에이터 경제 생태계 확장사업,"제주특별자치도, 제주창조경제혁신센터",제주,취업·일경험,마감,2차 1-2-5,,,,,,
20260413005400212719,제주시 대학생·청년 아르바이트,제주시 자치행정국 총무과,제주,취업·일경험,마감,2차 1-1-3,,,,,,20260422005400212866
20260422005400212866,제주시 대학생·청년 아르바이트,제주시 자치행정국 총무과,제주,취업·일경험,마감,2차 1-1-3,,,,,,20260413005400212719
20250715005400211234,제주시 청년 공공일자리사업,제주시,제주,취업·일경험,마감,1차 1-1-2,,,,,,
20260421005400212819,제주시 청년 글로벌기업 취업멘토링 콘서트,제주특별자치도 제주시 자치행정국 기획예산과,제주,취업·일경험,마감,2차 1-1-3,,,,,,20250715005400211235
20250715005400211235,제주시 청년 글로벌기업 취업멘토링 콘서트,제주시,제주,취업·일경험,마감,1차 1-1-2,,,,,,20260421005400212819
20260422005400212856,제주시 청년농업인 영농정착 지원사업,제주시,제주,창업·농어업,마감,2차 1-4-13,154300000396,이름 대조(신뢰도 중간),,,,
20260421005400212818,제주시 취업준비 청년 국내기업 견학 프로그램 행사,제주특별자치도 제주시 자치행정국 기획예산과,제주,취업·일경험,진행중,2차 1-1-3,,,,,,20250715005400211237
20250715005400211237,제주시 취업준비 청년 국내기업 견학프로그램 행사 운영,제주시,제주,취업·일경험,마감,1차 1-1-2,,,,,,20260421005400212818
20260421005400212820,제주시 취업준비 청년 자격증 등 응시료 지원사업,제주특별자치도 제주시 자치행정국 기획예산과,제주,취업·일경험,진행중,2차 1-1-3,,,,,,
20260421005400212794,제주청년 갭이어 프로그램 운영,제주특별자치도 기획조정실 청년정책담당관,제주,문화·건강,마감,2차 4-14-55,,,,,,20250717005400211372
20250717005400211372,제주청년 갭이어 프로그램 운영,기획조정실,중앙,참여·권리,마감,1차 5-19-50,,,,,,20260421005400212794
20260421005400212808,제주청년 글로벌스탠다드 역량강화 지원사업,제주특별자치도 청년정책담당관,제주,교육·역량,마감,2차 2-5-19,,,,,,
20260421005400212785,제주청년 희망사다리 재형저축 사업,제주특별자치도청,제주,금융·생활안정,마감,2차 4-11-38,650000000279,이름 대조(신뢰도 높음),,,,20251111005400211826
20260421005400212829,제주청년등록시스템 운영,제주도청 청년정책담당관,제주,정책기반,상시,2차 5-16-59,,,,,,20250718005400211439
20250718005400211439,제주청년등록시스템 운영,제주특별자치도 기획조정실 청년정책담당관,제주,정책기반,마감,1차 5-19-50,,,,,,20260421005400212829
20260421005400212828,제주청년센터 운영,제주특별자치도 청년정책담당관,제주,정책기반,진행중,2차 5-16-60,,,,,,20250718005400211395
20250718005400211395,제주청년센터 운영,청년정책담당관,제주,정책기반,마감,1차 5-18-47,,,,,,20260421005400212828
20260416005400212755,제주청년의 날 및 청년주간 운영,제주특별자치도 청년정책담당관,제주,문화·건강,상시,2차 4-14-53,,,,,,20260421005400212812
20260421005400212812,제주청년의 날 및 청년주간 운영,제주특별자치도 청년정책담당관,제주,문화·건강,마감,2차 4-14-53,,,,,,20260416005400212755
20260422005400212855,제주청년의 열린ㆍ공감 광장,제주특별자치도 청년정책담당관,제주,참여·권리,마감,2차 5-15-57,,,,,,
20260421005400212826,제주청년의 주도적 성장·도약 UP,제주특별자치도 청년정책담당관,제주,정책기반,진행중,2차 5-16-59,,,,,,
20260421005400212774,제주청년작가전,제주특별자치도 문화예술진흥원,제주,문화·건강,마감,2차 4-14-52,,,,,,
20251111005400211826,제주청년희망사다리 재형저축사업,제주특별자치도 경제활력국 노동일자리과,제주,취업·일경험,마감,1차 1-1-1,650000000279,이름 대조(신뢰도 높음),,,,20260421005400212785
20250717005400211356,제주특별자치도 공공기관 통합채용,특별자치행정국,제주,취업·일경험,마감,1차 1-3-6,,,,,,
20250220005400210485,제천시 청년센터 운영,제천시,충북,취업·일경험,마감,1차 1-1-2,,,,,,
20251230005400212048,조기취업형 계약학과 운영,전남광주통합특별시,전남,교육·역량,마감,1차 3-11-26,,,,,,
20260408005400212585,조선업 재직자 희망공제 사업,경상남도,경남,취업·일경험,상시,2차 1-3-11,,,,,,
20260408005400212583,조선해양 미래혁신인재 양성센터사업,경상남도,경남,취업·일경험,상시,2차 1-2-5,,,,,,
20250710005400211165,주거취약계층 부동산 중개보수 지원,전남광주통합특별시 도시공간국 토지정보과,광주,주거,마감,1차 2-7-16,,,,,,
20250918005400211756,주력산업 상생희망공제 지원,청년정책과,경남,취업·일경험,마감,1차 1-1-3,,,,,,
20260331005400212363,주소전입 학생 지원,전북특별자치도 익산시,전북,금융·생활안정,진행중,2차 4-12-44,468100000005,이름 대조(신뢰도 높음),,,,
20250715005400211273,주택 안심계약 도움서비스 제공,건설교통국,중앙,주거,마감,1차 2-7-16,,,,,,
20260408005400212642,중견기업-지역 혁신 얼라이언스 지원사업,경상남도,경남,취업·일경험,상시,2차 1-1-1,,,,,,
20251121005400211933,중독 예방·치료 지원(중독자 정신건강 지원사업),충청북도,충북,문화·건강,마감,1차 4-15-39,,,,,,
20260415005400212749,중랑청년청 동네친구 커뮤니티(중랑구),서울특별시 중랑구,서울,참여·권리,상시,2차 5-17-62,,,,,,
20250502005400210778,중소기업 근로자 임대보증금 지원,경제진흥국,강원,주거,마감,1차 2-6-13,,,,,,
20250717005400211364,중소기업 디지털 전환을 위한 청년일자리 지원사업,산업정책과,인천,취업·일경험,마감,1차 1-1-1,,,,,,
20250109005400210099,중소기업 재직청년 복지공유제,인천광역시 서해구,인천,문화·건강,마감,1차 4-16-42,356100000004,이름 대조(신뢰도 높음),,,,20260406005400212432
20250827005400211526,중소기업 정규직 프로젝트,경상북도,경북,취업·일경험,마감,1차 1-1-1,,,,,,
20250829005400211535,중소기업 정규직 프로젝트(구미시),미래교육돌봄국,경북,취업·일경험,마감,1차 1-1-3,,,,,,
20250917005400211734,중소기업 청년 활력,산업인력과,경남,취업·일경험,마감,1차 1-1-3,,,,,,
20260314005400212161,중소기업 청년근로자 3·6·9 미래희망 지원사업,경상북도 김천시 미래산업국,경북,취업·일경험,마감,2차 1-3-11,,,,,,
20250507005400210786,지방 공기업 청년의무고용제,국가예산담당관,울산,취업·일경험,마감,1차 1-1-1,,,,,,
20260402005400212378,지방공기업 청년고용의무제,울산광역시,울산,취업·일경험,상시,2차 1-1-1,,,,,,
20250715005400211285,지방공기업 체험형 청년인턴 제도 운영,기획조정실,중앙,취업·일경험,마감,1차 1-1-2,,,,,,
20250908005400211665,지역 ICT 이노베이션스퀘어 운영,미래산업과,중앙,취업·일경험,마감,1차 1-1-2,,,,,,
20250901005400211551,지역 고교 인재 비즈쿨 프로젝트,경상북도,경북,창업·농어업,마감,1차 1-2-5,,,,,,
20251112005400211857,지역 이공계 여성 인재 양성사업,충청남도 산업경제실 미래산업과,충남,교육·역량,마감,1차 3-9-21,,,,,,20251214005400211977
20251214005400211977,지역 이공계 여성인재 양성사업,충청남도,충남,교육·역량,마감,1차 3-9-19,,,,,,20251112005400211857
20250509005400210805,지역 중소기업 청년고용 지원사업,대구광역시,대구,취업·일경험,마감,1차 1-1-1,,,,,,
20250304005400210590,지역 중소기업 취업청년 학자금 대출 상환지원,전남광주통합특별시,전남,취업·일경험,마감,1차 1-4-8,,,6460000201430222,지역 중소기업 취업청년 학자금대출 상환 지원 (전남),1.11,
20250618005400211044,지역 청년 무역인력 인턴십 지원 사업,강원특별자치도,강원,취업·일경험,마감,1차 3-9-20,,,,,,
20260402005400212379,지역 청년 일경험 사업,울산광역시,울산,취업·일경험,진행중,2차 1-1-3,,,,,,20250507005400210787
20250507005400210787,지역 청년 일경험 사업,경제정책관,울산,취업·일경험,마감,1차 1-1-1,,,,,,20260402005400212379
20250710005400211167,지역ICT이노베이션스퀘어확산사업,전남광주통합특별시 산업실 인공지능산업국 AI반도체과,광주,교육·역량,마감,1차 3-9-19,,,,,,
20250908005400211661,지역공동체일자리사업,기업지원과,세종,취업·일경험,마감,1차 1-1-1,,,,,,
20251214005400211995,지역기반형 콘텐츠코리아랩 운영,충청남도,충남,문화·건강,마감,1차 4-16-41,,,,,,20260504005400113078 | 20251113005400211872
20251113005400211872,지역기반형 콘텐츠코리아랩 운영,충청남도 문화체육관광국 문화정책과,충남,문화·건강,마감,1차 4-16-41,,,,,,20260504005400113078 | 20251214005400211995
20251214005400211994,지역문화 전문인력 양성,충청남도,충남,문화·건강,마감,1차 4-16-43,,,,,,20260504005400113121 | 20251112005400211869
20251112005400211869,지역문화 전문인력 양성,충청남도 문화체육관광국 문화정책과,충남,문화·건강,마감,1차 4-16-41,,,,,,20260504005400113121 | 20251214005400211994
20250731005400211507,지역문화예술육성지원사업,문화체육관광국,전북,문화·건강,마감,1차 4-16-43,,,,,,
20250522005400210871,지역별 서울청년센터 설치 운영,청년사업담당관,중앙,정책기반,마감,1차 5-19-49,,,,,,
20260414005400212734,지역사회 공감확산 사업,울산광역시,울산,정책기반,진행중,2차 5-16-60,,,,,,20250717005400211340
20250717005400211340,지역사회 공감확산 사업,울산광역시,울산,참여·권리,마감,1차 5-17-45,,,,,,20260414005400212734
20251214005400211990,지역사회서비스 청년사업단,충청남도,충남,문화·건강,마감,1차 4-15-39,,,,,,20260504005400113114 | 20251112005400211865
20251112005400211865,지역사회서비스 청년사업단,충청남도 보건복지국 복지보훈정책과,충남,문화·건강,마감,1차 4-15-40,,,,,,20260504005400113114 | 20251214005400211990
20260427005400212879,지역사회서비스 청년사업단 운영,제주특별자치도 복지정책과,제주,취업·일경험,마감,2차 1-2-5,999000000044,이름 대조(신뢰도 중간),,,,20250718005400211425
20250718005400211425,지역사회서비스 청년사업단 운영,제주특별자치도,제주,문화·건강,마감,1차 4-15-40,999000000044,이름 대조(신뢰도 중간),,,,20260427005400212879
20251231005400212065,지역사회서비스분야 청년사업단 지원,경기도,경기,문화·건강,마감,1차 4-15-40,,,64100002019303AF,지역사회서비스분야 청년사업단 지원(국비/직접),0.66,
20260421005400212775,지역산업 맞춤형 일자리 창출 지원사업,제주지역 인적자원개발위원회,제주,취업·일경험,마감,2차 1-2-5,,,,,,20251110005400211820
20251110005400211820,지역산업 맞춤형 일자리 창출 지원사업,제주특별자치도 경제활력국 노동일자리과,제주,취업·일경험,마감,1차 1-1-1,,,,,,20260421005400212775
20260331005400212374,지역산업 연계형 대학 특성화학과 혁신지원사업,경상북도,경북,교육·역량,상시,2차 2-6-20,,,,,,
20250903005400211599,지역산업맞춤형 일자리창출 지원,기업지원과,세종,취업·일경험,마감,1차 1-1-1,,,,,,
20250107005400210058,지역상생 청년일자리 창출 사업,전남광주통합특별시 목포시 미래전략산업국,서울,창업·농어업,마감,1차 1-2-5,,,,,,
20250316005400210620,지역연계형 청년 창업 지원사업(넥스트로컬),대외협력과,서울,창업·농어업,마감,1차 1-2-5,,,61100002020300EA,지역연계형 청년 창업 지원,13.2,
20250710005400211164,지역인재 이전공공기관 탐방,전남광주통합특별시 기획조정실 전략정책관 인구정책담당관,광주,취업·일경험,마감,1차 1-1-1,,,,,,
20251218005400212030,지역자원 연계 청년창업 지원,전남광주통합특별시,중앙,창업·농어업,마감,1차 1-2-5,,,,,,
20260408005400212590,지역정주지원금 지원(빛고을직업교육혁신지구 고도화),전남광주통합특별시,광주,취업·일경험,마감,2차 1-1-1,,,,,,20250227005400210569
20250227005400210569,지역정주지원금 지원(빛고을직업교육혁신지구 고도화),전남광주통합특별시 교육청년국 교육지원정책과,광주,취업·일경험,마감,1차 1-1-1,,,,,,20260408005400212590
20250220005400210502,지역정착 청년 근로자 인센티브 지원사업,제천시,충북,취업·일경험,마감,1차 1-1-1,,,4400000201930017,지역정착 청년 근로자 인센티브 지원사업,2.0,
20250715005400211270,지역정착 청년프로그램 운영,청년정책관,충남,참여·권리,마감,1차 5-19-50,,,45200002022301AE | 45900002025301A4 | 4610000202430100,지역정착 청년프로그램 운영사업 | 지역정착 청년 프로그램 운영사업 | 지역정착청년프로그램,0.69,
20250725005400211494,지역주도형 청년일자리 사업,대구광역시,대구,취업·일경험,마감,1차 1-1-1,,,,,,
20250430005400210732,지역주도형 청년일자리 사업(상생기반대응형),행정안전부,중앙,취업·일경험,마감,1차 1-1-1,,,,,,
20250430005400210731,지역주도형 청년일자리 사업(지역혁신형),행정안전부,중앙,취업·일경험,마감,1차 1-1-1,,,,,,
20251107005400211818,지역주도형 청년일자리사업,제주특별자치도 경제활력국 노동일자리과,제주,취업·일경험,마감,1차 1-1-1,,,,,,
20250718005400211401,지역주도형 청년일자리사업(시군),전북특별자치도,전북,취업·일경험,마감,1차 1-1-3,,,4640000201830269 | 468000020183011A | 4750000202230018 | 47200002018301B2,지역주도형 청년일자리사업 | 지역주도형 청년일자리 사업 | 지역주도형 청년일자리사업(청년비상 일자리) | 지역주도형 청년 일자리사업 (사회적경제 청년 혁신가),1.18,
20250716005400211321,"지역주민 평생교육(중장비운전, 생활용점, 제과제빵 실습반) 운영 지원",장수군,전북,취업·일경험,마감,1차 3-9-21,,,,,,
20260406005400212475,지역지능화 혁신인재 양성사업,인하대학교,인천,교육·역량,상시,2차 2-5-17,,,,,,20250718005400211445
20250718005400211445,지역지능화 혁신인재 양성사업,반도체바이오과,인천,취업·일경험,마감,1차 3-11-27,,,,,,20260406005400212475
20250710005400211173,지역지능화혁신인재양성 지원,전남광주통합특별시 산업실 인공지능산업국 AI반도체과,광주,교육·역량,마감,1차 3-9-21,,,,,,
20250618005400211062,지역청년 참여 네트워크 구축 및 활성화,강원특별자치도,강원,참여·권리,마감,1차 5-17-45,,,,,,
20250714005400211226,지역특성화산업 전문인력양성사업,특별자치교육협력국,중앙,취업·일경험,마감,1차 3-10-25,,,,,,
20251211005400211963,지역특화 임대형 스마트팜,충청남도,충남,창업·농어업,마감,1차 1-2-5,,,,,,
20250918005400211767,지역특화 임대형 스마트팜 조성,스마트농업과,경남,창업·농어업,마감,1차 1-2-5,,,,,,
20250117005400210315,지역특화 청년 무역전문가 양성사업,제주특별자치도,제주,취업·일경험,마감,1차 3-10-25,,,,,,
20260421005400212811,지역특화 청년 무역전문가 양성사업(GTEP),제주대학교 경상대학 무역학과,제주,교육·역량,마감,2차 2-5-19,,,,,,
20250618005400111043,지역특화 청년무역 전문가 양성사업,강원특별자치도,강원,취업·일경험,마감,1차 3-9-20,,,64200002013300C3,지역특화 청년무역전문가양성(국가직접지원),1.0,
20250901005400211572,지역특화 청년창업 지원사업,영양군,경북,창업·농어업,마감,2차 1-2-5,,,5170000202130021,지역특화청년창업지원사업(2026기금),10.0,
20251211005400211958,지역특화형 비자사업,충청남도,충남,취업·일경험,마감,1차 1-4-8,,,,,,
20260408005400212587,지역필수의사제 시범사업,경상남도,경남,취업·일경험,상시,2차 1-3-8,,,,,,
20250618005400211053,지역혁신중심 대학지원체계,강원특별자치도,강원,교육·역량,마감,1차 3-9-22,,,,,,
20250909005400211680,지역혁신중심 대학지원체계(RISE),청년정책담당관,세종,취업·일경험,마감,1차 3-11-28,,,,,,
20250917005400211711,지역혁신중심 대학지원체계(RISE) 구축,대학협력과,경남,취업·일경험,마감,1차 3-11-28,,,,,,
20251111005400211836,지역혁신중심 대학지원체계(RISE) 구축,제주특별자치도 혁신산업국 미래성장과,제주,교육·역량,마감,1차 3-11-28,,,,,,
20260414005400212731,지역혁신중심 대학지원체계(RISE) 사업,제주테크노파크,제주,교육·역량,진행중,2차 2-5-19,,,,,,
20260407005400212537,지역혁신중심 대학지원체계(RISE) 추진,울산광역시,울산,취업·일경험,진행중,2차 1-2-5,,,,,,20250715005400111244
20260406005400212499,지역형 마이스 전문인력 양성 프로그램,인천광역시 국제협력국 관광마이스과,인천,교육·역량,상시,2차 2-5-19,,,,,,
20260313005400212128,직업교육 혁신지구 지원사업,경상북도,경북,교육·역량,상시,2차 2-6-23,,,,,,
20250904005400211637,직장맘지원센터 운영,인구여성가족과,세종,금융·생활안정,마감,1차 4-14-36,,,,,,
20251121005400211930,직장적응지원사업,충청북도,충북,취업·일경험,마감,1차 3-11-28,,,,,,
20260407005400212565,진로설계 패키지(라이프·커리어) 참여자 모집,전남광주통합특별시,광주,취업·일경험,마감,2차 1-2-5,,,,,,
20251124005400211935,진주시 4차 산업혁명 스마트교육,경상남도 진주시 인구청년정책관,경남,교육·역량,상시,2차 2-5-18,,,,,,
20251231005400212071,진주시 대학생 학자금 대출이자 지원,경상남도 진주시 교육체육국,경남,교육·역량,마감,2차 2-7-25,531000000116,이름 대조(신뢰도 중간),,,,
20251127005400211942,진주시 대학생 행정인턴사업,경상남도 진주시 인구청년정책관,경남,취업·일경험,마감,2차 1-1-1,,,5310000200930980,대학생 행정인턴 사업,2.0,
20260427005400212885,진주시 문화제작소 운영,경상남도 진주시 문화관광국,경남,참여·권리,상시,2차 5-17-62,,,,,,
20251127005400211947,진주시 미혼남녀 인연만들기 행사,경상남도 진주시 인구청년정책관,경남,문화·건강,마감,2차 4-14-53,,,,,,
20260424005400212874,진주시 사회초년생 운전면허 취득비용 지원사업,경상남도 진주시 인구청년정책관,경남,문화·건강,상시,2차 4-14-55,,,5310000202630080,사회초년생 운전면허 취득비용 지원사업,1.0,
20260427005400212884,진주시 일자리 지원센터 운영,경상남도 진주시 우주항공경제국,경남,취업·일경험,상시,2차 1-1-2,,,,,,
20260424005400212873,진주시 중소기업 청년채용 지원사업,경상남도 진주시 인구청년정책관,경남,취업·일경험,마감,2차 1-1-1,,,5310000202630003,중소기업 청년채용 지원사업,1.02,
20251127005400211943,진주시 중소기업 취업청년  복지지원금 지원사업,경상남도 진주시 인구청년정책관,경남,취업·일경험,마감,2차 1-1-3,,,531000020213015C,중소기업 취업청년 복지지원금 지원사업,3.62,
20251218005400212031,진주시 중앙시장 청년몰 청년상인 모집,경상남도 진주시 우주항공경제국,경남,창업·농어업,마감,1차 1-2-5,,,,,,
20251124005400211936,진주시 채용예정자과정,경상남도 진주시 인구청년정책관,경남,취업·일경험,상시,2차 1-1-2,,,,,,
20251127005400211944,진주시 청년 면접정장 대여사업,경상남도 진주시 인구청년정책관,경남,취업·일경험,상시,2차 1-1-1,648000001110,이름 대조(신뢰도 중간),5310000201930034,청년 면접정장 대여사업,0.41,
20251219005400212033,진주시 청년 자격증 응시료 지원,경상남도 진주시 인구청년정책관,경남,취업·일경험,상시,2차 1-1-2,,,,,,
20251001005400211798,진주시 청년네트워크 위원 모집,경상남도 진주시 인구청년정책관,경남,참여·권리,마감,1차 5-17-45,,,,,,
20251218005400212024,진주시 청년온라인플랫폼 운영,경상남도 진주시 인구청년정책관,경남,정책기반,상시,2차 5-16-59,,,,,,
20250724005400211492,차세대 문화예술기획자 양성과정(2025년),대구광역시,대구,문화·건강,마감,1차 4-16-43,,,,,,
20260406005400212528,차세대 원자력 원천기술 창출형 IP-R&D 인력양성 사업,울산광역시,울산,교육·역량,진행중,2차 2-5-19,,,,,,
20250918005400211771,차세대농업인 성공모델 육성,농업기술원,경남,창업·농어업,마감,1차 1-2-5,,,,,,
20251001005400211797,창녕군 청년정책네트워크 운영,경상남도 창녕군 미래전략추진단,경남,참여·권리,마감,1차 5-17-45,,,54100002021300BB,청년정책네트워크 운영,0.26,
20250109005400210130,창업 청년 임대료 지원사업,전남광주통합특별시 강진군 인구정책과,전남,창업·농어업,마감,1차 1-2-5,,,,,,
20250722005400211475,창업기업 양성 프로젝트,전북특별자치도,전북,창업·농어업,마감,1차 1-2-4,,,,,,
20250103005400210044,창업보육센터 지원,서산시,중앙,창업·농어업,마감,1차 1-2-5,SD0000001490,이름 대조(신뢰도 중간),,,,
20250715005400211281,창업어가 멘토링,수산자원연구소,충남,교육·역량,마감,1차 3-9-21,119200000070,이름 대조(신뢰도 중간),,,,20260504005400113093
20260402005400212390,창업의 꿈 울산이 이루어 드림,울산광역시,울산,창업·농어업,진행중,2차 1-4-12,,,,,,
20260820005400213342,창업전문가 특강 “취업? 창업!”,전남광주통합특별시,광주,창업·농어업,마감,2차 1-4-12,,,,,,
20260330005400212323,창업허브센터 운영,경상북도 의성군 관광복지국,경북,주거,상시,2차 3-8-29,,,,,,20250902005400211577
20250902005400211577,창업허브센터운영,관광복지국,중앙,창업·농어업,마감,1차 1-2-5,,,,,,20260330005400212323
20250113005400210185,창원시 청년 누비자 이용요금 지원사업,창원시,경남,금융·생활안정,마감,1차 4-14-38,,,,,,
20250113005400210186,창원형 청년꿈터 지원사업,창원시,경남,문화·건강,마감,1차 4-16-42,,,,,,
20260415005400212745,창의융합형 공학인재 양성 지원사업,제주대학교 공학교육혁신센터,제주,교육·역량,마감,2차 2-5-18,,,,,,
20260430005400213005,창의융합형 인재육성 사업,지역경제과,충남,취업·일경험,상시,2차 1-2-5,568000000345,이름 대조(신뢰도 중간),,,,
20260430005400212975,창작스튜디오 운영,문화예술과,충남,문화·건강,마감,2차 4-14-51,,,,,,
20251124005400211938,찾아가는 일자리 희망버스 운영,전남광주통합특별시 경제실 일자리투자유치국 일자리경제과,중앙,취업·일경험,마감,1차 1-1-1,,,,,,
20260422005400212833,찾아가는 청년교육 프로그램 운영,제주특별자치도 서귀포시 자치행정국 기획예산과,제주,정책기반,상시,2차 5-16-59,,,,,,20250717005400211369
20250717005400211369,찾아가는 청년교육 프로그램 운영,자치행정국,제주,취업·일경험,마감,1차 3-10-25,,,,,,20260422005400212833
20250103005400210049,찾아가는 청년문화 예술 활동 지원,서산시,충남,문화·건강,마감,1차 4-16-43,,,4530000201930028,찾아가는 청년문화 예술활동 지원사업,0.24,
20250715005400211256,찾아가는 청년일자리버스(소통공간),청년정책관,충남,취업·일경험,마감,1차 1-1-1,,,,,,
20260430005400212970,천안 유니브시티 페스티벌,청년정책과,충남,문화·건강,마감,2차 4-14-53,,,,,,
20260430005400212967,천안(天安)의 아침밥,식품안전과,충남,문화·건강,마감,2차 4-14-55,,,,,,
20260430005400212993,천안시 일자리종합지원센터 운영,청년정책과,충남,취업·일경험,상시,2차 1-1-3,,,,,,
20260504005400213136,천안청년센터 이음 운영,청년정책과,충남,정책기반,상시,2차 5-16-60,,,,,,
20260430005400212980,천안청년포털 다모아 운영,청년정책과,충남,정책기반,상시,2차 5-16-59,,,,,,
20260430005400212966,천안학 운영,교육청소년과,충남,문화·건강,상시,2차 4-14-51,,,,,,
20260504005400213065,천안형 채용연계프로그램,청년정책과,충남,취업·일경험,상시,2차 1-1-1,,,,,,
20260430005400212979,천안형 청년도전 프로젝트,청년정책과,충남,참여·권리,마감,2차 5-15-58,,,4490000202530077,천안형 청년도전 프로젝트,1.0,
20260406005400212460,천원 복비(주택 중개보수 지원),인천광역시 도시계획국 토지정보과,인천,주거,상시,2차 3-10-34,,,,,,
20260331005400212371,천원의 아침밥 지원,경상북도,경북,금융·생활안정,마감,2차 4-12-44,154300005045,이름 대조(신뢰도 중간),,,,20250905005400211660
20250905005400211660,천원의 아침밥 지원,경상북도,경북,금융·생활안정,마감,2차 4-12-44,154300005045,이름 대조(신뢰도 중간),,,,20260331005400212371
20250718005400211375,천원의 아침밥 지원사업,청년정책담당관,제주,문화·건강,마감,1차 4-15-40,154300005045,이름 대조(신뢰도 중간),,,,
20250904005400211634,첫만남 이용권 지원,보건복지부,중앙,금융·생활안정,마감,1차 4-13-32,135200005015,이름 대조(신뢰도 중간),,,,
20250220005400210482,첫만남이용권 지원,충청북도,충북,문화·건강,마감,1차 4-15-40,135200005015,이름 대조(신뢰도 중간),,,,
20250522005400210867,청년 1인가구 소셜다이닝 건강한 밥상,돌봄고독정책관,서울,문화·건강,마감,1차 4-15-40,,,320000020253007F,청년 1인가구 소셜다이닝 건강한 밥상,0.1,
20260318005400212193,청년 1인가구 전월세 안심계약 지원,경기도 군포시,경기,주거,진행중,2차 3-10-32,,,,,,
20250917005400211705,청년 365 핫플레이스 조성,청년정책과,경남,문화·건강,마감,1차 4-16-42,,,5350000202230216 | 5670000202630072 | 6480000202330405 | 5330000202530106 | 5310000202530212 | 53100002026301CE,청년 365 핫플레이스 조성 | 청년 365 핫플레이스 조성 | 청년 365 핫플레이스 조성 | 청년 365 핫플레이스 조성사업 | 청년 365 핫플레이스 조성 사업 | 청년 365 핫플레이스 조성사업,12.38,
20250728005400211496,청년 4‧3 심포리즘 개최,4.3지원과,제주,참여·권리,마감,1차 5-19-50,,,,,,
20260504005400213050,청년 AI 자격증 취득 지원,경제산업과,충남,취업·일경험,진행중,2차 1-1-3,,,,,,
20250917005400211703,청년 고독사 고위험군 지원,통합돌봄과,경남,금융·생활안정,마감,1차 4-14-35,,,,,,
20250901005400211562,청년 고민상담소,경상북도,경북,문화·건강,마감,1차 4-15-39,,,523000020233007C,청년고민상담소운영,0.04,
20260413005400212720,청년 공공일자리사업,제주특별자치도 제주시 경제일자리국 일자리에너지과,제주,취업·일경험,상시,2차 1-1-1,,,,,,20260422005400212864
20260422005400212864,청년 공공일자리사업,제주특별자치도 제주시 경제일자리국 일자리에너지과,제주,취업·일경험,마감,2차 1-1-1,,,,,,20260413005400212720
20250717005400211373,청년 공동체 활성화 사업,자치행정국,제주,참여·권리,마감,1차 5-20-51,,,,,,
20250718005400211397,청년 관심UP사업,청년정책담당관,제주,참여·권리,마감,1차 5-20-51,,,,,,
20250114005400210228,청년 구직응원 패키지 지원사업,경제교통국,부산,취업·일경험,마감,1차 1-1-2,335000000110,이름 대조(신뢰도 높음),3350000202230056,청년 구직응원 패키지 지원사업,0.35,
20260331005400212365,청년 구직활동 지원사업,경상북도 안동시 평생복지국,경북,취업·일경험,상시,2차 1-1-1,,,,,,
20250903005400211603,청년 구직활동비 지원,기업지원과,세종,취업·일경험,마감,1차 1-1-1,569000000390,이름 대조(신뢰도 중간),,,,
20250711005400211182,청년 귀환 채널구축 사업(고향올래),대구광역시,중앙,취업·일경험,마감,1차 1-1-2,,,,,,
20251218005400212029,청년 글로벌셀러 육성 지원,전남광주통합특별시,전남,창업·농어업,마감,1차 1-2-4,,,,,,
20250424005400210719,청년 내일(job)설계 프로그램 운영,전남광주통합특별시 일가정양립지원본부 관리담당관,광주,취업·일경험,마감,1차 1-1-3,,,,,,
20260331005400212366,청년 네트워크,경상북도 안동시 평생복지국,경북,참여·권리,마감,2차 5-17-62,,,,,,
20260107005400212074,청년 네트워크 활성화 지원사업,대전광역시 교육정책전략국 청년정책과,대전,참여·권리,상시,2차 5-17-62,,,,,,
20251231005400212060,청년 노동자 통장 운영,경기도,경기,금융·생활안정,마감,1차 4-13-32,641000000192,이름 대조(신뢰도 높음),6410000201530568,청년 노동자 통장 운영(자체/직접),122.93,
20250917005400211728,청년 농촌보금자리 조성,농업정책과,경남,주거,마감,1차 2-8-18,,,544000020243012B | 5440000202530051 | 64800002022302EA,청년농촌보금자리조성사업(이전재원) | 청년농촌보금자리조성사업 | 청년 농촌보금자리 조성사업,131.59,
20251121005400211919,청년 농촌보금자리 조성사업,충청북도,충북,주거,진행중,1차 2-8-18,,,44200002024300F5 | 447000020233019F | 643000020193028E | 44000002025300B6 | 44400002025300DF | 440000020263007F,청년농촌보금자리 조성사업 | 청년 농촌보금자리 조성사업 | 청년 농촌보금자리 조성사업 | 청년농촌보금자리 조성사업(보조) | 청년농촌보금자리 조성(보조) | 청년농촌보금자리조성사업(지방소멸대응기금)(보조),329.96,
20251211005400211971,청년 농촌보금자리 조성사업,충청남도,충남,주거,마감,1차 2-5-10,,,568000020263008C | 568000020263008D | 4500000202330396 | 568000020253013D | 45700002024300A4,청년농촌보금자리 조성사업(옥금리) | 청년농촌보금자리 조성사업(슬항지구) | 청년농촌보금자리조성사업 | 청년농촌보금자리조성사업 | 청년농촌보금자리조성사업,51.03,
20250718005400211380,청년 다시-DREAM 재창업 지원사업,소상공인과,제주,창업·농어업,마감,1차 1-2-4,,,,,,
20250715005400211276,청년 도내 농창업 지원,농축산국,충남,창업·농어업,마감,1차 1-2-5,,,6440000202230070 | 458000020253006D | 460000020223012C,청년 도내 농창업 지원 | 청년 도내 농창업지원 | 청년 도내 농창업 지원,0.56,
20260408005400212644,청년 도서구입비 지원,전남광주통합특별시 여수시 문화관광체육국,전남,문화·건강,진행중,2차 4-14-53,,,4810000202530049,청년 도서구입비 지원,2.01,
20250922005400211788,청년 독서만리 사업,도서관사업소,경남,문화·건강,마감,1차 4-16-42,,,,,,
20251001005400211795,청년 동아리 지원사업,경상남도 창녕군 미래전략추진단,경남,문화·건강,마감,1차 4-16-42,,,,,,
20250220005400210515,청년 동아리 활동 지원,괴산군,충북,문화·건강,마감,1차 4-16-42,,,,,,
20260303005400212097,청년 동아리 활동비 지원(상반기),강원특별자치도 원주시,강원,문화·건강,마감,2차 4-14-53,419100000009,이름 대조(신뢰도 높음),,,,20250327005400210658
20250327005400210658,청년 동아리 활동비 지원(상반기),원주시,강원,문화·건강,마감,1차 4-16-42,419100000009,이름 대조(신뢰도 높음),,,,20260303005400212097
20251214005400211992,청년 등 생애주기별 마음건강사업,충청남도,충남,문화·건강,마감,1차 4-15-39,,,,,,20260504005400113077 | 20251112005400211867
20251112005400211867,청년 등 생애주기별 마음건강사업,충청남도 보건복지국 건강증진식품과,충남,문화·건강,마감,1차 4-15-39,,,459000020213006D,청년 등 생애주기별 마음건강 사업(통합정신건강),0.03,20260504005400113077 | 20251214005400211992
20250618005400211048,청년 맞춤형 교육 추진,강원특별자치도,강원,취업·일경험,마감,1차 3-9-19,,,,,,
20251214005400212001,청년 맞춤형 도내 관광코스 개발·홍보 (충남 워케이션 프로그램 운영),충청남도,중앙,문화·건강,마감,1차 4-16-42,,,,,,
20250316005400210626,청년 매입임대주택 사업,주택정책관,서울,주거,마감,1차 2-5-10,,,,,,
20260324005400212254,청년 면접 정장 대여사업,전북특별자치도 익산시,전북,취업·일경험,진행중,2차 1-1-1,,,,,,20250716005400211324
20250716005400211324,청년 면접 정장 대여사업,익산시,전북,취업·일경험,마감,1차 1-1-2,,,4680000202330388,청년 면접 정장 대여사업,0.13,20260324005400212254
20260129005400212087,청년 면접 정장 지원,강원특별자치도 원주시,강원,취업·일경험,진행중,2차 1-1-2,,,,,,
20260320005400212240,청년 면접 준비비 지원사업,경상북도 경주시 시민복지국,경북,취업·일경험,상시,2차 1-1-1,,,505000020243000F,청년 면접준비비 지원사업,0.2,
20250108005400210084,청년 면접 지원 사업,가평군,경기,취업·일경험,마감,1차 1-1-2,,,,,,
20260504005400213054,청년 면접용 정장 대여비 지원,경제산업과,충남,취업·일경험,상시,2차 1-1-1,558000000302,이름 대조(신뢰도 높음),,,,
20250918005400211755,청년 면접정장 무료 대여,청년정책과,경남,취업·일경험,마감,1차 1-1-1,648000001110,이름 대조(신뢰도 높음),6480000202030149,청년 면접정장 무료대여 사업,0.81,
20250423005400210717,청년 면접정장 무료대여 '꿈이룸옷장',기획경제국,대구,취업·일경험,마감,1차 1-1-1,,,,,,
20260429005400212917,청년 모임 지원사업 [청년모힘],전남광주통합특별시,광주,참여·권리,마감,2차 5-17-62,,,,,,
20250522005400210873,청년 몽땅 정보통 운영,청년정책담당관,중앙,정책기반,마감,1차 5-19-49,,,,,,
20250901005400211552,청년 무역 전문인력 양성 지원,경상북도,경북,취업·일경험,마감,1차 1-1-2,,,,,,
20260504005400213040,청년 문화시설 관람비 지원,경제산업과,충남,문화·건강,진행중,2차 4-14-53,,,,,,
20250904005400211644,청년 문화예술기획자 양성(시민축제단),문화예술과,중앙,문화·건강,마감,1차 4-16-43,,,,,,
20250908005400211672,청년 문화예술인 활동 지원,문화예술과,경남,문화·건강,마감,1차 4-16-43,,,536000020253006D | 5410000202630053 | 544000020263006F | 54500002025300E6,청년 문화예술인 활동지원 | 청년 문화예술인 활동 지원 | 청년 문화예술인 활동 지원 사업 | 청년 문화예술인 활동 지원사업,0.15,
20250922005400211784,청년 문화예술패스 사업,문화관광체육국,경남,문화·건강,마감,1차 4-16-42,137100000239,이름 대조(신뢰도 중간),5670000202430218,청년 문화예술패스 사업,2.72,
20260406005400212485,청년 문화예술패스 지원,한국문화예술위원회,인천,문화·건강,상시,2차 4-14-53,137100000239,이름 대조(신뢰도 중간),,,,20250718005400211459
20250718005400211459,청년 문화예술패스 지원,문화체육관광부,인천,문화·건강,마감,1차 4-16-42,137100000239,이름 대조(신뢰도 중간),62800002024302EB,청년 문화예술패스 지원,8.24,20260406005400212485
20250109005400210120,청년 및 주거취약계층 주택 중개수수료 지원 사업,제주특별자치도,제주,주거,마감,1차 2-6-13,650000001138,이름 대조(신뢰도 중간),,,,20260421005400212798
20260421005400212798,청년 및 주거취약계층 주택 중개수수료 지원사업,제주특별자치도,제주,주거,마감,2차 3-9-30,650000001138,링크 기재,,,,20250109005400210120
20260407005400212534,청년 방송기획 제작단 U-미디어팩토리,울산광역시,울산,교육·역량,진행중,2차 2-5-19,,,,,,
20250220005400210514,청년 배움 지원,괴산군,충북,취업·일경험,마감,1차 3-10-25,,,,,,
20260504005400213018,청년 버스 운전자 양성 프로그램,청년정책과,충남,취업·일경험,진행중,2차 1-2-4,,,,,,
20250117005400210327,청년 버스킹 활성화 사업,주민복지국,중앙,문화·건강,마감,1차 4-16-41,,,,,,
20260618005400213241,청년 부동산 중개보수 및 이사비 지원사업,서울특별시 미래청년기획관 청년사업담당관,서울,주거,마감,2차 3-9-30,611000000170,이름 대조(신뢰도 중간),,,,20260614005400213232 | 20250316005400210631
20260614005400213232,청년 부동산 중개보수 및 이사비 지원사업,서울특별시 미래청년기획관 청년사업담당관,서울,주거,마감,2차 3-9-30,611000000170,이름 대조(신뢰도 중간),,,,20260618005400213241 | 20250316005400210631
20250316005400210631,청년 부동산 중개보수 및 이사비 지원사업,청년사업담당관,서울,주거,마감,1차 2-6-13,611000000170,이름 대조(신뢰도 중간),611000020223047F,청년 부동산 중개보수 및 이사비 지원,34.14,20260618005400213241 | 20260614005400213232
20250519005400210857,청년 부상 제대군인 상담센터 운영,복지기획관,서울,금융·생활안정,마감,1차 4-14-36,,,6110000202330249,청년 부상 제대군인 상담센터 운영,3.89,
20250922005400211789,청년 북돋움 사업,도서관사업소,경남,문화·건강,마감,1차 4-16-42,,,,,,
20260504005400213088,청년 사람유두종 바이러스 예방접종 지원,보건행정과,충남,문화·건강,상시,2차 4-13-49,,,558000020243002B,청년 사람유두종바이러스(HPV) 예방접종 지원,0.15,
20260914005400213409,청년 사업자 임차료 지원사업,부산광역시 수영구 미래전략국 일자리경제과,부산,창업·농어업,마감,2차 1-4-12,,,,,,
20260406005400212451,청년 사회적경제기업 창업지원사업,인천광역시 경제산업본부 사회적경제과,인천,창업·농어업,상시,2차 1-4-12,,,,,,
20260410005400212677,청년 생명사랑 서포터즈 운영,울산광역시,울산,문화·건강,진행중,2차 4-13-48,,,,,,20250716005400211290
20250716005400211290,청년 생명사랑 서포터즈 운영,울산광역시,울산,문화·건강,마감,1차 4-15-39,,,,,,20260410005400212677
20250715005400211272,청년 생활공구 대여사업,청년정책관,충남,정책기반,마감,1차 5-19-49,,,46000002025300EE,청년 생활공구 대여,0.01,
20251222005400212041,청년 서포터즈 기자단,충청북도,충북,참여·권리,마감,1차 5-17-45,,,,,,
20260914005400213411,청년 성장 프로젝트(고용노동부 공모사업),고용노동부 통합고용정책국 청년고용정책관 청년취업지원과,부산,취업·일경험,상시,2차 1-1-2,174100000087,이름 대조(신뢰도 중간),338000020253006E,2026년 청년성장프로젝트(청년카페),1.04,
20260430005400213001,청년 셰어하우스 운영,지역경제과,충남,주거,상시,2차 3-8-27,,,,,,
20250918005400211768,청년 소규모 스마트팜 조성,스마트농업과,경남,창업·농어업,마감,1차 1-2-5,,,5420000202530205 | 539000020263005F | 6480000202330190 | 54700002025300F9 | 537000020263009F | 56700002025301DD | 534000020263006A,청년 소규모 스마트팜 조성사업 | 청년 소규모 스마트팜 조성 | 청년 소규모 스마트팜 조성 | 청년 소규모 스마트팜 조성 | 청년 소규모 스마트팜 조성 | 청년 소규모 스마트팜 조성사업 | 청년 소규모 스마트팜 조성 사업,16.09,
20250108005400210091,청년 소모임 활동 지원,전남광주통합특별시 해남군,전남,문화·건강,마감,1차 4-16-42,493000000276,이름 대조(신뢰도 높음),4930000202130026,청년 소모임 활동 지원,0.08,
20250527005400210879,청년 소상공인 골목경제 활성화 지원사업,경제교통국,충북,창업·농어업,마감,1차 1-2-5,,,4390000202430051,청년 소상공인 골목경제 활성화 지원,0.0,
20250908005400211662,청년 소상공인 지원 패키지,소상공인과,세종,창업·농어업,마감,1차 1-2-5,,,,,,
20251222005400212042,청년 소셜링 프로그램,충청북도,충북,참여·권리,마감,1차 5-19-50,,,,,,
20250917005400211720,청년 소셜미디어 운영,청년정책과,경남,정책기반,마감,1차 5-19-49,,,,,,
20260506005400213149,청년 소셜벤처기업 육성 사업,인천광역시 미래산업국 산업창업정책과,인천,창업·농어업,상시,2차 1-4-12,,,,,,20250718005400211384
20250718005400211384,청년 소셜벤처기업 육성 사업,창업벤처과,인천,취업·일경험,마감,1차 1-1-1,,,,,,20260506005400213149
20260826005400213356,청년 스타트업 쇼룸 순천,전남광주통합특별시,전남,창업·농어업,마감,2차 1-4-12,,,,,,
20250117005400210316,청년 시간제 일자리 지원사업,통영시,경남,창업·농어업,마감,1차 1-2-5,,,,,,
20250903005400211617,청년 신혼부부 월세 지원,경상북도,경북,주거,마감,1차 2-6-13,,,,,,20260313005400212124 | 20250903005400211600 | 20250827005400211525
20250827005400211525,청년 신혼부부 월세 지원사업,국토교통부,경북,주거,마감,1차 2-6-13,,,647000020243022A | 502000020243018D | 5130000202430115 | 50800002024301BA | 5050000202430231 | 522000020243021C | 5090000202430139 | 506000020243010E,청년신혼부부월세지원사업 | 청년신혼부부월세지원사업<보조> | (도비보조)청년 신혼부부 월세 지원 | 청년신혼부부월세지원사업 | 청년 신혼부부 월세 지원사업 | 청년신혼부부 월세지원사업 | (도)청년신혼부부월세지원사업 | 청년 신혼부부 월세 지원사업(보조),8.54,20260313005400212124 | 20250903005400211600 | 20250903005400211617
20250628005400211141,청년 신혼부부 주거자금 대출이자 지원사업,충주시,충북,주거,마감,1차 2-6-13,,,4390000202330106,청년 신혼부부 주거자금 대출이자 지원,2.0,
20260421005400212792,청년 어촌 정착 지원(청년어업인 영어정착 지원),제주도청,제주,창업·농어업,마감,2차 1-4-12,119200000174,이름 대조(신뢰도 중간),,,,
20250108005400210092,청년 어학 자격 시험 응시료 지원,전남광주통합특별시 해남군,전남,취업·일경험,마감,1차 3-9-19,,,,,,
20250917005400211721,청년 영상콘텐츠 제작 운영,청년정책과,경남,정책기반,마감,1차 5-19-49,,,,,,
20250119005400210339,청년 예술가 및 청년 창작자 지원,전남광주통합특별시,전남,문화·건강,마감,1차 4-16-43,,,,,,
20260421005400212809,청년 예술활동 지원사업,제주특별자치도,제주,문화·건강,마감,2차 4-14-53,,,,,,20251113005400211885
20251113005400211885,청년 예술활동 지원사업,제주특별자치도 문화체육교육국 문화정책과,제주,문화·건강,마감,1차 4-16-43,,,,,,20260421005400212809
20250313005400210610,청년 우대 반값 중개수수료 사업,남구,부산,주거,마감,1차 2-6-13,,,,,,
20251111005400211853,청년 우수인재 집중 지도사업,제주특별자치도 경제활력국 노동일자리과,제주,교육·역량,마감,1차 3-11-26,,,,,,
20260129005400212085,청년 우울증 치료비 지원,강원특별자치도 원주시,강원,문화·건강,마감,2차 4-13-47,,,,,,20250327005400210656
20250327005400210656,청년 우울증 치료비 지원,원주시,강원,문화·건강,마감,1차 4-15-39,,,,,,20260129005400212085
20260409005400212654,청년 월세 지원,울산광역시,울산,주거,진행중,2차 3-9-30,161300000099,이름 대조(신뢰도 중간),,,,
20250917005400211731,청년 월세 지원,주택과,경남,주거,마감,1차 2-6-13,648000001055,이름 대조(신뢰도 높음),,,,
20250401005400210679,청년 융합기술 창업지원,경기도,경기,창업·농어업,마감,1차 1-2-5,,,,,,
20250114005400210225,청년 응원 멤버십(부산 금정구),경제교통국,부산,참여·권리,마감,1차 5-20-51,,,,,,
20251114005400211895,청년 의령 살아보기,경상남도 의령군 소멸위기대응추진단,중앙,문화·건강,마감,1차 4-16-42,,,,,,
20250716005400211308,청년 이사비 지원,건설주택국,제주,주거,마감,1차 2-6-13,650000001086,이름 대조(신뢰도 높음),,,,20260421005400212797
20260421005400212797,청년 이사비 지원사업,제주특별자치도,제주,주거,마감,2차 3-10-34,650000001086,이름 대조(신뢰도 높음),,,,20250716005400211308
20260406005400212496,청년 인재육성 사업,인천광역시 기획조정실 교육협력담당관,인천,교육·역량,상시,2차 2-7-24,,,,,,20250718005400211448
20250718005400211448,청년 인재육성 사업,교육협력담당관,인천,취업·일경험,마감,1차 3-11-27,,,,,,20260406005400212496
20260427005400212878,청년 일 경험(기업탐방형) 프로그램 운영,제주특별자치도고용센터,제주,취업·일경험,마감,2차 1-1-1,,,6500000200831082,청년 일경험(기업탐방형) 프로그램,0.0,
20250917005400211751,청년 일경험 지원,산업인력과,경남,취업·일경험,마감,1차 1-1-1,149200005006,이름 대조(신뢰도 중간),5670000202530178 | 53600002025300CE | 6480000202530156 | 535000020253012B | 538000020263011F | 53100002025300FA | 538000020213004A | 5340000202530131,청년 일경험 지원사업 | 청년 일경험(인턴) 사업 | 청년 일경험 지원 사업 | 청년 일경험(인턴) 지원사업 | 청년 일경험(인턴) 지원사업(시 자체) | 청년 일경험(인턴) 지원사업 | 청년 일경험(인턴) 지원사업(도 보조) | 청년 일경험 지원사업,11.88,
20250917005400211727,청년 일자리 연계 주거 지원,주택과,경남,주거,마감,1차 2-5-10,,,5460000202530186 | 648000020253010C | 53900002025300DD | 54800002025301A7 | 5460000202630030,청년 일자리 연계 주거지원 사업 | 청년 일자리연계 주거지원 사업 | 청년 일자리 연계 주거지원 사업 | 청년 일자리 연계 주거지원 사업 | 청년 일자리 연계 주거지원 사업(자체),100.36,
20260126005400212081,청년 일자리사업 참여기업 모집,서울특별시 은평구 돌봄복지국,서울,취업·일경험,마감,2차 1-2-5,,,,,,
20260220005400212095,청년 일자리사업 참여청년 모집,서울특별시 은평구 돌봄복지국,서울,취업·일경험,마감,2차 1-2-5,,,,,,20250806005400211515
20250806005400211515,청년 일자리사업 참여청년 모집,은평구,서울,취업·일경험,마감,1차 1-1-1,,,,,,20260220005400212095
20250501005400210745,청년 자격시험 등 응시료 지원,경제정책국,울산,취업·일경험,마감,1차 1-1-1,,,,,,
20250109005400210114,청년 자격시험 응시료 지원,북구,부산,취업·일경험,마감,1차 3-11-28,,,,,,
20250117005400210324,청년 자격증 시험 응시료 지원 사업,주민복지국,부산,취업·일경험,마감,1차 3-10-25,326000000247,이름 대조(신뢰도 중간),3260000202430013,청년 자격증 시험 응시료 지원 사업,0.41,
20250922005400211783,청년 자격증 시험 응시료 지원사업,청년정책담당관,경남,취업·일경험,마감,1차 1-1-2,,,,,,
20260406005400212445,청년 자격증 응시료 지원,인천광역시 청년정책담당관,인천,취업·일경험,진행중,2차 1-1-1,628000000754,이름 대조(신뢰도 중간),,,,20260724005400213300 | 20260722005400213266 | 20260406005400212458 | 20260406005400212444 | 20260406005400212443 | 20260406005400212441 | 20260406005400212440 | 20260406005400212438 | 20260406005400212448 | 20260406005400212454 | 20260406005400212416
20260402005400212380,청년 자격증 응시료 지원사업,울산광역시,울산,취업·일경험,진행중,2차 1-1-1,,,,,,20250509005400210801
20250509005400210801,청년 자격증 응시료 지원사업,대학협력과,울산,취업·일경험,마감,1차 1-1-1,,,3700000202430002 | 3730000202430011,청년 자격증 응시료 지원사업 | 청년 자격증 응시료 지원,0.63,20260402005400212380
20260331005400212355,청년 자격증 취득 지원사업,경상북도 고령군 인구정책실,경북,취업·일경험,진행중,2차 1-2-5,,,,,,
20251214005400211991,청년 자살예방 조기검진 및 심리지원,충청남도,충남,문화·건강,마감,1차 4-15-39,644000000857,이름 대조(신뢰도 중간),,,,20260504005400113076 | 20251112005400211866
20251112005400211866,청년 자살예방 조기검진 및 심리지원,충청남도 보건복지국 건강증진식품과,충남,문화·건강,마감,1차 4-15-39,644000000857,이름 대조(신뢰도 중간),,,,20260504005400113076 | 20251214005400211991
20250501005400210746,청년 작가 전시 지원사업,경제정책국,울산,취업·일경험,마감,2차 1-2-5,,,,,,
20250917005400211735,청년 장인프로젝트,산업인력과,경남,취업·일경험,마감,1차 1-1-1,,,,,,
20250904005400211623,청년 장학사업 확대,교육지원과,세종,교육·역량,마감,1차 3-10-23,,,,,,
20250618005400211055,청년 재가 중증장애인 자산형성 지원,강원특별자치도,강원,금융·생활안정,마감,1차 4-13-32,,,6420000202330503,청년 재가 중증장애인 자산형성 지원,0.86,
20250402005400210684,청년 재능자판기 운영,의왕시,경기,취업·일경험,마감,2차 1-1-1,,,,,,
20260406005400212401,청년 재정 UP 클래스,인천광역시 청년정책담당관,인천,금융·생활안정,상시,2차 4-11-41,,,,,,
20260402005400212382,청년 재직자 슈퍼패스 바우처,울산광역시,울산,취업·일경험,진행중,2차 1-2-4,,,,,,
20250115005400210266,청년 전월세 중개수수료 지원,부산진구,부산,주거,마감,1차 2-7-16,,,,,,
20251214005400211993,청년 정신건강 관리 협력·홍보체계 구축·운영,충청남도,충남,문화·건강,마감,1차 4-15-39,,,,,,20260504005400113075 | 20251112005400211868
20251112005400211868,청년 정신건강 관리 협력·홍보체계 구축·운영,충청남도 보건복지국 건강증진식품과,충남,문화·건강,마감,1차 4-15-39,,,,,,20260504005400113075 | 20251214005400211993
20250725005400211493,청년 정착 워라밸 기업문화 조성,청년여성교육국,대구,취업·일경험,마감,1차 1-4-8,,,,,,
20251214005400211979,청년 조기취업형 계약학과 지원,충청남도,충남,교육·역량,마감,1차 3-9-22,,,,,,
20250903005400211612,청년 주거 임대료 지원,청년정책담당관,세종,주거,마감,1차 2-6-13,,,,,,
20260408005400212631,청년 주거급여 분리지급,전남광주통합특별시,광주,주거,상시,2차 3-9-30,,,,,,
20250714005400111219,청년 주거급여 분리지급,울산광역시,울산,주거,마감,1차 2-5-10,,,,,,
20260812005400213332,청년 주도 정책 설계 워크숍 참여자 모집,전남광주통합특별시,전남,참여·권리,마감,2차 5-17-62,,,,,,
20250502005400210772,청년 주택 임차보증금 대출이자 지원사업,도시주택국,대구,주거,마감,1차 2-6-13,627000000719,이름 대조(신뢰도 높음),,,,
20250917005400211732,청년 주택 임차보증금 이자 지원,주택과,경남,주거,마감,1차 2-7-16,648000001072,이름 대조(신뢰도 중간),648000020203014A | 567000020253016F | 5350000202430201 | 5380000202530143 | 5310000202530040 | 537000020253011B | 536000020253006C | 5340000202530128,청년 주택 임차보증금 이자 지원 | 청년주택 임차보증금 이자 지원 | 청년주택 임차보증금 이자지원 사업 | 청년주택 임차보증금 이자지원 | 청년주택 임차보증금 이자 지원사업 | 청년주택 임차보증금 이자 지원사업 | 청년주택 임차보증금 이자지원사업 | 청년주택 임차보증금 이자지원 사업,19.29,
20250903005400211613,청년 주택임차보증금 이자 지원,청년정책담당관,세종,주거,마감,1차 2-6-13,569000000379,이름 대조(신뢰도 높음),,,,
20260406005400212468,청년 주택임차보증금 이자 지원 대출연장,인천광역시 청년정책담당관,인천,주거,진행중,2차 3-9-31,628000000760,이름 대조(신뢰도 중간),,,,
20260406005400212462,청년 주택임차보증금 이자 지원 사업 모집,인천광역시 청년정책담당관,인천,주거,마감,2차 3-10-34,628000000760,이름 대조(신뢰도 중간),,,,
20260409005400212657,청년 주택임차보증금 이자지원,울산광역시,울산,주거,진행중,2차 3-9-31,,,631000020243001C,청년 주택임차보증금 이자지원,0.8,
20250220005400210488,청년 주택자금 이자지원 사업,제천시,충북,주거,마감,1차 2-5-10,440000000141,이름 대조(신뢰도 높음),,,,
20250902005400211588,청년 지역정착 통합 플랫폼 구축,의성군,중앙,문화·건강,마감,1차 4-16-42,,,,,,
20260330005400212319,청년 지역정착 활성화 사업,경상북도 의성군 관광복지국,중앙,문화·건강,상시,2차 4-14-53,,,,,,
20250916005400211700,청년 참여 위원회 확대,청년정책과,경남,참여·권리,마감,1차 5-17-44,,,,,,
20260324005400212252,청년 참여 포인트 제도 (청포도),전북특별자치도 익산시,전북,참여·권리,진행중,2차 5-15-58,,,,,,
20250715005400211258,청년 창업‧창직 지원사업,청년정책관,충남,창업·농어업,마감,1차 1-2-4,,,,,,
20250901005400211540,청년 창업공간 지원사업,경제관광국,경북,취업·일경험,마감,2차 1-2-5,,,,,,
20250918005400211773,청년 창업농 맞춤형 지원,농업정책과,경남,창업·농어업,마감,1차 1-2-5,,,6480000202430260 | 567000020243026D | 5350000202430196 | 54200002024301B3 | 54000002024300F1 | 534000020253002F | 54700002024300C8 | 5360000202430121,청년창업농 맞춤형 지원사업 | 청년 창업농 맞춤형 지원사업 | 청년 창업농 맞춤형 지원사업 | 청년창업농 맞춤형 지원 | 청년 창업농 맞춤형 지원 | 청년 창업농 맞춤형 지원사업 | 청년 창업농 맞춤형 지원 | 청년창업농 맞춤형지원사업,73.49,
20260430005400212998,청년 창업농 주거지원 사업,농업정책과,충남,취업·일경험,상시,2차 1-2-6,,,,,,
20250304005400210579,청년 창업농장 조성,전남광주통합특별시,전남,창업·농어업,마감,1차 1-2-5,,,6460000201730470 | 49400002023301A1 | 4930000202130127 | 500000020233038E | 48200002018301C5 | 48300002024300D2 | 486000020193004D | 484000020183002A,청년 창업농장 조성 (전남) | 청년 창업농장 조성사업 | 청년 창업농장 조성사업 | 청년 창업농장 조성사업 | 청년 창업농장 조성사업 | 청년 창업농장 조성사업 | 청년 창업농장 조성사업 | 청년 창업농장 조성사업,2.83,
20250220005400210510,청년 창업발굴 프로젝트,제천시,충북,창업·농어업,마감,1차 1-2-5,,,,,,
20250918005400211758,청년 창업아카데미 운영,창업지원과,경남,창업·농어업,마감,1차 1-2-5,,,,,,
20250326005400210655,청년 창업자 역량강화 컨설팅 지원,고성군,강원,창업·농어업,마감,1차 1-2-5,,,,,,
20250729005400211499,청년 창업점포(청년식당) 신규 입점 청년 모집,은평구,서울,창업·농어업,마감,1차 1-2-5,,,,,,
20250717005400211352,청년 체인지 메이커 아카데미 운영,청년정책담당관,제주,교육·역량,마감,1차 3-11-28,,,,,,20260421005400212793
20260421005400212793,청년 체인지메이커 아카데미 운영,제주특별자치도 기획조정실 청년정책담당관,제주,교육·역량,진행중,2차 2-6-23,,,,,,20250717005400211352
20260430005400213000,청년 취·창업 활성화 지원 사업,지역경제과,충남,취업·일경험,상시,2차 1-1-3,,,,,,
20250327005400210660,청년 취업 면접정장 지원,원주시,강원,취업·일경험,마감,1차 1-1-2,,,,,,
20260413005400212721,청년 취업 설계 프로그램 운영,제주특별자치도 서귀포시 농수축산경제국 경제일자리과,제주,취업·일경험,상시,2차 1-1-3,,,,,,
20260330005400212331,청년 취업 역량 강화 프로그램 운영,전북특별자치도 익산시,전북,교육·역량,진행중,2차 2-5-17,,,468000020203001B,청년 취업 역량 강화 프로그램 운영,0.22,
20250117005400210319,청년 취업 준비 지원사업,통영시,경남,취업·일경험,마감,1차 3-10-25,,,,,,
20260506005400213153,청년 취업설명회(공기업 및 우수기업),인천광역시 강화군 경제산업국 일자리경제과,인천,취업·일경험,상시,2차 1-1-1,,,,,,
20250717005400211367,청년 취업설명회(공기업 및 우수기업),경제정책과,인천,취업·일경험,마감,1차 1-1-1,,,,,,
20250903005400211604,청년 취업역량강화 교육,기업지원과,세종,취업·일경험,마감,1차 1-1-1,,,,,,
20251124005400211940,청년 취업자 주거비 지원사업,전남광주통합특별시 인구청년이민국 청년희망과,전남,주거,마감,1차 2-6-13,646000000136,이름 대조(신뢰도 중간),48200002019301D0 | 4810000201930139 | 48400002019300DA | 4800000202030022 | 4950000202430055 | 4930000201930106 | 4900000202630009 | 497000020203008B,청년 취업자 주거비 지원사업 | 청년 취업자 주거비 지원 사업 | 청년 취업자 주거비 지원사업 | 청년 취업자 주거비 지원 사업 | 청년 취업자 주거비 지원사업 | 청년 취업자 주거비 지원 사업(도비) | 청년 취업자 주거비 지원 | 청년 취업자 주거비 지원,7.24,
20260430005400212999,청년 취업지원 프로그램 운영,지역경제과,충남,취업·일경험,상시,2차 1-2-5,,,,,,
20260422005400212840,청년 취업지원 희망프로젝트 사업,제주특별자치도청,제주,취업·일경험,마감,2차 1-2-5,650000000317,이름 대조(신뢰도 높음),,,,20251111005400211824
20251111005400211824,청년 취업지원 희망프로젝트 사업,제주특별자치도 경제활력국 노동일자리과,제주,취업·일경험,마감,1차 1-1-1,650000000317,이름 대조(신뢰도 높음),,,,20260422005400212840
20251111005400211849,청년 친환경 어드벤처 체험교육,제주특별자치도 기후환경국 환경정책과,제주,교육·역량,마감,1차 3-9-21,,,,,,
20251203005400211949,청년 커뮤니티(동아리) 활성화 지원사업,경상남도 남해군 전략사업단,경남,문화·건강,마감,1차 4-16-42,,,54300002020300F7,청년 커뮤니티 활성화 지원,0.05,
20250220005400210487,청년 학자금 대출 부실채무자 신용회복 지원,충청북도,충북,교육·역량,마감,1차 3-10-23,,,,,,
20260506005400213139,청년 해외진출기지 지원,인천광역시 미래산업국 산업창업정책과,인천,창업·농어업,상시,2차 1-4-14,,,,,,20250718005400211386
20250718005400211386,청년 해외진출기지 지원,창업벤처과,인천,창업·농어업,마감,1차 1-2-5,,,,,,20260506005400213139
20250903005400211601,청년 행정인턴,청년정책담당관,세종,취업·일경험,마감,1차 1-1-2,569000000346,이름 대조(신뢰도 중간),569000020223016F,청년 행정인턴 사업,0.73,
20250327005400210665,청년 행정체험 인턴,시흥시,경기,취업·일경험,마감,1차 1-1-2,,,4010000202030180,청년 행정체험 인턴,1.05,
20260504005400213047,청년 행정체험 프로그램,청년정책과,충남,취업·일경험,마감,2차 1-1-1,449000000523,이름 대조(신뢰도 높음),449000020223007F,청년 행정체험 프로그램,6.59,
20260107005400212077,청년 행정체험연수 운영,대전광역시 교육정책전략국 청년정책과,대전,취업·일경험,진행중,2차 1-1-1,,,,,,
20250220005400210479,청년 희망날개 지원사업,청주시,충북,취업·일경험,진행중,2차 1-1-2,571000000194,이름 대조(신뢰도 높음),5710000201530154,청년희망날개 지원사업,1.3,
20250922005400211786,청년 희망드림 사업,도서관사업소,경남,문화·건강,마감,1차 4-16-42,,,,,,
20250119005400210340,청년 희망디딤돌 통장 운영,전남광주통합특별시,전남,금융·생활안정,마감,1차 4-13-32,646000000200,이름 대조(신뢰도 높음),48100002019301BC | 4820000201930280 | 4840000201930088 | 4800000202030023 | 483000020193017C | 4950000202430068 | 490000020263000A | 493000020193026A,청년 희망 디딤돌 통장사업 | 청년 희망디딤돌 통장사업 | 청년 희망디딤돌 통장사업 | 청년 희망 디딤돌 통장 사업 | 청년 희망 디딤돌 통장 사업 | 청년 희망 디딤돌 통장사업 | 청년희망 디딤돌통장 지원 | 청년 희망디딤돌 통장사업,27.08,
20260313005400212141,청년 희망옷장,경기도 용인시,경기,취업·일경험,상시,2차 1-1-1,,,405000020213004E,청년 희망옷장 운영,0.6,
20260421005400212822,청년 희망이음 일자리(청년인턴)사업,제주특별자치도 서귀포시 농수축산경제국 경제일자리과,제주,취업·일경험,상시,2차 1-1-3,,,6500000202330131,청년 희망이음 일자리(청년인턴)사업,9.0,
20250922005400211785,"청년, 슬기로운 도서관 생활",도서관사업소,경남,문화·건강,마감,1차 4-16-42,,,,,,
20250715005400211254,청년-기업 어울림 프로젝트(희망이음),청년정책관,충남,취업·일경험,마감,1차 1-1-1,O00328400001,이름 대조(신뢰도 높음),,,,
20250908005400211669,청년4-H회 과제교육 지원,농업기술원,경남,취업·일경험,마감,1차 3-9-21,,,567000020183003D | 535000020173004D | 5380000201830038 | 53400002017300BB | 53300002020300F4 | 543000020203007E | 54200002017300D7,청년4-H회 과제 교육지원(도비) | 청년4-H회 과제 교육 지원 | 청년4-H회 과제교육 지원 | 청년4-H회 과제 교육 지원 | 청년4-H회 과제 교육 지원 | 청년4-H회 과제교육 지원 | 청년4-H회 과제 교육 지원,0.28,
20250119005400210334,청년4-H회원 우수과제 창업농 육성 사업,전남광주통합특별시,전남,창업·농어업,마감,1차 1-2-4,,,4960000202430061 | 487000020253003B | 4840000202630073 | 497000020233024F | 4940000202530063 | 495000020193006C | 5000000202630092,청년4-H회원 우수과제 창업농 육성 | 청년 4-H회원 우수과제 창업농 육성 | 청년4-H회원 우수과제 창업농 육성 | 청년4-H회원 우수과제 창업농 육성 | 청년4-H회원 우수과제 창업농 육성 | 청년4-H회원 우수과제 창업농 육성 | 청년4-H회원 우수과제 창업농 육성사업 ,5.04,
20250219005400210468,청년4-H회원 창업 성공모델 지원 사업,충청북도,충북,취업·일경험,마감,1차 1-1-1,,,,,,
20260421005400212783,청년4·3 세대전승 프로젝트(청년4·3정감),제주특별자치도 4·3지원과,제주,문화·건강,마감,2차 4-14-52,,,,,,
20251214005400211988,청년·사회초년생을 위한 필수 교육 운영,충청남도,충남,취업·일경험,마감,1차 3-9-20,,,,,,20260504005400113117 | 20251112005400211859
20251112005400211859,청년·사회초년생을 위한 필수 교육 운영,충청남도 청년정책관,충남,교육·역량,마감,1차 3-9-21,,,,,,20260504005400113117 | 20251214005400211988
20250716005400211305,청년·신혼부부 주거비 지원사업,장수군,전북,주거,마감,1차 2-6-13,,,47500002023301A3,청년ㆍ신혼부부 주거비 지원,0.5,
20260914005400213410,청년·신혼부부 주거자금 대출이자 지원,부산광역시 수영구 미래전략국 일자리경제과,부산,주거,마감,2차 3-9-30,338000000419,이름 대조(신뢰도 높음),3380000202330021,청년 신혼부부 주거 자금 대출이자 지원,1.01,
20250902005400211587,청년개발자 해커톤 대회 및 컨퍼런스 개최,의성군,중앙,참여·권리,마감,1차 5-19-50,,,,,,
20260506005400213151,청년고용 우수기업 근로환경 개선,인천광역시 청년정책담당관,인천,취업·일경험,상시,2차 1-2-4,,,,,,
20260521005400213210,청년고용정책 싹! 알려드림 <싹!알데이>,전남광주통합특별시,광주,참여·권리,마감,2차 5-17-62,,,,,,
20250324005400210650,청년공간 열림 운영,동해시,강원,문화·건강,마감,1차 4-16-42,,,4210000202030118,청년공간열림 운영 지원,1.97,
20250402005400210683,청년공간 운영사업,의왕시,경기,문화·건강,상시,2차 4-14-53,,,,,,
20260910005400213403,청년공간 원미청(년)정(점)구역 운영,경기도 부천시,경기,문화·건강,상시,2차 4-14-53,,,,,,
20251231005400212068,청년공동체 연구지원 사업,경기도,경기,참여·권리,마감,1차 5-19-50,,,,,,
20250113005400210209,청년공동체 활성화 지원,전북특별자치도,전북,참여·권리,마감,1차 5-17-45,,,4770000202130048,청년 공동체 활성화 지원,0.31,
20260430005400212984,청년공유주택 운영,청년인구정책과,충남,주거,상시,2차 3-8-27,,,45000002021301ED,청년공유주택 운영,0.37,
20250316005400210627,청년과 어르신 주거공유(한지붕세대공감),주택정책관,서울,주거,마감,1차 2-6-13,,,,,,
20250715005400211268,청년과 함께하는 소통 공감 간담회 개최,청년정책관,충남,참여·권리,마감,1차 5-17-45,,,,,,
20251214005400212008,청년과 함께하는 자치경찰제 운영,충청남도,충남,참여·권리,마감,1차 5-20-51,,,,,,20251112005400211862
20251112005400211862,청년과 함께하는 자치경찰제 운영,충청남도 자치안전실,충남,참여·권리,마감,1차 5-19-50,,,,,,20251214005400212008
20260430005400212981,청년구직자 면접비 지원사업,경제과,충남,취업·일경험,진행중,2차 1-1-1,450000000162,이름 대조(신뢰도 높음),45000002022301D7,청년구직자 면접비 지원,0.15,
20250430005400210736,청년근로자 근속장려금 지원,강릉시,강원,취업·일경험,마감,1차 1-1-3,,,42010002025300DC,청년근로자 근속장려금 지원,0.76,
20260314005400212162,청년근로자 내일더하기사업,경상북도 김천시 미래산업국,경북,취업·일경험,마감,2차 1-3-11,,,,,,
20250430005400210741,청년근로자 복리후생 지원,경제진흥국,강원,취업·일경험,마감,1차 1-4-9,,,41800002022300DB,청년근로자 복리후생 지원,1.5,
20260313005400212125,청년근로자 사랑채움사업,경상북도 경주시 시민복지국,경북,금융·생활안정,마감,2차 4-11-38,647000000123,이름 대조(신뢰도 높음),,,,
20250904005400211652,청년근로자 사랑채움사업,경상북도,경북,금융·생활안정,마감,1차 4-13-32,647000000123,이름 대조(신뢰도 높음),6470000201830211 | 505000020193024A,청년근로자사랑채움사업 | 청년근로자 사랑채움사업,6.98,
20250901005400211565,청년근로자 지역정착 행복원룸사업,미래교육돌봄국,경북,주거,마감,1차 2-6-13,,,508000020253016C,청년근로자지역정착행복원룸사업,0.8,
20250908005400211676,청년기업 디자인 지원사업(세종시 맞춤형디자인 지원사업),정책기획관,중앙,창업·농어업,마감,1차 1-2-5,,,,,,
20260330005400212318,청년기업 융자지원사업,경상북도 의성군 관광복지국,중앙,금융·생활안정,상시,2차 4-11-39,,,,,,20250902005400211589
20250902005400211589,청년기업 융자지원사업,관광복지국,경북,금융·생활안정,마감,1차 4-13-32,,,515000020243009D,청년기업융자지원,30.0,20260330005400212318
20260421005400212830,청년기업 창업두드림 보증료 제로사업,제주신용보증재단,제주,창업·농어업,진행중,2차 1-4-13,,,,,,20250718005400211378
20250718005400211378,청년기업 창업두드림 보증료 제로사업,소상공인과,제주,창업·농어업,마감,1차 1-2-4,,,,,,20260421005400212830
20250908005400211663,청년꿈키움 사관학교 운영,교육지원과,세종,취업·일경험,마감,1차 1-1-2,,,,,,
20250718005400211403,청년나래 일자리 지원사업,전북특별자치도,전북,취업·일경험,마감,1차 1-1-3,,,,,,
20260406005400212495,청년내일저축계좌,인천광역시 보건복지국 복지정책과,인천,금융·생활안정,상시,2차 4-12-44,,,,,,
20250827005400211528,청년내일저축계좌,보건복지부,경북,금융·생활안정,마감,1차 4-13-32,,,,,,
20260513005400213184,청년내일저축계좌 지원,전남광주통합특별시,광주,금융·생활안정,마감,2차 4-12-44,,,,,,
20250715005400211274,청년내일저축계좌 지원,인구전략국,충남,금융·생활안정,마감,1차 4-14-35,,,,,,20260504005400113090
20250715005400211255,청년내일저축계좌 지원,보건복지부,중앙,금융·생활안정,마감,1차 4-13-32,,,,,,
20260410005400212670,청년내일저축계좌 지원사업,울산광역시,울산,금융·생활안정,상시,2차 4-11-38,,,,,,20250715005400111248
20250715005400111248,청년내일저축계좌 지원사업,울산광역시,울산,금융·생활안정,마감,1차 4-13-32,,,,,,20260410005400212670
20250522005400210864,청년내일저축계좌(근로능력 있는 수급자의 탈수급 지원),복지기획관,서울,금융·생활안정,마감,1차 4-13-32,,,,,,
20260421005400212780,청년내일저축계좌사업,제주특별자치도 복지가족국 복지정책과,제주,금융·생활안정,마감,2차 4-11-38,,,,,,
20251113005400211871,"청년내일저축계좌사업(차상위 이하, 초과 통합)",제주특별자치도 복지가족국 복지정책과,제주,금융·생활안정,마감,1차 4-13-32,,,,,,
20251214005400212007,청년농 미디어커머스 지원,충청남도,충남,정책기반,마감,1차 5-19-49,,,,,,20260504005400113080
20251214005400212005,청년농 지원사업 홍보,충청남도,충남,정책기반,마감,1차 5-19-49,,,,,,
20251230005400212056,청년농 창업 스마트팜 인큐베이팅 교육,충청북도 농업기술원,충북,창업·농어업,마감,1차 1-2-5,,,6430000202530092,청년농 창업 스마트팜 인큐베이팅 교육,0.38,
20260325005400212262,청년농마중물 지원사업,경상북도 의성군 농업기술센터,경북,취업·일경험,마감,2차 1-2-6,,,,,,
20250917005400211708,청년농멘토링 지원,농업인력자원관리원,경남,교육·역량,마감,1차 3-9-21,,,,,,
20251223005400212047,청년농부 네트워크 지원,충청북도,충북,참여·권리,마감,1차 5-17-45,,,,,,
20251121005400211928,청년농부 선진농업국가 벤치마킹,충청북도,충북,교육·역량,마감,1차 3-10-25,,,,,,
20250903005400211621,청년농부 창농기반 구축,경상북도,경북,창업·농어업,마감,1차 1-2-5,,,50600002019300AB | 502000020193004F | 5050000202230204 | 521000020213003D | 5160000202330092 | 5080000202230139 | 5110000202030051 | 5120000202030067,청년농부창농기반구축(보조) | 청년농부창농기반구축(주민참여)<보조> | 청년농부 창농기반 구축 | 청년농부창농기반구축사업 | 청년농부창농기반구축지원사업 | 청년농부창농기반구축사업 | [도]청년농부창농기반구축 | [도비]청년농부 창농기반구축 사업,13.6,
20260325005400212263,청년농실전농부학교,경상북도 의성군 농업기술센터,경북,취업·일경험,마감,2차 1-2-6,,,,,,
20250103005400210031,청년농어업인 행복바우처 지원사업,서산시,충남,금융·생활안정,마감,1차 4-14-36,453000000206,이름 대조(신뢰도 중간),,,,
20250501005400210754,청년농업인 경영실습 임대농장 조성,농업기술센터,강원,창업·농어업,마감,1차 1-2-5,,,4180000202330209,청년농업인 경영실습임대농장 조성,0.2,
20251107005400211816,청년농업인 경쟁력제고 사업,경기도 경기도농업기술원 기술보급국 지도정책과,경기,창업·농어업,마감,1차 1-2-5,,,399000020183019C,청년농업인 경쟁력 제고,0.24,
20260421005400212790,청년농업인 교육 프로그램 운영(제주 청년농업인 아카데미),농협중앙회 제주본부,제주,교육·역량,마감,2차 2-5-19,,,,,,
20260430005400213003,청년농업인 국제농업연수,농촌진흥과,충남,취업·일경험,마감,2차 1-2-6,,,,,,
20251217005400212012,청년농업인 농업용드론 구입비 지원,경상남도 합천군 농업기술센터,경남,창업·농어업,마감,1차 1-2-5,,,,,,
20251217005400212011,청년농업인 농업용드론 국가자격취득 지원,경상남도 합천군 농업기술센터,경남,취업·일경험,마감,1차 1-1-2,,,,,,
20260421005400212779,청년농업인 농지 임대료 지원,제주특별자치도,제주,금융·생활안정,마감,2차 4-11-39,,,,,,
20250715005400211277,청년농업인 농지임차료 지원,농축산국,충남,창업·농어업,마감,1차 1-2-5,644000000861,이름 대조(신뢰도 중간),6440000202330228 | 45400002023301FE | 4530000202330256 | 4570000202330220 | 460000020233012A | 4520000202330403 | 45800002023300B4 | 56800002023301BB,청년농업인 농지 임차료 지원 | 청년농업인 농지 임차료 지원 | 청년농업인 농지임차료 지원 | 청년농업인 농지 임차료 지원사업 | 청년농업인 농지 임차료 지원 | 청년농업인 농지 임차료 지원사업 | 청년농업인 농지 임차료 지원사업 | 청년농업인 농지 임차료 지원사업,18.67,
20250908005400211668,청년농업인 드론 공동방제단 운영,농업기술원,경남,취업·일경험,마감,1차 3-9-21,,,,,,
20250113005400210198,청년농업인 드론활용 농작업지원단 운영,전북특별자치도,전북,취업·일경험,마감,1차 1-1-1,,,4721000202630009,청년농업인 드론활용 농작업지원단 운영,1.4,
20250724005400211490,청년농업인 맞춤 지원,대구광역시,대구,창업·농어업,마감,1차 1-2-5,,,627000020183019C | 34800002025302E1,청년 농업인 맞춤 지원 | 청년농업인 맞춤지원,0.82,
20250501005400210755,청년농업인 맞춤형 사업 지원,농업기술센터,강원,창업·농어업,마감,1차 1-2-5,,,4310000202030026,청년농업인 맞춤형 사업 지원,0.4,
20250710005400211179,청년농업인 맞춤형 영농기반 조성(시범사업),전남광주통합특별시 농업기술센터 미래농업과,광주,교육·역량,마감,1차 3-10-25,,,,,,
20250109005400210107,청년농업인 맞춤형 창업 성공모델 지원사업,전남광주통합특별시 해남군,전남,금융·생활안정,마감,1차 4-14-34,,,4930000202430024,청년농업인 맞춤형 창업 성공모델 지원사업,1.05,
20250718005400211443,청년농업인 생생동아리 지원,농생명축산산업국,전북,참여·권리,마감,1차 5-19-50,,,469000020193007B | 4670000201830172 | 468000020193007A | 4730000202230081 | 47800002019300A1 | 4700000201930089 | 47400002019300C8 | 4750000201930104,청년농업인 생생동아리 지원 | 청년농업인 생생동아리 지원사업 | 청년농업인 생생동아리 지원 | 청년 농업인 생생동아리 지원 | 청년농업인 생생동아리 지원사업 | 청년농업인 생생동아리 지원 | 청년농업인 생생동아리 지원 | 청년농업인 생생동아리 지원,0.61,
20260421005400212827,청년농업인 수요자 맞춤형 영농정착 지원,제주특별자치도 농업기술원,제주,취업·일경험,마감,2차 1-3-11,,,,,,
20260128005400212082,청년농업인 스마트농업 시범,대전광역시 농업기술센터,대전,취업·일경험,마감,2차 1-2-6,,,,,,
20250219005400210467,청년농업인 스마트팜 기반 조성,충청북도,충북,취업·일경험,마감,1차 1-1-1,,,4460000202130091,청년농업인 스마트 팜 기반 조성,0.7,
20260325005400212259,청년농업인 스마트팜 딸기 아카데미 운영,경상북도 의성군 농업기술센터,경북,취업·일경험,마감,2차 1-2-6,,,,,,
20260325005400212261,청년농업인 스마트팜 영농정착 컨설팅 지원,경상북도 의성군 농업기술센터,경북,취업·일경험,마감,2차 1-2-6,,,,,,
20250119005400210335,청년농업인 스마트팜 자립기반 구축,전남광주통합특별시,전남,창업·농어업,마감,1차 1-2-4,,,489000020243006E | 4930000202530166 | 496000020233020F | 49500002021301A6 | 5000000202430089 | 482000020243009A | 48700002025300B2 | 48400002023302FC,청년농업인 스마트팜 자립기반 구축 지원(도비) | 청년농업인 스마트팜 자립기반 구축 지원 | 청년농업인 스마트팜 자립기반 구축 | 청년농업인 스마트팜 자립기반 구축지원 | 청년농업인 스마트팜 자립기반 구축지원 | 청년농업인 스마트팜 자립기반 구축 지원 | 청년농업인 스마트팜 자립기반 구축 지원 | 청년농업인 스마트팜 자립기반 구축사업,38.81,
20250119005400210332,청년농업인 스타트업(초기창업) 지원사업,전남광주통합특별시,전남,창업·농어업,마감,1차 1-2-4,,,4950000202430062 | 489000020253000F | 487000020243007A | 484000020183002E | 4900000202330098 | 4940000202430026 | 49300002024300A2 | 4960000202330246,청년농업인 스타트업(초기창업) 지원 사업 | 청년농업인 스타트업(초기창업) 지원(도비) | 청년농업인 스타트업(초기창업) 지원 | 청년농업인 스타트업(초기창업) 지원 | 청년농업인 스타트업 지원(도비) | 청년농업인 스타트업(초기창업) 지원 | 청년농업인 스타트업(초기창업) 지원 | 청년농업인 스타트업(초기창업) 지원,7.56,
20251111005400211830,청년농업인 안정 성장 지원,제주특별자치도 농업기술원 기술지원국 기술지원조정과,제주,창업·농어업,마감,1차 1-2-5,,,,,,
20251211005400211966,청년농업인 안정정착 기반조성,충청남도,충남,창업·농어업,마감,1차 1-2-5,,,,,,20251111005400211846
20251111005400211846,청년농업인 안정정착 기반조성,충청남도 농업기술원 농촌지원국 지도정책과,충남,창업·농어업,마감,1차 1-2-5,,,46000002019300EE,청년농업인 안정정착 기반조성(도비),1.14,20251211005400211966
20251214005400211982,청년농업인 역량강화 지원,충청남도,충남,창업·농어업,마감,1차 1-2-5,644000000858,이름 대조(신뢰도 중간),454000020173009C | 5680000202530008 | 459000020243006A | 4600000202430105 | 4610000201330036 | 4520000202430149 | 4520000202630018 | 46200002026300E2,청년농업인 역량강화(농업전문자격취득) 지원(도비) | 청년농업인 역량강화(농업전문자격취득)지원 | 청년농업인 역량강화(농업전문자격취득) 지원(도) | 청년농업인 역량강화 지원(도비) | 청년농업인역량강화지원(보조) | 청년농업인 역량강화 지원 | 청년농업인 역량강화(농업전문자격취득) 지원 | 청년농업인 역량강화(농업전문자격취득) 지원,0.67,20260504005400113119
20250304005400210582,청년농업인 연구동아리 지원,전남광주통합특별시,전남,취업·일경험,마감,1차 1-1-2,,,6460000202030041 | 4820000202030184 | 48100002020301BD | 6290000202630018 | 49000002020300D6 | 4830000202430193 | 487000020203013A | 484000020213015B,청년농업인 연구동아리 지원 (전남) | 청년농업인 연구동아리 지원사업 | 청년농업인 연구동아리 지원 | 청년농업인연구동아리지원 (광주) | 청년농업인 연구동아리 지원 | 청년농업인 연구동아리 지원사업 | 청년농업인 연구동아리 지원사업 | 청년농업인 연구동아리 지원,0.51,
20260406005400212518,청년농업인 영농 스타트업 지원,울산광역시,울산,취업·일경험,진행중,2차 1-2-6,,,,,,20250714005400211207
20260506005400213146,청년농업인 영농 스타트업 지원,인천광역시 농수산식품국 농축산과,인천,취업·일경험,상시,2차 1-2-6,,,,,,20250718005400211393
20250714005400211207,청년농업인 영농 스타트업 지원,울산광역시,울산,창업·농어업,마감,1차 1-2-5,,,3720000202430006 | 6310000202330389,청년농업인 영농 스타트업 지원 | 청년농업인 영농 스타트업 지원,0.4,20260406005400212518
20250718005400211393,청년농업인 영농 스타트업 지원,농축산과,인천,창업·농어업,마감,1차 1-2-5,,,35700002020300B3 | 6280000202030137,청년농업인 영농 스타트업 지원(보조) | 청년농업인 영농 스타트업 지원,1.8,20260506005400213146
20251217005400212013,청년농업인 영농리더 육성 지원,경상남도 합천군 농업기술센터,경남,창업·농어업,마감,1차 1-2-5,,,,,,
20250717005400211351,청년농업인 영농문제 해결 스터디그룹,농업기술원,제주,교육·역량,마감,1차 3-9-21,,,,,,
20260402005400212392,청년농업인 영농정착 지원,울산광역시,울산,취업·일경험,진행중,2차 1-2-6,154300000396,이름 대조(신뢰도 중간),631000020183008C | 3720000201830071,청년 농업인 영농정착 지원 | 청년농업인 영농정착 지원,6.62,
20250430005400210740,청년농업인 영농정착 지원,농림축산식품부,강원,창업·농어업,마감,1차 1-2-5,154300000396,이름 대조(신뢰도 높음),64200002021301CD | 42600002019300A3 | 430000020183009C | 41900002018300FE | 42800002018300A6 | 4180000201830171 | 42000002018301C3 | 4270000201830093,청년농업인 영농정착 지원(지원)(국고) | 청년농업인 영농정착지원(균특) | 청년농업인 영농정착 지원 | 청년농업인 영농정착 지원 | 청년농업인 영농정착지원(보조) | 청년농업인 영농정착 지원 | 청년농업인 영농정착 지원 | 청년농업인 영농정착지원 사업(국고),117.47,
20250905005400211659,청년농업인 영농정착 지원,예천군,경북,창업·농어업,마감,1차 1-2-5,154300000396,이름 대조(신뢰도 중간),5230000201830069,청년농업인 영농정착지원,10.1,
20260909005400213396,청년농업인 영농정착 지원사업,농림축산식품부,경기,취업·일경험,마감,2차 1-2-6,154300000396,이름 대조(신뢰도 중간),,,,
20250714005400111206,청년농업인 영농정착금 지원사업,울산광역시,울산,창업·농어업,마감,1차 1-2-5,,,3690000201830059,청년농업인 영농정착 지원금,0.16,
20260408005400212643,청년농업인 영농정착지원,경상남도,경남,취업·일경험,상시,2차 1-2-6,648000001117,이름 대조(신뢰도 중간),648000020193000F | 5360000201830070 | 53100002018300D5 | 54700002018300B7 | 5350000201830185 | 54500002018300C5 | 5400000201830056 | 54400002018300DA,청년 농업인 영농정착 지원(지원) | 청년농업인 영농정착 지원 | 청년농업인 영농정착 지원 | 청년농업인 영농정착 지원 | 청년농업인 영농정착 지원사업 | 청년 농업인 영농정착 지원 | 청년농업인 영농정착 지원 | 청년농업인 영농정착 지원,191.93,
20260506005400213147,청년농업인 영농정착지원,농림축산식품부 농식품인재개발원,인천,취업·일경험,상시,2차 1-2-6,154300000396,이름 대조(신뢰도 중간),6280000201830183 | 355000020183006F | 3530000201830092 | 6280000201830237,청년농업인 영농정착 지원(지원) | 청년농업인 영농정착 지원 | 청년농업인 영농정착 지원 | 청년농업인 영농정착 지원(직접),12.23,
20250102005400210027,청년농업인 영농정착지원,농림축산식품부,제주,창업·농어업,마감,1차 1-2-5,650000001116,이름 대조(신뢰도 높음),65000002026300DE | 650000020213012A,청년농업인 영농정착 지원사업(성인지예산) | 청년농업인 영농정착 지원(성인지예산),63.8,
20251107005400211815,청년농업인 영농정착지원,경기도 농수산생명과학국 농업정책과,경기,취업·일경험,마감,1차 1-1-1,154300000396,이름 대조(신뢰도 중간),6410000202630083 | 4070000201830098 | 40800002018300C2 | 406000020183005D | 570000020183003F | 5600000201830097 | 39100002018300F4 | 4170000201830069,청년 농업인 영농정착 지원(균특/지원) | 청년 농업인 영농정착 지원 | 청년농업인 영농정착 지원사업 | 청년농업인 영농정착지원 | 청년농업인 영농정착 지원사업(보조) | 청년농업인 영농정착 지원사업 | 청년농업인 영농정착 지원(국비) | 청년농업인 영농정착 지원사업(보조),222.63,
20250724005400111489,청년농업인 영농정착지원사업,농림축산식품부,대구,창업·농어업,마감,1차 1-2-5,154300000396,이름 대조(신뢰도 중간),089-236-1100-1120-300 | 627000020183019B | 3480000201830101 | 5140000201830064 | 34600002018300A3 | 3450000202130005 | 347000020183007A,청년농업인영농정착지원(자율) | 청년 농업인 영농정착지원 | 청년 농업인 영농정착지원 | 청년농업인 영농정착지원 | 청년농업인 영농정착 지원 | 청년농업인 영농정착 지원사업 | 청년농업인 영농정착 지원,985.13,
20250501005400210758,청년농업인 영농창업기반 조성,농업기술센터,강원,취업·일경험,마감,1차 1-1-2,,,41800002020301C1,청년농업인 영농창업기반 조성,0.5,
20250718005400211421,청년농업인 유치 임대스마트팜 건립,농생명축산산업국,전북,창업·농어업,마감,1차 1-2-5,,,475000020233014D | 47500002022300FC,청년농업인 유치 임대 스마트팜 건립사업(동부권발전사업)(전환사업) | 청년농업인 유치 임대 스마트팜 건립사업,23.28,
20260421005400212825,청년농업인 육성,제주특별자치도 농업기술원,제주,교육·역량,마감,2차 2-5-19,,,,,,20251111005400211847
20250908005400211673,청년농업인 육성,농업기술센터,세종,창업·농어업,마감,1차 1-2-5,,,5690000201830032,청년농업인육성,0.25,
20251111005400211847,청년농업인 육성,제주특별자치도 농업기술원 기술지원국 기술지원조정과,제주,취업·일경험,마감,1차 3-9-21,,,65000002018302C0 | 65000002019301A7,청년농업인 육성 지원(성인지예산) | 청년농업인육성(기술지원)(성인지예산),7.23,20260421005400212825
20260430005400213002,청년농업인 육성 종합체계 구축,농촌진흥과,충남,취업·일경험,상시,2차 1-2-6,,,5680000202530030,청년농업인 육성 종합체계 구축,1.0,
20251211005400211961,청년농업인 육성을 위한 충남형 사회적 농업 지원,충청남도,충남,창업·농어업,마감,1차 1-2-5,,,,,,20251111005400211843
20251111005400211843,청년농업인 육성을 위한 충남형 사회적 농업 지원,충청남도 농축산국 농업정책과,충남,창업·농어업,마감,1차 1-2-5,,,4610000202330214,청년농업인육성을위한충남형사회적농업지원사업,0.0,20251211005400211961
20250502005400210766,청년농업인 육성지원,강원특별자치도,강원,창업·농어업,마감,1차 1-2-5,642000000719,이름 대조(신뢰도 높음),642000020183010F | 433000020213009F | 42500002020300C8 | 433000020193005B | 41800002020301B0 | 4280000201930091 | 4270000202130082 | 4290000202130055,청년농업인 육성·지원 | 청년농업인 육성[자체] | 청년농업인 육성지원 | 청년농업인 육성지원[도비] | 청년농업인 육성 지원(창업기반 구축) | 청년농업인 육성지원(도비) | 청년농업인 육성 지원사업 | 청년농업인 육성 지원,7.37,
20260504005400213072,청년농업인 인큐베이팅 기술지원,기술지원과,충남,취업·일경험,마감,2차 1-2-6,,,,,,
20260421005400212778,청년농업인 정책자금 이차보전 지원,제주특별자치도,제주,금융·생활안정,진행중,2차 4-11-39,,,,,,
20250618005400211056,청년농업인 정책자금 이차보전 지원,강원특별자치도,강원,금융·생활안정,마감,1차 4-13-32,,,4280000202130159 | 41910002023303B1 | 4180000202330372 | 4271000202330229 | 4201000202430135 | 43010002023301AA | 4321000202330153 | 4291000202330188,청년농업인 정책자금 이차보전(도비) | 청년농업인 정책자금 이차보전 지원 | 청년농업인 정책자금 이차보전 지원 | 청년농업인 정책자금 이차보전 | 청년농업인 정책자금 이차보전 | 청년농업인 정책자금 이차보전 지원 | 청년농업인 정책자금 이차보전 지원 | 청년농업인 정책자금 이차보전 지원사업,4.99,
20250909005400211683,청년농업인 종합지원(행정도우미 등),농업정책과,세종,창업·농어업,마감,1차 1-2-5,,,569000020253003A,청년농업인 종합 지원,1.28,
20251214005400211981,청년농업인 창농 신성장 활동,충청남도,충남,취업·일경험,마감,1차 3-9-21,,,,,,20260504005400113082
20250119005400210333,청년농업인 창업 스케일업(성장) 지원사업,전남광주통합특별시,전남,창업·농어업,마감,1차 1-2-4,,,49000002026300B3 | 49300002024300A1 | 4950000202430064 | 4840000202630072 | 4980000202430105,청년농업인 창업 스케일업(성장) 지원(도비) | 청년농업인 창업 스케일업 지원 | 청년농업인 창업 스케일업(성장) 지원 사업 | 청년농업인 창업 스케일업(성장) 지원사업 | 청년농업인 창업 스케일업 지원,3.6,20260818005400213337
20260421005400212791,청년농업인 창업 인큐베이팅 지원사업,제주특별자치도,제주,창업·농어업,마감,2차 1-4-13,,,,,,20250719005400211467
20250719005400211467,청년농업인 창업 인큐베이팅 지원사업,농축산식품국,제주,창업·농어업,마감,1차 1-2-5,,,,,,20260421005400212791
20250918005400211769,청년농업인 취농직불제,농업정책과,경남,취업·일경험,마감,1차 1-1-3,648000001042,이름 대조(신뢰도 높음),53600002019300DC | 5410000201930093 | 5310000201930044 | 54700002019301BD | 53400002019300BF | 54500002021300BC | 535000020193006C | 5400000201930066,청년농업인 취농직불제 | 청년농업인 취농직불제 | 청년농업인 취농직불제 지원 | 청년농업인 취농직불제 | 청년 농업인 취농직불제 | 청년농업인 취농직불제 | 청년 농업인 취농직불제 | 청년농업인 취농직불제,5.76,
20250917005400211718,청년농업인 커뮤니티 활성화 지원,농업정책과,경남,참여·권리,마감,1차 5-19-50,,,5460000202630009 | 53600002021300BD | 5670000202130191 | 531000020213015D | 53500002021301B3 | 537000020233038F | 53300002021301A5 | 53900002021300EC,청년농업인 커뮤니티 활성화 지원 | 청년농업인 커뮤니티 활성화 | 청년농업인 커뮤니티 활성화 지원사업 | 청년농업인 커뮤니티 활성화 지원 | 청년농업인 커뮤니티 활성화 지원사업 | 청년농업인 커뮤니티 활성화 지원 | 청년농업인 커뮤니티 활성화 지원 | 청년농업인 커뮤니티 활성화 지원사업,0.82,
20250113005400210199,청년농업인 특화작목 성공모델 육성,전북특별자치도,전북,취업·일경험,마감,1차 1-1-1,,,,,,
20260430005400213004,청년농업인 후원결연 멘토링 지원 시범,농촌진흥과,충남,취업·일경험,마감,2차 1-2-6,,,,,,
20250909005400211682,청년농업인(후계농) 영농정착 지원,농업정책과,세종,창업·농어업,마감,1차 1-2-5,154300000396,이름 대조(신뢰도 중간),5690000202130075,청년농업인 영농정착지원,7.26,
20260506005400213143,청년농업인4-H 연합회 활동지원,인천광역시 농업기술센터 농촌자원과,인천,교육·역량,상시,2차 2-6-23,,,,,,
20250716005400211289,청년농촌보금자리 조성사업,농촌재생지원팀,전북,주거,진행중,1차 2-5-10,,,6450000202330678 | 4710000202330195,청년농촌보금자리조성사업 | 청년농촌보금자리 조성사업(보조),80.8,
20260430005400212969,청년단기숙소 지원사업,청년정책과,충남,주거,상시,2차 3-8-29,449000000525,이름 대조(신뢰도 높음),4490000202630046,청년 단기숙소 지원사업,0.79,
20260325005400212276,청년단기주거공간 운영(금강장),경상북도 의성군 관광복지국,중앙,주거,상시,2차 3-8-29,,,,,,
20260827005400213357,청년도약 인재양성 부트캠프 사업(미래차 분야),전남광주통합특별시,전남,교육·역량,마감,2차 2-5-19,,,,,,
20260826005400213354,청년도약 인재양성 부트캠프 사업(인공지능 분야),전남광주통합특별시,전남,교육·역량,마감,2차 2-5-19,,,,,,
20260821005400213344,청년도약 인재양성 부트캠프 사업(인문·사회 분야),전남광주통합특별시,전남,교육·역량,상시,2차 2-5-19,,,,,,
20260831005400213362,청년도약 인재양성 부트캠프(제조AI 분야),전남광주통합특별시,전남,교육·역량,진행중,2차 2-5-19,,,,,,
20260430005400213007,청년도전지원사업,지역경제과,충남,취업·일경험,상시,2차 1-1-2,568000000337,이름 대조(신뢰도 높음),,,,
20260406005400212459,청년도전지원사업,인천광역시 청년정책담당관,인천,취업·일경험,진행중,2차 1-1-2,628000000749,이름 대조(신뢰도 높음),,,,
20260413005400212724,청년도전지원사업,사회적협동조합 제주내일,제주,취업·일경험,진행중,2차 1-1-2,,,,,,
20260128005400212084,청년도전지원사업,대전광역시 경제국 일자리경제정책과,대전,취업·일경험,마감,2차 1-2-5,O00077300004,이름 대조(신뢰도 중간),,,,
20250904005400211632,청년도전지원사업 『도전캠퍼스』,청년정책담당관,세종,금융·생활안정,마감,1차 4-14-35,,,,,,
20260813005400213335,청년도전지원사업 단기 3기·4기 프로그램 참여자 모집,전남광주통합특별시,광주,취업·일경험,진행중,2차 1-2-5,,,,,,
20250221005400210534,청년도전지원사업 젊핑(대구시),고용노동부,대구,취업·일경험,마감,1차 1-1-1,,,,,,
20260331005400212353,청년도전지원사업 참여자 모집(전북),전북특별자치도,전북,취업·일경험,상시,2차 1-1-1,,,,,,
20250117005400210325,청년동아리 육성 지원사업,통영시,경남,정책기반,마감,1차 5-19-49,,,,,,
20251106005400211806,청년동아리 지원 사업,경상남도 함안군 혁신전략담당관,경남,참여·권리,마감,1차 5-20-51,,,,,,
20251117005400211900,청년동아리 활동비 지원사업,경상남도 하동군 지역활력추진단,경남,문화·건강,마감,1차 4-16-42,,,,,,
20260422005400212842,청년동행 일자리 우수기업 지원사업,제주특별자치도청,제주,취업·일경험,마감,2차 1-2-5,,,,,,20251111005400211833
20251111005400211833,청년동행 일자리 우수기업 지원사업,제주특별자치도 경제활력국 노동일자리과,제주,취업·일경험,마감,1차 1-3-7,,,,,,20260422005400212842
20260813005400213334,청년드림은행(청년재무상담소),전남광주통합특별시,전남,금융·생활안정,상시,2차 4-12-44,,,,,,
20250618005400211063,청년마을 만들기 지원,강원특별자치도,강원,참여·권리,마감,1차 5-19-50,,,,,,
20260413005400212701,청년마음건강센터 운영,울산광역시,울산,문화·건강,진행중,2차 4-13-46,,,,,,20260410005400212675 | 20250715005400111251
20260410005400212675,청년마음건강센터 운영,울산광역시,울산,문화·건강,진행중,2차 4-13-46,,,,,,20260413005400212701 | 20250715005400111251
20250909005400211678,청년마음건강센터 운영,보건정책과,세종,문화·건강,마감,1차 4-15-39,,,,,,
20250715005400111251,청년마음건강센터 운영,울산광역시,울산,문화·건강,마감,1차 4-15-39,,,,,,20260413005400212701 | 20260410005400212675
20260420005400212770,청년맞춤형 주택임차보증금 이자지원,전남광주통합특별시,전남,주거,마감,2차 3-9-30,629000000806,이름 대조(신뢰도 중간),,,,20260722005400213279 | 20250227005400210570
20250227005400210570,청년맞춤형 주택임차보증금 이자지원,전남광주통합특별시 교육청년국 청년정책과,광주,주거,마감,1차 2-6-13,629000000806,이름 대조(신뢰도 중간),,,,20260722005400213279 | 20260420005400212770
20250904005400211655,청년문화 활성화,청년정책담당관,세종,참여·권리,마감,1차 5-19-50,,,,,,
20250718005400211460,청년문화 활성화 사업,문화정책과,인천,문화·건강,마감,1차 4-16-43,,,,,,20260406005400212484
20260406005400212484,청년문화 활성화 운영,인천광역시 문화체육국 문화정책과,인천,문화·건강,상시,2차 4-14-52,,,,,,20250718005400211460
20250904005400211645,청년문화생태계 리빙랩,청년정책담당관,세종,문화·건강,마감,1차 4-16-42,,,,,,
20250331005400210673,청년문화예술기획자 양성학교 운영,전남광주통합특별시 문화본부 문화정책관 문화정책과,광주,문화·건강,마감,1차 4-16-41,,,,,,20250711005400211194
20250711005400211194,청년문화예술기획자 양성학교 운영,전남광주통합특별시 문화본부 문화정책관 문화정책과,중앙,문화·건강,마감,1차 4-16-41,,,,,,20250331005400210673
20250731005400211508,청년문화예술주문배달서비스사업(청년예술 퀵),문화체육관광국,전북,문화·건강,마감,1차 4-16-43,,,,,,
20260410005400212683,청년문화예술패스,울산광역시,울산,문화·건강,진행중,2차 4-14-53,137100000239,이름 대조(신뢰도 중간),,,,20250716005400111300
20250218005400210456,청년문화예술패스,문화체육관광부,대구,문화·건강,마감,1차 4-16-42,137100000239,이름 대조(신뢰도 높음),62700002024301A0,청년 문화예술패스(국가직접지원),3.23,
20250716005400111300,청년문화예술패스,울산광역시,울산,문화·건강,마감,1차 4-16-42,,,63100002024300DD,청년문화예술패스 사업(국가직접지원),3.09,20260410005400212683
20260421005400212803,청년문화예술패스 사업,한국문화예술위원회,제주,문화·건강,마감,2차 4-14-53,137100000239,이름 대조(신뢰도 중간),,,,
20260406005400212486,청년문화창작소 운영,인천광역시 문화체육국 문화정책과,인천,문화·건강,상시,2차 4-14-52,,,,,,20250718005400211457
20250718005400211457,청년문화창작소 운영,문화정책과,인천,문화·건강,마감,1차 4-16-42,,,628000020173042F,인천청년문화창작소 운영,0.81,20260406005400212486
20260326005400212296,청년문화프로그램 운영,전북특별자치도 익산시,전북,문화·건강,진행중,2차 4-14-51,,,,,,
20250115005400210277,청년미디어타워 운영,남동구,중앙,문화·건강,마감,1차 4-16-43,,,,,,20260406005400212428
20250904005400211630,청년미래적금 운영,기업지원과,세종,금융·생활안정,마감,1차 4-13-32,,,569000020223016E,세종 청년미래적금 운영,3.91,
20250115005400210294,청년미래플랜아카데미,서구,대구,교육·역량,마감,1차 3-11-28,,,,,,
20260422005400212845,청년반상회 운영,제주특별자치도 기획조정실 청년정책담당관,제주,참여·권리,상시,2차 5-15-58,,,,,,20260414005400212733 | 20250717005400211363
20260414005400212733,청년반상회 운영,제주특별자치도 기획조정실 청년정책담당관,제주,정책기반,상시,2차 5-16-59,,,,,,20260422005400212845 | 20250717005400211363
20250717005400211363,청년반상회 운영,기획조정실,제주,참여·권리,마감,1차 5-17-45,,,,,,20260422005400212845 | 20260414005400212733
20260406005400212494,청년발달장애인 자산형성지원(행복씨앗통장),인천광역시 보건복지국 장애인복지과,인천,금융·생활안정,상시,2차 4-11-38,628000000159,이름 대조(신뢰도 높음),62800002018300DD | 3570000202130064 | 3500000202130017,청년발달장애인 자산형성지원 | 청년발달장애인 자산형성 지원사업(보조) | 청년 발달장애인 자산형성 지원,3.58,
20250502005400210781,청년발전위원회 운영,기획행정국,강원,참여·권리,마감,1차 5-17-45,,,,,,
20260325005400212275,청년복합주거공간 운영(금수장),경상북도 의성군 관광복지국,중앙,주거,상시,2차 3-8-29,,,,,,
20250220005400210511,청년부부 정착장려금 지원,괴산군,충북,주거,마감,1차 2-8-18,,,,,,
20250903005400211593,청년부부 주거환경 개선사업,미래교육돌봄국,경북,금융·생활안정,마감,1차 4-13-32,,,,,,
20251223005400212046,청년브랜드참여단 운영,충청북도,충북,참여·권리,마감,1차 5-17-45,,,,,,
20250117005400210320,청년사업가 도움만땅 지원사업,통영시,경남,창업·농어업,마감,1차 1-2-5,,,,,,
20250117005400210317,청년사업자 점포 임대료 지원사업,통영시,경남,창업·농어업,마감,1차 1-2-5,,,,,,
20260413005400212698,청년사회서비스사업단 운영,울산광역시,울산,문화·건강,진행중,2차 4-13-49,,,,,,20260410005400212673 | 20250715005400111250
20260410005400212673,청년사회서비스사업단 운영,울산광역시,울산,문화·건강,진행중,2차 4-13-49,,,,,,20260413005400212698 | 20250715005400111250
20250715005400111250,청년사회서비스사업단 운영,울산광역시,울산,금융·생활안정,마감,1차 4-13-32,,,63100002019300B1,청년사회서비스사업단 운영,0.0,20260413005400212698 | 20260410005400212673
20250718005400211450,청년사회서비스사업단 운영,복지정책과,인천,금융·생활안정,마감,1차 4-13-32,,,,,,
20260414005400212742,청년상담소(고민점빵) 운영,울산광역시,울산,정책기반,진행중,2차 5-16-59,,,,,,20250717005400211345
20250717005400211345,청년상담소(고민점빵) 운영,울산광역시,울산,정책기반,마감,1차 5-19-49,,,,,,20260414005400212742
20260316005400212164,청년새마을연대 푸른경북만들기,경상북도 안전행정실,경북,참여·권리,상시,2차 5-15-58,,,,,,
20250715005400211260,청년성장 프로젝트,청년정책관,충남,취업·일경험,마감,1차 3-11-28,,,64400002024301B8 | 4490000202530116 | 450000020253010A | 4600000202530116 | 4510000202630148,청년성장프로젝트 | 청년성장프로젝트 | 청년성장프로젝트(청년카페) | 청년 성장 프로젝트 | 청년성장 프로젝트(공모),8.3,20260504005400113127
20260413005400212704,청년성장지원사업,울산광역시,울산,참여·권리,진행중,2차 5-15-56,,,,,,20250717005400211348
20250717005400211348,청년성장지원사업,울산광역시,울산,참여·권리,마감,1차 5-19-50,,,,,,20260413005400212704
20260422005400212867,청년성장프로젝트,제주특별자치도 기획조정실 청년정책담당관,제주,취업·일경험,상시,2차 1-1-3,174100000087,이름 대조(신뢰도 중간),,,,20260413005400212723
20260430005400213010,청년성장프로젝트,지역경제과,충남,취업·일경험,상시,2차 1-2-5,174100000087,이름 대조(신뢰도 중간),,,,
20260413005400212723,청년성장프로젝트,제주특별자치도 기획조정실 청년정책담당관,제주,취업·일경험,상시,2차 1-1-3,174100000087,이름 대조(신뢰도 중간),650000020243022B,청년성장프로젝트,17.55,20260422005400212867
20251114005400211892,청년성장프로젝트,고용노동부 통합고용정책국 청년고용정책관 청년취업지원과,경북,취업·일경험,마감,1차 1-1-1,174100000087,이름 대조(신뢰도 높음),64700002024301D2 | 508000020243017B | 50600002024300D8 | 511000020243008F | 5070000202430132,청년성장프로젝트 | 청년성장프로젝트 | 청년성장프로젝트(청년카페 운영)(보조) | [국]청년성장프로젝트 | [국]청년성장프로젝트,19.46,
20250718005400211405,청년성장프로젝트,청년정책담당관,인천,창업·농어업,마감,1차 1-2-4,,,,,,
20250110005400210146,청년센터 서구1939,인천광역시 서해구,인천,문화·건강,마감,1차 4-16-42,356000000236,이름 대조(신뢰도 중간),,,,
20260504005400213055,청년센터 운영,경제산업과,충남,문화·건강,상시,2차 4-14-55,,,,,,
20260330005400212315,청년쉐어하우스 조성 및 운영,전북특별자치도 완주군,전북,주거,상시,2차 3-8-27,,,,,,
20250901005400211544,청년스타트업 지원,경상북도,경북,창업·농어업,마감,1차 1-2-5,,,50200002021300B3 | 509000020263003A | 52100002018300D6 | 50800002020300CF,청년스타트업지원 | 청년스타트업 지원사업 | 청년스타트업지원 | 청년스타트업지원사업,7.35,
20250902005400211581,청년시설활성화프로젝트,관광복지국,중앙,문화·건강,마감,1차 4-16-42,,,,,,
20260327005400212304,청년시청 운영,전북특별자치도 익산시,전북,정책기반,상시,2차 5-16-60,,,,,,
20260430005400212982,청년신규창업자 발굴육성사업,청년인구정책과,충남,창업·농어업,마감,2차 1-4-12,,,,,,
20260313005400212124,청년신혼부부 월세지원 사업,경상북도 건설도시국 건축디자인과,경북,주거,진행중,2차 3-9-30,,,,,,20250903005400211600 | 20250903005400211617 | 20250827005400211525
20250903005400211600,청년신혼부부 월세지원 사업,경상북도,경북,주거,마감,1차 2-6-13,,,,,,20260313005400212124 | 20250903005400211617 | 20250827005400211525
20250219005400210464,청년아르바이트 운영,충청북도,충북,취업·일경험,마감,1차 1-1-1,,,,,,
20250316005400210632,청년안심주택 공급(매입),건축기획관,서울,주거,마감,1차 2-8-17,,,,,,
20250316005400210633,청년안심주택 공급활성화(임차보증금 무이자지원),건축기획관,서울,주거,마감,1차 2-8-17,,,61100002021302E8,청년안심주택 공급활성화,2.98,
20250917005400211752,청년어업인 귀어 인턴 지원,어촌발전과,경남,취업·일경험,마감,1차 1-1-1,,,53300002023301DB | 56700002024301CF | 5340000202330349 | 54300002023302D1 | 54200002023303ED,청년 어업인  귀어 인턴 지원사업 | 청년어업인 귀어인턴 지원사업 | 청년 어업인 귀어 인턴 지원 | 청년어업인 귀어 인턴 지원사업 | 청년 어업인 귀어 인턴 지원,0.19,
20250430005400210742,청년어업인 영어정착 지원,해양수산부,강원,창업·농어업,마감,1차 1-2-5,,,431100020253002B,청년어업인 영어정착 지원,0.25,
20260506005400213144,청년어업인 영어정착지원,인천광역시 수산기술지원센터,인천,취업·일경험,상시,2차 1-2-7,,,,,,20250718005400211396
20250718005400211396,청년어업인 영어정착지원,수산자원연구소,인천,창업·농어업,마감,1차 1-2-5,,,358000020193010E | 35700002018300EA,청년어업인영어정착지원(보조금) | 청년어업인 영어정착지원(보조),1.58,20260506005400213144
20250917005400211717,청년어업인 육성 및 지원,어촌발전과,경남,참여·권리,마감,1차 5-19-50,,,,,,
20250917005400211716,청년어업인 커뮤니티 활성화 지원,어촌발전과,경남,정책기반,마감,1차 5-18-47,,,6480000202430106 | 542000020243018D,청년어업인 커뮤니티 활성화 지원 | 청년어업인 커뮤니티 활성화 지원사업,0.3,
20250917005400211726,청년어업인 해외연수비 지원,어촌발전과,경남,참여·권리,마감,1차 5-20-52,,,64800002024302C5,청년어업인 해외연수비 지원,0.0,
20250829005400211531,청년예술 창업특구 조성사업,미래교육돌봄국,중앙,창업·농어업,마감,1차 1-2-5,,,,,,
20250724005400211491,청년예술가 육성 지원,문화체육관광국,대구,문화·건강,마감,1차 4-16-43,,,,,,
20250904005400211642,청년예술가 육성 지원(신진예술지원),문화예술과,세종,문화·건강,마감,1차 4-16-43,,,,,,
20250711005400211195,청년예술센터 운영,전남광주통합특별시 광주미술관,광주,문화·건강,마감,1차 4-16-43,,,62900002016300F5,청년예술센터운영 (광주),0.25,
20250618005400211060,청년예술인 지원,강원특별자치도,강원,문화·건강,마감,1차 4-16-43,,,,,,
20250114005400210254,청년예술인 창작공간 지원,창원시,경남,문화·건강,마감,1차 4-16-43,,,5670000202330270,청년예술인 창작공간 지원,0.83,
20250317005400210642,청년예술지원사업,서울문화재단,서울,문화·건강,마감,1차 4-16-43,,,,,,
20250317005400210641,청년예술청 운영,서울문화재단,서울,문화·건강,마감,1차 4-16-43,,,,,,
20260521005400213209,청년온가 2026년 정기 입주자 모집 재공고,전남광주통합특별시,광주,주거,상시,2차 3-8-29,,,,,,20260803005400213315
20260803005400213315,청년온가 2026년 정기 입주자 모집 재공고,전남광주통합특별시,전남,주거,마감,2차 3-8-29,,,,,,20260521005400213209
20260410005400212687,청년울산대장정 U-Road,울산광역시,울산,문화·건강,마감,2차 4-14-53,,,,,,
20260421005400212801,청년월세 지원,제주특별자치도,제주,주거,마감,2차 3-9-30,161300000099,이름 대조(신뢰도 중간),,,,
20251217005400212010,청년월세 지원사업,경상남도 합천군 경제문화국,경남,주거,마감,1차 2-6-13,648000001055,이름 대조(신뢰도 중간),,,,
20250903005400211614,청년월세 지원사업,청년정책담당관,중앙,주거,마감,1차 2-6-13,161300000099,이름 대조(신뢰도 중간),,,,
20250115005400110295,청년월세 특별지원(2차),서구,대구,주거,마감,1차 2-6-13,,,,,,
20250115005400210279,청년월세 한시 지원사업,남동구,인천,주거,마감,1차 2-6-13,,,,,,
20250502005400110774,청년월세 한시 특별지원,국토교통부,중앙,주거,마감,1차 2-6-13,,,,,,
20250716005400111306,청년월세 한시 특별지원,주택토지실,제주,주거,마감,1차 2-6-13,,,6500000202230273,청년월세 한시 특별지원 사업,39.21,
20250714005400111222,청년월세 한시 특별지원사업,울산광역시,울산,주거,마감,1차 2-6-13,,,370000020223006D | 37300002022300AA | 369000020223008B | 371000020223005C | 37200002022300A4,청년월세 한시 특별지원 | 청년월세 한시 특별지원 | 청년월세 한시 특별지원 | 청년월세한시특별지원 | 청년월세 한시 특별지원,75.99,
20260722005400213298,청년월세지원,전남광주통합특별시,전남,주거,마감,2차 3-9-30,,,,,,20260408005400212634
20260408005400212634,청년월세지원,전남광주통합특별시,광주,주거,마감,2차 3-9-30,,,,,,20260722005400213298
20250220005400210504,청년월세한시특별지원,제천시,충북,주거,마감,1차 2-6-13,,,44000002022300BD,청년월세 한시 특별지원 사업(보조),7.97,
20260406005400212479,청년의 날 및 청년주간 운영,인천광역시 청년정책담당관,인천,참여·권리,상시,2차 5-15-58,,,,,,20250718005400211464
20250718005400211464,청년의 날 및 청년주간 운영,청년정책담당관,인천,참여·권리,마감,1차 5-19-50,,,,,,20260406005400212479
20260504005400213036,청년의 날 행사,경제산업과,충남,문화·건강,진행중,2차 4-14-53,,,,,,
20250108005400210083,청년의 사회적 고립 해소를 위한 지원사업,인천광역시 서해구,인천,금융·생활안정,마감,1차 4-14-36,,,,,,
20260413005400212705,청년이 만드는 치안정책 플랫폼 '자치경찰 서포터즈,울산광역시,울산,참여·권리,마감,2차 5-15-56,,,,,,20250717005400211347
20250717005400211347,청년이 만드는 치안정책 플랫폼'자치경찰 서포터즈',울산광역시,울산,참여·권리,마감,1차 5-19-50,,,,,,20260413005400212705
20260504005400213025,청년이 일하기 좋은 청년친화적 기업 지원,청년정책과,충남,취업·일경험,상시,2차 1-3-11,,,,,,
20260504005400213013,청년이어드림(Dream) 지원금,제주청년센터,제주,문화·건강,상시,2차 4-12-44,,,,,,20250718005400211411
20250718005400211411,청년이어드림(Dream)지원금,기획조정실,제주,금융·생활안정,마감,1차 4-14-36,650000001112,이름 대조(신뢰도 높음),6500000202430135,청년이어드림 지원금 지원,5.35,20260504005400213013
20250917005400211740,청년인재-주력산업 동반성장 일자리,산업인력과,경남,취업·일경험,마감,1차 1-1-1,,,5400000202330004 | 5330000202330141 | 5410000202330095 | 5450000202330080,경남 청년인재-주력산업 동반성장 일자리 | 경남 청년인재-주력산업 동반성장 일자리사업 | 경남 청년인재-주력산업 동반성장 일자리사업 | 경남 청년인재-주력산업 동반성장 일자리사업,0.43,
20260330005400212325,청년인큐베이팅공유공간 운영,경상북도 의성군 관광복지국,중앙,주거,상시,2차 3-8-29,,,,,,20250902005400211585
20250902005400211585,청년인큐베이팅공유공간운영,관광복지국,중앙,문화·건강,마감,1차 4-16-42,,,,,,20260330005400212325
20260504005400213060,청년인턴,청년정책과,충남,취업·일경험,마감,2차 1-1-1,449000000521,이름 대조(신뢰도 중간),,,,
20250220005400210518,청년인턴제 운영사업,괴산군,충북,취업·일경험,마감,1차 1-1-1,,,4460000200730756,청년 인턴제 운영사업,0.32,
20260402005400212381,청년일자리 강소기업 선정 지원사업,울산광역시,울산,취업·일경험,진행중,2차 1-2-4,,,,,,
20250902005400211573,청년일자리 근속장려금 지원사업,경제국,경북,취업·일경험,마감,1차 1-1-3,,,,,,
20260408005400212579,청년일자리 도전 지원사업,경상남도,경남,취업·일경험,상시,2차 1-1-1,,,64800002023305BC,청년일자리 도전 지원사업,18.48,
20260313005400212120,청년일자리 로컬 솔루션 프로젝트,경상북도 경주시 시민복지국,경북,취업·일경험,상시,2차 1-2-5,,,,,,
20250901005400211549,청년일자리 로컬솔루션  프로젝트,경상북도,경북,취업·일경험,마감,1차 1-1-2,,,508000020243019C | 5050000202430235 | 5070000202430181 | 506000020183004F | 509000020183005F | 5110000201830030 | 5130000202430117 | 51900002024300F8,청년일자리로컬솔루션프로젝트 | 청년일자리 로컬 솔루션 프로젝트 | [도]청년일자리로컬솔루션프로젝트 | 청년일자리로컬솔루션프로젝트(보조) | (도)청년일자리 로컬 솔루션 프로젝트 | [도]청년일자리로컬솔루션프로젝트 | (도비보조)청년일자리 로컬솔루션 프로젝트 | 청년일자리로컬솔루션프로젝트,5.65,20250904005400211650
20250904005400211650,청년일자리 로컬솔루션 프로젝트,경상북도,경북,취업·일경험,마감,1차 1-1-1,,,,,,20250901005400211549
20251107005400211811,청년일자리 우수기업 지원 사업,경상남도 함안군 산업건설국 경제기업과,경남,취업·일경험,마감,1차 1-1-1,,,,,,
20250918005400211754,청년일자리 위드유 운영,산업인력과,경남,취업·일경험,마감,1차 1-1-1,,,6480000201830394,청년일자리 위드유 운영,1.5,
20260430005400212992,청년일자리 창출을 위한 민관학 협력네트워크「청춘동행」 운영,청년정책과,충남,취업·일경험,상시,2차 1-2-5,,,,,,
20250901005400211547,청년일자리창출 우수기업  지원사업,경상북도,경북,취업·일경험,마감,1차 1-1-3,,,,,,
20250901005400211550,청년자립마을 활성화 지원사업,예천군,중앙,참여·권리,마감,1차 5-19-50,,,,,,
20250331005400210672,청년자립준비지원사업 [해시태그 멘토링],전남광주통합특별시 교육청년국 청년정책과,광주,금융·생활안정,마감,1차 4-14-34,,,,,,
20251211005400211962,청년자립형 스마트팜 지원사업,충청남도,충남,창업·농어업,마감,1차 1-2-5,644000000849,이름 대조(신뢰도 중간),,,,20251111005400211844
20251111005400211844,청년자립형 스마트팜 지원사업,충청남도 농축산국 스마트농업과,충남,창업·농어업,마감,1차 1-2-5,644000000849,이름 대조(신뢰도 중간),5680000202530072 | 4610000202330189 | 4520000202330155 | 455000020243012F | 4590000202630191,청년자립형 스마트팜 지원사업(스마트원예단지) | 청년자립형스마트팜지원사업 | 청년자립형 스마트팜 지원 | 청년자립형 스마트팜 지원사업(도비) | 청년자립형 스마트팜 지원사업,111.67,20251211005400211962
20250711005400211197,청년자율공간,전남광주통합특별시 교육청년국 청년정책과,광주,정책기반,마감,1차 5-19-50,,,,,,
20251114005400211890,청년자율예산 운영,제주특별자치도 기획조정실 청년정책담당관,중앙,참여·권리,마감,1차 5-17-45,,,,,,
20250904005400211648,청년자율편성예산제 운영,청년정책담당관,세종,정책기반,마감,1차 5-18-46,,,,,,
20250904005400211624,청년재능활동가 지원사업,청년정책담당관,세종,교육·역량,마감,1차 3-11-28,,,,,,
20250502005400210776,청년전용 버팀목 전세자금 대출이자 지원 사업 관리,주택과,대구,주거,마감,1차 2-6-13,,,,,,
20250917005400211719,청년정보플랫폼 운영,청년정책과,경남,정책기반,마감,1차 5-19-49,,,64800002025300F5,청년 정보플랫폼 운영,0.39,
20250711005400211191,청년정신건강지원(마인드링크),전남광주통합특별시 보건복지본부 복지정책관 건강위생과,광주,문화·건강,마감,1차 4-15-39,,,,,,
20250903005400211616,청년정착상담소 운영,청년정책담당관,세종,주거,마감,1차 2-8-18,,,,,,
20260430005400212994,청년정책 서포터즈,지역경제과,충남,정책기반,진행중,2차 5-16-59,,,,,,
20260722005400213293,청년정책 서포터즈 2기,전남광주통합특별시,전남,참여·권리,마감,2차 5-17-62,,,,,,
20250508005400210800,청년정책 서포터즈 [광주 청년톡파원] 1기,전남광주통합특별시 교육청년국 청년정책과,광주,참여·권리,마감,1차 5-19-50,,,,,,
20260330005400212350,청년정책 온라인플랫폼 운영,전북특별자치도 완주군,전북,정책기반,상시,2차 5-16-59,,,,,,
20260414005400212739,청년정책 제안 경연대회,울산광역시,울산,참여·권리,진행중,2차 5-15-57,,,,,,20250717005400211342
20250717005400211342,청년정책 제안 경연대회,울산광역시,울산,참여·권리,마감,1차 5-17-45,,,,,,20260414005400212739
20250903005400211615,청년정책 홍보 사업,청년정책담당관,세종,주거,마감,1차 2-8-18,,,,,,
20260414005400212741,청년정책 홍보사업,울산광역시,울산,정책기반,진행중,2차 5-16-59,,,,,,20250717005400211344
20250717005400211344,청년정책 홍보사업,울산광역시,울산,정책기반,마감,1차 5-19-49,,,,,,20260414005400212741
20260313005400212152,"청년정책과 SNS(유튜브, 카카오톡, 인스타그램, 페이스북) 채널 운영",경기도 용인시,경기,정책기반,상시,2차 5-16-59,,,,,,
20260504005400213087,청년정책네트워크,경제산업과,충남,참여·권리,마감,2차 5-15-58,558000000303,이름 대조(신뢰도 중간),,,,
20260430005400212991,청년정책네트워크 운영,청년정책과,충남,참여·권리,마감,2차 5-15-57,,,4490000202330106,청년정책네트워크 운영,0.3,
20250908005400211675,청년정책네트워크 운영,청년정책과,경남,참여·권리,마감,1차 5-19-50,,,5330000201930161,청년정책 네트워크 운영,0.15,
20260430005400212996,청년정책위원회,지역경제과,충남,참여·권리,진행중,2차 5-15-57,,,,,,
20260504005400213086,청년정책위원회,경제산업과,충남,참여·권리,상시,2차 5-15-57,,,,,,
20260430005400212977,청년정책제안 아이디어 공모,청년정책과,충남,참여·권리,진행중,2차 5-15-56,,,,,,
20250108005400210090,청년정책협의체 활동,전남광주통합특별시 해남군,전남,참여·권리,마감,1차 5-17-45,,,,,,
20250717005400211365,청년주권회의 운영,제주특별자치도,제주,참여·권리,마감,1차 5-17-45,,,,,,
20250117005400210326,청년주택 임차보증금 이자 지원 사업,기획예산실,경남,주거,마감,1차 2-6-13,648000001072,이름 대조(신뢰도 중간),,,,
20251217005400212016,청년주택 임차보증금 이자 지원사업,경상남도 합천군 안전건설국,경남,주거,마감,1차 2-6-13,648000001072,이름 대조(신뢰도 중간),,,,
20260406005400212493,청년중독관리사업,인천광역시 보건복지국 건강증진과,인천,문화·건강,상시,2차 4-13-47,,,,,,20250718005400211451
20250718005400211451,청년중독관리사업,건강증진과,인천,문화·건강,마감,1차 4-15-39,,,3550000202230081 | 62800002022302B0,청년중독 관리사업 | 청년중독관리사업,1.75,20260406005400212493
20260410005400212676,청년중독관리사업 추진,울산광역시,울산,문화·건강,진행중,2차 4-13-47,,,,,,20250715005400111252
20250715005400111252,청년중독관리사업 추진,울산광역시,울산,문화·건강,마감,1차 4-15-39,,,63100002022300D7,청년중독관리사업,1.0,20260410005400212676
20250711005400211192,청년중독예방관리,전남광주통합특별시 보건복지본부 복지정책관 건강위생과,광주,문화·건강,마감,1차 4-15-40,,,62900002022301A6,청년중독예방관리 (광주),0.75,
20250522005400210868,청년참여 활성화 및 서울청년참여기구 운영 지원,청년정책담당관,중앙,참여·권리,마감,1차 5-17-45,,,,,,
20250718005400211458,청년참여형 인천관광 활성화 사업,관광마이스과,인천,문화·건강,마감,1차 4-16-42,,,,,,
20260408005400212618,청년창업 거주지원시설(창업하여家) 입주자 1차 모집,전남광주통합특별시,광주,창업·농어업,마감,2차 1-4-12,,,,,,20260909005400213391 | 20260408005400212601
20260408005400212601,청년창업 거주지원시설(창업하여家) 입주자 1차 모집,전남광주통합특별시,광주,창업·농어업,마감,2차 1-4-12,,,,,,20260909005400213391 | 20260408005400212618
20260909005400213391,청년창업 거주지원시설(창업하여家) 입주자 3차 모집,전남광주통합특별시,전남,주거,마감,2차 3-8-29,,,,,,20260408005400212618 | 20260408005400212601
20260313005400212146,청년창업 공감 원스톱 서비스 안내,경기도 용인시,경기,창업·농어업,상시,2차 1-4-12,,,,,,
20260330005400212312,청년창업 스마트팜 패키지 지원,전북특별자치도 완주군,전북,취업·일경험,상시,2차 1-2-6,,,,,,
20250718005400211416,청년창업 스마트팜 패키지 지원,농생명축산산업국,전북,창업·농어업,마감,1차 1-2-5,,,4710000202330017 | 645000020223033C | 470000020233018C | 4680000202230175 | 4730000202230134 | 4750000202330172 | 4740000202330124 | 4690000202330045,청년창업 스마트팜패키지 지원사업 | 청년창업 스마트팜 패키지 지원(소멸기금) | 청년창업 스마트팜 패키지 지원사업 | 청년창업스마트팜 패키지 지원사업 | 청년창업 스마트팜 패키지 지원 | 청년 창업 스마트팜 패키지 지원사업 | 청년창업 스마트팜 패키지 지원사업 | 청년창업 스마트팜 패키지 지원사업,103.4,
20260413005400212725,청년창업 스케일업 지원사업,(재)제주테크노파크,제주,창업·농어업,마감,2차 1-4-13,,,,,,20260422005400212861
20260422005400212861,청년창업 스케일업 지원사업,(재)제주테크노파크,제주,창업·농어업,마감,2차 1-4-13,,,,,,20260413005400212725
20250718005400211377,청년창업 스케일업 지원사업,소상공인과,제주,창업·농어업,마감,1차 1-2-4,,,,,,
20250501005400210753,청년창업 우수기업 인증제,경제진흥국,강원,창업·농어업,마감,1차 1-2-5,,,418100020253008D,청년창업 우수기업 인증제,0.2,
20250109005400210104,청년창업 인큐베이팅 플랫폼 운영,전남광주통합특별시 목포시 미래전략산업국,전남,취업·일경험,마감,1차 3-11-27,,,,,,
20250901005400211555,청년창업 지역정착 지원사업,예천군,중앙,창업·농어업,마감,1차 1-2-5,,,,,,
20250718005400211385,청년창업 챌린지 지원사업,창업벤처과,인천,창업·농어업,마감,1차 1-2-5,,,,,,
20250331005400210675,청년창업 특례보증,전남광주통합특별시 경제실 경제창업국 창업진흥과,광주,창업·농어업,마감,1차 1-2-5,O00072800005,이름 대조(신뢰도 중간),,,,20260918005400213427 | 20260407005400212572
20260406005400212397,청년창업 특례보증 및 이차보전,인천광역시 경제산업본부 소상공인정책과,인천,창업·농어업,상시,2차 1-4-12,,,,,,
20260430005400213006,청년창업가 입주공간 제공,지역경제과,충남,창업·농어업,상시,2차 1-4-12,,,,,,
20260331005400212358,청년창업공간 리모델링 지원사업,경상북도 고령군 인구정책실,경북,창업·농어업,마감,2차 1-4-12,,,5200000202330050,청년창업공간 리모델링 지원,0.2,
20260421005400212784,청년창업기업 경영안정자금 금리 확대 지원,제주도청 소상공인과,제주,창업·농어업,진행중,2차 1-4-15,,,,,,20250718005400211402
20250718005400211402,청년창업기업 경영안정자금 금리 확대 지원,제주특별자치도,제주,금융·생활안정,마감,1차 4-13-33,,,,,,20260421005400212784
20260430005400212995,청년창업농 디딤돌 사업,농촌진흥과,충남,취업·일경험,마감,2차 1-2-6,,,,,,
20250718005400211442,청년창업농 영농기반 임차지원,농생명축산산업국,전북,창업·농어업,마감,1차 1-2-5,654000000019,이름 대조(신뢰도 높음),468000020203009D | 47800002020300A5 | 467000020203011C | 4720000202330130 | 464000020203017B | 4730000202230080 | 4770000202030072 | 4751000202630084,청년창업농 영농기반 임차지원 | 청년창업농 영농기반 임차지원 | 청년창업농 영농기반 임차지원 | 청년창업농 영농기반 임차지원 | 청년창업농 영농기반 임차지원 | 청년 창업농 영농기반 임차 지원 | 청년창업농 영농기반 임차지원 | 청년창업농 영농기반 임차지원,1.02,
20250718005400211410,청년창업농 영농정착지원사업,농림축산식품부,전북,창업·농어업,마감,1차 1-2-5,645000000139,이름 대조(신뢰도 중간),64500002018300BC | 6450000201830174,청년창업농 영농정착지원(지원) | 청년창업농 영농정착지원(운영),182.06,
20250218005400210446,청년창업농 인큐베이터 농장 운영,전남광주통합특별시 농업기술센터,광주,취업·일경험,마감,1차 1-1-1,,,,,,
20260430005400212997,청년창업농 임대형 스마트팜 운영,농업기술과,충남,취업·일경험,마감,2차 1-2-6,,,568000020183002A,청년창업농 임대형 스마트팜 운영,2.54,
20250718005400211441,청년창업농 정책자금 이차보전,농생명축산산업국,전북,창업·농어업,마감,1차 1-2-5,654000000018,이름 대조(신뢰도 높음),468000020203009C | 47800002020300A4 | 46700002020300F6 | 47500002020300A0 | 4640000202130105 | 4770000202030071 | 474000020203009D,청년창업농 정책자금 이차보전 | 청년창업농 정책자금 이차보전 | 청년창업농 정책자금 이차보전 | 청년창업농 정책자금 이차보전 | 청년창업농 정책자금 이차보전 | 청년창업농 정책자금 이차보전 | 청년창업농 정책자금 이차보전 지원,1.18,
20250716005400211323,청년창업더하기 지원사업,장수군,전북,창업·농어업,마감,1차 1-2-5,,,4750000202030028,청년창업 더하기지원사업,0.18,
20250107005400210059,청년창업자 금융(종잣돈) 지원사업,전남광주통합특별시 목포시 미래전략산업국,전남,창업·농어업,마감,1차 1-2-5,,,,,,
20260331005400212357,청년창업자 임차료 지원사업,경상북도 고령군 인구정책실,경북,창업·농어업,마감,2차 1-4-12,,,,,,20260527005400213221
20250115005400210275,청년창업지원센터 운영,남동구,인천,창업·농어업,마감,1차 1-2-5,,,3530000202130042,청년창업지원센터 운영,3.4,20260406005400212429
20250114005400210220,청년창조발전소 꿈터+ 운영,경제교통국,부산,창업·농어업,마감,1차 1-2-5,,,,,,
20250114005400210218,청년축산인 육성교육 운영(전북),전북특별자치도,전북,취업·일경험,마감,1차 1-1-1,,,645000020203005D,청년축산인 육성교육 운영,0.17,
20250903005400211606,청년취업박람회,기업지원과,중앙,취업·일경험,마감,1차 1-1-1,,,,,,
20250220005400210512,청년취업자 및 청년농업인 주거비 지원,괴산군,충북,주거,마감,1차 2-6-13,,,,,,
20250519005400210854,청년층 신용회복 지원사업,청년사업담당관,서울,금융·생활안정,마감,1차 4-13-33,,,,,,
20250220005400210500,청년층 인턴형 일자리지원,제천시,충북,취업·일경험,마감,1차 1-4-8,,,4400000202330162,청년층 인턴형 일자리사업,1.62,
20250718005400211417,청년층 임대주택 공급 확대 (통합공공임대주택),주택정책과,인천,주거,진행중,1차 2-5-10,,,,,,20260406005400212509
20260406005400212509,청년층 임대주택 공급 확대(통합공공임대주택),인천광역시 도시계획국 주택정책과,인천,주거,상시,2차 3-8-27,,,,,,20250718005400211417
20260421005400212802,청년층 자살시도자 치료비 지원사업,제주특별자치도,제주,문화·건강,상시,2차 4-13-48,,,65000002025302BA,청년층 자살시도자 치료비 지원사업,0.12,
20250618005400211059,청년층 정신건강 서비스 강화,강원특별자치도,강원,문화·건강,마감,1차 4-15-39,,,,,,
20250107005400210068,청년층 정신건강 서비스 강화,경기도,경기,문화·건강,마감,1차 4-15-39,,,,,,
20250509005400210802,청년친화 강소기업 선정 지원사업,경제정책관,울산,취업·일경험,마감,1차 1-1-3,,,,,,
20250718005400211404,청년친화 친구기업 지원사업,전북특별자치도,전북,취업·일경험,마감,1차 1-1-3,,,,,,
20250918005400211778,청년친화기업 지원,산업인력과,경남,취업·일경험,마감,1차 1-1-1,,,,,,
20250917005400211702,청년친화도시 부산진구 트라이얼스토어 운영 기업 모집,부산진구,중앙,창업·농어업,마감,1차 1-2-5,,,,,,
20260331005400212364,청년커뮤니티 활동 지원사업,경상북도 고령군 인구정책실,경북,참여·권리,마감,2차 5-15-58,,,,,,
20250115005400210293,청년커뮤니티활성화지원사업,서구,대구,문화·건강,마감,1차 4-16-42,,,3430000202330044,청년 커뮤니티 활성화 지원,0.2,
20260406005400212503,청년콘텐츠 우수인재양성,인천광역시 문화체육국 문화정책과,인천,교육·역량,상시,2차 2-5-19,,,6280000202230048,청년 콘텐츠 우수인재 양성,1.04,
20250316005400210621,청년쿡 비즈니스센터 식품제조 스타트업 지원,청년사업담당관,서울,창업·농어업,마감,1차 1-2-5,,,,,,
20260413005400212709,청년크루 페스티벌,울산광역시,울산,문화·건강,진행중,2차 4-14-53,,,,,,20250716005400211311
20250716005400211311,청년크루 페스티벌,울산광역시,울산,문화·건강,마감,1차 4-16-43,,,,,,20260413005400212709
20260330005400212324,청년키움지원센터 운영,경상북도 의성군 관광복지국,중앙,주거,상시,2차 3-8-29,,,,,,
20260903005400213372,청년톡톡콘서트,서울특별시 은평구,중앙,문화·건강,마감,2차 4-14-53,,,,,,
20260317005400212183,청년한부모 자녀양육비 지원,경상북도,경북,금융·생활안정,상시,2차 4-12-44,,,50200002021301A6 | 50500002021301EE | 50600002021300C3 | 50900002021300E6 | 51100002021300C6 | 51800002021300C1 | 51200002021300C5 | 52100002021300D9,청년한부모자녀양육비지원<보조> | 청년한부모자녀양육비지원 | 청년한부모자녀양육비지원(보조) | (도)청년한부모자녀양육비지원 | [도]청년한부모 자녀양육비 지원 | 청년한부모자녀양육비지원사업(도비보조) | [도비]청년한부모자녀양육비지원 | 청년한부모자녀양육비지원(자체),13.5,
20250721005400211470,청년행복 뉴딜프로젝트,지방시대정책국,경북,참여·권리,마감,1차 5-20-51,,,64700002019301D1 | 51200002023300E7 | 5020000202530164 | 511000020203013C | 5150000202530055 | 522000020233028E,청년행복뉴딜프로젝트 | [도비]청년행복 뉴딜프로젝트 | 청년행복뉴딜프로젝트<보조> | [도]청년행복뉴딜프로젝트 | 청년행복뉴딜프로젝트(도비) | 청년행복 뉴딜프로젝트,5.2,
20260413005400212692,청년행정도우미,경상북도 예천군,경북,취업·일경험,마감,2차 1-1-1,,,5230000201730109,청년행정도우미사업,3.37,
20260331005400212368,청년혁신가 예비창업지원사업,전북특별자치도 장수군 농산업건설국,전북,취업·일경험,마감,2차 1-1-1,,,475000020193010B,장수군 청년혁신가 예비창업지원,0.3,
20260421005400212795,청년활동 인큐베이팅 사업,제주특별자치도 기획조정실 청년정책담당관,제주,참여·권리,상시,2차 5-17-62,,,,,,20250717005400211366
20250717005400211366,청년활동 인큐베이팅 사업,기획조정실,제주,참여·권리,마감,1차 5-19-50,,,,,,20260421005400212795
20260413005400212703,청년활동경험지원사업,울산광역시,울산,참여·권리,진행중,2차 5-15-56,,,,,,20250717005400211349
20250717005400211349,청년활동경험지원사업,울산광역시,울산,참여·권리,마감,1차 5-19-50,,,,,,20260413005400212703
20250717005400211368,청년활동지원 타시도 네트워크 교류,기획조정실,제주,참여·권리,마감,1차 5-20-52,,,,,,
20250918005400211770,청년후계농 농지 임대료 지원,농업정책과,경남,취업·일경험,마감,1차 1-1-3,648000001118,이름 대조(신뢰도 높음),6480000202330435 | 536000020233026E | 5420000202330347 | 5480000202330176 | 56700002023302AB | 53500002023302B3 | 53400002023302C8 | 546000020263000D,청년후계농 농지 임대료 지원 | 청년후계농 농지 임대료 지원사업 | 청년후계농 농지 임대료 지원 | 청년후계농 농지 임대료 지원 | 청년후계농 농지 임대료 지원사업 | 청년후계농 농지 임대료 지원사업 | 청년후계농 농지 임대료 지원 | 청년후계농 농지 임대료 지원,2.38,
20250219005400210465,청년후계농 영농정착 지원,충청북도,충북,취업·일경험,마감,1차 1-1-1,,,557000020183006F,청년후계농 영농정착지원,2.1,
20251211005400211960,청년후계농업인 영농정착 지원,충청남도,충남,창업·농어업,마감,1차 1-2-5,,,,,,
20250718005400211420,청년희망 스마트팜 확산사업,농생명축산산업국,전북,창업·농어업,마감,1차 1-2-5,,,6450000201730313 | 473000020183007C | 471000020173010E | 474000020183008E | 470100020263008A | 478000020173010E | 4750000201730143 | 47700002017300CF,청년희망(간편형) 스마트팜 확산사업 | 청년희망(간편형) 스마트팜 확산사업 | 청년희망(간편형) 스마트팜 확산사업(보조) | 청년희망(간편형) 스마트팜 확산사업 | 청년희망(간편형) 스마트팜 확산사업 | 청년희망 스마트팜 확산사업 | 청년희망(간편형) 스마트팜 확산사업 | 청년희망 스마트팜 확산사업,8.37,
20260330005400212311,청년희망 스마트팜 확산지원,전북특별자치도 완주군,전북,취업·일경험,상시,2차 1-2-6,,,,,,
20250710005400211157,청년희망적금,청년정책과,대구,금융·생활안정,마감,1차 4-13-32,627000000136,이름 대조(신뢰도 높음),,,,
20250114005400210239,청년희망챌린지 사업,영도구,부산,금융·생활안정,마감,1차 4-14-36,,,3280000202230010,청년희망챌린지 운영,0.45,
20260313005400212144,청년희망케어 프로젝트 추진,경기도 용인시,경기,취업·일경험,진행중,2차 1-1-2,,,,,,
20260326005400212299,청도 행복주택 조성,경상북도 청도군 문화환경건설국,경북,주거,마감,2차 3-8-27,,,,,,
20251214005400211989,청소년 한부모 복지급여 지원,충청남도,충남,금융·생활안정,마감,1차 4-14-36,,,,,,20260504005400113101 | 20251112005400211864
20251112005400211864,청소년 한부모 복지급여 지원,충청남도 인구전략국 여성가족정책과,충남,금융·생활안정,마감,1차 4-14-34,,,,,,20260504005400113101 | 20251214005400211989
20250904005400211631,청소년 한부모 아동양육 및 자립지원,인구여성가족과,세종,금융·생활안정,마감,1차 4-14-35,WII000001550,이름 대조(신뢰도 높음),,,,
20260421005400212776,청소년쉼터 퇴소 청소년 자립지원수당 지원,제주특별자치도,제주,금융·생활안정,상시,2차 4-12-43,,,,,,20251113005400211879
20251113005400211879,청소년쉼터 퇴소 청소년 자립지원수당 지원,제주특별자치도 복지가족국 아동보육청소년과,제주,금융·생활안정,마감,1차 4-14-34,,,,,,20260421005400212776
20260410005400212680,청소년쉼터 퇴소청소년 자립지원수당,울산광역시,울산,금융·생활안정,상시,2차 4-12-43,,,,,,20250716005400111294
20250716005400111294,청소년쉼터 퇴소청소년 자립지원수당,울산광역시,울산,금융·생활안정,마감,1차 4-14-34,,,,,,20260410005400212680
20260410005400212681,청소년한부모 자립 지원사업,울산광역시,울산,금융·생활안정,상시,2차 4-12-44,,,,,,20250716005400111295
20250716005400111295,청소년한부모 자립 지원사업,울산광역시,울산,금융·생활안정,마감,1차 4-14-35,,,,,,20260410005400212681
20260428005400212898,"청춘 ""금손(뜨개질 덕후)"" 모여락(樂)",전북특별자치도 전주시,전북,참여·권리,마감,2차 5-17-62,,,,,,
20250904005400211641,청춘 건강상담소 사업 운영(모바일헬스케어),건강증진과,세종,문화·건강,마감,1차 4-15-39,,,,,,
20260325005400212274,청춘가 청년주거지 운영,경상북도 의성군 관광복지국,경북,주거,상시,2차 3-8-29,,,,,,
20250918005400211776,청춘마켓,청년정책과,경남,취업·일경험,마감,1차 1-1-1,,,,,,
20251222005400212043,청춘만남 프로그램,충청북도,충북,참여·권리,마감,1차 5-19-50,,,,,,
20260330005400212322,청춘어람 운영,경상북도 의성군 관광복지국,중앙,주거,상시,2차 3-8-29,,,,,,
20250304005400210578,청춘어람 육성사업,전남광주통합특별시,중앙,취업·일경험,마감,1차 1-1-1,,,,,,
20250908005400211664,초기 창업기업을 위한 창업보육공간 운영·지원,경제정책과,중앙,창업·농어업,마감,1차 1-2-4,,,,,,
20250227005400210567,초등학부모 10시출근제 도입 중소사업장 장려금 지원사업,전남광주통합특별시 일가정양립지원본부,광주,취업·일경험,마감,1차 1-4-8,,,,,,
20250502005400210777,춘천시 청년농업인 영농정착 지원,농업기술센터,강원,금융·생활안정,마감,1차 4-13-33,418000000250,이름 대조(신뢰도 높음),41800002020300BA,춘천시 청년농업인 영농정착 지원,2.17,
20250103005400210029,출산가정 산후조리비용 지원,서산시,충남,문화·건강,마감,1차 4-15-40,,,,,,
20260330005400212327,출산장려금 지원,경상북도 의성군 관광복지국,경북,금융·생활안정,상시,2차 4-11-38,,,,,,20250904005400211628
20250404005400210691,출산장려금 지원,의왕시,경기,문화·건강,상시,2차 4-14-55,403000000105,이름 대조(신뢰도 높음),,,,
20250904005400211628,출산장려금 지원,의성군,경북,금융·생활안정,마감,1차 4-13-32,,,,,,20260330005400212327
20260330005400212343,출산장려금 지원사업,전북특별자치도 완주군,전북,금융·생활안정,상시,2차 4-11-38,472000000111,이름 대조(신뢰도 높음),,,,
20250103005400210046,출산지원금 및 둘째 이후 영유아 양육비 지원,서산시,충남,문화·건강,마감,1차 4-15-40,453000000175,이름 대조(신뢰도 중간),,,,
20250904005400211635,출생축하금,인구여성가족과,중앙,금융·생활안정,마감,1차 4-13-32,,,,,,
20251214005400211999,충남 K-POP 글로벌 페스타 개최,충청남도,충남,문화·건강,마감,1차 4-16-41,,,,,,20251113005400211877
20251113005400211877,충남 K-POP 글로벌 페스타 개최,충청남도 문화체육관광국 문화정책과,충남,문화·건강,마감,1차 4-16-42,,,,,,20251214005400211999
20251214005400212000,충남 e스포츠 메카 조성 및 디지털·게임기업 육성,충청남도,충남,문화·건강,마감,1차 4-16-41,,,,,,20251113005400211880
20251113005400211880,충남 e스포츠 메카조성 및 디지털·게임기업 육성,충청남도 문화체육관광국 문화정책과,충남,문화·건강,마감,1차 4-16-42,,,,,,20251214005400212000
20251113005400211873,충남 음악창작소 운영,충청남도 문화체육관광국 문화정책과,충남,문화·건강,마감,1차 4-16-41,,,,,,20260504005400113125
20251211005400211953,충남 직업계고 희망날개 지원사업,충청남도 청년정책관,충남,취업·일경험,마감,1차 1-1-2,,,,,,20251111005400211835
20251111005400211835,충남 직업계고 희망날개 지원사업,충청남도 청년정책관,충남,취업·일경험,마감,1차 1-1-1,,,,,,20251211005400211953
20251214005400211996,충남 청년 뮤직 페스타,충청남도,충남,문화·건강,마감,1차 4-16-42,,,,,,20260504005400113126 | 20251113005400211874
20251113005400211874,충남 청년 뮤직 페스타,충청남도 문화체육관광국 문화정책과,충남,문화·건강,마감,1차 4-16-42,,,,,,20260504005400113126 | 20251214005400211996
20250715005400211266,충남 청년네트워크 구성 운영,청년정책관,충남,참여·권리,마감,1차 5-17-45,,,,,,
20250715005400211269,충남 청년포털 유지보수,청년정책관,충남,정책기반,마감,1차 5-19-49,,,,,,
20250715005400211259,충남 특화기업 일자리 청년매칭 사업,청년정책관,충남,취업·일경험,마감,1차 1-1-1,,,,,,
20251211005400211951,충남 특화산업 혁신성장 청년지원사업,충청남도 청년정책관,충남,취업·일경험,마감,1차 1-1-1,,,,,,20251111005400211831
20251111005400211831,충남 특화산업 혁신성장 청년지원사업,충청남도 청년정책관,충남,취업·일경험,마감,1차 1-1-1,,,,,,20251211005400211951
20251214005400211998,충남글로벌게임센터 운영,충청남도,충남,문화·건강,마감,1차 4-16-41,,,,,,20251113005400211876
20251113005400211876,충남글로벌게임센터 운영,충청남도 문화체육관광국 문화정책과,충남,문화·건강,마감,1차 4-16-42,,,,,,20251214005400211998
20251214005400211987,충남도립대 등록금 장학금 지급,충청남도,충남,교육·역량,마감,1차 3-10-23,,,,,,20260504005400113110
20251214005400211984,충남도립대학교 취업역량 강화 사업,충청남도,충남,취업·일경험,마감,1차 3-9-22,,,,,,20260504005400113106
20251211005400211954,충남일자리종합센터 운영,충청남도 산업경제실,충남,취업·일경험,마감,1차 1-1-1,,,,,,20251111005400211838
20251111005400211838,충남일자리종합센터 운영,충청남도 산업경제실 경제기획관 일자리기업지원과,충남,취업·일경험,마감,1차 1-1-1,,,,,,20251211005400211954
20251112005400211870,충남콘텐츠기업지원센터 운영,충청남도 문화체육관광국 문화정책과,충남,문화·건강,마감,1차 4-16-41,,,,,,20260504005400113124
20250715005400211278,충남학사관 운영,기획조정실,충남,주거,마감,1차 2-5-11,,,,,,
20250715005400211288,충남형 농촌리브투게더,건축도시국,충남,주거,마감,1차 2-5-10,,,,,,
20250715005400211287,충남형 도시리브투게더,건축도시국,충남,주거,마감,1차 2-5-10,,,,,,
20251211005400211965,충남형 스마트팜 사관학교 체계 구축운영,충청남도,충남,창업·농어업,마감,1차 1-2-5,,,,,,
20260729005400113312,충남형 청년 한달살이 프로그램 운영,청년정책관,충남,참여·권리,마감,2차 5-17-62,,,4570000202530112,충남형 청년 한달살이 프로그램 운영사업,0.34,20250715005400211271
20250715005400211271,충남형 청년 한달살이 프로그램 운영,청년정책관,중앙,참여·권리,마감,1차 5-19-50,,,,,,20260729005400113312
20250220005400210484,충북 다자녀 행복카드,충청북도,충북,금융·생활안정,마감,1차 4-13-32,643000000753,이름 대조(신뢰도 중간),,,,
20250220005400210491,충북 메타버스지원센터 운영 사업,충청북도,충북,교육·역량,마감,1차 3-9-19,,,,,,
20251121005400211934,충북 젊은작가 창작작품 페스티벌,충청북도,충북,문화·건강,마감,1차 4-16-42,,,,,,
20250221005400210530,충북 창업인재 지원사업,충청북도,충북,참여·권리,마감,1차 5-20-51,,,,,,
20250219005400210471,충북 청년사회서비스사업단 운영,충청북도,충북,금융·생활안정,마감,1차 4-14-35,,,64300002019301BD,청년사회서비스 사업단,1.01,
20250219005400210463,충북 청년여성 일자리 플랫폼 운영,충청북도,충북,취업·일경험,마감,1차 1-1-1,,,,,,
20251121005400211929,충북 청년카페 운영,충청북도,충북,취업·일경험,마감,1차 3-11-28,,,,,,
20251120005400211908,충북경제자유구역 바이오헬스 청년일자리 지원,충청북도,충북,취업·일경험,마감,1차 1-1-1,,,,,,
20250221005400210523,충북인재 재능나눔 사업,충청북도,충북,참여·권리,마감,1차 5-19-50,,,,,,
20250221005400210522,충북인재 정책제안 지원사업,충청북도,충북,참여·권리,마감,1차 5-17-45,,,,,,
20250221005400210521,충북청년희망센터 운영,충청북도,충북,정책기반,마감,1차 5-19-49,,,448000020263002F,청년희망센터 운영,0.59,
20251121005400211918,충북형 도시농부 지원,충청북도,충북,취업·일경험,마감,1차 1-1-1,643000000748,이름 대조(신뢰도 중간),,,,
20250313005400210608,충주시 경력단절 여성 창업지원,복지국,충북,창업·농어업,마감,1차 1-2-5,,,,,,
20250304005400210577,충주시 관내학교 졸업생 장기근속 장려금 지원,경제교통국,충북,취업·일경험,마감,1차 1-1-3,,,,,,
20250304005400210576,충주시 청년 구직자 취업 지원,경제교통국,충북,취업·일경험,마감,1차 1-1-2,439000000877,이름 대조(신뢰도 높음),,,,
20250313005400210609,충주시 청년 입영지원금,안전행정국,충북,금융·생활안정,마감,1차 4-14-36,439000000875,링크 기재,4390000202330107,청년 입영지원금 지원,0.4,
20251214005400212009,충청남도 노동권익센터 운영,충청남도,충남,참여·권리,마감,1차 5-20-51,,,,,,20251112005400211863
20251112005400211863,충청남도 노동권익센터 운영,충청남도 산업경제실 경제기획관 일자리기업지원과,충남,참여·권리,마감,1차 5-20-51,,,,,,20251214005400212009
20260430005400212990,충청남도 전국청년축제 개최,청년인구정책과,충남,문화·건강,진행중,2차 4-14-53,,,,,,
20250715005400211267,충청남도 청년센터 운영,청년정책관,충남,정책기반,마감,1차 5-19-49,,,,,,
20250715005400211265,충청남도 청년정책 조정위원회 운영,청년정책관,충남,참여·권리,마감,1차 5-17-44,,,,,,
20251214005400212006,충청남도 후계농업경영인 청년농부 포럼,충청남도,충남,참여·권리,마감,1차 5-20-52,,,,,,
20250220005400210483,충청북도 임산부 산후조리비 지원,충청북도,충북,문화·건강,마감,1차 4-15-40,643000000740,이름 대조(신뢰도 높음),,,,
20251223005400212045,충청북도 청년정책조정위원회 운영,충청북도,충북,참여·권리,마감,1차 5-17-45,,,,,,
20250221005400210531,충청북도 청년포럼,충청북도,충북,참여·권리,마감,1차 5-17-45,,,,,,
20251120005400211909,충청북도 취업박람회,충청북도,충북,취업·일경험,마감,1차 1-1-2,,,,,,
20251222005400212040,충청북도 현장형 청년인턴,충청북도,충북,취업·일경험,마감,1차 1-1-1,,,,,,
20251120005400211910,충청북도일자리지원센터 운영,충청북도,충북,취업·일경험,마감,1차 1-1-1,,,,,,
20250315005400210612,취업날개 서비스 지원,경제일자리기획관,서울,취업·일경험,마감,1차 1-1-1,611000000144,이름 대조(신뢰도 중간),,,,
20250109005400210094,취업성공 디딤돌 청년인턴 사업,인천광역시 서해구,인천,취업·일경험,마감,1차 1-1-2,356100000003,이름 대조(신뢰도 중간),,,,20260406005400212427
20250115005400210283,취업준비생을 위한 순천시 행정인턴제 운영,전남광주통합특별시 순천시,전남,취업·일경험,마감,1차 1-1-1,,,,,,
20260406005400212502,친환경 자원순환센터 청년 교육 및 환경분야 실무인재 양성,인천광역시 환경국 자원순환과,인천,교육·역량,상시,2차 2-5-19,,,,,,20250718005400211433
20250718005400211433,친환경 자원순환센터 청년 교육 및 환경분야 실무인재 양성,자원순환과,인천,교육·역량,마감,1차 3-10-25,,,,,,20260406005400212502
20250119005400210342,친환경농산물 계약재배 청년농가 육성,전남광주통합특별시,전남,취업·일경험,마감,1차 1-1-1,,,646000020203004B | 493000020223012F | 483000020213016B | 49800002021300B6 | 4820000202130147 | 48900002026300AE | 48800002022300A1 | 481000020263010E,친환경농산물 계약재배 청년농가 육성 (전남) | 친환경농산물 계약재배 청년농가 육성 | 친환경농산물 계약재배 청년농가 육성 | 친환경농산물 계약재배 청년농가 육성사업 | 친환경농산물 계약재배 청년농가 육성사업 | 친환경농산물 계약재배 청년농가 육성사업 | 친환경 농산물 계약재배 청년 농가육성지원 | 친환경농산물 계약재배 청년농가 육성사업,15.66,
20251211005400211964,친환경청년농부 시설지원,충청남도,충남,창업·농어업,마감,1차 1-2-5,,,,,,20251111005400211845
20251111005400211845,친환경청년농부 시설지원,충청남도 농축산국 스마트농업과,충남,창업·농어업,마감,1차 1-2-5,,,4540000201930058 | 4500000202330298 | 45200002026301C2 | 45500002023300D5 | 45300002024300DC | 45100002021301E5 | 461000020193009B | 46000002022300D4,친환경청년농부 시설지원 | 친환경 청년농부 시설지원사업 | 친환경청년농부 시설지원사업 | 친환경청년농부 시설지원(도비) | 친환경청년농부시설 지원 | 친환경청년농부 시설지원 | 친환경청년농부시설지원 | 친환경청년농부 시설 지원,2.8,20251211005400211964
20250316005400210622,캠퍼스타운 혁신 및 청년희망·지역경제 활성화,경제일자리기획관,서울,창업·농어업,마감,1차 1-2-5,,,,,,
20250718005400211461,캠프마켓 청년 서포터즈,군부대이전개발과,인천,참여·권리,마감,1차 5-17-44,,,,,,
20260821005400213343,콘텐츠 테크하이어 QA 과정 교육생 모집,전남광주통합특별시,전남,교육·역량,마감,2차 2-6-22,,,,,,
20251218005400212022,탄소중립 스마트 그린 프로젝트,전남광주통합특별시,전남,취업·일경험,마감,1차 1-1-1,,,,,,
20260422005400212860,탐나는 디지털 창작소 운영사업,제주경제통상진흥원,제주,창업·농어업,상시,2차 1-4-12,,,,,,20260416005400212752 | 20250718005400211392
20260416005400212752,탐나는 디지털 창작소 운영사업,제주경제통상진흥원,제주,창업·농어업,상시,2차 1-4-12,,,,,,20260422005400212860 | 20250718005400211392
20250718005400211392,탐나는 디지털 창작소 운영사업,경제활력국,제주,창업·농어업,마감,1차 1-2-4,,,,,,20260422005400212860 | 20260416005400212752
20260422005400212837,탐라청년출발패키지 사업 (청년 전입 축하장려금),제주특별자치도,제주,문화·건강,마감,2차 4-14-55,650000001137,링크 기재,,,,
20251113005400211884,탑동 청년문화 복합콘텐츠 공간 조성 기본계획 수립,제주특별자치도 문화체육교육국 문화정책과,중앙,문화·건강,마감,1차 4-16-42,,,,,,
20260504005400213068,태안 군 복무 태안 청년 상해 보험 가입,안전관리과,충남,금융·생활안정,진행중,2차 4-12-44,,,,,,
20260504005400213066,태안 사회복무요원 보상 및 배상책임 보험,안전관리과,충남,금융·생활안정,진행중,2차 4-11-40,,,,,,
20260504005400213064,태안 청년 신혼부부 주택자금 대출이자 지원,신속허가과,충남,주거,상시,2차 3-9-31,462000000313,이름 대조(신뢰도 중간),,,,
20260504005400213057,태안 청년 이사비 지원,신속허가과,충남,주거,상시,2차 3-9-31,,,,,,
20251111005400211842,태안 청년 창업 지원,충청남도 산업경제실 경제기획관 일자리기업지원과,충남,창업·농어업,마감,1차 1-2-5,,,4620000202130076,태안 청년 창업 지원(태안의후예),0.13,
20251211005400211959,태안 청년 창업 지원입주기업 사업화 자금 지원 및 창업교육과정 운영 등,충청남도,충남,창업·농어업,마감,1차 1-2-5,,,,,,
20260504005400213069,태안 청년네트워크 운영,기획예산담당관,충남,문화·건강,진행중,2차 4-14-51,,,,,,
20260504005400213089,태안학사 운영,교육체육과,충남,주거,마감,2차 3-10-35,,,,,,
20260407005400212544,태화동 청년 유홈 건립,울산광역시,울산,주거,마감,2차 3-8-27,,,,,,
20250714005400111211,태화동 청년희망주택 건립,울산광역시,울산,주거,마감,1차 2-5-10,,,6310000202330074,태화동 청년희망주택 건립,22.38,
20250710005400211158,토닥토닥 3센터 운영,전남광주통합특별시 교육청년국 청년정책과,광주,취업·일경험,마감,1차 1-1-2,,,,,,
20250714005400211204,톡톡팩토리 운영,울산광역시,울산,창업·농어업,마감,1차 1-2-4,,,,,,
20260402005400212388,톡톡팩토리 운영(울산창업 U시리즈),울산광역시,울산,창업·농어업,진행중,2차 1-4-12,,,,,,
20250117005400210322,통영시 청년정책 아이디어 콘테스트 추진,통영시,경남,참여·권리,마감,1차 5-17-45,,,,,,
20250117005400210321,통영전입청년 웰컴박스 지원사업,통영시,경남,주거,마감,1차 2-8-18,,,,,,
20250729005400211500,퇴소아동 자립정착금,전북특별자치도,전북,금융·생활안정,마감,1차 4-14-34,,,,,,
20250716005400211322,특성화 전문반 고등학교 육성지원,장수군,전북,취업·일경험,마감,1차 3-11-26,,,,,,
20250116005400210313,평생교육 바우처 운영,교육정책협력과,제주,교육·역량,마감,1차 3-10-25,,,,,,
20260422005400212841,평생교육이용권 지원사업,제주특별자치도 문화체육교육국 교육정책협력과,제주,교육·역량,마감,2차 2-5-19,134200000045,이름 대조(신뢰도 높음),,,,
20250710005400211176,평생교육이용권[디지털] 지원,전남광주통합특별시 교육청년국 교육지원정책과,광주,교육·역량,마감,1차 3-10-25,134200000045,이름 대조(신뢰도 중간),,,,
20250710005400211177,평생교육이용권[일반·장애인] 지원,전남광주통합특별시 교육청년국 교육지원정책과,광주,교육·역량,마감,1차 3-10-25,629000000827,링크 기재,,,,
20240119005400200007,포천 청년 창업자 임차료 지원,경기도 포천시,경기,주거,마감,2차 1-4-0,560000000139,이름 대조(신뢰도 높음),56000002023303C0,청년 창업자 임차료 지원사업,0.64,
20240305005400200002,포천청년 키움옷장,경기도 포천시,경기,정책기반,상시,2차 1-1-1,,,,,,
20260313005400212148,핏테크(FITECH)FIT+TECH 프로젝트 운영,경기도 용인시,경기,교육·역량,진행중,2차 2-5-17,,,,,,
20251117005400211898,하동형 주거비 지원사업,경상남도 하동군 지역활력추진단,경남,주거,마감,1차 2-6-13,,,,,,
20260422005400212849,하영드림 주택마련 지원,제주특별자치도,제주,주거,마감,2차 3-9-30,650000001122,링크 기재,,,,
20251211005400211956,학교 밖 청소년 진로진학 박람회,충청남도,충남,취업·일경험,마감,1차 1-1-1,,,,,,20260504005400113128 | 20251111005400211841
20251111005400211841,학교 밖 청소년 진로진학 박람회,충청남도 인구전략국 여성가족정책과,충남,취업·일경험,마감,1차 1-1-1,,,,,,20260504005400113128 | 20251211005400211956
20250304005400210580,학사농업인 육성 지원,전남광주통합특별시,전남,창업·농어업,마감,1차 1-2-5,,,,,,
20250113005400210205,학예사 인턴 운영,전북특별자치도,전북,취업·일경험,마감,1차 1-1-1,,,,,,
20250916005400211694,학자금 대출 신용 회복 지원,청년정책과,경남,금융·생활안정,마감,1차 4-13-33,648000001040,이름 대조(신뢰도 높음),,,,
20250718005400211409,학자금 대출이자 및 신용회복 지원,청년정책담당관,제주,교육·역량,마감,1차 3-10-23,650000001095,이름 대조(신뢰도 높음),,,,20260421005400212810
20260421005400212810,학자금 대출이자 및 신용회복 지원사업,제주특별자치도,제주,교육·역량,진행중,2차 2-7-25,650000000259,링크 기재,,,,20250718005400211409
20250519005400210853,학자금 대출이자 지원사업,청년사업담당관,서울,금융·생활안정,마감,1차 4-13-33,,,,,,
20260408005400212594,학자금대출 신용유의자 신용회복 지원사업,전남광주통합특별시,광주,금융·생활안정,진행중,2차 4-12-44,629000000108,이름 대조(신뢰도 높음),,,,
20260421005400212817,한땀 프로젝트-청년과 함께하는 지속 가능한 문화 확산 프로그램,제주특별자치도 서귀포시 문화예술과,제주,문화·건강,마감,2차 4-14-53,,,,,,
20260420005400212771,한옥 팝업 3기,전남광주통합특별시,광주,문화·건강,마감,2차 4-14-51,,,,,,
20251107005400211810,함안군 신혼부부 결혼장려금 지원,경상남도 함안군 혁신전략담당관,경남,금융·생활안정,마감,1차 4-13-33,,,,,,
20250908005400211674,함안산인농공단지 청년문화센터 건립,산업단지정책과,경남,문화·건강,마감,1차 4-16-42,,,540000020243010C | 648000020253004A,산인농공단지 청년문화센터 건립사업 | 함안 산인농공단지 청년문화센터 건립사업(국가직접지원),33.02,
20251106005400211809,함안정착 청년통장,경상남도 함안군 혁신전략담당관,경남,금융·생활안정,마감,1차 4-13-32,540000000128,이름 대조(신뢰도 중간),54000002020300BB,함안정착 청년통장,0.36,
20251106005400211805,함안청년 창업가 지속성장 지원사업,경상남도 함안군 혁신전략담당관,중앙,창업·농어업,마감,1차 1-2-5,,,,,,
20260430005400212961,함평 전입청년 이사 지원사업,전남광주통합특별시 함평군 인구경제과,전남,주거,마감,2차 3-10-35,,,,,,
20260430005400212964,함평군 청년부부 결혼축하금 지원사업,전남광주통합특별시 함평군 인구경제과,전남,문화·건강,진행중,2차 4-14-55,646000000122,이름 대조(신뢰도 높음),49600002022300EB,청년부부 결혼축하금(보조),0.7,
20251217005400212014,합천군 체험형 청년인턴사업,경상남도 합천군 경제문화국,경남,취업·일경험,마감,1차 1-1-1,,,5480000202330039,체험형 청년 인턴사업,0.54,
20260406005400212508,항공정비 청년일자리 맞춤지원,인천광역시 해양항공국 항공과,인천,교육·역량,상시,2차 2-6-23,,,,,,20250718005400211426
20250718005400211426,항공정비 청년일자리 맞춤지원,항공과,인천,교육·역량,마감,1차 3-9-19,,,,,,20260406005400212508
20251211005400211970,해양수산 창업투자 지원사업,충청남도,충남,창업·농어업,마감,1차 1-2-5,,,,,,20251211005400211969 | 20251111005400211848
20251211005400211969,해양수산 창업투자 지원사업,충청남도,충남,창업·농어업,마감,1차 1-2-5,,,,,,20251211005400211970 | 20251111005400211848
20251111005400211848,해양수산 창업투자 지원사업,충청남도 해양수산국 어촌산업과,충남,창업·농어업,마감,1차 1-2-5,,,,,,20251211005400211970 | 20251211005400211969
20260414005400212735,해오름동맹 청년로컬링*(Localing),울산광역시,울산,참여·권리,마감,2차 5-17-62,,,,,,
20251230005400212054,해운물류 인력양성 지원,경기도,경기,취업·일경험,마감,1차 3-9-21,,,,,,
20260402005400212383,행정 체험형 청년인턴 채용사업,울산광역시,울산,취업·일경험,마감,2차 1-1-3,,,,,,20250714005400211200
20250714005400211200,행정 체험형 청년인턴 채용사업,울산광역시,울산,취업·일경험,마감,1차 1-1-2,,,,,,20260402005400212383
20260421005400212787,혁신인재 플랫폼 제주더큰내일센터 운영,제주특별자치도청,제주,교육·역량,마감,2차 2-5-19,,,,,,20250718005400211431
20250718005400211431,혁신인재 플랫폼 제주더큰내일센터 운영,노동일자리과,제주,취업·일경험,마감,1차 1-1-1,,,,,,20260421005400212787
20250917005400211713,현장실습비 지원,산업인력과,경남,취업·일경험,마감,1차 3-10-25,,,,,,
20260504005400213035,홍성 4-H회 활동 지원,농업기술센터,충남,문화·건강,진행중,2차 4-14-53,,,,,,
20260504005400213033,홍성 대학 4-H회 과제 교육,농업기술센터,충남,문화·건강,마감,2차 4-14-53,,,,,,
20260504005400213039,홍성 신혼부부 주거자금 대출이자 지원,건축허가과,충남,주거,마감,2차 3-9-31,,,,,,
20260504005400213038,홍성 청년 4-H회 영농 공동과제포 운영,농업기술센터,충남,금융·생활안정,마감,2차 4-11-38,,,,,,
20260504005400213016,홍성 청년 4-H회원 역량 강화 교육,농업기술센터,충남,교육·역량,진행중,2차 2-5-19,,,,,,
20260504005400213051,홍성 청년4-H회원 시범과제,농업기술센터,충남,금융·생활안정,진행중,2차 4-11-38,,,,,,
20260504005400213044,홍성 청년의 날 기념행사,경제정책과,충남,참여·권리,진행중,2차 5-17-62,,,,,,
20260504005400213059,홍성복합문화창업공간 잇슈창고 운영,경제정책과,충남,문화·건강,진행중,2차 4-14-53,,,,,,
20260504005400213043,홍성청년네트워크 운영,경제정책과,충남,참여·권리,마감,2차 5-15-57,,,,,,
20260504005400213052,홍성형일자리 군민채용제,경제정책과,충남,취업·일경험,진행중,2차 1-3-11,,,,,,
20250501005400210760,"화동, 2571 운영",농업기술센터,강원,창업·농어업,마감,1차 1-2-5,,,,,,
20260908005400213382,화순군 만원임대주택 지원,전남광주통합특별시 화순군 인구청년정책과,중앙,주거,진행중,2차 3-10-34,490000000274,링크 기재,,,,
20260908005400213384,화순군 청년 자격증 응시료 지원사업,전남광주통합특별시 화순군 인구청년정책과,전남,창업·농어업,상시,2차 1-4-12,490000000269,링크 기재,,,,
20260908005400213383,화순군 청년하우스 입주,전남광주통합특별시 화순군 인구청년정책과,중앙,주거,진행중,2차 3-10-34,490000000280,이름 대조(신뢰도 높음),,,,
20260406005400212480,화이트바이오산업 전문인력 양성,인천광역시 미래산업국 반도체바이오과,인천,교육·역량,상시,2차 2-6-21,,,,,,20250718005400211423
20250718005400211423,화이트바이오산업 전문인력 양성,반도체바이오과,인천,취업·일경험,마감,1차 3-9-19,,,,,,20260406005400212480
20250501005400210759,화천군 산모를 위한 가사지원 서비스(친정엄마 같은 출산지원 바우처),지역경제과,강원,문화·건강,마감,1차 4-15-40,,,,,,
20250501005400210752,화천군 일자리 센터 운영,지역경제과,강원,취업·일경험,마감,1차 1-1-1,,,,,,
20250119005400210338,화합물반도체 전문인력 양성,전남광주통합특별시,전남,교육·역량,마감,1차 3-9-20,,,,,,
20260324005400212256,환경교육강사 청년 전문가 양성 지원,전남광주통합특별시 여수시 환경녹지국,전남,교육·역량,마감,2차 2-6-23,,,,,,
20250718005400211381,환경분야 청년 사회적경제기업 발굴·육성,사회적경제과,인천,취업·일경험,마감,1차 1-1-1,,,,,,
20240520005400200013,횡성군 청년면접수당 지급,강원특별자치도 횡성군,강원,취업·일경험,진행중,2차 1-1-1,,,,,,
20251211005400211952,힘쎈 충남과 함께 성장하는 지역특화 일자리 지원사업,충청남도 청년정책관,충남,취업·일경험,마감,1차 1-1-2,,,,,,20251111005400211832
20251111005400211832,힘쎈 충남과 함께 성장하는 지역특화 일자리 지원사업,충청남도 청년정책관,충남,취업·일경험,마감,1차 1-1-1,,,,,,20251211005400211952
